﻿id,cid,dsn,cmpdname,srccmpd,srccmpdname,srccmpdurl,srctarget,srctargetname,srctargeturl,protacxn,protname,geneid,genename,taxid,taxname,action,actname,actvalue,evids,evurls,pmids,dois,citations
   1064402,73285,CTD,Isoalantolactone,C103906,isohelenin,https://ctdbase.org/detail.go?type=chem&acc=C103906,3576,CXCL8,https://ctdbase.org/detail.go?type=gene&acc=3576,NULL,NULL,3576,CXCL8,9606,Homo sapiens (human),Isohelenin results in decreased secretion of CXCL8 protein,NULL,NULL,PMID:23844176,https://www.ncbi.nlm.nih.gov/pubmed/23844176,23844176,NULL,NULL
1064403,73285,CTD,Isoalantolactone,C103906,isohelenin,https://ctdbase.org/detail.go?type=chem&acc=C103906,9365,KL,https://ctdbase.org/detail.go?type=gene&acc=9365,NULL,NULL,9365,KL,9606,Homo sapiens (human),Isohelenin inhibits the reaction [indican results in decreased expression of KL mrna]|isohelenin inhibits the reaction [indican results in decreased expression of KL protein],NULL,NULL,PMID:21389697,https://www.ncbi.nlm.nih.gov/pubmed/21389697,21389697,NULL,NULL
1843277,73285,CTD,Isoalantolactone,C032787,isoalantolactone,https://ctdbase.org/detail.go?type=chem&acc=C032787,843,CASP10,https://ctdbase.org/detail.go?type=gene&acc=843,NULL,NULL,843,CASP10,9606,Homo sapiens (human),TNFRSF10B protein promotes the reaction [isoalantolactone results in decreased expression of CASP10 protein]|isoalantolactone results in decreased expression of CASP10 protein|acetylcysteine inhibits the reaction [isoalantolactone results in decreased expression of CASP10 protein],NULL,NULL,PMID:29800641,https://www.ncbi.nlm.nih.gov/pubmed/29800641,29800641,NULL,NULL
1843308,73285,CTD,Isoalantolactone,C032787,isoalantolactone,https://ctdbase.org/detail.go?type=chem&acc=C032787,836,CASP3,https://ctdbase.org/detail.go?type=gene&acc=836,NULL,NULL,836,CASP3,9606,Homo sapiens (human),Isoalantolactone results in increased expression of CASP3 protein modified form,NULL,NULL,PMID:29800641,https://www.ncbi.nlm.nih.gov/pubmed/29800641,29800641,NULL,NULL
1843309,73285,CTD,Isoalantolactone,C032787,isoalantolactone,https://ctdbase.org/detail.go?type=chem&acc=C032787,840,CASP7,https://ctdbase.org/detail.go?type=gene&acc=840,NULL,NULL,840,CASP7,9606,Homo sapiens (human),Benzyloxycarbonyl-valyl-alanyl-aspartyl-fluoromethane inhibits the reaction [isoalantolactone results in increased expression of CASP7 protein modified form]|isoalantolactone results in increased cleavage of CASP7 protein|acetylcysteine inhibits the reaction [isoalantolactone results in increased expression of CASP7 protein modified form]|isoalantolactone results in increased expression of CASP7 protein modified form|tnfrsf10b protein promotes the reaction [isoalantolactone results in increased expression of CASP7 protein modified form],NULL,NULL,PMID:29800641,https://www.ncbi.nlm.nih.gov/pubmed/29800641,29800641,NULL,NULL
1843310,73285,CTD,Isoalantolactone,C032787,isoalantolactone,https://ctdbase.org/detail.go?type=chem&acc=C032787,142,PARP1,https://ctdbase.org/detail.go?type=gene&acc=142,NULL,NULL,142,PARP1,9606,Homo sapiens (human),Benzyloxycarbonyl-valyl-alanyl-aspartyl-fluoromethane inhibits the reaction [isoalantolactone results in increased expression of PARP1 protein modified form]|acetylcysteine inhibits the reaction [isoalantolactone results in increased expression of PARP1 protein modified form]|tnfrsf10b protein promotes the reaction [isoalantolactone results in increased expression of PARP1 protein modified form]|isoalantolactone results in increased expression of PARP1 protein modified form|isoalantolactone results in increased cleavage of PARP1 protein,NULL,NULL,PMID:29800641,https://www.ncbi.nlm.nih.gov/pubmed/29800641,29800641,NULL,NULL
1843311,73285,CTD,Isoalantolactone,C032787,isoalantolactone,https://ctdbase.org/detail.go?type=chem&acc=C032787,8795,TNFRSF10B,https://ctdbase.org/detail.go?type=gene&acc=8795,NULL,NULL,8795,TNFRSF10B,9606,Homo sapiens (human),Acetylcysteine inhibits the reaction [isoalantolactone results in increased expression of TNFRSF10B protein]|tnfrsf10b protein promotes the reaction [isoalantolactone results in decreased expression of CASP10 protein]|tnfrsf10b protein promotes the reaction [isoalantolactone results in increased expression of PARP1 protein modified form]|isoalantolactone results in increased expression of TNFRSF10B protein|tnfrsf10b protein promotes the reaction [isoalantolactone results in increased expression of CASP7 protein modified form]|tnfrsf10b protein results in increased susceptibility to isoalantolactone,NULL,NULL,PMID:29800641,https://www.ncbi.nlm.nih.gov/pubmed/29800641,29800641,NULL,NULL
