﻿id,cid,dsn,cmpdname,srccmpd,srccmpdname,srccmpdurl,srctarget,srctargetname,srctargeturl,protacxn,protname,geneid,genename,taxid,taxname,action,actname,actvalue,evids,evurls,pmids,dois,citations
   1218393,358832,CTD,Demethylnobiletin,C553978,"5-hydroxy-6,7,8,3',4'-pentamethoxyflavone",https://ctdbase.org/detail.go?type=chem&acc=C553978,1544,CYP1A2,https://ctdbase.org/detail.go?type=gene&acc=1544,NULL,NULL,1544,CYP1A2,9606,Homo sapiens (human),"5-hydroxy-6,7,8,3',4'-pentamethoxyflavone results in decreased activity of CYP1A2 protein",NULL,NULL,PMID:29753067,https://www.ncbi.nlm.nih.gov/pubmed/29753067,29753067,NULL,NULL
1218394,358832,CTD,Demethylnobiletin,C553978,"5-hydroxy-6,7,8,3',4'-pentamethoxyflavone",https://ctdbase.org/detail.go?type=chem&acc=C553978,1565,CYP2D6,https://ctdbase.org/detail.go?type=gene&acc=1565,NULL,NULL,1565,CYP2D6,9606,Homo sapiens (human),"5-hydroxy-6,7,8,3',4'-pentamethoxyflavone results in decreased activity of CYP2D6 protein",NULL,NULL,PMID:29753067,https://www.ncbi.nlm.nih.gov/pubmed/29753067,29753067,NULL,NULL
1218395,358832,CTD,Demethylnobiletin,C000604601,5-demethylnobiletin,https://ctdbase.org/detail.go?type=chem&acc=C000604601,836,CASP3,https://ctdbase.org/detail.go?type=gene&acc=836,NULL,NULL,836,CASP3,9606,Homo sapiens (human),AGN 193109 inhibits the reaction [5-demethylnobiletin results in decreased expression of and results in increased cleavage of CASP3 protein]|5-demethylnobiletin results in decreased expression of and results in increased cleavage of CASP3 protein,NULL,NULL,PMID:33058988,https://www.ncbi.nlm.nih.gov/pubmed/33058988,33058988,NULL,NULL
1218396,358832,CTD,Demethylnobiletin,C000604601,5-demethylnobiletin,https://ctdbase.org/detail.go?type=chem&acc=C000604601,842,CASP9,https://ctdbase.org/detail.go?type=gene&acc=842,NULL,NULL,842,CASP9,9606,Homo sapiens (human),5-demethylnobiletin results in decreased expression of and results in increased cleavage of CASP9 protein|agn 193109 inhibits the reaction [5-demethylnobiletin results in decreased expression of and results in increased cleavage of CASP9 protein],NULL,NULL,PMID:33058988,https://www.ncbi.nlm.nih.gov/pubmed/33058988,33058988,NULL,NULL
1218397,358832,CTD,Demethylnobiletin,C000604601,5-demethylnobiletin,https://ctdbase.org/detail.go?type=chem&acc=C000604601,142,PARP1,https://ctdbase.org/detail.go?type=gene&acc=142,NULL,NULL,142,PARP1,9606,Homo sapiens (human),5-demethylnobiletin results in decreased expression of and results in increased cleavage of PARP1 protein|agn 193109 inhibits the reaction [5-demethylnobiletin results in decreased expression of and results in increased cleavage of PARP1 protein],NULL,NULL,PMID:33058988,https://www.ncbi.nlm.nih.gov/pubmed/33058988,33058988,NULL,NULL
1218398,358832,CTD,Demethylnobiletin,C000604601,5-demethylnobiletin,https://ctdbase.org/detail.go?type=chem&acc=C000604601,5915,RARB,https://ctdbase.org/detail.go?type=gene&acc=5915,NULL,NULL,5915,RARB,9606,Homo sapiens (human),5-demethylnobiletin results in increased expression of RARB mrna|5-demethylnobiletin results in increased expression of RARB protein|agn 193109 inhibits the reaction [5-demethylnobiletin results in increased expression of RARB protein],NULL,NULL,PMID:33058988,https://www.ncbi.nlm.nih.gov/pubmed/33058988,33058988,NULL,NULL
1221437,358832,DGIdb,Demethylnobiletin,NULL,5-DEMETHYLNOBILETIN,https://www.dgidb.org/drugs/5-DEMETHYLNOBILETIN,NULL,ALDH1A1,https://www.dgidb.org/genes/ALDH1A1,NULL,NULL,216,ALDH1A1,9606,Homo sapiens (human),NULL,NULL,NULL,NULL,NULL,NULL,NULL,NULL
