﻿id,cid,dsn,cmpdname,srccmpd,srccmpdname,srccmpdurl,srctarget,srctargetname,srctargeturl,protacxn,protname,geneid,genename,taxid,taxname,action,actname,actvalue,evids,evurls,pmids,dois,citations
   609070,145659,DGIdb,Sinensetin,NULL,SINENSETIN,https://www.dgidb.org/drugs/SINENSETIN,NULL,MEN1,https://www.dgidb.org/genes/MEN1,NULL,NULL,4221,MEN1,9606,Homo sapiens (human),NULL,NULL,NULL,NULL,NULL,NULL,NULL,NULL
1169802,145659,DGIdb,Sinensetin,NULL,SINENSETIN,https://www.dgidb.org/drugs/SINENSETIN,NULL,KMT2A,https://www.dgidb.org/genes/KMT2A,NULL,NULL,4297,KMT2A,9606,Homo sapiens (human),NULL,NULL,NULL,NULL,NULL,NULL,NULL,NULL
1201911,145659,BindingDB,Sinensetin,50338975,"2-(3,4-dimethoxyphenyl)-5,6,7-trimethoxy-4H-chromen-4-one",https://www.bindingdb.org/rwd/bind/chemsearch/marvin/MolStructure.jsp?monomerid=50338975,4981,Aurora kinase B,https://www.bindingdb.org/rwd/jsp/dbsearch/PrimarySearch_ki.jsp?tag=pol&polymerid=4981,Q96GD4,Aurora kinase B,9212,AURKB,9606,Homo sapiens (human),NULL,IC50 (nM),5.31e+3,PMID:25298094,https://www.ncbi.nlm.nih.gov/pubmed/25298094,25298094,NULL,NULL
1268206,145659,CTD,Sinensetin,C059295,sinensetin,https://ctdbase.org/detail.go?type=chem&acc=C059295,5243,ABCB1,https://ctdbase.org/detail.go?type=gene&acc=5243,NULL,NULL,5243,ABCB1,9606,Homo sapiens (human),Sinensetin inhibits the reaction [ABCB1 protein results in increased transport of digoxin]|sinensetin analog results in decreased activity of ABCB1 protein|sinensetin results in decreased activity of ABCB1 protein|sinensetin analog inhibits the reaction [ABCB1 protein results in increased transport of digoxin],NULL,NULL,PMID:30790579,https://www.ncbi.nlm.nih.gov/pubmed/30790579,30790579,NULL,NULL
1268207,145659,CTD,Sinensetin,C059295,sinensetin,https://ctdbase.org/detail.go?type=chem&acc=C059295,1543,CYP1A1,https://ctdbase.org/detail.go?type=gene&acc=1543,NULL,NULL,1543,CYP1A1,9606,Homo sapiens (human),CYP1A1 protein results in increased metabolism of sinensetin,NULL,NULL,PMID:19666078,https://www.ncbi.nlm.nih.gov/pubmed/19666078,19666078,NULL,NULL
1268341,145659,CTD,Sinensetin,C059295,sinensetin,https://ctdbase.org/detail.go?type=chem&acc=C059295,1544,CYP1A2,https://ctdbase.org/detail.go?type=gene&acc=1544,NULL,NULL,1544,CYP1A2,9606,Homo sapiens (human),CYP1A2 protein results in increased metabolism of sinensetin,NULL,NULL,PMID:19666078,https://www.ncbi.nlm.nih.gov/pubmed/19666078,19666078,NULL,NULL
1268342,145659,CTD,Sinensetin,C059295,sinensetin,https://ctdbase.org/detail.go?type=chem&acc=C059295,1545,CYP1B1,https://ctdbase.org/detail.go?type=gene&acc=1545,NULL,NULL,1545,CYP1B1,9606,Homo sapiens (human),CYP1B1 protein results in increased metabolism of sinensetin,NULL,NULL,PMID:19666078,https://www.ncbi.nlm.nih.gov/pubmed/19666078,19666078,NULL,NULL
1268343,145659,CTD,Sinensetin,C059295,sinensetin,https://ctdbase.org/detail.go?type=chem&acc=C059295,1576,CYP3A4,https://ctdbase.org/detail.go?type=gene&acc=1576,NULL,NULL,1576,CYP3A4,9606,Homo sapiens (human),[[sinensetin analog results in increased activity of CYP3A4 protein] which results in increased metabolism of midazolam] which results in increased chemical synthesis of 1-hydroxymethylmidazolam|sinensetin results in increased activity of CYP3A4 protein|[sinensetin results in increased activity of CYP3A4 protein] which results in increased metabolism of midazolam|[[sinensetin results in increased activity of CYP3A4 protein] which results in increased metabolism of midazolam] which results in increased chemical synthesis of 1-hydroxymethylmidazolam|[sinensetin analog results in increased activity of CYP3A4 protein] which results in increased metabolism of midazolam|sinensetin analog results in increased activity of CYP3A4 protein,NULL,NULL,PMID:31756459,https://www.ncbi.nlm.nih.gov/pubmed/31756459,31756459,NULL,NULL
1268344,145659,CTD,Sinensetin,C059295,sinensetin,https://ctdbase.org/detail.go?type=chem&acc=C059295,2321,FLT1,https://ctdbase.org/detail.go?type=gene&acc=2321,NULL,NULL,2321,FLT1,7955,Danio rerio (zebrafish),Sinensetin results in decreased expression of FLT1 mRNA,NULL,NULL,PMID:22707269,https://www.ncbi.nlm.nih.gov/pubmed/22707269,22707269,NULL,NULL
1268345,145659,CTD,Sinensetin,C059295,sinensetin,https://ctdbase.org/detail.go?type=chem&acc=C059295,550286,HRASA,https://ctdbase.org/detail.go?type=gene&acc=550286,NULL,NULL,550286,hrasa,7955,Danio rerio (zebrafish),Sinensetin results in decreased expression of HRASA mRNA,NULL,NULL,PMID:22707269,https://www.ncbi.nlm.nih.gov/pubmed/22707269,22707269,NULL,NULL
1268346,145659,CTD,Sinensetin,C059295,sinensetin,https://ctdbase.org/detail.go?type=chem&acc=C059295,796537,KDRL,https://ctdbase.org/detail.go?type=gene&acc=796537,NULL,NULL,796537,kdrl,7955,Danio rerio (zebrafish),Sinensetin results in decreased expression of KDRL mRNA,NULL,NULL,PMID:22707269,https://www.ncbi.nlm.nih.gov/pubmed/22707269,22707269,NULL,NULL
1268347,145659,CTD,Sinensetin,C059295,sinensetin,https://ctdbase.org/detail.go?type=chem&acc=C059295,10599,SLCO1B1,https://ctdbase.org/detail.go?type=gene&acc=10599,NULL,NULL,10599,SLCO1B1,9606,Homo sapiens (human),[sinensetin results in decreased activity of SLCO1B1 protein] which results in decreased uptake of bosentan|[sinensetin results in decreased activity of SLCO1B1 protein] which results in decreased uptake of fluvastatin|sinensetin results in decreased activity of SLCO1B1 protein,NULL,NULL,PMID:32259555,https://www.ncbi.nlm.nih.gov/pubmed/32259555,32259555,NULL,NULL
