﻿id,cid,dsn,cmpdname,srccmpd,srccmpdname,srccmpdurl,srctarget,srctargetname,srctargeturl,protacxn,protname,geneid,genename,taxid,taxname,action,actname,actvalue,evids,evurls,pmids,dois,citations
   1060114,68077,DGIdb,Tangeretin,NULL,TANGERETIN,https://www.dgidb.org/drugs/TANGERETIN,NULL,CYP3A4,https://www.dgidb.org/genes/CYP3A4,NULL,NULL,1576,CYP3A4,9606,Homo sapiens (human),NULL,NULL,NULL,NULL,NULL,NULL,NULL,NULL
1097008,68077,DGIdb,Tangeretin,NULL,TANGERETIN,https://www.dgidb.org/drugs/TANGERETIN,NULL,ABCB1,https://www.dgidb.org/genes/ABCB1,NULL,NULL,5243,ABCB1,9606,Homo sapiens (human),NULL,NULL,NULL,NULL,NULL,NULL,NULL,NULL
1206811,68077,DGIdb,Tangeretin,NULL,TANGERETIN,https://www.dgidb.org/drugs/TANGERETIN,NULL,ALDH1A1,https://www.dgidb.org/genes/ALDH1A1,NULL,NULL,216,ALDH1A1,9606,Homo sapiens (human),NULL,NULL,NULL,NULL,NULL,NULL,NULL,NULL
1206812,68077,DGIdb,Tangeretin,NULL,TANGERETIN,https://www.dgidb.org/drugs/TANGERETIN,NULL,RAPGEF4,https://www.dgidb.org/genes/RAPGEF4,NULL,NULL,11069,RAPGEF4,9606,Homo sapiens (human),NULL,NULL,NULL,NULL,NULL,NULL,NULL,NULL
1868499,68077,CTD,Tangeretin,C059006,tangeretin,https://ctdbase.org/detail.go?type=chem&acc=C059006,5243,ABCB1,https://ctdbase.org/detail.go?type=gene&acc=5243,NULL,NULL,5243,ABCB1,9606,Homo sapiens (human),Tangeretin inhibits the reaction [ABCB1 protein results in decreased uptake of rhodamine 123]|tangeretin results in increased activity of ABCB1 protein|tangeretin inhibits the reaction [elacridar inhibits the reaction [ABCB1 protein results in decreased uptake of rhodamine 123]]|verapamil inhibits the reaction [tangeretin results in increased activity of ABCB1 protein]|tangeretin inhibits the reaction [ABCB1 protein results in decreased uptake of daunorubicin]|tangeretin results in decreased expression of ABCB1 protein,NULL,NULL,PMID:34217736,https://www.ncbi.nlm.nih.gov/pubmed/34217736,34217736,NULL,NULL
1868563,68077,CTD,Tangeretin,C059006,tangeretin,https://ctdbase.org/detail.go?type=chem&acc=C059006,5243,ABCB1,https://ctdbase.org/detail.go?type=gene&acc=5243,NULL,NULL,5243,ABCB1,9606,Homo sapiens (human),Tangeretin results in decreased activity of ABCB1 protein|tangeretin inhibits the reaction [ABCB1 protein results in increased transport of digoxin],NULL,NULL,PMID:30790579,https://www.ncbi.nlm.nih.gov/pubmed/30790579,30790579,NULL,NULL
1868564,68077,CTD,Tangeretin,C059006,tangeretin,https://ctdbase.org/detail.go?type=chem&acc=C059006,11608,AGTR1B,https://ctdbase.org/detail.go?type=gene&acc=11608,NULL,NULL,11608,Agtr1b,10116,Rattus norvegicus (Norway rat),Tangeretin inhibits the reaction [NG-nitroarginine methyl ester results in increased expression of AGTR1B protein],NULL,NULL,PMID:32479886,https://www.ncbi.nlm.nih.gov/pubmed/32479886,32479886,NULL,NULL
1868565,68077,CTD,Tangeretin,C059006,tangeretin,https://ctdbase.org/detail.go?type=chem&acc=C059006,836,CASP3,https://ctdbase.org/detail.go?type=gene&acc=836,NULL,NULL,836,CASP3,9606,Homo sapiens (human),Tangeretin results in decreased expression of and results in increased cleavage of CASP3 protein|agn 193109 inhibits the reaction [tangeretin results in decreased expression of and results in increased cleavage of CASP3 protein],NULL,NULL,PMID:33058988,https://www.ncbi.nlm.nih.gov/pubmed/33058988,33058988,NULL,NULL
1868566,68077,CTD,Tangeretin,C059006,tangeretin,https://ctdbase.org/detail.go?type=chem&acc=C059006,836,CASP3,https://ctdbase.org/detail.go?type=gene&acc=836,NULL,NULL,836,CASP3,10116,Rattus norvegicus (Norway rat),Tangeretin inhibits the reaction [cisplatin results in increased expression of CASP3 protein],NULL,NULL,PMID:27616468,https://www.ncbi.nlm.nih.gov/pubmed/27616468,27616468,NULL,NULL
1868567,68077,CTD,Tangeretin,C059006,tangeretin,https://ctdbase.org/detail.go?type=chem&acc=C059006,841,CASP8,https://ctdbase.org/detail.go?type=gene&acc=841,NULL,NULL,841,CASP8,9606,Homo sapiens (human),AGN 193109 inhibits the reaction [tangeretin results in increased cleavage of CASP8 protein]|tangeretin results in increased cleavage of CASP8 protein,NULL,NULL,PMID:33058988,https://www.ncbi.nlm.nih.gov/pubmed/33058988,33058988,NULL,NULL
1868568,68077,CTD,Tangeretin,C059006,tangeretin,https://ctdbase.org/detail.go?type=chem&acc=C059006,842,CASP9,https://ctdbase.org/detail.go?type=gene&acc=842,NULL,NULL,842,CASP9,9606,Homo sapiens (human),AGN 193109 inhibits the reaction [tangeretin results in decreased expression of and results in increased cleavage of CASP9 protein]|tangeretin results in decreased expression of and results in increased cleavage of CASP9 protein,NULL,NULL,PMID:33058988,https://www.ncbi.nlm.nih.gov/pubmed/33058988,33058988,NULL,NULL
1868569,68077,CTD,Tangeretin,C059006,tangeretin,https://ctdbase.org/detail.go?type=chem&acc=C059006,847,CAT,https://ctdbase.org/detail.go?type=gene&acc=847,NULL,NULL,847,CAT,10116,Rattus norvegicus (Norway rat),"Tangeretin inhibits the reaction [9,10-dimethyl-1,2-benzanthracene results in decreased activity of CAT protein]",NULL,NULL,PMID:24995432,https://www.ncbi.nlm.nih.gov/pubmed/24995432,24995432,NULL,NULL
1868570,68077,CTD,Tangeretin,C059006,tangeretin,https://ctdbase.org/detail.go?type=chem&acc=C059006,1528,CYB5A,https://ctdbase.org/detail.go?type=gene&acc=1528,NULL,NULL,1528,CYB5A,10116,Rattus norvegicus (Norway rat),"Tangeretin inhibits the reaction [9,10-dimethyl-1,2-benzanthracene results in increased expression of CYB5A protein]",NULL,NULL,PMID:24995432,https://www.ncbi.nlm.nih.gov/pubmed/24995432,24995432,NULL,NULL
1868571,68077,CTD,Tangeretin,C059006,tangeretin,https://ctdbase.org/detail.go?type=chem&acc=C059006,1536,CYBB,https://ctdbase.org/detail.go?type=gene&acc=1536,NULL,NULL,1536,CYBB,10116,Rattus norvegicus (Norway rat),Tangeretin inhibits the reaction [NG-nitroarginine methyl ester results in increased expression of CYBB protein],NULL,NULL,PMID:32479886,https://www.ncbi.nlm.nih.gov/pubmed/32479886,32479886,NULL,NULL
1868572,68077,CTD,Tangeretin,C059006,tangeretin,https://ctdbase.org/detail.go?type=chem&acc=C059006,1543,CYP1A1,https://ctdbase.org/detail.go?type=gene&acc=1543,NULL,NULL,1543,CYP1A1,9606,Homo sapiens (human),CYP1A1 protein results in increased metabolism of tangeretin|tangeretin results in increased expression of CYP1A1 protein,NULL,NULL,PMID:29626627,https://www.ncbi.nlm.nih.gov/pubmed/29626627,29626627,NULL,NULL
1868630,68077,CTD,Tangeretin,C059006,tangeretin,https://ctdbase.org/detail.go?type=chem&acc=C059006,1543,CYP1A1,https://ctdbase.org/detail.go?type=gene&acc=1543,NULL,NULL,1543,CYP1A1,9606,Homo sapiens (human),Tangeretin inhibits the reaction [tetrachlorodibenzodioxin results in increased expression of CYP1A1 mrna]|tangeretin inhibits the reaction [tetrachlorodibenzodioxin results in increased expression of CYP1A1 protein],NULL,NULL,PMID:17090139,https://www.ncbi.nlm.nih.gov/pubmed/17090139,17090139,NULL,NULL
1868631,68077,CTD,Tangeretin,C059006,tangeretin,https://ctdbase.org/detail.go?type=chem&acc=C059006,1544,CYP1A2,https://ctdbase.org/detail.go?type=gene&acc=1544,NULL,NULL,1544,CYP1A2,9606,Homo sapiens (human),CYP1A2 protein results in increased metabolism of tangeretin,NULL,NULL,PMID:29626627,https://www.ncbi.nlm.nih.gov/pubmed/29626627,29626627,NULL,NULL
1868632,68077,CTD,Tangeretin,C059006,tangeretin,https://ctdbase.org/detail.go?type=chem&acc=C059006,1544,CYP1A2,https://ctdbase.org/detail.go?type=gene&acc=1544,NULL,NULL,1544,CYP1A2,9606,Homo sapiens (human),Tangeretin inhibits the reaction [tetrachlorodibenzodioxin results in increased expression of CYP1A2 mrna],NULL,NULL,PMID:17090139,https://www.ncbi.nlm.nih.gov/pubmed/17090139,17090139,NULL,NULL
1868633,68077,CTD,Tangeretin,C059006,tangeretin,https://ctdbase.org/detail.go?type=chem&acc=C059006,1545,CYP1B1,https://ctdbase.org/detail.go?type=gene&acc=1545,NULL,NULL,1545,CYP1B1,9606,Homo sapiens (human),Tangeretin results in increased expression of CYP1B1 protein|cyp1b1 protein results in increased metabolism of tangeretin,NULL,NULL,PMID:29626627,https://www.ncbi.nlm.nih.gov/pubmed/29626627,29626627,NULL,NULL
1868634,68077,CTD,Tangeretin,C059006,tangeretin,https://ctdbase.org/detail.go?type=chem&acc=C059006,1576,CYP3A4,https://ctdbase.org/detail.go?type=gene&acc=1576,NULL,NULL,1576,CYP3A4,9606,Homo sapiens (human),[tangeretin results in increased activity of CYP3A4 protein] which results in increased metabolism of midazolam|[[tangeretin results in increased activity of CYP3A4 protein] which results in increased metabolism of midazolam] which results in increased chemical synthesis of 1-hydroxymethylmidazolam|tangeretin results in increased activity of CYP3A4 protein,NULL,NULL,PMID:31756459,https://www.ncbi.nlm.nih.gov/pubmed/31756459,31756459,NULL,NULL
1868635,68077,CTD,Tangeretin,C059006,tangeretin,https://ctdbase.org/detail.go?type=chem&acc=C059006,2936,GSR,https://ctdbase.org/detail.go?type=gene&acc=2936,NULL,NULL,2936,GSR,10116,Rattus norvegicus (Norway rat),"Tangeretin inhibits the reaction [9,10-dimethyl-1,2-benzanthracene results in decreased activity of GSR protein]",NULL,NULL,PMID:24995432,https://www.ncbi.nlm.nih.gov/pubmed/24995432,24995432,NULL,NULL
1868636,68077,CTD,Tangeretin,C059006,tangeretin,https://ctdbase.org/detail.go?type=chem&acc=C059006,3162,HMOX1,https://ctdbase.org/detail.go?type=gene&acc=3162,NULL,NULL,3162,HMOX1,10116,Rattus norvegicus (Norway rat),"Tangeretin inhibits the reaction [9,10-dimethyl-1,2-benzanthracene results in decreased expression of HMOX1 mrna]|tangeretin inhibits the reaction [9,10-dimethyl-1,2-benzanthracene results in decreased expression of HMOX1 protein]",NULL,NULL,PMID:24995432,https://www.ncbi.nlm.nih.gov/pubmed/24995432,24995432,NULL,NULL
1868637,68077,CTD,Tangeretin,C059006,tangeretin,https://ctdbase.org/detail.go?type=chem&acc=C059006,3586,IL10,https://ctdbase.org/detail.go?type=gene&acc=3586,NULL,NULL,3586,IL10,10116,Rattus norvegicus (Norway rat),Tangeretin inhibits the reaction [cisplatin results in decreased expression of IL10 protein],NULL,NULL,PMID:27616468,https://www.ncbi.nlm.nih.gov/pubmed/27616468,27616468,NULL,NULL
1868638,68077,CTD,Tangeretin,C059006,tangeretin,https://ctdbase.org/detail.go?type=chem&acc=C059006,3553,IL1B,https://ctdbase.org/detail.go?type=gene&acc=3553,NULL,NULL,3553,IL1B,10116,Rattus norvegicus (Norway rat),"Tangeretin inhibits the reaction [9,10-dimethyl-1,2-benzanthracene results in increased expression of IL1B protein]",NULL,NULL,PMID:24995432,https://www.ncbi.nlm.nih.gov/pubmed/24995432,24995432,NULL,NULL
1868639,68077,CTD,Tangeretin,C059006,tangeretin,https://ctdbase.org/detail.go?type=chem&acc=C059006,3569,IL6,https://ctdbase.org/detail.go?type=gene&acc=3569,NULL,NULL,3569,IL6,10116,Rattus norvegicus (Norway rat),"Tangeretin inhibits the reaction [9,10-dimethyl-1,2-benzanthracene results in increased expression of IL6 protein]",NULL,NULL,PMID:24995432,https://www.ncbi.nlm.nih.gov/pubmed/24995432,24995432,NULL,NULL
1868679,68077,CTD,Tangeretin,C059006,tangeretin,https://ctdbase.org/detail.go?type=chem&acc=C059006,9817,KEAP1,https://ctdbase.org/detail.go?type=gene&acc=9817,NULL,NULL,9817,KEAP1,10116,Rattus norvegicus (Norway rat),"Tangeretin inhibits the reaction [9,10-dimethyl-1,2-benzanthracene results in increased expression of KEAP1 protein]|tangeretin inhibits the reaction [9,10-dimethyl-1,2-benzanthracene results in increased expression of KEAP1 mrna]",NULL,NULL,PMID:24995432,https://www.ncbi.nlm.nih.gov/pubmed/24995432,24995432,NULL,NULL
1868680,68077,CTD,Tangeretin,C059006,tangeretin,https://ctdbase.org/detail.go?type=chem&acc=C059006,4780,NFE2L2,https://ctdbase.org/detail.go?type=gene&acc=4780,NULL,NULL,4780,NFE2L2,10116,Rattus norvegicus (Norway rat),"Tangeretin inhibits the reaction [9,10-dimethyl-1,2-benzanthracene results in decreased expression of NFE2L2 protein]|tangeretin inhibits the reaction [9,10-dimethyl-1,2-benzanthracene results in decreased expression of NFE2L2 mrna]",NULL,NULL,PMID:24995432,https://www.ncbi.nlm.nih.gov/pubmed/24995432,24995432,NULL,NULL
1868681,68077,CTD,Tangeretin,C059006,tangeretin,https://ctdbase.org/detail.go?type=chem&acc=C059006,4780,NFE2L2,https://ctdbase.org/detail.go?type=gene&acc=4780,NULL,NULL,4780,NFE2L2,10116,Rattus norvegicus (Norway rat),Tangeretin inhibits the reaction [cisplatin results in increased expression of NFE2L2 protein],NULL,NULL,PMID:27616468,https://www.ncbi.nlm.nih.gov/pubmed/27616468,27616468,NULL,NULL
1868682,68077,CTD,Tangeretin,C059006,tangeretin,https://ctdbase.org/detail.go?type=chem&acc=C059006,4843,NOS2,https://ctdbase.org/detail.go?type=gene&acc=4843,NULL,NULL,4843,NOS2,10116,Rattus norvegicus (Norway rat),"Tangeretin inhibits the reaction [9,10-dimethyl-1,2-benzanthracene results in increased expression of NOS2 protein]",NULL,NULL,PMID:24995432,https://www.ncbi.nlm.nih.gov/pubmed/24995432,24995432,NULL,NULL
1868683,68077,CTD,Tangeretin,C059006,tangeretin,https://ctdbase.org/detail.go?type=chem&acc=C059006,4843,NOS2,https://ctdbase.org/detail.go?type=gene&acc=4843,NULL,NULL,4843,NOS2,10116,Rattus norvegicus (Norway rat),Tangeretin inhibits the reaction [cisplatin results in increased expression of NOS2 protein],NULL,NULL,PMID:27616468,https://www.ncbi.nlm.nih.gov/pubmed/27616468,27616468,NULL,NULL
1868684,68077,CTD,Tangeretin,C059006,tangeretin,https://ctdbase.org/detail.go?type=chem&acc=C059006,4846,NOS3,https://ctdbase.org/detail.go?type=gene&acc=4846,NULL,NULL,4846,NOS3,10116,Rattus norvegicus (Norway rat),Tangeretin inhibits the reaction [NG-nitroarginine methyl ester results in decreased expression of NOS3 protein],NULL,NULL,PMID:32479886,https://www.ncbi.nlm.nih.gov/pubmed/32479886,32479886,NULL,NULL
1868685,68077,CTD,Tangeretin,C059006,tangeretin,https://ctdbase.org/detail.go?type=chem&acc=C059006,1728,NQO1,https://ctdbase.org/detail.go?type=gene&acc=1728,NULL,NULL,1728,NQO1,10116,Rattus norvegicus (Norway rat),"Tangeretin inhibits the reaction [9,10-dimethyl-1,2-benzanthracene results in decreased expression of NQO1 protein]|tangeretin inhibits the reaction [9,10-dimethyl-1,2-benzanthracene results in decreased expression of NQO1 mrna]",NULL,NULL,PMID:24995432,https://www.ncbi.nlm.nih.gov/pubmed/24995432,24995432,NULL,NULL
1868686,68077,CTD,Tangeretin,C059006,tangeretin,https://ctdbase.org/detail.go?type=chem&acc=C059006,142,PARP1,https://ctdbase.org/detail.go?type=gene&acc=142,NULL,NULL,142,PARP1,9606,Homo sapiens (human),AGN 193109 inhibits the reaction [tangeretin results in decreased expression of and results in increased cleavage of PARP1 protein]|tangeretin results in decreased expression of and results in increased cleavage of PARP1 protein,NULL,NULL,PMID:33058988,https://www.ncbi.nlm.nih.gov/pubmed/33058988,33058988,NULL,NULL
1868687,68077,CTD,Tangeretin,C059006,tangeretin,https://ctdbase.org/detail.go?type=chem&acc=C059006,5315,PKM,https://ctdbase.org/detail.go?type=gene&acc=5315,NULL,NULL,5315,PKM,9606,Homo sapiens (human),Tangeretin results in increased activity of PKM protein,NULL,NULL,PMID:25388478,https://www.ncbi.nlm.nih.gov/pubmed/25388478,25388478,NULL,NULL
1868688,68077,CTD,Tangeretin,C059006,tangeretin,https://ctdbase.org/detail.go?type=chem&acc=C059006,5743,PTGS2,https://ctdbase.org/detail.go?type=gene&acc=5743,NULL,NULL,5743,PTGS2,10116,Rattus norvegicus (Norway rat),"Tangeretin inhibits the reaction [9,10-dimethyl-1,2-benzanthracene results in increased expression of PTGS2 protein]",NULL,NULL,PMID:24995432,https://www.ncbi.nlm.nih.gov/pubmed/24995432,24995432,NULL,NULL
1868744,68077,CTD,Tangeretin,C059006,tangeretin,https://ctdbase.org/detail.go?type=chem&acc=C059006,5915,RARB,https://ctdbase.org/detail.go?type=gene&acc=5915,NULL,NULL,5915,RARB,9606,Homo sapiens (human),AGN 193109 inhibits the reaction [tangeretin results in increased expression of RARB protein]|tangeretin results in increased expression of RARB mrna|tangeretin results in increased expression of RARB protein,NULL,NULL,PMID:33058988,https://www.ncbi.nlm.nih.gov/pubmed/33058988,33058988,NULL,NULL
1868745,68077,CTD,Tangeretin,C059006,tangeretin,https://ctdbase.org/detail.go?type=chem&acc=C059006,5970,RELA,https://ctdbase.org/detail.go?type=gene&acc=5970,NULL,NULL,5970,RELA,10116,Rattus norvegicus (Norway rat),"Tangeretin inhibits the reaction [9,10-dimethyl-1,2-benzanthracene results in increased expression of RELA mrna]|tangeretin inhibits the reaction [9,10-dimethyl-1,2-benzanthracene results in increased expression of RELA protein]",NULL,NULL,PMID:24995432,https://www.ncbi.nlm.nih.gov/pubmed/24995432,24995432,NULL,NULL
1868746,68077,CTD,Tangeretin,C059006,tangeretin,https://ctdbase.org/detail.go?type=chem&acc=C059006,5970,RELA,https://ctdbase.org/detail.go?type=gene&acc=5970,NULL,NULL,5970,RELA,10116,Rattus norvegicus (Norway rat),Tangeretin inhibits the reaction [cisplatin results in increased expression of RELA protein],NULL,NULL,PMID:27616468,https://www.ncbi.nlm.nih.gov/pubmed/27616468,27616468,NULL,NULL
1868747,68077,CTD,Tangeretin,C059006,tangeretin,https://ctdbase.org/detail.go?type=chem&acc=C059006,6770,STAR,https://ctdbase.org/detail.go?type=gene&acc=6770,NULL,NULL,6770,STAR,10116,Rattus norvegicus (Norway rat),Tangeretin inhibits the reaction [NG-nitroarginine methyl ester results in decreased expression of STAR protein],NULL,NULL,PMID:32479886,https://www.ncbi.nlm.nih.gov/pubmed/32479886,32479886,NULL,NULL
1868748,68077,CTD,Tangeretin,C059006,tangeretin,https://ctdbase.org/detail.go?type=chem&acc=C059006,7124,TNF,https://ctdbase.org/detail.go?type=gene&acc=7124,NULL,NULL,7124,TNF,10116,Rattus norvegicus (Norway rat),"Tangeretin inhibits the reaction [9,10-dimethyl-1,2-benzanthracene results in increased expression of TNF mrna]|tangeretin inhibits the reaction [9,10-dimethyl-1,2-benzanthracene results in increased expression of TNF protein]",NULL,NULL,PMID:24995432,https://www.ncbi.nlm.nih.gov/pubmed/24995432,24995432,NULL,NULL
1868749,68077,CTD,Tangeretin,C059006,tangeretin,https://ctdbase.org/detail.go?type=chem&acc=C059006,7124,TNF,https://ctdbase.org/detail.go?type=gene&acc=7124,NULL,NULL,7124,TNF,10116,Rattus norvegicus (Norway rat),Tangeretin inhibits the reaction [cisplatin results in increased expression of TNF protein],NULL,NULL,PMID:27616468,https://www.ncbi.nlm.nih.gov/pubmed/27616468,27616468,NULL,NULL
