PNPAC_ID,compound_name,smiles,LogS,LogD,LogP,Pgp-inh,Pgp-sub,HIA,F(20%),F(30%),Caco-2,MDCK,BBB,PPB,VDss,Fu,CYP1A2-inh,CYP1A2-sub,CYP2C19-inh,CYP2C19-sub,CYP2C9-inh,CYP2C9-sub,CYP2D6-inh,CYP2D6-sub,CYP3A4-inh,CYP3A4-sub,CL,T12,hERG,H-HT,DILI,Ames,ROA,FDAMDD,SkinSen,Carcinogenicity,EC,EI,Respiratory,BCF,IGC50,LC50,LC50DM,NR-AR,NR-AR-LBD,NR-AhR,NR-Aromatase,NR-ER,NR-ER-LBD,NR-PPAR-gamma,SR-ARE,SR-ATAD5,SR-HSE,SR-MMP,SR-p53,MW,Vol,Dense,nHA,nHD,TPSA,nRot,nRing,MaxRing,nHet,fChar,nRig,Flex,nStereo,NonGenotoxic_Carcinogenicity,LD50_oral,Genotoxic_Carcinogenicity_Mutagenicity,SureChEMBL,NonBiodegradable,Skin_Sensitization,Acute_Aquatic_Toxicity,Toxicophores,QED,Synth,Fsp3,MCE-18,Natural Product-likeness,Alarm_NMR,BMS,Chelating,PAINS,Lipinski,Pfizer,GSK,GoldenTriangle
PNPAC1,Artematrovirenin A,CC1=CC[C@]23O[C@@]2(C)C[C@H](O[C@@H]2OC(CO)[C@@H](O)C(O)C2O)[C@H]2C(C)C(=O)O[C@@H]2[C@@H]13,-2.109,0.622,0.577,0.002,0.99,0.886,0.438,0.991,-5.917,0.000145178,0.124,26.65%,0.433,52.74%,0.007,0.766,0.01,0.783,0.001,0.023,0.002,0.086,0.06,0.151,4.379,0.663,0.049,0.542,0.158,0.18,0.331,0.008,0.165,0.09,0.003,0.01,0.947,0.618,2.405,2.958,5.864,0.108,0.861,0.013,0.553,0.138,0.027,0.793,0.167,0.541,0.119,0.384,0.963,426.19,402.829,1.058,9,4,138.21,3,5,14,9,0,24,0.125,12,1,0,5,2,2,3,6,2,0.261,5.707,0.857,122.692,3.34,1,0,0,0,Accepted,Accepted,Rejected,Accepted
PNPAC2,Artematrovirenin B,CC1=CC[C@]23O[C@@]2(C)C[C@H](OC(=O)CC(C)C)[C@H]2C(C)C(=O)O[C@@H]2[C@@H]13,-4.225,3.052,3.535,0.678,0.005,0.021,0.011,0.985,-4.783,4.50E-05,0.436,60.30%,1.464,28.44%,0.068,0.124,0.032,0.832,0.027,0.028,0.007,0.061,0.643,0.409,16.953,0.24,0.029,0.909,0.774,0.024,0.665,0.069,0.554,0.12,0.013,0.041,0.933,1.3,3.178,4.758,6.866,0.185,0.822,0.057,0.497,0.171,0.549,0.788,0.145,0.163,0.748,0.658,0.977,348.19,356.292,0.977,5,0,65.13,4,4,14,5,0,19,0.211,7,1,0,5,2,2,2,4,2,0.446,5.309,0.8,94.5,3.05,1,0,0,0,Accepted,Rejected,Accepted,Accepted
PNPAC3,Artematrovirenin C,CC(C)=CC(=O)O[C@H]1C[C@]2(C)O[C@@]23CC=C(C)[C@@H]3[C@H]2OC(=O)C(C)[C@H]12,-3.837,2.317,3.307,0.359,0.852,0.096,0.065,0.987,-4.781,5.03E-05,0.829,52.43%,1.996,30.15%,0.14,0.718,0.325,0.834,0.175,0.028,0.012,0.077,0.771,0.53,15.252,0.289,0.04,0.93,0.329,0.012,0.809,0.422,0.59,0.069,0.146,0.103,0.97,1.142,3.261,5.03,6.856,0.127,0.95,0.117,0.817,0.286,0.678,0.967,0.737,0.488,0.914,0.832,0.991,346.18,353.656,0.979,5,0,65.13,3,4,14,5,0,20,0.15,7,2,0,7,2,2,4,7,3,0.333,5.437,0.7,95.294,3.326,2,0,0,0,Accepted,Rejected,Accepted,Accepted
PNPAC4,Artematrovirenin D,C=C1C(=O)O[C@H]2[C@H]1[C@@H](OC(=O)CC(C)C)C[C@]1(C)O[C@@]13CC=C(C)[C@H]23,-4.172,3.129,3.29,0.261,0.001,0.085,0.257,0.996,-4.781,1.86E-05,0.277,61.46%,1.504,24.21%,0.056,0.106,0.08,0.776,0.227,0.039,0.01,0.07,0.658,0.359,16.743,0.328,0.026,0.841,0.785,0.066,0.863,0.182,0.803,0.186,0.207,0.189,0.977,1.18,3.935,5.168,7.078,0.387,0.926,0.231,0.859,0.412,0.725,0.945,0.927,0.633,0.895,0.842,0.991,346.18,353.656,0.979,5,0,65.13,4,4,14,5,0,20,0.2,6,1,0,6,2,2,5,6,3,0.34,5.272,0.7,93.706,3.254,2,2,0,0,Accepted,Rejected,Accepted,Accepted
PNPAC5,Artematrovirenin E,C=C1C(=O)O[C@H]2[C@H]1[C@@H](OC(=O)C(C)=CC)C[C@]1(C)O[C@@]13CC=C(C)[C@H]23,-3.648,2.329,2.373,0.79,0.001,0.205,0.861,0.997,-4.726,1.47E-05,0.136,57.53%,2.248,21.92%,0.13,0.512,0.563,0.803,0.502,0.035,0.068,0.073,0.879,0.434,14.501,0.445,0.05,0.898,0.546,0.05,0.878,0.221,0.818,0.137,0.359,0.366,0.978,0.889,4.015,5.557,7.056,0.262,0.964,0.417,0.899,0.364,0.706,0.956,0.946,0.725,0.901,0.854,0.994,344.16,351.019,0.98,5,0,65.13,3,4,14,5,0,21,0.143,6,1,0,6,2,2,5,6,3,0.334,5.437,0.6,94.5,3.79,2,2,0,0,Accepted,Accepted,Accepted,Accepted
PNPAC6,Artematrovirenin F,COCC1C(=O)O[C@H]2[C@H]1CC[C@]1(C)O[C@@]13CC=C(C)[C@H]23,-3.407,2.183,2.313,0.002,0.088,0.011,0.166,0.931,-4.7,2.53E-05,0.834,34.78%,1.406,44.22%,0.048,0.955,0.036,0.831,0.009,0.045,0.008,0.202,0.666,0.467,13.851,0.229,0.063,0.807,0.22,0.029,0.823,0.038,0.376,0.387,0.116,0.33,0.955,1.042,2.923,3.835,6.353,0.664,0.947,0.014,0.747,0.37,0.591,0.771,0.689,0.725,0.413,0.623,0.98,278.15,280.954,0.99,4,0,48.06,2,4,14,4,0,18,0.111,6,1,0,5,2,2,2,5,2,0.441,5.232,0.812,86.897,3.428,1,0,0,0,Accepted,Accepted,Accepted,Accepted
PNPAC7,Artematrovirenin G,CC1=CC[C@]23O[C@@]2(C)CC[C@@H]2[C@H](OC(=O)[C@H]2CN2CCCC2=O)[C@@H]13,-3.107,1.904,2.184,0.029,0.09,0.024,0.464,0.977,-4.891,2.09E-05,0.645,49.78%,1.114,51.68%,0.045,0.493,0.154,0.771,0.021,0.037,0.016,0.208,0.688,0.394,13.538,0.338,0.042,0.926,0.297,0.01,0.29,0.326,0.582,0.266,0.01,0.051,0.511,0.681,2.385,3.585,5.986,0.676,0.934,0.049,0.786,0.703,0.43,0.925,0.616,0.302,0.722,0.36,0.972,331.18,332.646,0.996,5,0,59.14,2,5,14,5,0,24,0.083,6,1,0,5,2,2,2,4,2,0.441,5.141,0.789,107.471,2.205,1,0,0,0,Accepted,Accepted,Accepted,Accepted
PNPAC8,Artematrovirenin H,C=C1C(=O)O[C@H]2[C@H]1CCC(COC(=O)CC(C)C)=C1CC=C(C)[C@@H]12,-4.103,3.637,4.463,0.011,0.001,0.003,0.15,0.416,-4.572,8.61E-05,0.087,86.22%,2.469,3.90%,0.485,0.093,0.772,0.13,0.816,0.19,0.014,0.081,0.469,0.215,16.516,0.098,0.006,0.088,0.812,0.067,0.884,0.784,0.788,0.604,0.751,0.297,0.98,0.739,4.99,6.534,6.365,0.838,0.882,0.008,0.008,0.885,0.858,0.105,0.867,0.006,0.64,0.153,0.887,330.18,350.785,0.941,4,0,52.6,5,3,13,4,0,18,0.278,3,0,0,2,0,0,5,4,1,0.448,4.263,0.6,45.125,2.35,2,2,0,0,Accepted,Rejected,Rejected,Accepted
PNPAC9,Artematrovirenin I,COCC1C(=O)O[C@@H]2[C@H]3C(C)=CCC3=C(CO)CC[C@@H]12,-2.285,1.921,2.05,0.001,0.077,0.036,0.184,0.116,-4.492,4.51E-05,0.567,55.14%,1.047,28.34%,0.067,0.141,0.021,0.488,0.007,0.055,0.004,0.143,0.175,0.252,11.194,0.185,0.014,0.113,0.436,0.017,0.824,0.112,0.383,0.512,0.159,0.471,0.965,0.472,3.567,5.238,5.185,0.857,0.85,0.004,0.015,0.783,0.178,0.003,0.073,0.007,0.024,0.038,0.034,278.15,286.874,0.97,4,1,55.76,3,3,13,4,0,16,0.188,4,0,0,1,0,1,1,3,0,0.632,4.539,0.688,42.815,2.792,1,0,0,0,Accepted,Accepted,Accepted,Accepted
PNPAC10,Artematrovirenin J,C=C1C(=O)OC2=C3C(C)C(=O)C[C@]3(O)[C@](C)(O)CC[C@@H]12,-2.617,0.327,0.747,0.001,0.158,0.034,0.101,0.014,-4.664,2.39E-05,0.948,60.80%,0.561,47.77%,0.031,0.342,0.033,0.387,0.045,0.055,0.003,0.047,0.027,0.516,4.3,0.562,0.002,0.048,0.242,0.023,0.698,0.801,0.441,0.545,0.851,0.34,0.977,0.264,3.501,3.956,3.026,0.935,0.988,0.269,0.872,0.081,0.019,0.157,0.641,0.757,0.099,0.658,0.896,278.12,275.732,1.009,5,2,83.83,0,3,13,5,0,18,0,4,0,0,1,0,1,5,6,1,0.507,5.046,0.6,56.833,1.962,2,2,0,0,Accepted,Accepted,Accepted,Accepted
PNPAC11,Artematrovirenin K,C=C1CC[C@@H]2[C@H](OC(=O)[C@@H]2C)[C@H]2C(C)=CC[C@]12O,-3.797,2.497,2.662,0,0.009,0.046,0.847,0.089,-4.48,2.12E-05,0.961,63.18%,1.27,39.08%,0.318,0.289,0.056,0.78,0.012,0.149,0.008,0.207,0.245,0.262,9.192,0.263,0.035,0.746,0.372,0.015,0.417,0.051,0.135,0.161,0.041,0.534,0.878,0.937,2.499,3.97,6.251,0.785,0.43,0.011,0.657,0.549,0.025,0.009,0.074,0.012,0.119,0.038,0.391,248.14,260.788,0.952,3,1,46.53,0,3,13,3,0,17,0,5,0,0,0,0,0,0,3,0,0.528,4.664,0.667,50.16,3.141,1,0,0,0,Accepted,Accepted,Accepted,Accepted
PNPAC12,Artematrovirenin L,C=C1CC[C@H]2C(C)C(=O)O[C@@H]2[C@H]2C(C)=CC[C@]12O,-3.731,2.341,2.649,0,0.009,0.116,0.807,0.071,-4.446,2.32E-05,0.987,58.58%,1.325,48.94%,0.234,0.438,0.064,0.793,0.012,0.161,0.009,0.219,0.286,0.271,9.916,0.126,0.033,0.742,0.33,0.018,0.625,0.071,0.122,0.237,0.047,0.434,0.889,0.81,2.39,3.785,6.201,0.829,0.424,0.008,0.444,0.406,0.038,0.008,0.06,0.012,0.069,0.049,0.29,248.14,260.788,0.952,3,1,46.53,0,3,13,3,0,17,0,5,0,0,0,0,0,0,3,0,0.528,4.664,0.667,50.16,3.141,1,0,0,0,Accepted,Accepted,Accepted,Accepted
PNPAC13,Artematrovirenin M,C=C(CO)[C@@H]1CCC(=C)[C@@]2(O)CC=C(C)[C@@H]2[C@H]1O,-2.543,1.764,1.64,0,0.001,0.009,0.996,0.992,-4.725,9.10E-06,0.97,49.29%,1.207,62.61%,0.027,0.188,0.015,0.657,0.003,0.116,0.003,0.14,0.02,0.171,6.741,0.747,0.021,0.29,0.054,0.184,0.369,0.106,0.46,0.865,0.15,0.96,0.914,0.743,2.131,4.022,4.675,0.786,0.059,0.007,0.313,0.434,0.01,0.003,0.033,0.008,0.013,0.024,0.009,250.16,269.345,0.929,3,3,60.69,2,2,10,3,0,13,0.154,4,0,0,1,0,0,0,1,0,0.652,4.847,0.6,38.75,2.955,0,0,0,0,Accepted,Accepted,Accepted,Accepted
PNPAC14,Artematrovirenin N,C=C(CO)[C@@H]1CCC(=C)[C@]2(O)CC=C(C)[C@@H]2[C@H]1O,-2.071,1.774,1.72,0,0.003,0.008,0.997,0.993,-4.771,2.28E-05,0.81,45.54%,0.898,68.97%,0.027,0.205,0.015,0.565,0.003,0.08,0.003,0.119,0.019,0.186,8.912,0.449,0.018,0.406,0.046,0.131,0.887,0.402,0.456,0.904,0.369,0.916,0.964,0.605,1.656,3.614,4.216,0.681,0.215,0.004,0.406,0.463,0.016,0.005,0.074,0.01,0.022,0.035,0.09,250.16,269.345,0.929,3,3,60.69,2,2,10,3,0,13,0.154,4,0,0,1,0,0,0,1,0,0.652,4.847,0.6,38.75,2.955,0,0,0,0,Accepted,Accepted,Accepted,Accepted
PNPAC15,Artematrovirenin O,C=C1CC[C@@H]([C@H](C)CO)[C@H](O)[C@H]2C(C)=CC[C@]12O,-2.541,2.103,1.837,0,0.004,0.014,0.982,0.954,-4.691,8.94E-06,0.943,53.86%,1.001,49.19%,0.032,0.462,0.014,0.8,0.004,0.223,0.003,0.197,0.024,0.201,8.615,0.73,0.023,0.268,0.055,0.022,0.137,0.016,0.259,0.709,0.127,0.953,0.5,0.657,1.779,2.717,3.883,0.842,0.064,0.006,0.078,0.347,0.012,0.002,0.028,0.006,0.024,0.057,0.009,252.17,271.981,0.927,3,3,60.69,2,2,10,3,0,12,0.167,5,0,0,0,0,0,0,1,0,0.655,4.761,0.733,38.077,2.979,0,0,0,0,Accepted,Accepted,Accepted,Accepted
PNPAC16,Artematrovirenin P,C=C(CO)[C@@H]1CCC(=C)[C@@]2(O)C[C@@H]3O[C@]3(C)[C@@H]2[C@H]1O,-2.834,1.185,1.05,0,0.004,0.011,0.951,0.201,-4.93,8.87E-06,0.918,41.82%,0.721,68.90%,0.013,0.473,0.01,0.639,0.003,0.087,0.002,0.151,0.016,0.137,5.096,0.787,0.046,0.587,0.064,0.245,0.747,0.58,0.567,0.857,0.231,0.848,0.972,0.633,2.481,3.989,4.38,0.909,0.644,0.011,0.551,0.492,0.008,0.007,0.018,0.013,0.015,0.026,0.239,266.15,272.215,0.978,4,3,73.22,2,3,11,4,0,15,0.133,6,1,0,6,2,2,3,4,1,0.51,5.242,0.733,56.538,3.345,0,0,0,0,Accepted,Accepted,Accepted,Accepted
PNPAC17,Artematrovirenolide A,C=C1CC[C@@H]2[C@H](OC(=O)[C@]23CC2=C4C(C(=O)C5CC[C@]4(C)CC5C(=O)O)[C@]3(C)C2)[C@H]2C(C)=CC[C@]12O,-2.913,1.209,3.477,0.006,0.003,0.109,0.994,0.121,-5.611,1.84E-05,0.162,82.13%,0.655,7.57%,0.004,0.479,0.015,0.771,0.027,0.219,0.003,0.157,0.258,0.223,5.231,0.051,0.029,0.263,0.497,0.005,0.981,0.162,0.033,0.374,0.008,0.022,0.959,0.209,4.207,4.332,5.036,0.9,0.916,0.042,0.819,0.282,0.265,0.645,0.731,0.102,0.535,0.717,0.952,492.25,504.463,0.976,6,2,100.9,1,8,13,6,0,36,0.028,10,0,0,0,0,1,1,4,0,0.416,7.245,0.7,170.471,2.355,1,0,0,0,Accepted,Accepted,Rejected,Accepted
PNPAC18,Artematrovirenolide B,C=C1CC[C@@H]2[C@H](OC(=O)[C@]23CC2=C4C(C(=O)C5CC[C@]4(C)CC5C(=O)O)[C@]3(C)C2)[C@H]2C(C)=CC[C@]12O,-2.913,1.209,3.477,0.006,0.003,0.109,0.994,0.121,-5.611,1.84E-05,0.162,82.13%,0.655,7.57%,0.004,0.479,0.015,0.771,0.027,0.219,0.003,0.157,0.258,0.223,5.231,0.051,0.029,0.263,0.497,0.005,0.981,0.162,0.033,0.374,0.008,0.022,0.959,0.209,4.207,4.332,5.036,0.9,0.916,0.042,0.819,0.282,0.265,0.645,0.731,0.102,0.535,0.717,0.952,492.25,504.463,0.976,6,2,100.9,1,8,13,6,0,36,0.028,10,0,0,0,0,1,1,4,0,0.416,7.245,0.7,170.471,2.355,1,0,0,0,Accepted,Accepted,Rejected,Accepted
PNPAC19,Artematrovirenolide C,C=C1CC[C@@H]2[C@H](OC(=O)[C@]23CC2=C4C(C(=O)C5CC[C@]4(C)CC5C(=O)O)[C@@]3(C)C2)[C@H]2C(C)=CC[C@]12O,-2.917,1.23,3.404,0.008,0.001,0.119,0.994,0.125,-5.532,2.40E-05,0.064,88.35%,1,5.13%,0.004,0.43,0.016,0.793,0.044,0.386,0.002,0.168,0.223,0.222,4.146,0.09,0.043,0.53,0.585,0.006,0.973,0.203,0.039,0.301,0.004,0.022,0.896,0.254,3.945,5.219,5.229,0.837,0.937,0.083,0.819,0.273,0.25,0.892,0.75,0.734,0.661,0.874,0.952,492.25,504.463,0.976,6,2,100.9,1,8,13,6,0,36,0.028,10,0,0,0,0,1,1,4,0,0.416,7.245,0.7,170.471,2.355,1,0,0,0,Accepted,Accepted,Rejected,Accepted
PNPAC20,Artematrovirenolide D,C=C1CC[C@@H]2[C@H](OC(=O)[C@]23CC2=C4C(C(=O)C5CC[C@]4(C)CC5C(=O)O)[C@@]3(C)C2)[C@H]2C(C)=CC[C@]12O,-2.917,1.23,3.404,0.008,0.001,0.119,0.994,0.125,-5.532,2.40E-05,0.064,88.35%,1,5.13%,0.004,0.43,0.016,0.793,0.044,0.386,0.002,0.168,0.223,0.222,4.146,0.09,0.043,0.53,0.585,0.006,0.973,0.203,0.039,0.301,0.004,0.022,0.896,0.254,3.945,5.219,5.229,0.837,0.937,0.083,0.819,0.273,0.25,0.892,0.75,0.734,0.661,0.874,0.952,492.25,504.463,0.976,6,2,100.9,1,8,13,6,0,36,0.028,10,0,0,0,0,1,1,4,0,0.416,7.245,0.7,170.471,2.355,1,0,0,0,Accepted,Accepted,Rejected,Accepted
PNPAC21,Artematrolide S,C=C1CC[C@H]2C(=C)C(=O)O[C@@H]2C2=C1[C@H]1C[C@@]2(C)[C@]2(C1)C(=O)O[C@H]1[C@H]2CCC(=C)[C@@]2(O)CC=C(C)[C@H]12,-5.265,3.122,4.379,0.994,0.002,0.007,0.907,0.06,-4.869,2.01E-05,0.186,82.00%,2.241,9.28%,0.083,0.654,0.7,0.694,0.836,0.048,0.467,0.058,0.919,0.394,8.777,0.016,0.697,0.396,0.378,0.142,0.843,0.918,0.854,0.716,0.004,0.029,0.981,1.039,4.949,6.564,6.567,0.993,0.999,0.063,0.943,0.937,0.94,0.966,0.99,0.808,0.841,0.948,0.993,474.24,493.037,0.962,5,1,72.83,0,7,14,5,0,38,0,9,0,0,1,0,0,4,6,1,0.312,6.87,0.6,161.333,2.769,2,2,0,0,Accepted,Rejected,Rejected,Accepted
PNPAC22,Artematrolide T,C=C1CC[C@H]2C(C)C(=O)O[C@@H]2C2=C1[C@H]1C[C@@]2(C)[C@]2(C1)C(=O)O[C@H]1[C@H]2CCC(=C)[C@@]2(O)CC=C(C)[C@H]12,-5.73,3.503,4.913,0.975,0.022,0.008,0.161,0.092,-4.927,1.92E-05,0.423,80.38%,2.062,11.56%,0.066,0.785,0.671,0.772,0.437,0.042,0.058,0.053,0.928,0.587,8.431,0.01,0.913,0.583,0.632,0.026,0.587,0.909,0.463,0.494,0.003,0.023,0.974,1.165,4.564,6.166,6.763,0.993,0.996,0.038,0.931,0.865,0.809,0.912,0.959,0.634,0.641,0.909,0.979,476.26,495.673,0.961,5,1,72.83,0,7,14,5,0,37,0,10,0,0,0,0,0,2,3,0,0.401,6.857,0.667,161.92,2.725,1,0,0,0,Accepted,Rejected,Rejected,Accepted
PNPAC23,Artematrolide U,C=C1CC[C@@H]2[C@H](OC(=O)[C@@H]2C)C2=C1[C@H]1C[C@@]2(C)[C@]2(C1)C(=O)O[C@H]1[C@H]2CCC(=C)[C@@]2(O)CC=C(C)[C@H]12,-5.699,3.557,4.947,0.975,0.02,0.009,0.39,0.069,-4.907,1.84E-05,0.334,81.72%,2.01,8.91%,0.086,0.722,0.623,0.764,0.452,0.039,0.044,0.055,0.922,0.563,8.293,0.02,0.918,0.583,0.646,0.018,0.598,0.908,0.475,0.395,0.003,0.021,0.973,1.271,4.549,6.213,6.788,0.991,0.997,0.04,0.943,0.888,0.763,0.916,0.958,0.626,0.707,0.906,0.981,476.26,495.673,0.961,5,1,72.83,0,7,14,5,0,37,0,10,0,0,0,0,0,2,3,0,0.401,6.857,0.667,161.92,2.725,1,0,0,0,Accepted,Rejected,Rejected,Accepted
PNPAC24,Artematrolide V,C=C1CC[C@@H]2[C@H](OC(=O)[C@@]23C[C@@]2(C)C[C@@H]3C3=C2[C@H]2OC(=O)C(C)[C@@H]2CC[C@]3(C)O)[C@@H]2[C@]1(O)C[C@@H]1O[C@@]12C,-4.967,2.029,2.488,0.98,0.018,0.012,0.072,0.565,-5.273,5.38E-05,0.769,64.03%,1.393,23.79%,0.01,0.657,0.035,0.743,0.038,0.027,0.004,0.072,0.921,0.567,6.134,0.082,0.884,0.864,0.414,0.041,0.876,0.947,0.332,0.39,0.005,0.014,0.978,1.05,4.306,6.368,6.8,0.872,0.982,0.059,0.947,0.778,0.459,0.935,0.906,0.891,0.137,0.939,0.993,510.26,509.97,1.001,7,2,105.59,0,8,14,7,0,38,0,13,1,0,5,2,2,5,6,1,0.293,7.214,0.8,194.519,2.925,1,0,0,0,Accepted,Accepted,Rejected,Rejected
PNPAC25,Artematrolide W,C=C1CC[C@@H]2[C@H](OC(=O)[C@@]23C[C@@]2(C)C[C@@H]3C3=C2[C@H]2OC(=O)C(C)[C@@H]2CC[C@]3(C)O)[C@H]2C(C)=CC[C@]12O,-4.904,2.437,3.612,0.899,0.674,0.156,0.159,0.573,-5.162,3.15E-05,0.679,75.05%,1.529,16.16%,0.022,0.405,0.147,0.717,0.062,0.036,0.008,0.059,0.937,0.509,7.77,0.032,0.602,0.796,0.487,0.027,0.862,0.938,0.236,0.415,0.005,0.019,0.962,1.015,3.805,6.322,6.735,0.881,0.961,0.052,0.936,0.785,0.439,0.781,0.911,0.772,0.197,0.927,0.985,494.27,507.1,0.975,6,2,93.06,0,7,14,6,0,36,0,11,0,0,0,0,0,2,3,0,0.391,6.991,0.733,169.846,2.749,1,0,0,0,Accepted,Accepted,Rejected,Accepted
PNPAC26,Artematrolide X,C=C1C(=O)O[C@@H]2C3=C([C@H]4C[C@]3(C)C[C@@]43C(=O)O[C@H]4[C@H]3CCC(=C)[C@@]3(O)CC=C(C)[C@H]43)[C@@](C)(O)CC[C@@H]12,-4.649,2.189,2.781,0.259,0.084,0.364,0.88,0.675,-5.076,1.87E-05,0.556,77.11%,1.846,14.32%,0.026,0.367,0.336,0.633,0.291,0.043,0.05,0.062,0.928,0.413,7.295,0.058,0.324,0.554,0.202,0.074,0.954,0.941,0.635,0.68,0.022,0.026,0.983,0.906,4.683,6.717,6.498,0.932,0.995,0.081,0.942,0.869,0.802,0.943,0.979,0.884,0.413,0.951,0.996,492.25,504.463,0.976,6,2,93.06,0,7,14,6,0,37,0,10,0,0,1,0,0,4,6,1,0.302,6.998,0.667,169.28,2.78,2,2,0,0,Accepted,Accepted,Rejected,Accepted
PNPAC27,Artematrolide Y,C=C1CC[C@H]2C(C)C(=O)O[C@@H]2C2=C(C)[C@@H]3C[C@]12[C@]1(C3)C(=O)O[C@H]2[C@H]1CCC(=C)[C@@]1(O)CC=C(C)[C@H]21,-5.306,3.713,4.947,0.305,0.475,0.166,0.699,0.074,-5.104,2.52E-05,0.175,75.65%,1.97,16.43%,0.055,0.766,0.46,0.793,0.117,0.071,0.019,0.117,0.935,0.689,12.165,0.004,0.385,0.757,0.486,0.063,0.788,0.605,0.033,0.523,0.008,0.058,0.972,1.297,4.392,6.229,6.848,0.988,0.907,0.023,0.947,0.93,0.677,0.601,0.791,0.077,0.34,0.604,0.959,476.26,495.673,0.961,5,1,72.83,0,7,14,5,0,37,0,10,0,0,0,0,0,2,3,0,0.401,7.107,0.667,161.92,2.777,1,0,0,0,Accepted,Rejected,Rejected,Accepted
PNPAC28,Artematrolide Z,C=C1C(=O)O[C@@H]2C3=C(C)[C@@H]4C[C@@]3(C(=C)CC[C@@H]12)[C@]1(C4)C(=O)O[C@H]2[C@H]1CCC(=C)[C@@]1(O)CC=C(C)[C@H]21,-4.963,3.291,4.366,0.454,0.017,0.075,0.957,0.132,-5.02,1.89E-05,0.104,77.49%,2.186,11.88%,0.062,0.657,0.65,0.727,0.539,0.081,0.136,0.12,0.927,0.597,11.187,0.006,0.099,0.615,0.293,0.388,0.937,0.88,0.114,0.747,0.046,0.073,0.984,1.159,4.847,6.632,6.734,0.991,0.985,0.04,0.953,0.968,0.831,0.906,0.96,0.211,0.629,0.759,0.987,474.24,493.037,0.962,5,1,72.83,0,7,14,5,0,38,0,9,0,0,1,0,0,4,6,1,0.312,7.12,0.6,161.333,2.821,2,2,0,0,Accepted,Rejected,Rejected,Accepted
PNPAC29,Artematrotrimer A,C=C1CC[C@H]2C(=CC3=CC4C(C(=O)C5CC[C@]4(C)CC5C(=O)O)[C@]3(C)CC3C(=O)O[C@H]4[C@H]3CCC(=C)[C@@]3(O)CC=C(C)[C@H]43)C(=O)O[C@@H]2[C@H]2C(C)=CC[C@]12O,-3.767,2.397,5.89,0.621,0.003,0.946,0.998,0.599,-5.483,1.83E-05,0.117,84.69%,0.909,5.28%,0.006,0.521,0.026,0.635,0.074,0.093,0.006,0.095,0.703,0.351,7.838,0.006,0.649,0.884,0.445,0.004,0.987,0.948,0.585,0.257,0.003,0.011,0.975,0.471,4.574,6.415,6.995,0.98,0.966,0.014,0.766,0.293,0.674,0.465,0.932,0.113,0.14,0.915,0.93,738.38,762.615,0.968,9,3,147.43,4,10,13,9,0,51,0.078,15,0,0,1,0,1,3,7,1,0.17,7.344,0.644,158.919,1.823,2,0,0,0,Rejected,Accepted,Rejected,Rejected
PNPAC30,Artematrotrimer B,C=C1CC[C@H]2C(=CC3=CC4C(C(=O)C5CC[C@]4(C)CC5C(=O)O)[C@]3(C)CC3C(=O)O[C@H]4[C@H]3CCC(=C)[C@@]3(O)CC=C(C)[C@H]43)C(=O)O[C@@H]2[C@H]2C(C)=CC[C@]12O,-3.767,2.397,5.89,0.621,0.003,0.946,0.998,0.599,-5.483,1.83E-05,0.117,84.69%,0.909,5.28%,0.006,0.521,0.026,0.635,0.074,0.093,0.006,0.095,0.703,0.351,7.838,0.006,0.649,0.884,0.445,0.004,0.987,0.948,0.585,0.257,0.003,0.011,0.975,0.471,4.574,6.415,6.995,0.98,0.966,0.014,0.766,0.293,0.674,0.465,0.932,0.113,0.14,0.915,0.93,738.38,762.615,0.968,9,3,147.43,4,10,13,9,0,51,0.078,15,0,0,1,0,1,3,7,1,0.17,7.344,0.644,158.919,1.823,2,0,0,0,Rejected,Accepted,Rejected,Rejected
PNPAC31,Artematrodimer A,C=C1CC[C@H]2C(C[C@]3(C)C=CC4=C3C(=O)C3CC[C@]4(C)CC3C(=O)O)C(=O)O[C@@H]2[C@H]2C(C)=CC[C@]12O,-4.42,1.868,3.973,0.72,0.002,0.83,0.739,0.166,-5.354,2.57E-05,0.534,94.76%,0.789,3.89%,0.014,0.392,0.045,0.609,0.073,0.217,0.025,0.086,0.64,0.242,1.017,0.207,0.226,0.714,0.246,0.007,0.614,0.774,0.275,0.57,0.003,0.016,0.934,0.267,3.725,4.586,5.013,0.408,0.928,0.04,0.884,0.387,0.559,0.935,0.93,0.824,0.645,0.745,0.957,492.25,510.383,0.964,6,2,100.9,3,7,13,6,0,33,0.091,9,0,0,1,0,1,4,5,1,0.443,6.423,0.633,104.49,2.378,2,0,0,0,Accepted,Accepted,Rejected,Accepted
PNPAC32,Artematrodimer B,C=C1CC[C@H]2C(C[C@]3(C)C=CC4=C3C(=O)C3CC[C@]4(C)CC3C(=O)O)C(=O)O[C@@H]2[C@H]2C(C)=CC[C@]12O,-4.42,1.868,3.973,0.72,0.002,0.83,0.739,0.166,-5.354,2.57E-05,0.534,94.76%,0.789,3.89%,0.014,0.392,0.045,0.609,0.073,0.217,0.025,0.086,0.64,0.242,1.017,0.207,0.226,0.714,0.246,0.007,0.614,0.774,0.275,0.57,0.003,0.016,0.934,0.267,3.725,4.586,5.013,0.408,0.928,0.04,0.884,0.387,0.559,0.935,0.93,0.824,0.645,0.745,0.957,492.25,510.383,0.964,6,2,100.9,3,7,13,6,0,33,0.091,9,0,0,1,0,1,4,5,1,0.443,6.423,0.633,104.49,2.378,2,0,0,0,Accepted,Accepted,Rejected,Accepted
PNPAC33,Artemiprinolide A,C=C1C(=O)O[C@H]2[C@H]1CC[C@](C)(O)[C@@H]1[C@@H]3C=C(C)[C@]21C[C@@]31C(=O)OC2=C1C(OC(=O)C(C)=CC)CC(C)C1=C2C(C)CC1=O,-4.741,2.728,3.611,1,0.002,0.019,0.995,0.987,-5.011,1.61E-05,0.653,94.11%,1.155,4.65%,0.057,0.735,0.943,0.759,0.967,0.035,0.864,0.021,0.959,0.506,10.651,0.059,0.012,0.148,0.341,0.016,0.81,0.908,0.811,0.329,0.009,0.078,0.981,0.645,5.018,6.401,5.51,0.81,0.997,0.271,0.947,0.51,0.929,0.983,0.991,0.964,0.966,0.985,0.997,588.27,600.614,0.979,8,1,116.2,3,7,13,8,0,39,0.077,10,0,0,1,0,1,8,5,1,0.211,7.082,0.6,169.714,2.58,3,2,0,0,Accepted,Accepted,Rejected,Rejected
PNPAC34,Artemiprinolide B,C=C1C(=O)O[C@H]2[C@H]1CC[C@](C)(O)[C@@H]1[C@@H]3C=C(C)[C@]21C[C@@]31C(=O)OC2=C1C(OC(=O)C=C(C)C)CC(C)C1=C2C(C)CC1=O,-4.904,2.725,4.018,1,0.341,0.036,0.997,0.99,-5.002,2.75E-05,0.96,95.29%,1.13,4.74%,0.047,0.634,0.944,0.766,0.966,0.036,0.644,0.023,0.948,0.597,10.009,0.053,0.005,0.091,0.212,0.013,0.837,0.927,0.854,0.294,0.019,0.108,0.985,0.621,5.006,6.315,5.707,0.886,0.999,0.255,0.955,0.636,0.949,0.988,0.994,0.967,0.98,0.989,0.998,588.27,600.614,0.979,8,1,116.2,3,7,13,8,0,39,0.077,10,1,0,2,0,1,8,5,1,0.211,7.056,0.6,169.714,2.432,3,2,0,0,Accepted,Accepted,Rejected,Rejected
PNPAC35,Artemiprinolide C,C=C1C(=O)O[C@H]2[C@H]1CC[C@@](C)(O)[C@@]13C=C[C@@](C)([C@H]21)[C@]1(C3)C(=O)OC2=C1C(OC(=O)C(C)C)CC(C)C1=C2C(C)CC1=O,-4.784,3.184,4.051,0.994,0.002,0.013,0.995,0.969,-5.252,3.18E-05,0.746,94.26%,0.659,3.73%,0.265,0.878,0.841,0.725,0.933,0.025,0.347,0.009,0.956,0.829,7.893,0.008,0.012,0.165,0.156,0.012,0.986,0.841,0.542,0.893,0.013,0.02,0.994,0.34,4.923,5.694,4.992,0.973,0.997,0.106,0.968,0.741,0.919,0.938,0.986,0.912,0.211,0.987,0.987,576.27,585.955,0.983,8,1,116.2,3,7,13,8,0,38,0.079,10,0,0,1,0,1,9,5,1,0.221,6.991,0.647,173.25,2.468,3,2,0,0,Accepted,Accepted,Rejected,Rejected
PNPAC36,Artemiprinolide D,C=C1C(=O)O[C@H]2[C@H]1CC[C@@](C)(O)[C@@]13C=C[C@@](C)([C@H]21)[C@]1(C3)C(=O)O[C@H]2[C@H]1CC=C(C)C1C(=O)C=C(C)[C@@]12O,-4.492,1.916,3.119,0.028,0.034,0.011,0.293,0.867,-5.418,3.87E-05,0.928,71.84%,1.836,19.66%,0.021,0.943,0.098,0.725,0.053,0.028,0.075,0.05,0.925,0.525,3.924,0.013,0.019,0.513,0.069,0.013,0.97,0.769,0.662,0.897,0.146,0.027,0.992,0.299,4.856,4.988,5.866,0.99,0.999,0.025,0.933,0.926,0.813,0.356,0.981,0.886,0.036,0.974,0.989,506.23,510.617,0.991,7,2,110.13,0,7,13,7,0,37,0,11,1,0,1,0,1,4,6,1,0.295,7.042,0.633,173.388,3.27,3,2,0,0,Accepted,Accepted,Rejected,Rejected
PNPAC37,Artemiprinolide E,C=C1C(=O)O[C@H]2[C@H]1CC[C@@](C)(O)[C@]13C=C[C@](C)([C@H]21)[C@]1(C3)C(=O)OC2=C1C(OC(=O)C(C)C)CC(C)C1=C2C(C)CC1=O,-5.011,2.736,3.608,1,0.001,0.014,0.997,0.963,-5.007,1.30E-05,0.561,94.47%,0.541,3.54%,0.397,0.692,0.895,0.763,0.952,0.033,0.43,0.019,0.948,0.725,6.927,0.046,0.014,0.117,0.178,0.024,0.924,0.804,0.684,0.754,0.008,0.037,0.984,0.511,4.908,5.805,4.933,0.909,0.998,0.095,0.976,0.689,0.901,0.966,0.987,0.973,0.786,0.985,0.993,576.27,585.955,0.983,8,1,116.2,3,7,13,8,0,38,0.079,10,0,0,1,0,1,9,5,1,0.221,6.991,0.647,173.25,2.468,3,2,0,0,Accepted,Accepted,Rejected,Rejected
PNPAC38,Artemiprinolide F,C=C1C(=O)O[C@H]2[C@H]1CC[C@@](C)(O)[C@]13C=C[C@](C)([C@H]21)[C@]1(C3)C(=O)OC2=C1C(OC(=O)C(C)CC)CC(C)C1=C2C(C)CC1=O,-4.993,3.005,3.87,1,0.001,0.01,0.996,0.951,-4.986,1.07E-05,0.583,96.00%,0.53,2.82%,0.438,0.695,0.908,0.763,0.958,0.029,0.453,0.016,0.959,0.774,7.717,0.033,0.016,0.129,0.159,0.021,0.91,0.89,0.713,0.688,0.008,0.035,0.984,0.505,4.939,5.947,5.439,0.896,0.999,0.082,0.977,0.692,0.903,0.978,0.987,0.966,0.819,0.985,0.994,590.29,603.251,0.979,8,1,116.2,4,7,13,8,0,38,0.105,11,0,0,1,0,1,9,5,1,0.213,7.051,0.657,172.345,2.459,3,2,0,0,Accepted,Accepted,Rejected,Rejected
PNPAC39,Artemiprinolide G,C=C1C(=O)O[C@H]2[C@H]1CC[C@@](C)(O)[C@]13C=C[C@](C)([C@H]21)[C@]1(C3)C(=O)O[C@H]2[C@H]1CC=C(C)C1C(=O)C=C(C)[C@@]12O,-4.554,1.535,2.469,0.619,0.031,0.059,0.754,0.923,-5.256,2.26E-05,0.842,74.23%,1.786,18.23%,0.023,0.859,0.25,0.755,0.201,0.041,0.075,0.096,0.892,0.455,2.905,0.085,0.029,0.122,0.107,0.045,0.955,0.789,0.869,0.801,0.173,0.045,0.982,0.418,4.714,5.317,5.646,0.973,0.999,0.019,0.934,0.906,0.774,0.74,0.982,0.97,0.08,0.971,0.995,506.23,510.617,0.991,7,2,110.13,0,7,13,7,0,37,0,11,1,0,1,0,1,4,6,1,0.295,7.042,0.633,173.388,3.27,3,2,0,0,Accepted,Accepted,Rejected,Rejected
PNPAC40,Artemiprinolide H,C=C1C(=O)O[C@H]2[C@H]1CC[C@@](C)(O)[C@]13C=C[C@](C)([C@H]21)[C@]1(C3)C(=O)O[C@@H]2[C@@H]3C(=C(C)C[C@H](OC(=O)C(C)=CC)[C@H]21)C[C@H](O)[C@@]3(C)O,-3.603,2.121,2.735,0.746,0.041,0.793,0.24,0.993,-5.252,2.95E-05,0.302,70.75%,2.081,11.67%,0.017,0.166,0.207,0.693,0.682,0.03,0.156,0.048,0.9,0.461,4.308,0.177,0.405,0.205,0.121,0.015,0.973,0.829,0.386,0.598,0.019,0.016,0.987,0.395,3.81,5.083,6.293,0.994,1,0.022,0.917,0.953,0.851,0.771,0.982,0.925,0.036,0.976,0.997,608.3,614.678,0.99,9,3,139.59,3,7,13,9,0,38,0.079,13,0,0,1,0,0,3,6,1,0.186,7.257,0.686,184.119,3.353,2,2,0,0,Accepted,Accepted,Rejected,Rejected
PNPAC41,Artemiprinolide I,C=C1C(=O)O[C@H]2[C@H]1CC[C@@](C)(O)[C@]13C=C[C@](C)([C@H]21)[C@]1(C3)C(=O)O[C@@H]2[C@@H]3C(=C(C)C[C@H](OC(=O)C(C)=CC)[C@H]21)C[C@H]1O[C@@]31C,-4.638,3.294,3.84,0.996,0.002,0.037,0.381,0.993,-5.226,1.78E-05,0.196,74.65%,2.772,8.88%,0.018,0.206,0.593,0.776,0.909,0.021,0.557,0.056,0.935,0.612,8.187,0.102,0.877,0.564,0.36,0.02,0.972,0.838,0.731,0.324,0.1,0.036,0.987,0.969,4.776,6.621,7.014,0.84,0.999,0.033,0.919,0.846,0.829,0.976,0.983,0.948,0.574,0.966,0.999,590.29,597.331,0.988,8,1,111.66,3,8,14,8,0,40,0.075,13,1,0,6,2,2,5,8,2,0.164,7.28,0.686,194.949,3.504,2,2,0,0,Accepted,Accepted,Rejected,Rejected
PNPAC42,Artemiprinolide J,C=C1C(=O)O[C@H]2[C@H]1CC[C@@](C)(O)[C@]13C=C[C@](C)([C@H]21)[C@]1(C3)C(=O)O[C@H]2[C@H]1CC[C@@](C)(O)[C@]13O[C@H]1[C@H](O)[C@@](C)(O)[C@H]23,-3.638,0.857,1.357,0.063,0.011,0.611,0.78,0.973,-5.405,4.04E-05,0.425,38.88%,0.757,33.48%,0.012,0.716,0.021,0.624,0.026,0.029,0.007,0.106,0.815,0.309,2.3,0.269,0.456,0.467,0.061,0.027,0.961,0.645,0.315,0.808,0.109,0.038,0.99,0.351,2.8,3.041,4.891,0.997,1,0.007,0.949,0.958,0.607,0.528,0.974,0.972,0.019,0.973,0.995,542.25,527.551,1.028,9,4,146.05,0,8,14,9,0,38,0,15,1,0,6,2,2,6,9,2,0.153,7.557,0.8,209.481,3.148,2,2,0,0,Accepted,Accepted,Rejected,Rejected
PNPAC43,Artemiprinolide K,C=C1C(=O)O[C@H]2[C@H]1CC[C@@](C)(O)[C@]13C=C[C@](C)([C@H]21)[C@]1(C3)C(=O)O[C@H]2[C@H]1CCC(=C)[C@@H]1[C@@H](O)C=C(C)[C@H]21,-4.01,2.306,1.703,0.11,0.015,0.739,0.768,0.897,-5.12,2.05E-05,0.13,72.76%,1.562,16.70%,0.037,0.393,0.179,0.718,0.231,0.052,0.049,0.079,0.933,0.412,2.409,0.311,0.813,0.664,0.275,0.04,0.956,0.574,0.228,0.138,0.005,0.026,0.976,1.275,3.895,6.385,7.261,0.959,0.998,0.011,0.935,0.87,0.333,0.765,0.963,0.892,0.229,0.951,0.991,492.25,504.463,0.976,6,2,93.06,0,7,13,6,0,37,0,12,0,0,1,0,0,3,6,1,0.305,7.009,0.667,169.28,3.499,2,2,0,0,Accepted,Accepted,Rejected,Accepted
PNPAC44,Artemiprinolide L,C=C1C(=O)O[C@H]2[C@H]1CC[C@@](C)(O)[C@]13C=C[C@](C)([C@H]21)[C@]1(C3)C(=O)O[C@@H]2[C@H]3C(C)=C[C@H](O)[C@H]3C(=C)C[C@H](OC(C)=O)[C@H]21,-3.892,1.804,1.064,0.126,0.053,0.887,0.438,0.986,-5.358,3.20E-05,0.055,62.68%,1.424,20.70%,0.016,0.214,0.034,0.656,0.127,0.043,0.012,0.058,0.866,0.423,1.768,0.458,0.678,0.951,0.487,0.046,0.918,0.226,0.175,0.062,0.004,0.013,0.97,1.483,4.638,7.163,7.561,0.62,0.995,0.065,0.937,0.514,0.016,0.31,0.925,0.966,0.385,0.957,0.995,550.26,553.999,0.993,8,2,119.36,2,7,13,8,0,38,0.053,13,0,0,1,0,0,3,6,1,0.221,7.117,0.656,174.792,3.531,2,2,0,0,Accepted,Accepted,Rejected,Rejected
PNPAC45,Artemiprinolide M,C=C1C(=O)O[C@@H]2C3=C(C)[C@@H]4C[C@@]3([C@](C)(O)CC[C@@H]12)[C@@]1(C4)C(=O)OC2=C1C(OC(C)=O)CC(C)C1=C2C(C)CC1=O,-4.494,2.783,3.352,0.999,0.605,0.139,0.979,0.979,-5.126,2.18E-05,0.18,97.60%,1.271,4.13%,0.307,0.482,0.864,0.742,0.952,0.045,0.164,0.017,0.937,0.898,4.24,0.021,0.003,0.164,0.863,0.041,0.764,0.928,0.505,0.771,0.025,0.029,0.989,0.375,5.137,6.254,4.816,0.925,0.997,0.196,0.985,0.551,0.847,0.931,0.981,0.96,0.887,0.975,0.994,548.24,551.363,0.994,8,1,116.2,2,7,14,8,0,38,0.053,9,0,0,1,0,1,9,5,1,0.226,7.091,0.625,168.115,2.41,3,2,0,0,Accepted,Accepted,Rejected,Rejected
PNPAC46,Artemyrianolide A,C=C1C[C@@H](OC(C)=O)/C=C(\C)C[C@@H]2OC(=O)C(=C)[C@H]2C[C@@H]1OO,-2.468,1.579,1.538,0.005,0,0.806,0.188,0.912,-4.887,8.13E-05,0.255,75.31%,0.952,31.94%,0.056,0.05,0.029,0.144,0.1,0.144,0.038,0.199,0.098,0.26,5.547,0.388,0.008,0.917,0.871,0.949,0.665,0.936,0.622,0.474,0.03,0.071,0.95,0.757,5.172,7.105,6.886,0.123,0.768,0.112,0.9,0.816,0.019,0.519,0.961,0.01,0.838,0.614,0.937,322.14,325.034,0.991,6,1,82.06,3,2,13,6,0,18,0.167,4,0,0,3,1,0,5,4,1,0.277,5.13,0.529,38.077,3.52,2,3,0,0,Accepted,Accepted,Accepted,Accepted
PNPAC47,Artemyrianin A,CC1(C)CCC[C@]2(C)c3c(CO)cc1c2c3O,-3.607,2.907,3.476,0.929,0.004,0.005,0.025,0.003,-4.69,1.73E-05,0.062,91.89%,2.599,11.74%,0.064,0.757,0.064,0.83,0.085,0.461,0.028,0.089,0.111,0.57,1.599,0.463,0.011,0.671,0.201,0.86,0.688,0.148,0.865,0.656,0.027,0.062,0.98,0.027,2.239,3.293,3.771,0.685,0.292,0.018,0.905,0.088,0.021,0.046,0.838,0.027,0.381,0.843,0.689,232.15,251.998,0.921,2,2,40.46,1,3,0,2,0,13,0.077,1,0,0,1,1,0,2,0,0,0.728,5.204,0.6,48.333,1.772,0,0,0,0,Accepted,Rejected,Accepted,Accepted
PNPAC48,Artemyrianin B,CC(=O)CC[C@]12C=C/C(=C(\C)C(=O)O)[C@](O)(C[C@@H]1C)O2,-2.664,0.868,1.228,0.042,0.047,0.027,0.398,0.957,-5.303,1.75E-05,0.779,61.71%,0.32,39.82%,0.01,0.687,0.029,0.158,0.035,0.076,0.006,0.119,0.037,0.354,7.171,0.769,0.009,0.946,0.598,0.045,0.386,0.957,0.835,0.916,0.03,0.923,0.265,0.003,1.971,2.834,3.531,0.051,0.75,0.265,0.935,0.118,0.007,0.208,0.116,0.67,0.039,0.069,0.86,280.13,284.289,0.985,5,2,83.83,4,2,7,5,0,12,0.333,3,0,0,0,0,2,4,5,2,0.767,5.511,0.6,39.667,1.725,0,0,0,0,Accepted,Accepted,Accepted,Accepted
PNPAC49,Artemyrianin C,C=C(C(=O)OC)[C@H]1C[C@@H]2[C@@H](CC[C@]2(C)O)C(=C)C[C@H]1OC(C)=O,-2.342,1.72,1.594,0.056,0,0.01,0.015,0.073,-4.636,3.69E-05,0.043,68.08%,0.691,37.38%,0.08,0.11,0.039,0.592,0.122,0.08,0.014,0.11,0.295,0.328,5.341,0.78,0.014,0.705,0.769,0.02,0.346,0.327,0.623,0.639,0.14,0.563,0.879,0.615,3.998,5.247,4.571,0.113,0.586,0.438,0.91,0.559,0.006,0.022,0.551,0.034,0.708,0.186,0.767,322.18,336.177,0.958,5,1,72.83,5,2,10,5,0,15,0.333,5,0,0,1,0,0,2,4,1,0.491,4.494,0.667,44.2,2.973,1,2,0,0,Accepted,Accepted,Accepted,Accepted
PNPAC50,Artemyrianin D,C=C(C(=O)OC)[C@H]1C[C@H]2[C@](C)(O)CCC[C@]2(C)C[C@H]1O,-2.755,1.658,1.556,0.001,0.002,0.015,0.003,0.004,-4.693,4.35E-05,0.112,76.07%,0.665,26.34%,0.043,0.688,0.085,0.837,0.111,0.248,0.01,0.107,0.105,0.212,5.394,0.652,0.039,0.137,0.512,0.015,0.153,0.14,0.799,0.104,0.704,0.965,0.9,0.589,3.849,5.183,4.633,0.13,0.018,0.753,0.817,0.064,0.007,0.008,0.199,0.121,0.513,0.316,0.806,282.18,298.067,0.947,4,2,66.76,3,2,10,4,0,13,0.231,5,0,0,1,0,0,2,4,1,0.601,4.456,0.812,45.724,2.655,1,2,0,0,Accepted,Accepted,Accepted,Accepted
PNPAC51,Artemyrianin E,OC[C@H](/C=C/c1ccc2c(c1)OCO2)Cc1ccc2c(c1)OCO2,-5.09,3.647,3.385,0.973,0.32,0.002,0.003,0.119,-4.871,2.12E-05,0.7,98.50%,0.776,2.66%,0.992,0.153,0.979,0.136,0.833,0.901,0.99,0.932,0.981,0.246,17.875,0.288,0.229,0.228,0.626,0.037,0.008,0.333,0.85,0.935,0.004,0.163,0.278,2.454,4.327,5.802,5.944,0.62,0.154,0.927,0.084,0.962,0.011,0.001,0.806,0.991,0.047,0.526,0.737,326.12,328.45,0.993,5,1,57.15,5,4,9,5,0,21,0.238,1,0,0,0,0,0,2,2,1,0.915,2.953,0.263,60.167,0.977,0,0,0,0,Accepted,Rejected,Accepted,Accepted
PNPAC52,Artemyrianin G,O[C@@H]1[C@H](Cc2ccc3c(c2)OCO3)CO[C@@H]1c1ccc2c(c1)OCO2,-5.586,3.023,3.106,0.42,0.006,0.001,0.001,0.001,-4.94,3.64E-05,0.2,97.78%,0.756,1.97%,0.957,0.158,0.968,0.202,0.823,0.76,0.989,0.914,0.963,0.5,15.684,0.213,0.342,0.346,0.87,0.719,0.027,0.599,0.732,0.87,0.003,0.126,0.708,2.68,4.532,5.652,6.201,0.154,0.159,0.917,0.133,0.307,0.012,0.001,0.165,0.494,0.458,0.423,0.834,342.11,331.32,1.033,6,1,66.38,3,5,9,6,0,25,0.12,3,0,0,0,0,1,1,3,1,0.924,3.54,0.368,83.077,0.952,0,0,0,0,Accepted,Rejected,Accepted,Accepted
PNPAC53,Artemyrianosin A,C=C1C[C@@H]2OC(=O)C(=C)[C@H]2C[C@@H](O)C(=C)CC[C@H]1O,-2.382,0.635,0.823,0.033,0,0.014,0.928,0.037,-5.036,5.01E-05,0.015,59.14%,1.178,44.89%,0.042,0.046,0.018,0.063,0.019,0.113,0.004,0.174,0.01,0.253,3.774,0.262,0.031,0.463,0.461,0.469,0.925,0.973,0.419,0.767,0.136,0.891,0.956,0.748,4.635,6.305,7.259,0.711,0.397,0.113,0.906,0.931,0.071,0.008,0.872,0.005,0.685,0.089,0.387,264.14,275.498,0.959,4,2,66.76,0,2,13,4,0,18,0,4,0,0,1,0,0,3,5,1,0.395,4.962,0.533,37.739,3.234,2,2,0,0,Accepted,Accepted,Accepted,Accepted
PNPAC54,Artemyrianosin B,C=C1CC[C@@H](O)C(=C)C[C@@H]2OC(=O)C(=C)[C@H]2C[C@@H]1O,-2.153,1.365,1.066,0.025,0.001,0.017,0.94,0.221,-4.989,6.98E-05,0.18,55.71%,1.062,52.16%,0.043,0.051,0.018,0.064,0.015,0.079,0.006,0.159,0.01,0.244,6.824,0.36,0.047,0.442,0.266,0.316,0.956,0.973,0.406,0.925,0.06,0.511,0.961,0.649,4.607,6.181,7.237,0.845,0.713,0.075,0.885,0.919,0.073,0.012,0.806,0.005,0.44,0.089,0.588,264.14,275.498,0.959,4,2,66.76,0,2,13,4,0,18,0,4,0,0,1,0,0,3,5,1,0.395,4.962,0.533,37.739,3.234,2,2,0,0,Accepted,Accepted,Accepted,Accepted
PNPAC55,Artemyrianosin C,C=C1C[C@@H]2OC(=O)C(=C)[C@H]2C[C@@H](O)C(=C)CC[C@@H]1O,-2.058,1.335,1.006,0.032,0.001,0.017,0.924,0.28,-4.918,5.87E-05,0.123,55.92%,0.938,53.26%,0.039,0.046,0.018,0.065,0.017,0.076,0.005,0.155,0.01,0.259,6.821,0.36,0.039,0.465,0.357,0.218,0.951,0.971,0.412,0.908,0.105,0.495,0.963,0.671,4.612,6.19,7.219,0.838,0.707,0.054,0.884,0.908,0.085,0.008,0.79,0.005,0.313,0.097,0.538,264.14,275.498,0.959,4,2,66.76,0,2,13,4,0,18,0,4,0,0,1,0,0,3,5,1,0.395,4.962,0.533,37.739,3.234,2,2,0,0,Accepted,Accepted,Accepted,Accepted
PNPAC56,Artemyrianosin D,C=C1C[C@@H]2OC(=O)C(C)[C@H]2C[C@@H](O)C(=C)CC[C@H]1O,-2.168,1.121,1.114,0.001,0.027,0.015,0.112,0.013,-5.046,6.04E-05,0.056,52.33%,0.946,58.89%,0.024,0.062,0.014,0.148,0.003,0.199,0.005,0.129,0.024,0.275,4.704,0.214,0.044,0.869,0.484,0.1,0.761,0.959,0.15,0.463,0.009,0.379,0.867,0.737,3.722,6.125,7.322,0.659,0.346,0.008,0.797,0.888,0.066,0.007,0.595,0.007,0.441,0.014,0.017,266.15,278.135,0.957,4,2,66.76,0,2,13,4,0,17,0,5,0,0,0,0,0,0,3,0,0.516,5.004,0.667,38.08,3.071,1,0,0,0,Accepted,Accepted,Accepted,Accepted
PNPAC57,Artemyrianosin E,C=C1C[C@@H](OC(C)=O)[C@@H](C(=C)C(=O)OC)C[C@@H](O)C(=C)CC[C@H]1O,-1.996,0.264,0.798,0.005,0,0.052,0.843,0.012,-4.96,7.20E-05,0.01,60.36%,0.891,50.78%,0.032,0.062,0.017,0.068,0.019,0.12,0.011,0.128,0.022,0.254,2.767,0.66,0.026,0.784,0.804,0.468,0.902,0.975,0.323,0.622,0.021,0.622,0.933,0.63,4.524,6.306,7.372,0.305,0.112,0.049,0.907,0.73,0.012,0.011,0.523,0.005,0.729,0.032,0.038,338.17,350.887,0.964,6,2,93.06,5,1,10,6,0,15,0.333,4,0,0,1,0,0,2,4,1,0.462,4.897,0.556,30.857,2.606,1,2,0,0,Accepted,Accepted,Accepted,Accepted
PNPAC58,Artemyrianosin F,C=C1C[C@H](OC(C)=O)[C@@H](C(=C)C(=O)OC)C[C@@H](O)C(=C)CC[C@H]1O,-2.332,0.577,0.85,0.011,0.001,0.231,0.766,0.172,-4.99,0.000104854,0.043,59.36%,0.88,50.55%,0.024,0.052,0.014,0.068,0.009,0.082,0.014,0.127,0.015,0.232,2.992,0.541,0.026,0.819,0.652,0.4,0.9,0.968,0.352,0.564,0.048,0.736,0.936,0.625,4.47,6.074,7.263,0.666,0.226,0.019,0.886,0.903,0.06,0.006,0.707,0.005,0.681,0.06,0.383,338.17,350.887,0.964,6,2,93.06,5,1,10,6,0,15,0.333,4,0,0,1,0,0,2,4,1,0.462,4.897,0.556,30.857,2.606,1,2,0,0,Accepted,Accepted,Accepted,Accepted
PNPAC59,Artemyrianosin G,C=C1CC[C@@H](O)/C(C)=C/[C@H]2OC(=O)C(=C)[C@H]2C[C@H]1O,-2.771,0.61,0.736,0.008,0.002,0.909,0.248,0.768,-5.008,2.94E-05,0.007,72.96%,1.268,20.21%,0.087,0.088,0.046,0.187,0.084,0.389,0.006,0.355,0.018,0.255,4.326,0.235,0.018,0.766,0.465,0.357,0.953,0.984,0.422,0.07,0.089,0.246,0.962,0.812,4.497,6.667,7.52,0.116,0.418,0.104,0.913,0.851,0.011,0.014,0.924,0.007,0.633,0.507,0.639,264.14,275.498,0.959,4,2,66.76,0,2,13,4,0,17,0,4,0,0,1,0,0,4,5,1,0.395,4.971,0.533,36.522,3.351,2,2,0,0,Accepted,Accepted,Accepted,Accepted
PNPAC60,Artemyrianosin H,C=C1C[C@@H](O)/C=C(\C)C[C@@H]2OC(=O)C(C)[C@H]2C[C@@H]1O,-2.25,1.674,1.585,0.001,0.869,0.512,0.019,0.253,-4.957,9.49E-05,0.545,58.93%,1.221,58.69%,0.031,0.071,0.017,0.556,0.004,0.183,0.006,0.108,0.054,0.304,8.805,0.388,0.046,0.887,0.648,0.047,0.853,0.95,0.129,0.111,0.003,0.044,0.859,0.601,2.956,5.801,7.067,0.52,0.386,0.011,0.465,0.645,0.018,0.071,0.767,0.012,0.068,0.092,0.371,266.15,278.135,0.957,4,2,66.76,0,2,13,4,0,16,0,5,0,0,0,0,0,0,3,0,0.516,5.007,0.667,36.96,3.222,1,0,0,0,Accepted,Accepted,Accepted,Accepted
PNPAC61,Artemyrianosin I,C=C1C[C@@H](O)/C=C(\C)C[C@@H]2OC(=O)C(C)[C@H]2C[C@@H]1O,-2.25,1.674,1.585,0.001,0.869,0.512,0.019,0.253,-4.957,9.49E-05,0.545,58.93%,1.221,58.69%,0.031,0.071,0.017,0.556,0.004,0.183,0.006,0.108,0.054,0.304,8.805,0.388,0.046,0.887,0.648,0.047,0.853,0.95,0.129,0.111,0.003,0.044,0.859,0.601,2.956,5.801,7.067,0.52,0.386,0.011,0.465,0.645,0.018,0.071,0.767,0.012,0.068,0.092,0.371,266.15,278.135,0.957,4,2,66.76,0,2,13,4,0,16,0,5,0,0,0,0,0,0,3,0,0.516,5.007,0.667,36.96,3.222,1,0,0,0,Accepted,Accepted,Accepted,Accepted
PNPAC62,Artemyrianosin J,C=C1C[C@@H](O)/C=C(\C)C[C@H]2OC(=O)C(=C)[C@H]2C[C@H]1O,-2.291,0.215,0.642,0.002,0.001,0.557,0.609,0.049,-5.128,2.69E-05,0.016,70.68%,0.94,34.93%,0.05,0.063,0.028,0.146,0.058,0.227,0.004,0.127,0.028,0.258,5.155,0.397,0.021,0.625,0.76,0.222,0.813,0.978,0.353,0.08,0.005,0.438,0.921,0.749,4.572,6.536,7.211,0.145,0.159,0.184,0.914,0.734,0.01,0.016,0.896,0.006,0.557,0.261,0.105,264.14,275.498,0.959,4,2,66.76,0,2,13,4,0,17,0,4,0,0,1,0,0,3,5,1,0.395,4.965,0.533,36.522,3.387,2,2,0,0,Accepted,Accepted,Accepted,Accepted
PNPAC63,Artemdubinoid A,C=C[C@]1(C)CC[C@]2(C(=C)C(=O)OCC)C(=O)C1[C@@H](C)[C@@H]2O,-3.907,2.086,2.26,0,0.001,0.006,0.068,0.009,-4.458,3.80E-05,0.936,80.37%,0.679,21.71%,0.09,0.668,0.084,0.861,0.035,0.075,0.013,0.082,0.866,0.59,9.851,0.467,0.028,0.141,0.052,0.014,0.853,0.051,0.053,0.18,0.715,0.239,0.816,0.459,2.662,3.941,5.106,0.477,0.751,0.128,0.599,0.095,0.018,0.063,0.373,0.128,0.389,0.422,0.892,292.17,310.09,0.942,4,1,63.6,5,2,7,4,0,13,0.385,5,0,0,1,0,1,3,5,2,0.49,5.573,0.647,45,1.66,1,2,0,0,Accepted,Accepted,Accepted,Accepted
PNPAC64,Artemdubinoid B,C=C[C@]1(C)CC[C@]2(C(=C)C(=O)OC)C(=O)C1[C@@H](C)[C@@H]2O,-3.621,1.527,1.801,0,0.001,0.011,0.005,0.005,-4.451,3.14E-05,0.95,74.83%,0.876,32.44%,0.036,0.882,0.036,0.856,0.02,0.072,0.007,0.096,0.827,0.604,8.729,0.703,0.018,0.196,0.055,0.012,0.908,0.077,0.049,0.215,0.718,0.147,0.903,0.389,2.479,3.388,5.018,0.465,0.787,0.155,0.541,0.098,0.015,0.013,0.111,0.162,0.246,0.409,0.888,278.15,292.794,0.95,4,1,63.6,4,2,7,4,0,13,0.308,5,0,0,1,0,1,3,5,2,0.486,5.65,0.625,45.692,1.924,1,2,0,0,Accepted,Accepted,Accepted,Accepted
PNPAC65,Artemdubinoid C,C=C1C(=O)O[C@H]2[C@H]1CC[C@@](C)(O)[C@@]13C=C[C@@](C)(C(C(=O)CCCCC)C1)[C@H]23,-4.276,2.173,2.787,0.012,0,0.013,0.074,0.01,-4.659,2.55E-05,0.946,86.02%,0.583,8.29%,0.164,0.294,0.75,0.811,0.693,0.261,0.25,0.116,0.903,0.315,7.526,0.489,0.174,0.158,0.13,0.023,0.958,0.689,0.334,0.45,0.232,0.213,0.966,0.586,3.868,4.993,5.272,0.962,0.978,0.026,0.834,0.775,0.704,0.828,0.941,0.854,0.352,0.943,0.969,372.23,396.753,0.938,4,1,63.6,5,4,6,4,0,21,0.238,7,0,0,1,0,1,4,6,2,0.343,5.627,0.739,70,2.508,2,2,0,0,Accepted,Accepted,Accepted,Accepted
PNPAC66,Artemdubinoid D,CC(=O)CC[C@@H]1[C@@H](C2=C(C)CCC2=O)OC(=O)[C@@H]1C,-2.947,1.648,1.662,0.98,0.029,0.026,0.011,0.031,-4.693,2.96E-05,0.908,69.96%,0.342,37.17%,0.443,0.535,0.385,0.768,0.034,0.086,0.014,0.186,0.088,0.316,9.553,0.709,0.033,0.782,0.565,0.025,0.127,0.448,0.303,0.678,0.273,0.444,0.735,0.459,3.388,4.115,3.637,0.535,0.572,0.032,0.247,0.241,0.497,0.016,0.259,0.011,0.081,0.089,0.584,264.14,275.498,0.959,4,0,60.44,4,2,5,4,0,13,0.308,3,0,0,1,0,1,6,5,2,0.73,4.002,0.667,33.6,1.817,2,0,0,0,Accepted,Accepted,Accepted,Accepted
PNPAC67,Artemdubinoid E,CC(=O)CC[C@@H]1C(C2C(=O)CC(=O)C2C)OC(=O)[C@@H]1C,-1.511,-0.385,0.913,0.638,0.387,0.021,0.005,0.012,-4.7,5.31E-05,0.695,43.70%,0.419,71.70%,0.026,0.186,0.019,0.535,0.009,0.117,0.009,0.202,0.095,0.273,13.458,0.908,0.016,0.217,0.741,0.007,0.575,0.099,0.136,0.093,0.851,0.231,0.099,0.321,3.153,4.095,3.631,0.021,0.586,0.038,0.005,0.06,0.405,0.037,0.03,0.879,0.006,0.412,0.029,280.13,284.289,0.985,5,0,77.51,4,2,5,5,0,14,0.286,5,0,0,0,0,1,3,3,1,0.573,4.393,0.733,36.923,1.798,1,0,1,0,Accepted,Accepted,Accepted,Accepted
PNPAC68,Artemdubinoid F,C=C1C(=O)O[C@H]2[C@H]1CCC(=C)[C@]1(O)C[C@H](Cl)[C@@](C)(O)[C@H]21,-3.305,1.665,2.074,0,0.001,0.005,0.355,0.142,-4.719,0.000178525,0.821,54.49%,0.975,46.80%,0.077,0.743,0.029,0.611,0.02,0.089,0.009,0.13,0.057,0.245,8.854,0.076,0.025,0.265,0.073,0.049,0.908,0.794,0.368,0.798,0.85,0.461,0.988,0.589,4.045,3.44,5.257,0.886,0.975,0.023,0.738,0.859,0.871,0.554,0.939,0.432,0.107,0.495,0.949,298.1,284.789,1.047,4,2,66.76,0,3,13,5,0,18,0,6,2,0,4,0,0,4,6,1,0.308,5.076,0.667,59.84,3.019,2,3,0,0,Accepted,Accepted,Accepted,Accepted
PNPAC69,Artemdubinoid G,C=C1C(=O)O[C@H]2[C@H]1CC=C(C)[C@]1(O)C[C@H](Cl)[C@@](C)(O)[C@H]21,-3.315,1.784,2.359,0,0.003,0.006,0.059,0.429,-4.751,0.000151315,0.855,70.18%,1.49,33.45%,0.078,0.55,0.034,0.637,0.015,0.075,0.01,0.114,0.092,0.251,9.571,0.113,0.019,0.334,0.085,0.041,0.921,0.689,0.464,0.806,0.922,0.614,0.988,0.59,3.986,3.506,5.476,0.837,0.969,0.014,0.624,0.714,0.858,0.398,0.953,0.771,0.286,0.782,0.964,298.1,284.789,1.047,4,2,66.76,0,3,13,5,0,17,0,6,2,0,4,0,0,4,6,1,0.308,5.095,0.667,58.08,2.951,2,3,0,0,Accepted,Accepted,Accepted,Accepted
PNPAC70,Artemdubinoid H,CC1=C2C[C@@H](O)[C@](C)(Cl)[C@@H]2[C@H]2OC(=O)C(C)[C@@H]2CC1,-3.223,3.312,3.581,0.059,0.115,0.005,0.004,0.018,-4.556,3.21E-05,0.769,88.35%,1.869,6.97%,0.6,0.17,0.153,0.648,0.031,0.095,0.011,0.108,0.521,0.29,12.801,0.119,0.068,0.321,0.211,0.158,0.957,0.604,0.299,0.06,0.036,0.171,0.97,0.827,3.943,5.463,7.434,0.842,0.367,0.008,0.005,0.541,0.089,0.006,0.024,0.008,0.132,0.295,0.032,284.12,278.636,1.02,3,1,46.53,0,3,13,4,0,16,0,6,1,0,2,0,0,1,4,0,0.423,4.747,0.8,53.333,2.583,1,1,0,0,Accepted,Rejected,Accepted,Accepted
PNPAC71,Artemdubinoid I,C=C1C(=O)O[C@H]2[C@H]1CCC(=C)[C@H]1C[C@@H](O)[C@](C)(Cl)[C@@H]12,-3.267,2.987,2.781,0.001,0.001,0.003,0.068,0.014,-4.597,5.37E-05,0.962,67.49%,1.21,26.55%,0.717,0.2,0.073,0.612,0.147,0.096,0.012,0.169,0.057,0.229,11.338,0.364,0.064,0.389,0.222,0.233,0.961,0.932,0.391,0.335,0.425,0.474,0.979,0.99,4.552,5.76,7.252,0.931,0.944,0.009,0.046,0.842,0.712,0.014,0.411,0.013,0.113,0.267,0.749,282.1,275.999,1.022,3,1,46.53,0,3,13,4,0,18,0,6,1,0,3,0,0,4,6,1,0.321,4.905,0.667,54.4,3.068,2,3,0,0,Accepted,Accepted,Accepted,Accepted
PNPAC72,Artemdubinoid J,C=C1C(=O)O[C@H]2[C@H]1CCC(=C)[C@]1(O)C[C@@H](O)[C@](C)(Cl)[C@H]21,-3.194,1.453,1.822,0,0.002,0.007,0.127,0.068,-4.763,2.32E-05,0.922,47.81%,0.874,48.29%,0.104,0.603,0.048,0.741,0.033,0.106,0.022,0.162,0.123,0.26,7.979,0.18,0.038,0.178,0.07,0.636,0.944,0.944,0.447,0.072,0.067,0.152,0.982,0.801,4.437,5.138,7.506,0.838,0.922,0.027,0.754,0.54,0.602,0.204,0.839,0.204,0.227,0.48,0.93,298.1,284.789,1.047,4,2,66.76,0,3,13,5,0,18,0,6,1,0,3,0,0,4,6,1,0.308,5.088,0.667,59.84,3.088,2,3,0,0,Accepted,Accepted,Accepted,Accepted
PNPAC73,Artemdubinoid K,C=C1C(=O)O[C@H]2[C@H]1CC[C@](C)(O)C1=C[C@@H](O)[C@](C)(Cl)[C@@H]12,-2.996,1.888,1.845,0.001,0.006,0.006,0.005,0.477,-4.769,3.88E-05,0.956,58.09%,0.992,37.38%,0.381,0.506,0.054,0.679,0.028,0.061,0.009,0.076,0.224,0.261,8.585,0.273,0.014,0.131,0.079,0.387,0.969,0.846,0.448,0.128,0.318,0.254,0.988,0.695,4.182,6.29,7.738,0.92,0.953,0.019,0.423,0.817,0.799,0.117,0.912,0.423,0.118,0.895,0.935,298.1,284.789,1.047,4,2,66.76,0,3,13,5,0,17,0,6,1,0,3,0,0,4,6,1,0.308,5.015,0.667,58.08,2.992,2,3,0,0,Accepted,Accepted,Accepted,Accepted
PNPAC74,Artemdubinoid L,C=C1C(=O)O[C@H]2[C@H]1CC[C@@](C)(OC)C1=CC=C(C)[C@@H]12,-3.085,2.181,2.555,0.016,0.007,0.011,0.409,0.62,-4.607,3.20E-05,0.277,78.60%,1.322,25.95%,0.609,0.64,0.089,0.885,0.131,0.033,0.052,0.196,0.068,0.672,8.828,0.426,0.019,0.161,0.246,0.023,0.966,0.798,0.863,0.708,0.377,0.183,0.987,0.843,4.244,5.228,6.288,0.681,0.905,0.009,0.014,0.078,0.367,0.006,0.932,0.232,0.158,0.506,0.94,260.14,275.448,0.944,3,0,35.53,1,3,13,3,0,17,0.059,4,0,0,1,0,1,3,4,1,0.537,4.709,0.562,47.12,3.048,2,2,0,0,Accepted,Accepted,Accepted,Accepted
PNPAC75,Artemdubinoid M,C=C1C(=O)O[C@@H]2C3=C(C)CC=C3[C@@](C)(OC)CC[C@@H]12,-3.422,2.598,2.886,0.969,0.003,0.006,0.642,0.943,-4.634,3.07E-05,0.094,66.76%,2.405,24.19%,0.78,0.901,0.496,0.852,0.283,0.045,0.122,0.084,0.574,0.673,14.435,0.171,0.067,0.287,0.125,0.259,0.941,0.887,0.938,0.913,0.252,0.213,0.981,0.754,3.745,4.348,3.961,0.8,0.97,0.037,0.537,0.505,0.878,0.713,0.948,0.438,0.696,0.609,0.971,260.14,275.448,0.944,3,0,35.53,1,3,13,3,0,17,0.059,3,0,0,1,0,1,4,4,1,0.537,4.679,0.562,47.12,2.905,2,2,0,0,Accepted,Accepted,Accepted,Accepted
PNPAC76,Artemdubinoid N,C=C1C(=O)O[C@H]2[C@H]1CC[C@@](C)(O)[C@H]1CC=C(C)[C@H]21,-3.324,2.211,2.435,0,0.002,0.47,0.727,0.727,-4.455,2.34E-05,0.253,66.86%,1.488,26.08%,0.63,0.372,0.156,0.611,0.08,0.093,0.043,0.156,0.282,0.208,10.724,0.449,0.029,0.484,0.219,0.078,0.934,0.354,0.529,0.597,0.866,0.926,0.976,0.647,3.425,4.06,5.821,0.853,0.935,0.008,0.334,0.439,0.81,0.181,0.91,0.021,0.686,0.52,0.922,248.14,260.788,0.952,3,1,46.53,0,3,13,3,0,17,0,5,0,0,1,0,0,3,5,1,0.406,4.487,0.667,50.16,3.696,2,2,0,0,Accepted,Accepted,Accepted,Accepted
PNPAC77,Artemilavanolide C,CC(=O)C(C)=C1C2OC(=O)[C@]1(C)CC[C@H]2C(C)C(=O)O,-2.673,1.148,1.736,0.042,0.011,0.014,0.007,0.016,-5.466,0.0002212,0.557,87.42%,0.248,17.23%,0.024,0.619,0.026,0.6,0.021,0.425,0.004,0.116,0.03,0.282,2.773,0.77,0.002,0.076,0.911,0.009,0.107,0.019,0.06,0.061,0.883,0.561,0.268,0.218,2.806,3.653,3.565,0.573,0.489,0.022,0.406,0.111,0.383,0.263,0.178,0.169,0.118,0.095,0.765,280.13,284.289,0.985,5,1,80.67,3,2,7,5,0,13,0.231,4,0,0,1,0,1,5,4,2,0.631,5.221,0.667,40.8,1.937,2,0,0,0,Accepted,Accepted,Accepted,Accepted
PNPAC78,Artemilavanolide D,CC(=O)C(C)=C1C2OC(=O)[C@]1(C)C[C@H](O)[C@H]2C(C)C(=O)O,-1.858,0.698,0.893,0.036,0.576,0.177,0.016,0.09,-5.573,0.000354703,0.37,72.83%,0.252,29.67%,0.012,0.323,0.018,0.514,0.003,0.122,0.005,0.082,0.018,0.172,3.108,0.901,0.003,0.077,0.886,0.006,0.144,0.019,0.069,0.056,0.078,0.076,0.546,0.203,2.832,3.636,3.576,0.29,0.336,0.043,0.595,0.094,0.02,0.326,0.106,0.054,0.049,0.148,0.423,296.13,293.079,1.01,6,2,100.9,3,2,7,6,0,13,0.231,5,0,0,1,0,1,5,5,2,0.593,5.487,0.667,43.2,1.928,2,0,0,0,Accepted,Accepted,Accepted,Accepted
PNPAC79,Artemilavanolide E,C=C(C(=O)O)[C@@H]1CC[C@@]2(C)C(=O)OC1=C2C(C)C(C)=O,-2.419,0.715,1.423,0.002,0.636,0.012,0.006,0.005,-5.202,3.63E-05,0.488,75.29%,0.196,25.70%,0.014,0.114,0.02,0.064,0.035,0.172,0.003,0.086,0.028,0.237,4.315,0.798,0.001,0.043,0.657,0.013,0.402,0.471,0.641,0.701,0.998,0.95,0.984,0.174,3.541,4.14,3.431,0.711,0.685,0.225,0.591,0.052,0.428,0.495,0.75,0.063,0.687,0.486,0.86,278.12,281.652,0.987,5,1,80.67,4,2,7,5,0,13,0.308,3,0,0,0,0,1,4,3,2,0.629,5.308,0.533,39.913,2.036,1,2,0,0,Accepted,Accepted,Accepted,Accepted
PNPAC80,Artemilavanolide F,C=C(C(=O)O)[C@@H]1[C@@H](O)C[C@@]2(C)C(=O)O[C@@H]1C2=C(C)C(C)=O,-2.127,0.432,0.722,0.008,0.012,0.616,0.494,0.718,-5.59,0.000118516,0.165,66.16%,0.226,39.31%,0.024,0.148,0.027,0.084,0.013,0.152,0.005,0.092,0.022,0.227,2.759,0.856,0.008,0.057,0.88,0.016,0.36,0.022,0.415,0.647,0.717,0.349,0.977,0.245,2.918,3.423,3.379,0.449,0.756,0.319,0.838,0.149,0.12,0.112,0.636,0.044,0.396,0.295,0.855,294.11,290.442,1.013,6,2,100.9,3,2,7,6,0,14,0.214,4,0,0,1,0,1,6,6,2,0.591,5.478,0.533,43.826,2.087,2,2,0,0,Accepted,Accepted,Accepted,Accepted
PNPAC81,Artemlavandulolide A,CC1=CC[C@@H](O)[C@]2(C)C[C@H](OC(=O)C(C)C)[C@H]3C(C)C(=O)O[C@@H]3[C@@H]12,-3.062,2.201,3.071,0.543,0.368,0.005,0.01,0.938,-4.673,8.52E-05,0.393,67.26%,1.523,34.02%,0.133,0.094,0.019,0.807,0.012,0.071,0.008,0.113,0.282,0.301,9.157,0.315,0.324,0.949,0.593,0.044,0.841,0.24,0.173,0.044,0.009,0.02,0.842,1.194,3.792,6.04,7.408,0.832,0.051,0.005,0.128,0.198,0.328,0.098,0.054,0.013,0.2,0.201,0.328,336.19,347.553,0.967,5,1,72.83,3,3,13,5,0,17,0.176,7,0,0,0,0,0,0,3,0,0.619,4.68,0.789,55.647,3.151,1,0,0,0,Accepted,Rejected,Accepted,Accepted
PNPAC82,Artemlavandulolide B,CC=C(C)C(=O)O[C@H]1C[C@]2(C)[C@H](C(C)=CC[C@H]2O)[C@H]2OC(=O)C(C)[C@H]12,-3.097,2.196,2.848,0.956,0.155,0.012,0.01,0.964,-4.642,3.93E-05,0.295,73.77%,2.2,17.90%,0.246,0.145,0.136,0.8,0.096,0.082,0.017,0.09,0.705,0.278,10.643,0.504,0.201,0.951,0.387,0.058,0.897,0.858,0.35,0.034,0.017,0.05,0.853,0.92,3.702,6.212,7.315,0.598,0.083,0.008,0.54,0.112,0.044,0.161,0.095,0.026,0.209,0.224,0.713,348.19,362.212,0.961,5,1,72.83,3,3,13,5,0,18,0.167,7,0,0,1,0,0,1,6,1,0.472,4.827,0.7,55.647,3.538,2,0,0,0,Accepted,Accepted,Accepted,Accepted
PNPAC83,Artemlavandulolide C,CC=C(C)C(=O)O[C@H]1C[C@]2(C)[C@H](C(C)=CC[C@H]2O)[C@H]2OC(=O)C(C)[C@H]12,-3.097,2.196,2.848,0.956,0.155,0.012,0.01,0.964,-4.642,3.93E-05,0.295,73.77%,2.2,17.90%,0.246,0.145,0.136,0.8,0.096,0.082,0.017,0.09,0.705,0.278,10.643,0.504,0.201,0.951,0.387,0.058,0.897,0.858,0.35,0.034,0.017,0.05,0.853,0.92,3.702,6.212,7.315,0.598,0.083,0.008,0.54,0.112,0.044,0.161,0.095,0.026,0.209,0.224,0.713,348.19,362.212,0.961,5,1,72.83,3,3,13,5,0,18,0.167,7,0,0,1,0,0,1,6,1,0.472,4.827,0.7,55.647,3.538,2,0,0,0,Accepted,Accepted,Accepted,Accepted
PNPAC84,Artemlavandulolide D,CC(C)=CC(=O)O[C@H]1C[C@]2(C)[C@H](C(C)=CC[C@H]2O)[C@H]2OC(=O)C(C)[C@H]12,-3.408,2.287,3.254,0.704,0.982,0.013,0.009,0.927,-4.638,6.84E-05,0.819,70.43%,1.842,23.02%,0.196,0.107,0.243,0.795,0.172,0.089,0.01,0.107,0.598,0.284,10.519,0.427,0.076,0.872,0.271,0.031,0.916,0.951,0.506,0.026,0.099,0.077,0.9,1.009,3.828,6.125,7.321,0.506,0.416,0.007,0.514,0.188,0.145,0.79,0.188,0.02,0.722,0.413,0.914,348.19,362.212,0.961,5,1,72.83,3,3,13,5,0,18,0.167,7,1,0,2,0,0,2,6,1,0.472,4.789,0.7,55.647,3.277,2,0,0,0,Accepted,Rejected,Accepted,Accepted
PNPAC85,Artemlavandulolide E,CC1=CC[C@@H](O)[C@]2(C)C[C@H](OC(=O)CC(C)C)[C@H]3C(C)C(=O)O[C@@H]3[C@@H]12,-3.95,3.01,3.478,0.637,0.206,0.005,0.006,0.885,-4.642,0.000110747,0.368,73.30%,1.058,19.64%,0.073,0.068,0.018,0.675,0.026,0.099,0.005,0.083,0.289,0.262,13.02,0.349,0.166,0.94,0.715,0.049,0.856,0.776,0.291,0.049,0.011,0.034,0.748,1.14,3.814,6.028,7.345,0.762,0.024,0.005,0.042,0.159,0.177,0.178,0.048,0.011,0.252,0.166,0.23,350.21,364.849,0.96,5,1,72.83,4,3,13,5,0,17,0.235,7,0,0,0,0,0,0,3,0,0.626,4.66,0.8,55,3.002,1,0,0,0,Accepted,Rejected,Accepted,Accepted
PNPAC86,Artemlavandulolide F,CC(=O)O[C@H]1C[C@@]2(C)[C@@H](O)CC=C(C)[C@@H]2[C@H]2OC(=O)C(C)[C@H]12,-2.669,1.87,2.214,0.416,0.338,0.085,0.011,0.929,-4.702,0.000106765,0.874,40.20%,1.061,48.29%,0.07,0.068,0.014,0.647,0.005,0.05,0.012,0.105,0.094,0.256,8.888,0.69,0.1,0.926,0.565,0.036,0.954,0.916,0.38,0.137,0.087,0.051,0.945,0.767,3.199,5.358,7.151,0.772,0.763,0.006,0.038,0.195,0.032,0.239,0.094,0.033,0.074,0.497,0.719,308.16,312.961,0.985,5,1,72.83,2,3,13,5,0,17,0.118,7,0,0,0,0,0,0,3,0,0.591,4.652,0.765,54.6,3.481,1,0,0,0,Accepted,Accepted,Accepted,Accepted
PNPAC87,Artemlavandulolide G,CC(=O)O[C@H]1C[C@@]2(C)C(=O)C=CC(C)=C2C2OC(=O)C(C)[C@@H]21,-2.605,1.202,1.409,0.996,0.003,0.015,0.934,0.86,-4.855,3.60E-05,0.932,65.94%,1.08,31.37%,0.035,0.112,0.027,0.848,0.009,0.048,0.005,0.074,0.159,0.611,1.787,0.709,0.019,0.207,0.403,0.087,0.166,0.547,0.317,0.616,0.004,0.022,0.951,0.574,4.71,4.97,4.717,0.174,0.791,0.099,0.816,0.07,0.494,0.634,0.769,0.646,0.807,0.563,0.908,304.13,307.688,0.988,5,0,69.67,2,3,13,5,0,18,0.111,5,1,0,1,0,1,5,4,1,0.693,4.67,0.588,51.333,2.681,2,0,0,0,Accepted,Accepted,Accepted,Accepted
PNPAC88,Artemlavanin A,Cc1ccc(C)c2c1C[C@H]1OC(=O)C(C)[C@H]1C2,-4.745,3.079,3.727,0.025,0.001,0.002,0.037,0.909,-4.66,3.77E-05,0.83,91.27%,0.548,8.29%,0.538,0.636,0.713,0.868,0.318,0.837,0.112,0.829,0.766,0.579,7.242,0.128,0.049,0.63,0.782,0.07,0.059,0.165,0.366,0.421,0.009,0.325,0.087,1.807,3.763,4.109,5.401,0.722,0.004,0.045,0.53,0.298,0.068,0.031,0.044,0.006,0.029,0.014,0.014,230.13,249.361,0.923,2,0,26.3,0,3,13,2,0,16,0,3,0,0,0,0,0,0,2,0,0.64,3.694,0.533,58.391,1.446,1,0,0,0,Accepted,Rejected,Accepted,Accepted
PNPAC89,Artemlavanin B,CC1=C2C[C@@H]3C(C)C(=O)O[C@@H]3C[C@@]2(C)C=CC1=O,-2.965,1.796,2.59,0.242,0.002,0.003,0.336,0.011,-4.654,2.98E-05,0.096,82.54%,1.551,23.69%,0.562,0.452,0.184,0.727,0.122,0.085,0.266,0.032,0.823,0.536,7.638,0.317,0.084,0.49,0.396,0.094,0.456,0.891,0.538,0.88,0.014,0.031,0.982,0.592,4.393,4.772,4.574,0.442,0.538,0.202,0.854,0.066,0.035,0.026,0.653,0.164,0.539,0.123,0.749,246.13,258.152,0.953,3,0,43.37,0,3,13,3,0,17,0,4,1,0,1,0,1,4,4,1,0.616,4.525,0.6,47.5,2.885,2,0,0,0,Accepted,Accepted,Accepted,Accepted
PNPAC90,Artematrolide A,C=C1C(=O)OC2C3=C(C4CC3(C)CC43C(=O)OC4C3CCC3(C)OC35CC=C(C)C45)C(C)(O)CCC12,-4.155,2.925,3.228,0.991,0.001,0.646,0.879,0.962,-5.192,1.36E-05,0.782,89.60%,2.686,7.30%,0.012,0.862,0.171,0.866,0.223,0.041,0.051,0.098,0.922,0.829,17.914,0.003,0.009,0.188,0.133,0.028,0.993,0.52,0.025,0.912,0.003,0.022,0.866,1.696,4.367,5.938,5.467,0.002,0.974,0.031,0.907,0.103,0.845,0.979,0.978,0.969,0.984,0.986,0.998,492.25,498.543,0.987,6,1,85.36,0,8,14,6,0,38,0,11,1,0,6,2,2,6,8,2,0.236,7.275,0.733,188.308,3.087,2,2,0,0,Accepted,Accepted,Rejected,Accepted
PNPAC91,Artematrolide B,CC1=CCC23OC2(C)CCC2C(OC(=O)C24CC2(C)CC4C4=C2C2OC(=O)C(C)C2CCC4(C)O)C13,-4.539,3.526,3.833,0.992,0.009,0.066,0.536,0.882,-5.232,1.48E-05,0.95,87.08%,2.233,8.99%,0.011,0.886,0.109,0.873,0.081,0.035,0.015,0.082,0.919,0.904,18.871,0.002,0.011,0.258,0.253,0.026,0.987,0.374,0.014,0.82,0.003,0.016,0.622,2.195,3.963,5.135,5.564,0.002,0.868,0.008,0.905,0.065,0.804,0.899,0.899,0.921,0.926,0.968,0.993,494.27,501.18,0.986,6,1,85.36,0,8,14,6,0,37,0,12,1,0,5,2,2,4,5,1,0.308,7.264,0.8,188.889,2.98,1,0,0,0,Accepted,Accepted,Rejected,Accepted
PNPAC92,Artematrolide C,C=C1C(=O)OC2C1CCC(C)(O)C1C3C=C(C)C21CC31C(=O)OC2C1CCC1(C)OC13CC=C(C)C23,-4.137,3.068,3.434,0.989,0,0.678,0.616,0.975,-5.084,1.56E-05,0.513,90.79%,2.51,4.50%,0.012,0.852,0.14,0.889,0.182,0.059,0.383,0.245,0.824,0.693,22.031,0.007,0.008,0.21,0.069,0.022,0.998,0.448,0.036,0.614,0.003,0.032,0.945,2.274,4.461,6.585,6.282,0.002,0.94,0.011,0.914,0.074,0.874,0.929,0.962,0.972,0.98,0.977,0.995,492.25,498.543,0.987,6,1,85.36,0,8,14,6,0,38,0,12,1,0,6,2,2,5,8,2,0.238,7.324,0.733,188.308,3.228,2,2,0,0,Accepted,Accepted,Rejected,Accepted
PNPAC93,Artematrolide D,CC1=CCC23OC2(C)CCC2C(OC(=O)C24CC25C(C)=CC4C2C(C)(O)CCC2C(C)C(=O)OC25)C13,-4.592,3.58,4.02,0.992,0.001,0.109,0.194,0.939,-5.14,2.36E-05,0.809,89.88%,2.02,5.64%,0.011,0.874,0.095,0.898,0.066,0.057,0.04,0.214,0.848,0.763,22.796,0.006,0.015,0.287,0.125,0.017,0.994,0.247,0.019,0.251,0.003,0.02,0.922,2.685,4.295,6.025,6.408,0.001,0.715,0.004,0.885,0.053,0.846,0.168,0.751,0.906,0.908,0.958,0.979,494.27,501.18,0.986,6,1,85.36,0,8,14,6,0,37,0,13,1,0,5,2,2,2,5,1,0.31,7.315,0.8,188.889,3.114,1,0,0,0,Accepted,Accepted,Rejected,Accepted
PNPAC94,Artematrolide E,C=C1C(=O)OC2CC1C=C1C(=C2C)C2CC1(C)C1(C2)C(=O)OC2C3C(C)=CCC34OC4(C)CCC21,-5.584,4.381,4.492,1,0.001,0.076,0.007,0.93,-4.945,9.37E-06,0.02,96.51%,3.494,2.27%,0.037,0.906,0.585,0.902,0.823,0.048,0.361,0.128,0.951,0.876,22.306,0.007,0.686,0.57,0.147,0.012,0.944,0.915,0.065,0.836,0.003,0.008,0.97,2.025,4.632,6.28,5.906,0.006,0.958,0.108,0.903,0.113,0.894,0.975,0.975,0.807,0.973,0.984,0.995,474.24,487.117,0.974,5,0,65.13,0,8,14,5,0,38,0,10,1,0,6,2,2,5,7,2,0.215,7.535,0.667,178.36,2.901,2,2,0,0,Accepted,Rejected,Rejected,Accepted
PNPAC95,Artematrolide F,C=C1C(=O)OC2C3=C(C4CC3(C)C3(C4)C(=O)OC4=C3CCC(C)C3=C4C(C)CC3=O)C(C)(O)CCC12,-4.482,3.726,3.53,1,0.002,0.023,0.962,0.26,-5.025,1.55E-05,0.077,98.08%,1.104,1.58%,0.102,0.856,0.902,0.809,0.924,0.07,0.432,0.028,0.949,0.924,8.209,0.004,0,0.087,0.377,0.025,0.757,0.671,0.021,0.8,0.003,0.028,0.712,0.388,4.887,5.715,4.498,0.354,0.985,0.175,0.958,0.172,0.912,0.989,0.99,0.803,0.966,0.983,0.994,490.24,501.827,0.977,6,1,89.9,0,7,14,6,0,37,0,8,0,0,1,0,1,8,5,1,0.306,6.787,0.633,162.551,2.303,3,2,0,0,Accepted,Accepted,Rejected,Accepted
PNPAC96,Artematrolide G,C=C1C(=O)OC2C3=C(C4CC3(C)C3(C4)C(=O)OC4C5C(C)=CCC56OC6(C)CCC43)C(C)(O)CCC12,-4.236,3.186,3.423,0.992,0.001,0.68,0.901,0.966,-5.157,1.33E-05,0.451,92.82%,2.626,5.26%,0.012,0.836,0.225,0.895,0.247,0.048,0.022,0.119,0.899,0.911,18.042,0.002,0.01,0.237,0.313,0.043,0.994,0.638,0.027,0.904,0.003,0.016,0.712,1.608,4.25,5.681,5.551,0.003,0.979,0.046,0.909,0.126,0.85,0.984,0.98,0.958,0.983,0.988,0.998,492.25,498.543,0.987,6,1,85.36,0,8,14,6,0,38,0,11,1,0,6,2,2,6,8,2,0.236,7.212,0.733,188.308,3.13,2,2,0,0,Accepted,Accepted,Rejected,Accepted
PNPAC97,Artematrolide H,C=C1C(=O)OC2C3=C(C4CC3(C)C3(C4)C(=O)OC4C5C(C)=CCC56OC6(C)CCC43)C(C)(O)CCC12,-4.236,3.186,3.423,0.992,0.001,0.68,0.901,0.966,-5.157,1.33E-05,0.451,92.82%,2.626,5.26%,0.012,0.836,0.225,0.895,0.247,0.048,0.022,0.119,0.899,0.911,18.042,0.002,0.01,0.237,0.313,0.043,0.994,0.638,0.027,0.904,0.003,0.016,0.712,1.608,4.25,5.681,5.551,0.003,0.979,0.046,0.909,0.126,0.85,0.984,0.98,0.958,0.983,0.988,0.998,492.25,498.543,0.987,6,1,85.36,0,8,14,6,0,38,0,11,1,0,6,2,2,6,8,2,0.236,7.212,0.733,188.308,3.13,2,2,0,0,Accepted,Accepted,Rejected,Accepted
PNPAC98,Artematrolide I,C=C1C(=O)OC2C3=C(C4CC3(C)C3(C4)C(=O)OC4C5C(C)=CCC56OC6(C)CCC43)C(C)(O)CCC12,-4.236,3.186,3.423,0.992,0.001,0.68,0.901,0.966,-5.157,1.33E-05,0.451,92.82%,2.626,5.26%,0.012,0.836,0.225,0.895,0.247,0.048,0.022,0.119,0.899,0.911,18.042,0.002,0.01,0.237,0.313,0.043,0.994,0.638,0.027,0.904,0.003,0.016,0.712,1.608,4.25,5.681,5.551,0.003,0.979,0.046,0.909,0.126,0.85,0.984,0.98,0.958,0.983,0.988,0.998,492.25,498.543,0.987,6,1,85.36,0,8,14,6,0,38,0,11,1,0,6,2,2,6,8,2,0.236,7.212,0.733,188.308,3.13,2,2,0,0,Accepted,Accepted,Rejected,Accepted
PNPAC99,Artematrolide J,C=C1C(=O)OC2C1CCC(C)(O)C13C=CC(C)(CC14C(=O)OC1C5C(C)=CCC56OC6(C)CCC14)C23,-4.248,3.373,3.464,0.987,0,0.702,0.931,0.978,-5.174,2.39E-05,0.638,88.07%,2.109,8.03%,0.013,0.916,0.313,0.881,0.351,0.054,0.743,0.1,0.935,0.899,18.318,0.011,0.085,0.311,0.043,0.015,1,0.752,0.035,0.919,0.003,0.013,0.976,1.981,3.996,5.884,6.197,0.002,0.977,0.021,0.942,0.138,0.827,0.95,0.974,0.964,0.973,0.987,0.998,492.25,498.543,0.987,6,1,85.36,0,8,14,6,0,38,0,12,1,0,6,2,2,5,8,2,0.238,7.335,0.733,192,3.167,2,2,0,0,Accepted,Accepted,Rejected,Accepted
PNPAC100,Artematrolide K,C=C1C(=O)O[C@H]2[C@H]1CC[C@](C)(O)[C@]13C=C[C@](C)([C@H]21)[C@@]1(C3)C(=O)O[C@H]2[C@H]1CC[C@]1(C)O[C@@]13CC=C(C)[C@H]23,-4.528,2.843,3.508,0.717,0.004,0.054,0.942,0.993,-5.27,2.40E-05,0.767,50.45%,1.613,21.38%,0.031,0.817,0.237,0.807,0.13,0.026,0.177,0.072,0.969,0.72,14.912,0.046,0.883,0.819,0.131,0.012,0.989,0.902,0.58,0.889,0.053,0.027,0.988,0.761,3.603,3.683,6.299,0.989,1,0.01,0.967,0.996,0.983,0.968,0.995,0.989,0.086,0.988,1,492.25,498.543,0.987,6,1,85.36,0,8,14,6,0,38,0,12,1,0,6,2,2,5,8,2,0.238,7.29,0.733,192,3.65,2,2,0,0,Accepted,Accepted,Rejected,Accepted
PNPAC101,Artematrolide L,C=C1C(=O)OC2C1CCC(C)(O)C13C=CC(C)(CC14C(=O)OC1C5C(C)=CCC56OC6(C)CCC14)C23,-4.248,3.373,3.464,0.987,0,0.702,0.931,0.978,-5.174,2.39E-05,0.638,88.07%,2.109,8.03%,0.013,0.916,0.313,0.881,0.351,0.054,0.743,0.1,0.935,0.899,18.318,0.011,0.085,0.311,0.043,0.015,1,0.752,0.035,0.919,0.003,0.013,0.976,1.981,3.996,5.884,6.197,0.002,0.977,0.021,0.942,0.138,0.827,0.95,0.974,0.964,0.973,0.987,0.998,492.25,498.543,0.987,6,1,85.36,0,8,14,6,0,38,0,12,1,0,6,2,2,5,8,2,0.238,7.335,0.733,192,3.167,2,2,0,0,Accepted,Accepted,Rejected,Accepted
PNPAC102,Artematrolide M,C=C1C(=O)OC2C1CCC(C)(O)C13C=CC(C)(CC14C(=O)OC1C5C(C)=CCC56OC6(C)CCC14)C23,-4.248,3.373,3.464,0.987,0,0.702,0.931,0.978,-5.174,2.39E-05,0.638,88.07%,2.109,8.03%,0.013,0.916,0.313,0.881,0.351,0.054,0.743,0.1,0.935,0.899,18.318,0.011,0.085,0.311,0.043,0.015,1,0.752,0.035,0.919,0.003,0.013,0.976,1.981,3.996,5.884,6.197,0.002,0.977,0.021,0.942,0.138,0.827,0.95,0.974,0.964,0.973,0.987,0.998,492.25,498.543,0.987,6,1,85.36,0,8,14,6,0,38,0,12,1,0,6,2,2,5,8,2,0.238,7.335,0.733,192,3.167,2,2,0,0,Accepted,Accepted,Rejected,Accepted
PNPAC103,Artematrolide N,C=C1C(=O)OC2C1CCC(C)(O)C13C=CC(C)(CC14C(=O)OC1=C4CCC(C)C4=C1C(C)CC4=O)C23,-4.547,4.051,3.581,1,0,0.035,0.976,0.633,-4.982,1.36E-05,0.231,98.78%,0.546,1.83%,0.154,0.822,0.933,0.789,0.941,0.069,0.932,0.025,0.961,0.922,7.803,0.018,0.002,0.116,0.067,0.012,0.996,0.735,0.016,0.889,0.003,0.023,0.965,0.461,4.602,5.807,4.93,0.358,0.985,0.114,0.936,0.224,0.915,0.969,0.988,0.912,0.947,0.984,0.994,490.24,501.827,0.977,6,1,89.9,0,7,13,6,0,37,0,9,0,0,1,0,1,7,5,1,0.309,6.894,0.633,166.163,2.42,3,2,0,0,Accepted,Accepted,Rejected,Accepted
PNPAC104,Artematrolide O,CC1=CCC23OC2(C)CCC2C(OC(=O)C24CC2CC45C(=C2C)C2OC(=O)C(C)C2CCC5(C)O)C13,-4.866,3.917,4.203,0.987,0.281,0.109,0.861,0.893,-5.194,1.96E-05,0.472,94.68%,2.369,3.75%,0.015,0.918,0.199,0.917,0.13,0.052,0.015,0.131,0.872,0.926,21.49,0.003,0.041,0.386,0.172,0.021,0.993,0.452,0.012,0.823,0.003,0.012,0.883,1.793,3.594,4.48,6.113,0.005,0.934,0.011,0.909,0.09,0.783,0.936,0.88,0.933,0.927,0.973,0.996,494.27,501.18,0.986,6,1,85.36,0,8,14,6,0,37,0,12,1,0,5,2,2,4,5,1,0.308,7.285,0.8,188.889,3.394,1,0,0,0,Accepted,Accepted,Rejected,Accepted
PNPAC105,Artematrolide P,CC1=CCC23OC2(C)CCC2C(OC(=O)C24CC2CC45C(=C2C)C2OC(=O)C(C)C2CCC5(C)O)C13,-4.866,3.917,4.203,0.987,0.281,0.109,0.861,0.893,-5.194,1.96E-05,0.472,94.68%,2.369,3.75%,0.015,0.918,0.199,0.917,0.13,0.052,0.015,0.131,0.872,0.926,21.49,0.003,0.041,0.386,0.172,0.021,0.993,0.452,0.012,0.823,0.003,0.012,0.883,1.793,3.594,4.48,6.113,0.005,0.934,0.011,0.909,0.09,0.783,0.936,0.88,0.933,0.927,0.973,0.996,494.27,501.18,0.986,6,1,85.36,0,8,14,6,0,37,0,12,1,0,5,2,2,4,5,1,0.308,7.285,0.8,188.889,3.394,1,0,0,0,Accepted,Accepted,Rejected,Accepted
PNPAC106,Artematrolide Q,C=C1C(=O)OC2C3=C(C)C4CC5(C(=O)OC6C7C(C)=CCC78OC8(C)CCC65)C3(C4)C(C)(O)CCC12,-4.274,3.396,3.63,0.974,0.006,0.701,0.944,0.974,-5.149,1.48E-05,0.255,95.32%,2.847,3.44%,0.017,0.914,0.322,0.912,0.455,0.057,0.029,0.164,0.868,0.917,20.555,0.003,0.022,0.307,0.187,0.022,0.997,0.661,0.021,0.906,0.003,0.013,0.962,1.468,4.237,5.247,5.926,0.008,0.988,0.035,0.914,0.162,0.834,0.985,0.977,0.97,0.982,0.984,0.999,492.25,498.543,0.987,6,1,85.36,0,8,14,6,0,38,0,11,1,0,6,2,2,6,8,2,0.236,7.295,0.733,188.308,3.502,2,2,0,0,Accepted,Accepted,Rejected,Accepted
PNPAC107,Artematrolide R,C=C1C(=O)OC2C3=C(C)C4CC5(C(=O)OC6C7C(C)=CCC78OC8(C)CCC65)C3(C4)C(C)(O)CCC12,-4.274,3.396,3.63,0.974,0.006,0.701,0.944,0.974,-5.149,1.48E-05,0.255,95.32%,2.847,3.44%,0.017,0.914,0.322,0.912,0.455,0.057,0.029,0.164,0.868,0.917,20.555,0.003,0.022,0.307,0.187,0.022,0.997,0.661,0.021,0.906,0.003,0.013,0.962,1.468,4.237,5.247,5.926,0.008,0.988,0.035,0.914,0.162,0.834,0.985,0.977,0.97,0.982,0.984,0.999,492.25,498.543,0.987,6,1,85.36,0,8,14,6,0,38,0,11,1,0,6,2,2,6,8,2,0.236,7.295,0.733,188.308,3.502,2,2,0,0,Accepted,Accepted,Rejected,Accepted
PNPAC108,Artatrovirenol A,CC12C=CC34C1C(O)C1CC(O)C3(C)OC(=O)C14C2,-2.324,0.891,0.595,0.002,0.016,0.192,0.096,0.018,-5.172,2.71E-05,0.985,17.79%,0.631,74.92%,0.007,0.886,0.02,0.852,0.007,0.208,0.004,0.162,0.633,0.513,6.178,0.158,0.023,0.175,0.026,0.045,0.985,0.667,0.034,0.917,0.003,0.017,0.962,0.452,2.165,2.449,4.856,0.019,0.076,0.028,0.884,0.09,0.036,0.248,0.305,0.451,0.224,0.883,0.885,262.12,255.102,1.028,4,2,66.76,0,5,0,4,0,19,0,8,0,0,0,0,0,0,3,0,0.496,7.213,0.8,119.704,2.768,1,0,0,0,Accepted,Accepted,Accepted,Accepted
PNPAC109,Artatrovirenol B,CC1=CCC2C(O)C3C4(C)C=CC13C2(C(=O)O)C4,-2.502,1.197,1.743,0,0.001,0.014,0.003,0.002,-5.44,3.32E-05,0.978,52.74%,0.553,48.84%,0.006,0.896,0.017,0.87,0.011,0.59,0.003,0.131,0.18,0.148,1.368,0.237,0.003,0.177,0.017,0.005,0.894,0.084,0.017,0.858,0.003,0.044,0.853,0.182,2.272,2.816,4.392,0.013,0.008,0.041,0.464,0.083,0.02,0.037,0.402,0.152,0.283,0.518,0.585,246.13,252.232,0.976,3,2,57.53,1,4,0,3,0,16,0.062,6,0,0,0,0,0,0,1,0,0.696,6.751,0.667,94.64,2.481,0,0,0,0,Accepted,Accepted,Accepted,Accepted
PNPAC110,Artemyrianolide B,C=C1CC/C=C(/C)C[C@@H]2OC(=O)C3COO[C@H]1C[C@H]32,-3.241,2.534,2.433,0.006,0.005,0.015,0.01,0.591,-4.614,3.59E-05,0.967,53.00%,1.008,58.78%,0.048,0.109,0.026,0.703,0.015,0.111,0.016,0.805,0.091,0.311,8.97,0.311,0.067,0.619,0.811,0.151,0.184,0.844,0.657,0.69,0.427,0.57,0.847,1.944,4.845,6.091,6.107,0.445,0.706,0.013,0.52,0.433,0.462,0.329,0.502,0.028,0.062,0.028,0.859,264.14,269.578,0.98,4,0,44.76,0,3,14,4,0,20,0,4,0,0,0,1,0,0,2,1,0.383,6.034,0.667,43.52,2.916,1,1,0,0,Accepted,Accepted,Accepted,Accepted
PNPAC111,Artemyrianolide C,C=C1C[C@@H](O)/C=C(/C)C[C@@H]2OC(=O)C(=C)[C@H]2C[C@@H]1O,-2.05,1.117,0.993,0.001,0.005,0.368,0.749,0.886,-4.988,4.42E-05,0.131,62.76%,0.658,44.65%,0.041,0.069,0.023,0.278,0.024,0.095,0.006,0.155,0.022,0.276,7.29,0.738,0.04,0.6,0.502,0.093,0.919,0.959,0.374,0.807,0.019,0.243,0.951,0.627,4.33,5.567,6.189,0.632,0.525,0.032,0.853,0.776,0.02,0.324,0.61,0.009,0.487,0.172,0.682,264.14,275.498,0.959,4,2,66.76,0,2,13,4,0,17,0,4,0,0,1,0,0,3,5,1,0.395,4.965,0.533,36.522,3.387,2,2,0,0,Accepted,Accepted,Accepted,Accepted
PNPAC112,Artemyrianolide D,C=C1C[C@@H](OC(C)=O)/C=C(/C)C[C@@H]2OC(=O)C(=C)[C@H]2C[C@@H]1O,-2.239,1.617,1.545,0.002,0.001,0.16,0.185,0.831,-4.79,8.87E-05,0.208,65.93%,0.679,45.68%,0.043,0.052,0.028,0.19,0.07,0.073,0.016,0.154,0.111,0.275,5.755,0.798,0.026,0.819,0.811,0.321,0.902,0.946,0.397,0.605,0.019,0.056,0.936,0.657,4.931,6.492,6.615,0.644,0.612,0.023,0.856,0.801,0.033,0.297,0.806,0.007,0.611,0.212,0.759,306.15,316.244,0.968,5,1,72.83,2,2,13,5,0,18,0.111,4,0,0,1,0,0,5,5,1,0.456,4.933,0.529,38.077,3.378,2,2,0,0,Accepted,Accepted,Accepted,Accepted
PNPAC113,Artemyrianolide E,C=C1C[C@@H](OC(C)=O)/C=C(/C)C[C@@H]2OC(=O)C(=C)[C@H]2C[C@H]1O,-2.491,1.244,1.188,0.003,0.001,0.22,0.042,0.59,-4.852,7.62E-05,0.02,68.15%,0.994,39.69%,0.043,0.05,0.03,0.176,0.09,0.089,0.009,0.163,0.108,0.278,3.358,0.711,0.017,0.875,0.894,0.557,0.805,0.945,0.478,0.3,0.03,0.147,0.876,0.716,4.96,6.536,6.985,0.498,0.323,0.027,0.885,0.851,0.023,0.07,0.849,0.006,0.747,0.154,0.64,306.15,316.244,0.968,5,1,72.83,2,2,13,5,0,18,0.111,4,0,0,1,0,0,5,5,1,0.456,4.933,0.529,38.077,3.378,2,2,0,0,Accepted,Accepted,Accepted,Accepted
PNPAC114,Artemyrianolide F,C=C1C[C@@H](OC(C)=O)/C=C(/C)C[C@@H]2OC(=O)C(=C)[C@H]2C[C@@H]1OC(C)=O,-2.583,1.94,2.23,0.088,0,0.058,0.019,0.976,-4.75,7.95E-05,0.221,68.95%,1.18,42.76%,0.04,0.038,0.031,0.106,0.135,0.079,0.052,0.134,0.262,0.288,3.81,0.57,0.015,0.926,0.929,0.591,0.623,0.645,0.508,0.308,0.031,0.044,0.928,0.82,5.111,7.076,6.702,0.565,0.401,0.02,0.847,0.768,0.164,0.423,0.841,0.008,0.743,0.326,0.896,348.16,356.99,0.975,6,0,78.9,4,2,13,6,0,19,0.211,4,0,0,1,0,0,5,4,1,0.33,4.893,0.526,39.724,2.851,2,2,0,0,Accepted,Accepted,Accepted,Accepted
PNPAC115,Artemyrianolide G,C=C1C[C@@H](OC(C)=O)/C=C(/C)C[C@@H]2OC(=O)C(COC)[C@H]2C[C@@H]1O,-1.768,1.614,1.242,0.003,0.071,0.245,0.005,0.939,-4.819,9.63E-05,0.418,47.90%,0.827,63.85%,0.015,0.055,0.016,0.446,0.004,0.054,0.009,0.144,0.076,0.304,4.961,0.674,0.025,0.906,0.854,0.113,0.692,0.796,0.146,0.288,0.004,0.022,0.388,0.722,4.613,6.212,6.735,0.824,0.737,0.005,0.58,0.654,0.026,0.081,0.537,0.013,0.071,0.045,0.207,338.17,344.967,0.98,6,1,82.06,4,2,13,6,0,17,0.235,5,0,0,0,0,1,2,4,0,0.624,5.017,0.667,38,2.942,1,0,0,0,Accepted,Accepted,Accepted,Accepted
PNPAC116,Artemyrianolide H,C=C1C[C@@H](OC(C)=O)/C=C(/C)C[C@@H]2OC(=O)C(=C)[C@H]2CC1=O,-2.714,1.19,1.297,0.835,0,0.053,0.062,0.333,-4.623,7.57E-05,0.147,77.38%,0.376,36.35%,0.052,0.058,0.135,0.119,0.293,0.039,0.008,0.151,0.182,0.254,3.881,0.769,0.01,0.644,0.844,0.474,0.814,0.311,0.921,0.728,0.029,0.064,0.829,0.547,5.015,5.731,4.521,0.067,0.662,0.287,0.894,0.581,0.216,0.783,0.973,0.014,0.927,0.399,0.966,304.13,313.608,0.97,5,0,69.67,2,2,13,5,0,19,0.105,3,0,0,1,0,1,5,4,1,0.422,4.81,0.471,37.2,2.969,3,2,0,0,Accepted,Accepted,Accepted,Accepted
PNPAC117,Artemyrianolide I,C=C1C(=O)O[C@H]2C/C(C)=C\[C@H](OC(C)=O)C[C@@]3(CO3)C(=O)C[C@H]12,-2.948,1.079,1.052,0.045,0.001,0.044,0.918,0.973,-4.833,5.89E-05,0.567,65.29%,0.916,35.66%,0.027,0.091,0.068,0.621,0.093,0.053,0.011,0.153,0.244,0.537,3.745,0.902,0.009,0.733,0.955,0.965,0.52,0.211,0.653,0.784,0.011,0.075,0.096,0.399,4.753,4.955,4.064,0.191,0.67,0.134,0.872,0.41,0.02,0.429,0.911,0.052,0.681,0.547,0.964,320.13,316.478,1.012,6,0,82.2,2,3,13,6,0,21,0.095,4,1,0,6,2,3,7,7,2,0.315,5.44,0.588,71.852,2.848,2,3,0,0,Accepted,Accepted,Accepted,Accepted
PNPAC118,Artemyrianolide J,C=C1C(=O)O[C@H]2C/C(C)=C\[C@H](OC(C)=O)C[C@@]3(C)O[C@H]3C[C@H]12,-3.023,1.514,2.196,0.334,0,0.042,0.511,0.951,-4.756,5.17E-05,0.229,75.07%,1.195,30.15%,0.037,0.077,0.037,0.432,0.11,0.063,0.027,0.214,0.392,0.33,4.242,0.784,0.019,0.831,0.89,0.738,0.783,0.465,0.918,0.344,0.278,0.272,0.897,0.745,4.732,5.984,4.9,0.689,0.812,0.027,0.856,0.699,0.084,0.879,0.872,0.027,0.804,0.372,0.961,306.15,310.324,0.987,5,0,65.13,2,3,14,5,0,19,0.105,5,1,0,6,2,2,7,6,2,0.322,5.002,0.647,51.429,3.642,2,2,0,0,Accepted,Accepted,Accepted,Accepted
PNPAC119,Artemyrianolide K,C=C1CCC(O)C2(C)CC3OC(=O)C(=C)C3CC1O2,-2.276,1.287,1.137,0.001,0,0.05,0.053,0.023,-4.757,1.34E-05,0.981,56.18%,1.119,37.68%,0.034,0.173,0.025,0.669,0.038,0.262,0.007,0.585,0.03,0.328,13.841,0.201,0.011,0.125,0.41,0.138,0.818,0.862,0.263,0.882,0.003,0.061,0.924,0.994,4.396,4.878,5.368,0.17,0.849,0.009,0.275,0.139,0.653,0.935,0.877,0.023,0.829,0.407,0.912,264.14,269.578,0.98,4,1,55.76,0,3,13,4,0,19,0,5,0,0,1,0,1,3,6,1,0.411,5.452,0.667,51.68,3.353,2,2,0,0,Accepted,Accepted,Accepted,Accepted
PNPAC120,Artemyrianolide L,C=C1CCC(O)C2(C)CC3OC(=O)C(=C)C3CC1O2,-2.276,1.287,1.137,0.001,0,0.05,0.053,0.023,-4.757,1.34E-05,0.981,56.18%,1.119,37.68%,0.034,0.173,0.025,0.669,0.038,0.262,0.007,0.585,0.03,0.328,13.841,0.201,0.011,0.125,0.41,0.138,0.818,0.862,0.263,0.882,0.003,0.061,0.924,0.994,4.396,4.878,5.368,0.17,0.849,0.009,0.275,0.139,0.653,0.935,0.877,0.023,0.829,0.407,0.912,264.14,269.578,0.98,4,1,55.76,0,3,13,4,0,19,0,5,0,0,1,0,1,3,6,1,0.411,5.452,0.667,51.68,3.353,2,2,0,0,Accepted,Accepted,Accepted,Accepted
PNPAC121,Artemyrianolide M,C=C1CC2OC(=O)C(=C)C2CC(O)C(=C)CCC1=O,-2.605,1.145,0.693,0.691,0,0.014,0.707,0.01,-4.688,3.41E-05,0.658,66.11%,0.51,46.55%,0.043,0.063,0.032,0.06,0.074,0.089,0.005,0.277,0.019,0.228,7.709,0.441,0.01,0.062,0.266,0.104,0.56,0.887,0.477,0.935,0.004,0.104,0.741,0.588,4.702,5.073,4.318,0.063,0.887,0.036,0.66,0.187,0.577,0.944,0.97,0.012,0.954,0.194,0.95,262.12,272.862,0.961,4,1,63.6,0,2,13,4,0,19,0,3,0,0,1,0,1,3,5,1,0.41,4.927,0.467,36.909,3.19,3,2,0,0,Accepted,Accepted,Accepted,Accepted
PNPAC122,Artemyrianolide N,C=C1C(=O)OC2CC(=C)C3C(OC(C)=O)CC(=C)C3(O)CC12,-2.784,1.522,1.239,0.003,0,0.135,0.951,0.051,-4.733,3.41E-05,0.917,53.98%,0.668,56.98%,0.016,0.067,0.022,0.369,0.016,0.078,0.011,0.215,0.073,0.333,6.062,0.066,0.003,0.131,0.809,0.042,0.892,0.354,0.053,0.926,0.003,0.055,0.371,0.692,4.446,5.341,5.101,0.13,0.825,0.008,0.186,0.142,0.687,0.647,0.873,0.375,0.859,0.299,0.936,304.13,307.688,0.988,5,1,72.83,2,3,13,5,0,20,0.1,5,0,0,1,0,0,3,5,1,0.453,4.902,0.529,54.923,3.078,2,2,0,0,Accepted,Accepted,Accepted,Accepted
PNPAC123,Artemyrianolide O,C=C1CC2OC(=O)C(C)C2CC2(O)C(=C)CC(OC(C)=O)C12,-2.632,1.474,1.589,0,0,0.238,0.156,0.006,-4.739,6.60E-05,0.952,43.68%,0.748,65.47%,0.011,0.069,0.017,0.59,0.004,0.112,0.007,0.195,0.137,0.384,7.105,0.051,0.004,0.698,0.82,0.03,0.66,0.249,0.025,0.841,0.003,0.023,0.022,0.707,3.156,4.7,5.384,0.264,0.53,0.006,0.024,0.117,0.61,0.041,0.091,0.441,0.171,0.048,0.618,306.15,310.324,0.987,5,1,72.83,2,3,13,5,0,19,0.105,6,0,0,0,0,0,0,3,0,0.59,4.953,0.647,55.5,2.812,1,0,0,0,Accepted,Accepted,Accepted,Accepted
PNPAC124,Artemyrianolide P,C=C1C(=O)OC2CC(=C)C3C(OC(C)=O)CC(C)(O)C3CC12,-2.443,1.518,1.332,0.001,0,0.423,0.023,0.221,-4.781,4.13E-05,0.992,55.26%,0.732,57.18%,0.02,0.067,0.02,0.495,0.027,0.09,0.013,0.196,0.142,0.367,8.611,0.294,0.005,0.196,0.868,0.035,0.794,0.597,0.079,0.834,0.003,0.028,0.298,0.692,4.446,5.175,4.706,0.174,0.811,0.01,0.03,0.079,0.524,0.742,0.77,0.476,0.916,0.641,0.927,306.15,310.324,0.987,5,1,72.83,2,3,13,5,0,19,0.105,6,0,0,1,0,0,3,5,1,0.454,4.71,0.647,55.5,3.399,2,2,0,0,Accepted,Accepted,Accepted,Accepted
PNPAC125,Artemyrianolide Q,C=C1C(=O)OC2CC(=C)C3CCC(C)(O)C3CC12,-3.008,1.747,1.883,0.001,0,0.008,0.017,0.005,-4.586,1.76E-05,0.957,67.54%,0.916,30.05%,0.058,0.226,0.044,0.584,0.084,0.228,0.011,0.512,0.109,0.363,13.993,0.155,0.012,0.145,0.535,0.044,0.653,0.769,0.107,0.768,0.003,0.048,0.867,0.863,4.096,4.507,4.676,0.285,0.742,0.01,0.14,0.132,0.595,0.549,0.797,0.013,0.907,0.392,0.88,248.14,260.788,0.952,3,1,46.53,0,3,13,3,0,18,0,5,0,0,1,0,0,3,5,1,0.406,4.588,0.667,51.68,3.645,2,2,0,0,Accepted,Accepted,Accepted,Accepted
PNPAC126,Artemyrianolide R,C=C1C(=O)OC2CC3(C)C(O)CCC(=C)C3(O)CC12,-2.535,1.246,0.724,0.003,0,0.282,0.921,0.008,-4.722,1.76E-05,0.976,50.76%,0.852,53.29%,0.027,0.421,0.027,0.813,0.038,0.237,0.006,0.342,0.035,0.542,6.376,0.115,0.017,0.165,0.108,0.055,0.887,0.904,0.152,0.813,0.003,0.028,0.644,0.554,2.693,2.683,4.761,0.866,0.922,0.035,0.793,0.302,0.446,0.721,0.908,0.052,0.796,0.542,0.892,264.14,269.578,0.98,4,2,66.76,0,3,13,4,0,18,0,5,0,0,1,0,0,3,5,1,0.393,4.828,0.667,57.12,3.437,2,2,0,0,Accepted,Accepted,Accepted,Accepted
PNPAC127,Artemyrianolide S,C=C1C(=O)OC2CC3(C)C(O)CCC(=C)C3(OO)CC12,-2.15,1.015,0.576,0.002,0,0.544,0.928,0.035,-4.813,1.32E-05,0.779,57.23%,0.907,46.47%,0.023,0.562,0.019,0.851,0.045,0.777,0.006,0.536,0.028,0.55,8.178,0.2,0.009,0.154,0.138,0.535,0.88,0.782,0.172,0.943,0.003,0.048,0.958,0.571,3.949,3.262,4.588,0.636,0.944,0.025,0.81,0.399,0.749,0.956,0.932,0.193,0.939,0.768,0.942,280.13,278.369,1.006,5,2,75.99,1,3,13,5,0,18,0.056,5,0,0,3,1,0,3,5,1,0.252,5.008,0.667,57.12,3.377,2,3,0,0,Accepted,Accepted,Accepted,Accepted
PNPAC128,Artemyrianin F,OCC(C=Cc1ccc2c(c1)OCO2)Cc1ccc2c(c1)OCO2,-5.141,3.378,3.569,0.997,0.001,0.002,0.004,0.105,-4.805,2.10E-05,0.408,99.32%,1.106,2.06%,0.99,0.161,0.967,0.309,0.819,0.838,0.991,0.937,0.975,0.513,17.661,0.322,0.528,0.667,0.074,0.372,0.008,0.701,0.928,0.932,0.003,0.04,0.619,2.242,4.163,4.787,4.949,0.41,0.174,0.939,0.081,0.724,0.015,0.001,0.597,0.947,0.658,0.508,0.776,326.12,328.45,0.993,5,1,57.15,5,4,9,5,0,21,0.238,1,0,0,0,0,0,2,2,1,0.915,2.953,0.263,60.167,0.977,0,0,0,0,Accepted,Rejected,Accepted,Accepted
PNPAC129,Artemicapillasin A,CC(=O)CC1Oc2cc(C=CC(=O)O)cc(CC=C(C)C)c2O1,-4.281,2.161,3.676,0.004,0.018,0.005,0.006,0.123,-4.851,1.48E-05,0.076,92.21%,0.354,5.76%,0.249,0.147,0.033,0.105,0.159,0.408,0.248,0.174,0.032,0.156,5.665,0.832,0.031,0.921,0.857,0.844,0.062,0.248,0.876,0.907,0.004,0.031,0.178,0.512,3.003,4.329,4.563,0.783,0.769,0.496,0.031,0.136,0.051,0.871,0.482,0.045,0.599,0.384,0.636,316.13,328.267,0.963,5,1,72.83,6,2,9,5,0,14,0.429,1,1,0,0,0,1,5,3,2,0.643,3.55,0.333,43.167,1.819,0,0,0,0,Accepted,Rejected,Accepted,Accepted
PNPAC130,Artemicapillasin B,CC(C)=CCc1cc(C=CC(=O)O)cc2c1OC(C=C(C)C=O)O2,-3.472,2.222,3.811,0.001,0.005,0.006,0.009,0.12,-4.955,1.23E-05,0.108,89.92%,0.774,5.01%,0.29,0.1,0.093,0.077,0.357,0.448,0.086,0.193,0.039,0.173,2.988,0.842,0.023,0.96,0.368,0.956,0.027,0.944,0.952,0.807,0.013,0.073,0.945,0.462,3.331,5.541,5.623,0.035,0.567,0.057,0.042,0.158,0.02,0.56,0.897,0.128,0.692,0.578,0.779,328.13,342.927,0.957,5,1,72.83,6,2,9,5,0,15,0.4,1,1,0,1,1,0,7,2,2,0.491,3.889,0.263,43.167,1.847,2,1,0,0,Accepted,Rejected,Accepted,Accepted
PNPAC131,Artemicapillasin C,CC(C)=CCc1cc(C=CC(=O)O)cc(C=O)c1O,-3.926,1.933,3.911,0,0.031,0.077,0.031,0.169,-5.076,1.04E-05,0.073,97.07%,0.367,2.58%,0.083,0.059,0.038,0.053,0.161,0.142,0.041,0.134,0.036,0.069,2.493,0.901,0.018,0.721,0.102,0.017,0.268,0.509,0.924,0.176,0.19,0.795,0.841,0.389,3.234,4.504,5.07,0.404,0.542,0.033,0.112,0.373,0.157,0.942,0.823,0.118,0.81,0.707,0.881,260.1,276.145,0.942,4,2,74.6,5,1,6,4,0,10,0.5,0,1,0,0,1,0,4,2,3,0.485,2.757,0.2,9,1.609,2,1,0,0,Accepted,Rejected,Accepted,Accepted
PNPAC132,Artemicapillasin D,CC(=CCc1cc(C=CC(=O)O)cc(C=O)c1O)CO,-3.352,1.217,2.605,0,0.006,0.071,0.518,0.902,-5.247,4.68E-06,0.109,92.68%,0.364,5.65%,0.071,0.036,0.024,0.048,0.053,0.064,0.019,0.14,0.032,0.055,3.493,0.943,0.014,0.385,0.262,0.018,0.35,0.57,0.93,0.039,0.202,0.869,0.889,0.368,3.081,4.334,4.744,0.166,0.421,0.045,0.235,0.257,0.061,0.811,0.742,0.033,0.676,0.42,0.822,276.1,284.936,0.969,5,3,94.83,6,1,6,5,0,10,0.6,0,1,0,1,1,0,5,3,3,0.418,2.915,0.2,9,1.832,2,1,0,0,Accepted,Accepted,Accepted,Accepted
PNPAC133,Artemicapillasin E,CC(=CCc1cc(C=CC(=O)O)cc(C=CC(C)(C)O)c1O)CO,-3.331,1.884,3.165,0,0.033,0.041,0.017,0.327,-5.01,1.68E-05,0.137,97.03%,0.397,4.52%,0.117,0.056,0.02,0.054,0.067,0.12,0.027,0.154,0.039,0.082,6.376,0.945,0.021,0.82,0.111,0.004,0.125,0.497,0.954,0.083,0.008,0.381,0.082,0.24,2.754,3.64,4.293,0.492,0.605,0.253,0.306,0.206,0.017,0.802,0.735,0.117,0.749,0.766,0.866,332.16,354.12,0.938,5,4,97.99,7,1,6,5,0,10,0.7,0,1,0,1,0,0,3,4,2,0.455,3.163,0.316,12,2.089,1,0,0,0,Accepted,Accepted,Accepted,Accepted
PNPAC134,Artemicapillasin F,C=C(C)C1Cc2cc(C=CC(=O)O)cc(CC=C(C)C)c2O1,-4.666,3.707,5.225,0.001,0.021,0.01,0.042,0.013,-4.864,2.08E-05,0.111,98.47%,0.463,1.80%,0.193,0.377,0.043,0.107,0.214,0.313,0.042,0.219,0.023,0.206,6.727,0.261,0.074,0.945,0.259,0.022,0.088,0.908,0.897,0.577,0.003,0.029,0.924,1.217,3.281,5.229,5.974,0.416,0.332,0.25,0.177,0.354,0.356,0.968,0.638,0.031,0.696,0.624,0.7,298.16,327.983,0.909,3,1,46.53,5,2,9,3,0,14,0.357,1,1,0,0,0,0,3,2,1,0.655,3.411,0.316,44.24,2.022,0,0,0,0,Accepted,Rejected,Rejected,Accepted
PNPAC135,Artemicapillasin G,C=C(C)C1Cc2cc(C=CC(=O)O)cc(CC=C(C)CO)c2O1,-3.65,2.723,3.929,0,0.009,0.009,0.275,0.051,-4.969,1.24E-05,0.162,94.76%,0.367,3.22%,0.128,0.094,0.022,0.063,0.039,0.103,0.028,0.194,0.018,0.189,7.66,0.809,0.039,0.904,0.637,0.041,0.138,0.916,0.899,0.742,0.004,0.034,0.943,0.553,3.064,4.389,5.034,0.349,0.356,0.3,0.301,0.265,0.155,0.95,0.556,0.02,0.569,0.353,0.555,314.15,336.773,0.933,4,2,66.76,6,2,9,4,0,14,0.429,1,1,0,1,0,0,4,3,1,0.625,3.545,0.316,44.24,2.198,0,0,0,0,Accepted,Rejected,Accepted,Accepted
PNPAC136,Artemicapillasin H,CC(C)=CCc1cc(C=CC(=O)O)cc2c1OC(C(C)(C)O)C2,-3.683,2.828,4.495,0.003,0.026,0.011,0.006,0.041,-4.874,1.74E-05,0.129,95.60%,0.431,3.74%,0.12,0.099,0.02,0.125,0.1,0.348,0.095,0.135,0.017,0.127,5.567,0.705,0.042,0.82,0.064,0.006,0.058,0.582,0.883,0.287,0.003,0.024,0.054,0.567,2.92,3.949,4.432,0.592,0.052,0.149,0.028,0.342,0.06,0.913,0.321,0.014,0.632,0.691,0.503,316.17,339.409,0.932,4,2,66.76,5,2,9,4,0,13,0.385,1,1,0,0,0,0,2,4,1,0.645,3.481,0.421,50.37,2.298,0,0,0,0,Accepted,Rejected,Rejected,Accepted
PNPAC137,Artemicapillasin I,COC1Cc2cc(C=CC(=O)O)cc(CC=C(C)CO)c2O1,-3.368,1.847,2.811,0,0.032,0.005,0.005,0.384,-4.834,1.18E-05,0.297,90.69%,0.334,5.70%,0.087,0.108,0.016,0.067,0.01,0.079,0.016,0.163,0.019,0.121,8.936,0.888,0.036,0.743,0.738,0.303,0.05,0.74,0.936,0.341,0.004,0.05,0.249,0.463,2.795,3.652,4.113,0.425,0.651,0.268,0.259,0.214,0.044,0.935,0.499,0.032,0.391,0.259,0.757,304.13,313.608,0.97,5,2,75.99,6,2,9,5,0,13,0.462,1,1,0,1,0,1,4,3,1,0.622,3.574,0.353,41.261,2.209,0,0,0,0,Accepted,Accepted,Accepted,Accepted
PNPAC138,Artemicapillasin J,CC(C)=CCc1cc(C=CC(=O)O)cc2c1OC(C)(C)C(O)C2,-3.116,3.238,4.666,0.003,0.195,0.027,0.018,0.079,-4.948,2.04E-05,0.213,97.65%,0.48,2.78%,0.118,0.1,0.019,0.099,0.077,0.253,0.035,0.113,0.016,0.119,7.234,0.419,0.023,0.927,0.043,0.006,0.146,0.677,0.597,0.263,0.003,0.014,0.283,0.545,2.908,3.749,4.545,0.187,0.019,0.072,0.025,0.276,0.247,0.951,0.336,0.008,0.64,0.771,0.16,316.17,339.409,0.932,4,2,66.76,4,2,10,4,0,14,0.286,1,1,0,0,0,0,2,4,1,0.66,3.442,0.421,51.556,2.426,0,0,0,0,Accepted,Rejected,Rejected,Accepted
PNPAC139,Artemicapillasin K,CC(=CCc1cc(C=CC(=O)O)cc2c1OC(C)(C)C(O)C2)CO,-3.031,1.957,3.316,0.001,0.086,0.024,0.025,0.137,-5.073,1.14E-05,0.353,94.19%,0.341,5.08%,0.106,0.064,0.012,0.062,0.014,0.107,0.019,0.135,0.014,0.108,7.276,0.851,0.016,0.887,0.227,0.006,0.369,0.728,0.638,0.085,0.003,0.016,0.209,0.334,2.666,3.414,4.182,0.246,0.054,0.113,0.056,0.18,0.088,0.893,0.302,0.009,0.475,0.516,0.058,332.16,348.2,0.954,5,3,86.99,5,2,10,5,0,14,0.357,1,1,0,1,0,0,3,4,1,0.569,3.572,0.421,51.556,2.578,0,0,0,0,Accepted,Accepted,Accepted,Accepted
PNPAC140,Artemicapillasin L,CC(C)=CCc1cc(C=CC(=O)O)cc2c1OC(C)(C)C(O)C2,-3.116,3.238,4.666,0.003,0.195,0.027,0.018,0.079,-4.948,2.04E-05,0.213,97.65%,0.48,2.78%,0.118,0.1,0.019,0.099,0.077,0.253,0.035,0.113,0.016,0.119,7.234,0.419,0.023,0.927,0.043,0.006,0.146,0.677,0.597,0.263,0.003,0.014,0.283,0.545,2.908,3.749,4.545,0.187,0.019,0.072,0.025,0.276,0.247,0.951,0.336,0.008,0.64,0.771,0.16,316.17,339.409,0.932,4,2,66.76,4,2,10,4,0,14,0.286,1,1,0,0,0,0,2,4,1,0.66,3.442,0.421,51.556,2.426,0,0,0,0,Accepted,Rejected,Rejected,Accepted
PNPAC141,Artemicapillasin M,CC(C)=CCc1cc(C=CC(=O)O)cc2c1OC(C)(C)CC2=O,-3.905,3.348,4.755,0.006,0.003,0.019,0.025,0.241,-4.763,2.30E-05,0.04,94.20%,0.627,3.35%,0.142,0.11,0.075,0.064,0.443,0.25,0.039,0.111,0.018,0.12,4.025,0.386,0.023,0.888,0.747,0.012,0.189,0.34,0.652,0.509,0.003,0.016,0.256,0.447,3.011,4.175,4.613,0.47,0.037,0.363,0.04,0.341,0.141,0.947,0.749,0.072,0.729,0.805,0.543,314.15,336.773,0.933,4,1,63.6,4,2,10,4,0,15,0.267,0,1,0,0,0,0,3,2,1,0.673,2.923,0.368,34.462,1.776,1,0,0,0,Accepted,Rejected,Rejected,Accepted
PNPAC142,Artemicapillasin N,CC(C)=CCc1cc(C=CC(=O)O)cc2c(=O)cc(C)oc12,-3.922,2.544,4.306,0.001,0.055,0.013,0.008,0.852,-4.744,1.62E-05,0.056,83.33%,0.834,8.55%,0.292,0.513,0.083,0.067,0.351,0.195,0.035,0.139,0.029,0.102,2.014,0.687,0.025,0.918,0.963,0.016,0.041,0.467,0.923,0.596,0.003,0.027,0.754,0.553,3.412,4.719,5.055,0.112,0.035,0.749,0.529,0.263,0.112,0.912,0.71,0.039,0.611,0.717,0.758,298.12,316.841,0.941,4,1,67.51,4,2,10,4,0,15,0.267,0,1,0,0,0,0,2,2,1,0.69,2.779,0.222,14,1.585,0,0,0,0,Accepted,Rejected,Rejected,Accepted
PNPAC143,Artemidubolide A,C=C1C(=O)OC2C3=C(C)C4CC5(C(=O)OC6C7C(=C(C)CCC65)CC5OC57C)C3(C4)C(C)(O)CCC12,-4.206,3.656,3.803,0.972,0.001,0.283,0.322,0.762,-5.145,2.73E-05,0.435,95.35%,3.258,2.72%,0.013,0.611,0.216,0.911,0.501,0.078,0.027,0.171,0.833,0.851,20.026,0.002,0.07,0.252,0.326,0.031,0.976,0.842,0.02,0.634,0.003,0.013,0.958,1.455,4.601,6.61,5.811,0.022,0.961,0.03,0.898,0.106,0.834,0.974,0.967,0.849,0.967,0.974,0.995,492.25,498.543,0.987,6,1,85.36,0,8,14,6,0,38,0,11,1,0,6,2,2,6,8,2,0.236,7.109,0.733,184.615,3.427,2,2,0,0,Accepted,Accepted,Rejected,Accepted
PNPAC144,Artemidubolide B,C=C1C(=O)OC2C3=C(C)C4CC5(C(=O)OC6C7C(=C(C)CCC65)CC5OC57C)C3(C4)C(C)(O)CCC12,-4.206,3.656,3.803,0.972,0.001,0.283,0.322,0.762,-5.145,2.73E-05,0.435,95.35%,3.258,2.72%,0.013,0.611,0.216,0.911,0.501,0.078,0.027,0.171,0.833,0.851,20.026,0.002,0.07,0.252,0.326,0.031,0.976,0.842,0.02,0.634,0.003,0.013,0.958,1.455,4.601,6.61,5.811,0.022,0.961,0.03,0.898,0.106,0.834,0.974,0.967,0.849,0.967,0.974,0.995,492.25,498.543,0.987,6,1,85.36,0,8,14,6,0,38,0,11,1,0,6,2,2,6,8,2,0.236,7.109,0.733,184.615,3.427,2,2,0,0,Accepted,Accepted,Rejected,Accepted
PNPAC145,Artemidubolide C,C=C1C(=O)OC2C3=C(C)C4CC5(C(=O)OC6C7C(=C(C)CCC65)CC5OC57C)C3(C4)C(C)(O)CCC12,-4.206,3.656,3.803,0.972,0.001,0.283,0.322,0.762,-5.145,2.73E-05,0.435,95.35%,3.258,2.72%,0.013,0.611,0.216,0.911,0.501,0.078,0.027,0.171,0.833,0.851,20.026,0.002,0.07,0.252,0.326,0.031,0.976,0.842,0.02,0.634,0.003,0.013,0.958,1.455,4.601,6.61,5.811,0.022,0.961,0.03,0.898,0.106,0.834,0.974,0.967,0.849,0.967,0.974,0.995,492.25,498.543,0.987,6,1,85.36,0,8,14,6,0,38,0,11,1,0,6,2,2,6,8,2,0.236,7.109,0.733,184.615,3.427,2,2,0,0,Accepted,Accepted,Rejected,Accepted
PNPAC146,Artemidubolide D,C=C1C(=O)OC2C3=C(C)C4CC5(C(=O)OC6C7C(CC8OC87C)C(=C)CCC65)C3(C4)C(C)(O)CCC12,-4.474,3.652,3.388,0.936,0,0.26,0.039,0.386,-5.065,2.74E-05,0.802,91.09%,2.439,3.74%,0.014,0.773,0.133,0.91,0.4,0.111,0.02,0.415,0.835,0.881,19.256,0.003,0.18,0.415,0.295,0.034,0.956,0.892,0.015,0.698,0.003,0.011,0.975,1.841,4.751,6.812,5.962,0.018,0.951,0.021,0.891,0.142,0.832,0.965,0.958,0.823,0.96,0.969,0.993,492.25,498.543,0.987,6,1,85.36,0,8,14,6,0,39,0,12,1,0,6,2,2,7,9,2,0.238,7.2,0.733,186.538,3.414,2,2,0,0,Accepted,Accepted,Rejected,Accepted
PNPAC147,Artemidubolide E,C=C1C(=O)OC2C3=C(C)C4CC5(C(=O)OC6C7C(CC8OC87C)C(=C)CCC65)C3(C4)C(C)(O)CCC12,-4.474,3.652,3.388,0.936,0,0.26,0.039,0.386,-5.065,2.74E-05,0.802,91.09%,2.439,3.74%,0.014,0.773,0.133,0.91,0.4,0.111,0.02,0.415,0.835,0.881,19.256,0.003,0.18,0.415,0.295,0.034,0.956,0.892,0.015,0.698,0.003,0.011,0.975,1.841,4.751,6.812,5.962,0.018,0.951,0.021,0.891,0.142,0.832,0.965,0.958,0.823,0.96,0.969,0.993,492.25,498.543,0.987,6,1,85.36,0,8,14,6,0,39,0,12,1,0,6,2,2,7,9,2,0.238,7.2,0.733,186.538,3.414,2,2,0,0,Accepted,Accepted,Rejected,Accepted
PNPAC148,Artemidubolide F,C=C1CCC2C(OC(=O)C23CC2CC34C(=C2C)C2OC(=O)C(C)C2CCC4(C)O)C2C1CC1OC12C,-5.019,4.148,3.932,0.96,0.001,0.047,0.013,0.368,-5.109,3.94E-05,0.889,87.26%,2.216,6.87%,0.013,0.762,0.086,0.92,0.136,0.099,0.01,0.32,0.827,0.91,20.172,0.002,0.274,0.468,0.291,0.034,0.912,0.858,0.008,0.409,0.003,0.01,0.957,2.242,4.49,6.334,6.079,0.009,0.8,0.007,0.878,0.09,0.816,0.651,0.664,0.698,0.818,0.94,0.978,494.27,501.18,0.986,6,1,85.36,0,8,14,6,0,38,0,13,1,0,5,2,2,5,6,1,0.31,7.186,0.8,187.037,3.413,1,0,0,0,Accepted,Accepted,Rejected,Accepted
PNPAC149,Artemidubolide G,C=C1C(=O)OC2C3=C(C)C4CC5(C(=O)OC6C7C(CC8OC87C)C(=C)CCC65)C3(C4)C(C)(O)CCC12,-4.474,3.652,3.388,0.936,0,0.26,0.039,0.386,-5.065,2.74E-05,0.802,91.09%,2.439,3.74%,0.014,0.773,0.133,0.91,0.4,0.111,0.02,0.415,0.835,0.881,19.256,0.003,0.18,0.415,0.295,0.034,0.956,0.892,0.015,0.698,0.003,0.011,0.975,1.841,4.751,6.812,5.962,0.018,0.951,0.021,0.891,0.142,0.832,0.965,0.958,0.823,0.96,0.969,0.993,492.25,498.543,0.987,6,1,85.36,0,8,14,6,0,39,0,12,1,0,6,2,2,7,9,2,0.238,7.2,0.733,186.538,3.414,2,2,0,0,Accepted,Accepted,Rejected,Accepted
PNPAC150,Artemidubolide H,C=C1C(=O)OC2C3=C(C)C4CC5(C(=O)OC6C7C(=C(C)CCC65)CC(O)C7(C)O)C3(C4)C(C)(O)CCC12,-3.685,2.366,3.025,0.325,0.031,0.908,0.703,0.794,-5.104,1.69E-05,0.776,93.53%,2.443,3.34%,0.011,0.508,0.068,0.867,0.236,0.171,0.01,0.114,0.714,0.766,10.642,0.003,0.016,0.274,0.312,0.027,0.988,0.683,0.014,0.721,0.003,0.007,0.668,0.492,3.752,4.769,4.868,0.167,0.948,0.03,0.895,0.118,0.704,0.966,0.954,0.811,0.936,0.974,0.99,510.26,515.89,0.989,7,3,113.29,0,7,14,7,0,36,0,11,0,0,1,0,0,4,6,1,0.261,7.075,0.733,173.538,3.25,2,2,0,0,Accepted,Accepted,Rejected,Rejected
PNPAC151,Artemidubolide I,C=C1C(=O)OC2C3=C(C)C4CC5(C(=O)OC6C7C(CC(O)C7(C)O)C(=C)CCC65)C3(C4)C(C)(O)CCC12,-3.827,2.394,2.739,0.084,0.004,0.893,0.448,0.447,-5.038,1.68E-05,0.934,89.65%,1.758,4.51%,0.012,0.66,0.03,0.859,0.177,0.193,0.006,0.189,0.714,0.81,10.212,0.004,0.034,0.437,0.253,0.024,0.982,0.879,0.01,0.792,0.003,0.007,0.859,0.727,4.188,5.71,5.198,0.153,0.937,0.028,0.884,0.142,0.693,0.956,0.94,0.732,0.924,0.968,0.986,510.26,515.89,0.989,7,3,113.29,0,7,14,7,0,37,0,12,0,0,1,0,0,4,6,1,0.261,7.145,0.733,175.346,3.301,2,2,0,0,Accepted,Accepted,Rejected,Rejected
PNPAC152,Artemidubolide J,C=C1C(=O)OC2C3=C(C4CC3(C)C3(C4)C(=O)OC4=C3CCC(C)C3=C4C(C)CC3=O)C(C)(OC)CCC12,-5.015,4.15,4.097,1,0.001,0.02,0.947,0.895,-4.972,1.51E-05,0.016,98.74%,1.523,1.15%,0.112,0.913,0.851,0.909,0.94,0.055,0.505,0.04,0.965,0.932,10.741,0.003,0,0.087,0.459,0.028,0.732,0.612,0.025,0.752,0.003,0.028,0.775,0.785,4.968,6.113,4.581,0.088,0.984,0.161,0.955,0.158,0.949,0.99,0.99,0.857,0.972,0.984,0.996,504.25,519.123,0.971,6,0,78.9,1,7,14,6,0,37,0.027,8,0,0,1,0,2,8,4,1,0.279,6.834,0.645,161.471,2.216,3,2,0,0,Accepted,Accepted,Rejected,Rejected
PNPAC153,Artemidubolide K,C=C1C(=O)OC2C1CCC(C)(O)C13C=CC(C)(C21)C1(C3)C(=O)OC2C3C(=C(C)CCC21)CC1OC13C,-4.235,3.737,3.568,0.99,0,0.314,0.162,0.624,-5.184,5.57E-05,0.403,91.61%,2.639,4.70%,0.01,0.391,0.204,0.888,0.358,0.061,0.863,0.121,0.918,0.708,17.188,0.007,0.15,0.218,0.055,0.021,0.999,0.836,0.032,0.494,0.003,0.013,0.974,1.891,4.322,6.809,5.953,0.005,0.95,0.018,0.925,0.106,0.832,0.933,0.971,0.801,0.957,0.981,0.992,492.25,498.543,0.987,6,1,85.36,0,8,14,6,0,38,0,12,1,0,6,2,2,5,8,2,0.238,7.033,0.733,188.308,3.573,2,2,0,0,Accepted,Accepted,Rejected,Accepted
PNPAC154,Artemidubolide L,C=C1C(=O)OC2C1CCC(C)(O)C13C=CC(C)(C21)C1(C3)C(=O)OC2C3C(CC4OC43C)C(=C)CCC21,-4.514,3.62,3.189,0.989,0,0.235,0.036,0.482,-5.118,4.56E-05,0.92,85.82%,1.809,10.56%,0.01,0.589,0.131,0.884,0.315,0.079,0.518,0.26,0.917,0.785,16.352,0.01,0.341,0.408,0.053,0.017,0.999,0.891,0.023,0.674,0.003,0.011,0.978,2.356,4.543,6.956,6.085,0.004,0.937,0.011,0.901,0.136,0.849,0.884,0.963,0.772,0.946,0.977,0.99,492.25,498.543,0.987,6,1,85.36,0,8,14,6,0,39,0,13,1,0,6,2,2,6,9,2,0.239,7.121,0.733,190.269,3.568,2,2,0,0,Accepted,Accepted,Rejected,Accepted
PNPAC155,Artemidubolide M,C=C1C(=O)OC2C1CCC(C)(O)C13C=CC(C)(C21)C1(C3)C(=O)OC2C3C(=C(C)CCC21)CC1OC13C,-4.235,3.737,3.568,0.99,0,0.314,0.162,0.624,-5.184,5.57E-05,0.403,91.61%,2.639,4.70%,0.01,0.391,0.204,0.888,0.358,0.061,0.863,0.121,0.918,0.708,17.188,0.007,0.15,0.218,0.055,0.021,0.999,0.836,0.032,0.494,0.003,0.013,0.974,1.891,4.322,6.809,5.953,0.005,0.95,0.018,0.925,0.106,0.832,0.933,0.971,0.801,0.957,0.981,0.992,492.25,498.543,0.987,6,1,85.36,0,8,14,6,0,38,0,12,1,0,6,2,2,5,8,2,0.238,7.033,0.733,188.308,3.573,2,2,0,0,Accepted,Accepted,Rejected,Accepted
PNPAC156,Artemidubolide N,C=C1C(=O)OC2C1CCC(C)(O)C13C=CC(C)(C21)C1(C3)C(=O)OC2C3C(=C(C)CCC21)CC(O)C3(C)O,-3.61,2.11,2.881,0.627,0.001,0.929,0.919,0.755,-5.241,3.31E-05,0.881,89.20%,1.725,6.87%,0.008,0.304,0.065,0.823,0.172,0.105,0.523,0.091,0.881,0.555,4.29,0.01,0.031,0.241,0.04,0.018,0.999,0.819,0.018,0.402,0.003,0.007,0.891,0.726,3.452,4.956,5.253,0.027,0.934,0.014,0.924,0.114,0.719,0.905,0.959,0.796,0.932,0.981,0.985,510.26,515.89,0.989,7,3,113.29,0,7,13,7,0,36,0,12,0,0,1,0,0,3,6,1,0.261,6.998,0.733,177.231,3.392,2,2,0,0,Accepted,Accepted,Rejected,Rejected
PNPAC157,Artemidubolide O,C=C1C(=O)OC2C1CCC(C)(O)C13C=CC(C)(C21)C1(C3)C(=O)OC2=C1CCC(C)C1=C2C(C)CC1=O,-4.587,4.141,3.477,1,0,0.038,0.979,0.793,-5.003,1.34E-05,0.029,98.87%,0.637,1.85%,0.141,0.81,0.93,0.802,0.944,0.066,0.937,0.029,0.961,0.919,8.18,0.017,0.002,0.111,0.044,0.012,0.995,0.744,0.019,0.872,0.003,0.024,0.961,0.434,4.524,5.496,4.781,0.381,0.99,0.108,0.931,0.28,0.918,0.972,0.989,0.882,0.955,0.985,0.994,490.24,501.827,0.977,6,1,89.9,0,7,13,6,0,37,0,9,0,0,1,0,1,7,5,1,0.309,6.848,0.633,166.163,2.71,3,2,0,0,Accepted,Accepted,Rejected,Accepted
PNPAC158,Artemidubolide P,C=C1C(=O)OC2C1CCC(C)(O)C13C=CC(C)(C21)C1(C3)C(=O)OC2=C1CCC(C)C1=C2C(C)CC1=O,-4.587,4.141,3.477,1,0,0.038,0.979,0.793,-5.003,1.34E-05,0.029,98.87%,0.637,1.85%,0.141,0.81,0.93,0.802,0.944,0.066,0.937,0.029,0.961,0.919,8.18,0.017,0.002,0.111,0.044,0.012,0.995,0.744,0.019,0.872,0.003,0.024,0.961,0.434,4.524,5.496,4.781,0.381,0.99,0.108,0.931,0.28,0.918,0.972,0.989,0.882,0.955,0.985,0.994,490.24,501.827,0.977,6,1,89.9,0,7,13,6,0,37,0,9,0,0,1,0,1,7,5,1,0.309,6.848,0.633,166.163,2.71,3,2,0,0,Accepted,Accepted,Rejected,Accepted
PNPAC159,Artemidubolide Q,C=C1C(=O)OC2C1CCC(C)(O)C13C=CC(C)(C21)C1(C3)C(=O)OC2=C1CCC(C)C1=C2C(C)CC1=O,-4.587,4.141,3.477,1,0,0.038,0.979,0.793,-5.003,1.34E-05,0.029,98.87%,0.637,1.85%,0.141,0.81,0.93,0.802,0.944,0.066,0.937,0.029,0.961,0.919,8.18,0.017,0.002,0.111,0.044,0.012,0.995,0.744,0.019,0.872,0.003,0.024,0.961,0.434,4.524,5.496,4.781,0.381,0.99,0.108,0.931,0.28,0.918,0.972,0.989,0.882,0.955,0.985,0.994,490.24,501.827,0.977,6,1,89.9,0,7,13,6,0,37,0,9,0,0,1,0,1,7,5,1,0.309,6.848,0.633,166.163,2.71,3,2,0,0,Accepted,Accepted,Rejected,Accepted
PNPAC160,Artemidubolide R,CC1=C2CC(O)C(C)(O)C2C(O)C(C(C)C(=O)OC2(C)C(O)CC3=C(C)CCC4C(C)C(=O)OC4C32)CC1,-3.63,2.207,3.486,0.64,0.523,0.913,0.017,0.938,-4.993,0.000172911,0.294,85.72%,1.458,6.31%,0.01,0.096,0.006,0.271,0.004,0.093,0.002,0.072,0.269,0.3,13.899,0.009,0.024,0.98,0.811,0.013,0.95,0.249,0.014,0.018,0.003,0.004,0.18,0.567,3.602,5.553,6.237,0.029,0.035,0.004,0.009,0.114,0.768,0.016,0.122,0.123,0.3,0.839,0.18,532.3,544.43,0.978,8,4,133.52,4,5,13,8,0,28,0.143,12,0,0,0,0,0,0,3,0,0.322,5.692,0.8,97.296,1.951,1,0,0,0,Accepted,Accepted,Rejected,Rejected
PNPAC161,Artemidubolide S,C=C(C(=O)OC1(C)C(O)CC2=C(C)CCC3C(=C)C(=O)OC3C21)C1CCC(C)=C2CC(O)C(C)(O)C2C1O,-3.488,1.457,2.435,0.491,0.002,0.978,0.555,0.895,-5.158,9.37E-05,0.299,90.85%,2.192,3.40%,0.017,0.09,0.014,0.067,0.102,0.078,0.008,0.086,0.074,0.256,9.134,0.006,0.022,0.594,0.648,0.019,0.986,0.854,0.053,0.05,0.003,0.005,0.966,0.699,4.401,6.616,5.868,0.018,0.858,0.007,0.126,0.063,0.77,0.931,0.958,0.195,0.945,0.945,0.963,528.27,539.157,0.98,8,4,133.52,4,5,13,8,0,30,0.133,10,0,0,1,0,0,3,5,1,0.25,5.751,0.667,97.68,2.252,2,2,0,0,Accepted,Accepted,Rejected,Rejected
PNPAC162,Artemidubolide T,C=C(C(=O)OC1(C)C(O)CC2=C(C)CCC3C(=C)C(=O)OC3C21)C1CCC(=C)C2CC(O)C(C)(O)C2C1O,-3.68,1.466,2.207,0.01,0.001,0.971,0.535,0.801,-5.062,9.61E-05,0.454,88.19%,1.289,4.04%,0.016,0.098,0.009,0.068,0.075,0.084,0.005,0.114,0.059,0.27,7.359,0.009,0.073,0.896,0.637,0.02,0.985,0.903,0.033,0.072,0.003,0.005,0.976,0.832,4.596,6.913,6.228,0.025,0.845,0.007,0.063,0.077,0.767,0.874,0.945,0.122,0.944,0.902,0.943,528.27,539.157,0.98,8,4,133.52,4,5,13,8,0,31,0.129,11,0,0,1,0,0,3,5,1,0.25,5.809,0.667,99.16,2.749,2,2,0,0,Accepted,Accepted,Rejected,Rejected