﻿id,cid,dsn,cmpdname,srccmpd,srccmpdname,srccmpdurl,srctarget,srctargetname,srctargeturl,protacxn,protname,geneid,genename,taxid,taxname,action,actname,actvalue,evids,evurls,pmids,dois,citations
   1487018,5360741,T3DB,Alternariol monomethyl ether,T3D3728,Alternariol methyl ether,http://www.t3db.ca/toxins/T3D3728,BE0000971,DNA topoisomerase 1,http://www.t3db.ca/biodb/bio_entities/BE0000971,P11387,DNA topoisomerase 1,7150,TOP1,9606,Homo sapiens (human),"Vities such as single-strand and double-strand DNA breaks, DNA-intercalating, and DNA cross-linking, as well as induction of DNA repair synthesis and inhibition of DNA replication. these effects are thought to be at least partially due to its ability to bind to the DNA minor groove with high affinity, which inhibits the activity of DNA-acting enzymes such as topoisomerase. (A2977, A2978, A2979)",NULL,NULL,PMID:18727009|PMID:16464542|PMID:16194592,https://www.ncbi.nlm.nih.gov/pubmed/18727009|https://www.ncbi.nlm.nih.gov/pubmed/16464542|https://www.ncbi.nlm.nih.gov/pubmed/16194592,18727009|16464542|16194592,NULL,NULL
1487019,5360741,T3DB,Alternariol monomethyl ether,T3D3728,Alternariol methyl ether,http://www.t3db.ca/toxins/T3D3728,BE0000742,DNA topoisomerase 2-alpha,http://www.t3db.ca/biodb/bio_entities/BE0000742,P11388,DNA topoisomerase 2-alpha,7153,TOP2A,9606,Homo sapiens (human),"Vities such as single-strand and double-strand DNA breaks, DNA-intercalating, and DNA cross-linking, as well as induction of DNA repair synthesis and inhibition of DNA replication. these effects are thought to be at least partially due to its ability to bind to the DNA minor groove with high affinity, which inhibits the activity of DNA-acting enzymes such as topoisomerase. (A2977, A2978, A2979)",NULL,NULL,PMID:18727009|PMID:16464542|PMID:16194592,https://www.ncbi.nlm.nih.gov/pubmed/18727009|https://www.ncbi.nlm.nih.gov/pubmed/16464542|https://www.ncbi.nlm.nih.gov/pubmed/16194592,18727009|16464542|16194592,NULL,NULL
1487158,5360741,T3DB,Alternariol monomethyl ether,T3D3728,Alternariol methyl ether,http://www.t3db.ca/toxins/T3D3728,BE0002425,DNA topoisomerase 2-beta,http://www.t3db.ca/biodb/bio_entities/BE0002425,Q02880,DNA topoisomerase 2-beta,7155,TOP2B,9606,Homo sapiens (human),"Vities such as single-strand and double-strand DNA breaks, DNA-intercalating, and DNA cross-linking, as well as induction of DNA repair synthesis and inhibition of DNA replication. these effects are thought to be at least partially due to its ability to bind to the DNA minor groove with high affinity, which inhibits the activity of DNA-acting enzymes such as topoisomerase. (A2977, A2978, A2979)",NULL,NULL,PMID:18727009|PMID:16464542|PMID:16194592,https://www.ncbi.nlm.nih.gov/pubmed/18727009|https://www.ncbi.nlm.nih.gov/pubmed/16464542|https://www.ncbi.nlm.nih.gov/pubmed/16194592,18727009|16464542|16194592,NULL,NULL
1489425,5360741,CTD,Alternariol monomethyl ether,C018206,alternariol monomethyl ether,https://ctdbase.org/detail.go?type=chem&acc=C018206,405,ARNT,https://ctdbase.org/detail.go?type=gene&acc=405,NULL,NULL,405,ARNT,10090,Mus musculus (house mouse),ARNT protein affects the reaction [alternariol monomethyl ether results in increased expression of CYP1A1 protein],NULL,NULL,PMID:22120949,https://www.ncbi.nlm.nih.gov/pubmed/22120949,22120949,NULL,NULL
1489426,5360741,CTD,Alternariol monomethyl ether,C018206,alternariol monomethyl ether,https://ctdbase.org/detail.go?type=chem&acc=C018206,836,CASP3,https://ctdbase.org/detail.go?type=gene&acc=836,NULL,NULL,836,CASP3,9606,Homo sapiens (human),Alternariol monomethyl ether results in increased activity of CASP3 protein,NULL,NULL,PMID:22001388,https://www.ncbi.nlm.nih.gov/pubmed/22001388,22001388,NULL,NULL
1489427,5360741,CTD,Alternariol monomethyl ether,C018206,alternariol monomethyl ether,https://ctdbase.org/detail.go?type=chem&acc=C018206,842,CASP9,https://ctdbase.org/detail.go?type=gene&acc=842,NULL,NULL,842,CASP9,9606,Homo sapiens (human),Alternariol monomethyl ether results in increased activity of CASP9 protein,NULL,NULL,PMID:22001388,https://www.ncbi.nlm.nih.gov/pubmed/22001388,22001388,NULL,NULL
1489428,5360741,CTD,Alternariol monomethyl ether,C018206,alternariol monomethyl ether,https://ctdbase.org/detail.go?type=chem&acc=C018206,1543,CYP1A1,https://ctdbase.org/detail.go?type=gene&acc=1543,NULL,NULL,1543,CYP1A1,9606,Homo sapiens (human),Alternariol monomethyl ether affects the expression of CYP1A1 mrna|ahr protein affects the reaction [alternariol monomethyl ether affects the expression of CYP1A1 mrna]|alternariol monomethyl ether affects the activity of CYP1A1 protein,NULL,NULL,PMID:26474839,https://www.ncbi.nlm.nih.gov/pubmed/26474839,26474839,NULL,NULL
1489429,5360741,CTD,Alternariol monomethyl ether,C018206,alternariol monomethyl ether,https://ctdbase.org/detail.go?type=chem&acc=C018206,1543,CYP1A1,https://ctdbase.org/detail.go?type=gene&acc=1543,NULL,NULL,1543,CYP1A1,10090,Mus musculus (house mouse),AHR protein affects the reaction [alternariol monomethyl ether results in increased expression of CYP1A1 protein]|arnt protein affects the reaction [alternariol monomethyl ether results in increased expression of CYP1A1 protein]|alternariol monomethyl ether results in increased expression of CYP1A1 protein,NULL,NULL,PMID:22120949,https://www.ncbi.nlm.nih.gov/pubmed/22120949,22120949,NULL,NULL
1489430,5360741,CTD,Alternariol monomethyl ether,C018206,alternariol monomethyl ether,https://ctdbase.org/detail.go?type=chem&acc=C018206,2938,GSTA1,https://ctdbase.org/detail.go?type=gene&acc=2938,NULL,NULL,2938,GSTA1,9606,Homo sapiens (human),Alternariol monomethyl ether affects the localization of GSTA1 mRNA,NULL,NULL,PMID:23154127,https://www.ncbi.nlm.nih.gov/pubmed/23154127,23154127,NULL,NULL
1489431,5360741,CTD,Alternariol monomethyl ether,C018206,alternariol monomethyl ether,https://ctdbase.org/detail.go?type=chem&acc=C018206,2939,GSTA2,https://ctdbase.org/detail.go?type=gene&acc=2939,NULL,NULL,2939,GSTA2,9606,Homo sapiens (human),Alternariol monomethyl ether affects the localization of GSTA2 mRNA,NULL,NULL,PMID:23154127,https://www.ncbi.nlm.nih.gov/pubmed/23154127,23154127,NULL,NULL
1489432,5360741,CTD,Alternariol monomethyl ether,C018206,alternariol monomethyl ether,https://ctdbase.org/detail.go?type=chem&acc=C018206,4780,NFE2L2,https://ctdbase.org/detail.go?type=gene&acc=4780,NULL,NULL,4780,NFE2L2,9606,Homo sapiens (human),Alternariol monomethyl ether affects the localization of NFE2L2 protein,NULL,NULL,PMID:23154127,https://www.ncbi.nlm.nih.gov/pubmed/23154127,23154127,NULL,NULL
1489617,5360741,CTD,Alternariol monomethyl ether,C018206,alternariol monomethyl ether,https://ctdbase.org/detail.go?type=chem&acc=C018206,7153,TOP2A,https://ctdbase.org/detail.go?type=gene&acc=7153,NULL,NULL,7153,TOP2A,9606,Homo sapiens (human),Alternariol monomethyl ether metabolite results in decreased activity of TOP2A protein,NULL,NULL,PMID:27422292,https://www.ncbi.nlm.nih.gov/pubmed/27422292,27422292,NULL,NULL
1489618,5360741,CTD,Alternariol monomethyl ether,C018206,alternariol monomethyl ether,https://ctdbase.org/detail.go?type=chem&acc=C018206,7153,TOP2A,https://ctdbase.org/detail.go?type=gene&acc=7153,NULL,NULL,7153,TOP2A,9606,Homo sapiens (human),Alternariol monomethyl ether results in decreased activity of TOP2A protein,NULL,NULL,PMID:27422292|PMID:27682608,https://www.ncbi.nlm.nih.gov/pubmed/27422292|https://www.ncbi.nlm.nih.gov/pubmed/27682608,27422292|27682608,NULL,NULL
1489619,5360741,CTD,Alternariol monomethyl ether,C018206,alternariol monomethyl ether,https://ctdbase.org/detail.go?type=chem&acc=C018206,7155,TOP2B,https://ctdbase.org/detail.go?type=gene&acc=7155,NULL,NULL,7155,TOP2B,9606,Homo sapiens (human),Alternariol monomethyl ether results in decreased activity of TOP2B protein|alternariol monomethyl ether metabolite results in decreased activity of TOP2B protein,NULL,NULL,PMID:27422292,https://www.ncbi.nlm.nih.gov/pubmed/27422292,27422292,NULL,NULL
1489620,5360741,CTD,Alternariol monomethyl ether,C018206,alternariol monomethyl ether,https://ctdbase.org/detail.go?type=chem&acc=C018206,7498,XDH,https://ctdbase.org/detail.go?type=gene&acc=7498,NULL,NULL,7498,XDH,9913,Bos taurus (cattle),Alternariol monomethyl ether results in decreased activity of XDH protein,NULL,NULL,PMID:35430257,https://www.ncbi.nlm.nih.gov/pubmed/35430257,35430257,NULL,NULL
1534800,5360741,CTD,Alternariol monomethyl ether,C018206,alternariol monomethyl ether,https://ctdbase.org/detail.go?type=chem&acc=C018206,196,AHR,https://ctdbase.org/detail.go?type=gene&acc=196,NULL,NULL,196,AHR,9606,Homo sapiens (human),AHR protein affects the reaction [alternariol monomethyl ether affects the expression of CYP1A1 mrna],NULL,NULL,PMID:26474839,https://www.ncbi.nlm.nih.gov/pubmed/26474839,26474839,NULL,NULL
1534801,5360741,CTD,Alternariol monomethyl ether,C018206,alternariol monomethyl ether,https://ctdbase.org/detail.go?type=chem&acc=C018206,196,AHR,https://ctdbase.org/detail.go?type=gene&acc=196,NULL,NULL,196,AHR,10090,Mus musculus (house mouse),AHR protein affects the reaction [alternariol monomethyl ether results in increased expression of CYP1A1 protein],NULL,NULL,PMID:22120949,https://www.ncbi.nlm.nih.gov/pubmed/22120949,22120949,NULL,NULL
