﻿resolution,pdbid,title,expmethod,lignme,glytoucan,cids,protacxns,geneids,pmids,dois
   1.193,4WRZ,"Crystal structure of Mycobacterium tuberculosis uracil-DNA glycosylase in complex with 5-fluorouracil (AB), Form I",X-RAY DIFFRACTION,IPA|CIT|URF|CL,NULL,311|312|3385|3776,P9WFQ9,45426965|887410,26143923,10.1107/s1399004715009311
1.4,4WS1,"Crystal structure of Mycobacterium tuberculosis uracil-DNA glycosylase in complex with 5-fluorouracil (AB), Form II",X-RAY DIFFRACTION,CL|URF|EDO,NULL,174|312|3385,P9WFQ9,45426965|887410,26143923,10.1107/s1399004715009311
1.43,4WRY,"Crystal structure of Mycobacterium tuberculosis uracil-DNA glycosylase in complex with 5-fluorouracil(B), Form I",X-RAY DIFFRACTION,CIT|URF|CL,NULL,311|312|3385,P9WFQ9,45426965|887410,26143923,10.1107/s1399004715009311
1.759,6KLK,Crystal structure of the Pseudomonas aeruginosa dihydropyrimidinase complexed with 5-FU,X-RAY DIFFRACTION,URF|ZN,NULL,3385|32051,Q9I676,882285,31481233,10.1016/j.bbrc.2019.08.153
1.8,3KVV,Trapping of an oxocarbenium ion intermediate in UP crystals,X-RAY DIFFRACTION,URF|SO4|R2B,G57185VQ,49867561|3385|1117,P12758,69474964|948987,20364833,10.1021/bi902073b
1.974,4WS0,"Crystal structure of Mycobacterium tuberculosis uracil-DNA glycosylase in complex with 5-fluorouracil (A), Form II",X-RAY DIFFRACTION,CL|URF|EDO,NULL,174|312|3385,P9WFQ9,45426965|887410,26143923,10.1107/s1399004715009311
2,4TXN,Crystal structure of uridine phosphorylase from Schistosoma mansoni in complex with 5-fluorouracil,X-RAY DIFFRACTION,URF|SO4,NULL,3385|1117,G4VGI0,8343370,26898674,10.1016/j.biochi.2016.02.007
2.01,1H7X,"Dihydropyrimidine dehydrogenase (DPD) from pig, ternary complex of a mutant enzyme (C671A), NADPH and 5-fluorouracil",X-RAY DIFFRACTION,URF|SF4|FMN|NDP|FAD,NULL,3385|643975|643976|5884,Q28943,397109,11179210,10.1093/emboj/20.4.650
2.15,4E1V,X-RAY Structure of the Uridine Phosphorylase from Salmonella Typhimurium in Complex with 5-Fluorouracil at 2.15 A Resolution,X-RAY DIFFRACTION,K|URF|GOL|EDO,NULL,813|3385|753|174,P0A1F7|P0A1F6,1255494|66758248,22868762,10.1107/s090744491201815x
2.3,1UPF,"STRUCTURE OF THE URACIL PHOSPHORIBOSYLTRANSFERASE, MUTANT C128V BOUND TO THE DRUG 5-FLUOROURACIL",X-RAY DIFFRACTION,URF|SO4,NULL,3385|1117,Q26998|1UPF_A|1JLR_A,NULL,9628859,10.1093/emboj/17.12.3219
2.3,3NBQ,Human uridine phosphorylase 1 (hUPP1) with 5-fluorouracil,X-RAY DIFFRACTION,URF,NULL,3385,Q16831,7378,20856879,10.1371/journal.pone.0012741
2.35,1RXC,E. COLI uridine phosphorylase: 5-fluorouracil ribose-1-phosphate complex,X-RAY DIFFRACTION,5UD|URF|K|PO4|R1P,G26756OQ,813|9427|1061|3385|439236|445894,P12758,69474964|948987,15003451,10.1016/j.jmb.2004.01.039
2.56,3NAI,Crystal structures and functional analysis of murine norovirus RNA-dependent RNA polymerase,X-RAY DIFFRACTION,SO4|URF|MN3|MG|GOL,NULL,753|3385|888|1117|105130,NULL,NULL,NULL,NULL
2.59,4O0O,Crystal structure of the complex of type 1 Ribosome inactivating protein from Momordica balsamina with 5-fluorouracil at 2.59 A resolution,X-RAY DIFFRACTION,URF|NAG|GOL,G67334XY,24139|3385|753,NULL,NULL,NULL,NULL
2.598,5IAO,Structure and mapping of spontaneous mutational sites of PyrR from Mycobacterium tuberculosis,X-RAY DIFFRACTION,URF,NULL,3385,P9WHK3,886769,26902118,10.1016/j.bbrc.2016.02.071
2.6,3KVR,Trapping of an oxocarbenium ion intermediate in UP crystals,X-RAY DIFFRACTION,URF|SO4|R2G,G07351WC,3385|1117|49867562,NULL,NULL,20364833,10.1021/bi902073b
2.7,6L0B,Crystal structure of dihydroorotase in complex with fluorouracil from Saccharomyces cerevisiae,X-RAY DIFFRACTION,URF|ZN,NULL,3385|32051,P20051,851139,NULL,NULL
2.88,7D8J,S. aureus SsbB with 5-FU,X-RAY DIFFRACTION,URF,NULL,3385,NULL,NULL,NULL,NULL
3.094,7DEP,S. aureus SsbB with 5-FU,X-RAY DIFFRACTION,URF,NULL,3385,NULL,NULL,NULL,NULL
3.55,5SXC,Crystal Structure of PI3Kalpha in complex with fragment 8,X-RAY DIFFRACTION,URF,NULL,3385,P27986|P42336,5295|5290,28129991,10.1016/j.bmc.2017.01.012
