﻿id,cid,dsn,cmpdname,srccmpd,srccmpdname,srccmpdurl,srctarget,srctargetname,srctargeturl,protacxn,protname,geneid,genename,taxid,taxname,action,actname,actvalue,evids,evurls,pmids,dois,citations
   669589,10494,BindingDB,Oleanolic acid,50346601,NSC-114945,https://www.bindingdb.org/rwd/bind/chemsearch/marvin/MolStructure.jsp?monomerid=50346601,2622,Protein-tyrosine phosphatase 1B,https://www.bindingdb.org/rwd/jsp/dbsearch/PrimarySearch_ki.jsp?tag=pol&polymerid=2622,P18031,Tyrosine-protein phosphatase non-receptor type 1,5770,PTPN1,9606,Homo sapiens (human),NULL,IC50 (nM),1.95e+3,PMID:25996453,https://www.ncbi.nlm.nih.gov/pubmed/25996453,25996453,NULL,NULL
698668,10494,TTD,Oleanolic acid,D0SJ2Q,OLEANOLIC_ACID,https://idrblab.net/ttd/data/drug/details/D0SJ2Q,T89529,PTPN1 messenger RNA (PTPN1 mRNA),https://idrblab.net/ttd/data/target/details/T89529,P18031,Tyrosine-protein phosphatase non-receptor type 1,5770,PTPN1,9606,Homo sapiens (human),Inhibitor,NULL,NULL,NULL,NULL,NULL,NULL,NULL
698669,10494,TTD,Oleanolic acid,D0SJ2Q,OLEANOLIC_ACID,https://idrblab.net/ttd/data/drug/details/D0SJ2Q,T98062,Glycogen phosphorylase muscle form (GP),https://idrblab.net/ttd/data/target/details/T98062,P11217,"Glycogen phosphorylase, muscle form",5837,PYGM,9606,Homo sapiens (human),Inhibitor,NULL,NULL,NULL,NULL,NULL,NULL,NULL
698670,10494,TTD,Oleanolic acid,D0SJ2Q,OLEANOLIC_ACID,https://idrblab.net/ttd/data/drug/details/D0SJ2Q,T37847,Herpes simplex virus DNA polymerase UL30 (HSV UL30),https://idrblab.net/ttd/data/target/details/T37847,P04293,DNA polymerase catalytic subunit,2703462,UL30,10299,Human alphaherpesvirus 1 strain 17,Inhibitor,NULL,NULL,NULL,NULL,NULL,NULL,NULL
710162,10494,BindingDB,Oleanolic acid,50346601,NSC-114945,https://www.bindingdb.org/rwd/bind/chemsearch/marvin/MolStructure.jsp?monomerid=50346601,2338,"Glycogen phosphorylase, muscle form",https://www.bindingdb.org/rwd/jsp/dbsearch/PrimarySearch_ki.jsp?tag=pol&polymerid=2338,P00489,"Glycogen phosphorylase, muscle form",100008972,PYGM,9986,Oryctolagus cuniculus (rabbit),NULL,IC50 (nM),1.4e+4,PMID:24119242,https://www.ncbi.nlm.nih.gov/pubmed/24119242,24119242,NULL,NULL
726007,10494,DGIdb,Oleanolic acid,NULL,OLEANOLIC_ACID,https://www.dgidb.org/drugs/OLEANOLIC_ACID,NULL,GSK3B,https://www.dgidb.org/genes/GSK3B,NULL,NULL,2932,GSK3B,9606,Homo sapiens (human),NULL,NULL,NULL,PMID:19716700,https://www.ncbi.nlm.nih.gov/pubmed/19716700,19716700,NULL,NULL
752172,10494,Guide to PHARMACOLOGY,Oleanolic acid,3306,oleanolic acid,https://www.guidetopharmacology.org/GRAC/LigandDisplayForward?ligandId=3306,37,GPBA receptor,https://guidetopharmacology.org/GRAC/ObjectDisplayForward?objectId=37,Q8TDU6,G-protein coupled bile acid receptor 1,151306,GPBAR1,9606,Homo sapiens (human),Full agonist,pEC50,5.65,PMID:17825251,https://www.ncbi.nlm.nih.gov/pubmed/17825251,17825251,NULL,NULL
752173,10494,DGIdb,Oleanolic acid,NULL,OLEANOLIC_ACID,https://www.dgidb.org/drugs/OLEANOLIC_ACID,NULL,AKR1B10,https://www.dgidb.org/genes/AKR1B10,NULL,NULL,57016,AKR1B10,9606,Homo sapiens (human),NULL,NULL,NULL,PMID:21561086,https://www.ncbi.nlm.nih.gov/pubmed/21561086,21561086,NULL,NULL
753041,10494,CTD,Oleanolic acid,D009828,Oleanolic Acid,https://ctdbase.org/detail.go?type=chem&acc=D009828,8647,ABCB11,https://ctdbase.org/detail.go?type=gene&acc=8647,NULL,NULL,8647,ABCB11,10090,Mus musculus (house mouse),Oleanolic acid results in decreased expression of ABCB11 protein|oleanolic acid results in decreased expression of ABCB11 mRNA,NULL,NULL,PMID:23948738,https://www.ncbi.nlm.nih.gov/pubmed/23948738,23948738,NULL,NULL
753042,10494,CTD,Oleanolic acid,D009828,Oleanolic Acid,https://ctdbase.org/detail.go?type=chem&acc=D009828,9429,ABCG2,https://ctdbase.org/detail.go?type=gene&acc=9429,NULL,NULL,9429,ABCG2,10090,Mus musculus (house mouse),Oleanolic acid results in increased expression of ABCG2 mRNA,NULL,NULL,PMID:23948738,https://www.ncbi.nlm.nih.gov/pubmed/23948738,23948738,NULL,NULL
753043,10494,CTD,Oleanolic acid,D009828,Oleanolic Acid,https://ctdbase.org/detail.go?type=chem&acc=D009828,59,ACTA2,https://ctdbase.org/detail.go?type=gene&acc=59,NULL,NULL,59,ACTA2,10090,Mus musculus (house mouse),Oleanolic acid analog inhibits the reaction [carbon tetrachloride results in increased expression of ACTA2 mrna],NULL,NULL,PMID:17922224,https://www.ncbi.nlm.nih.gov/pubmed/17922224,17922224,NULL,NULL
753044,10494,CTD,Oleanolic acid,D009828,Oleanolic Acid,https://ctdbase.org/detail.go?type=chem&acc=D009828,11522,ADH1,https://ctdbase.org/detail.go?type=gene&acc=11522,NULL,NULL,11522,Adh1,10116,Rattus norvegicus (Norway rat),Oleanolic acid inhibits the reaction [ethanol results in increased expression of and results in increased activity of ADH1 protein],NULL,NULL,PMID:25111957,https://www.ncbi.nlm.nih.gov/pubmed/25111957,25111957,NULL,NULL
753045,10494,CTD,Oleanolic acid,D009828,Oleanolic Acid,https://ctdbase.org/detail.go?type=chem&acc=D009828,177,AGER,https://ctdbase.org/detail.go?type=gene&acc=177,NULL,NULL,177,AGER,9606,Homo sapiens (human),Oleanolic acid inhibits the reaction [HMGB1 protein results in increased expression of AGER protein],NULL,NULL,PMID:22386814,https://www.ncbi.nlm.nih.gov/pubmed/22386814,22386814,NULL,NULL
753046,10494,CTD,Oleanolic acid,D009828,Oleanolic Acid,https://ctdbase.org/detail.go?type=chem&acc=D009828,57016,AKR1B10,https://ctdbase.org/detail.go?type=gene&acc=57016,NULL,NULL,57016,AKR1B10,9606,Homo sapiens (human),Oleanolic acid inhibits the reaction [[AKR1B10 protein results in decreased susceptibility to doxorubicin] which results in increased secretion of MMP2 protein]|oleanolic acid inhibits the reaction [AKR1B10 protein results in decreased susceptibility to doxorubicin]|oleanolic acid inhibits the reaction [[AKR1B10 protein results in decreased susceptibility to doxorubicin] which results in increased expression of MMP2 mrna],NULL,NULL,PMID:25686905,https://www.ncbi.nlm.nih.gov/pubmed/25686905,25686905,NULL,NULL
753047,10494,CTD,Oleanolic acid,D009828,Oleanolic Acid,https://ctdbase.org/detail.go?type=chem&acc=D009828,57016,AKR1B10,https://ctdbase.org/detail.go?type=gene&acc=57016,NULL,NULL,57016,AKR1B10,9606,Homo sapiens (human),Oleanolic acid inhibits the reaction [AKR1B10 protein results in increased metabolism of 4-hydroxy-2-nonenal]|oleanolic acid inhibits the reaction [AKR1B10 protein results in increased metabolism of 4-oxo-2-nonenal],NULL,NULL,PMID:27417252,https://www.ncbi.nlm.nih.gov/pubmed/27417252,27417252,NULL,NULL
753216,10494,CTD,Oleanolic acid,D009828,Oleanolic Acid,https://ctdbase.org/detail.go?type=chem&acc=D009828,207,AKT1,https://ctdbase.org/detail.go?type=gene&acc=207,NULL,NULL,207,AKT1,9606,Homo sapiens (human),Oleanolic acid analog results in increased phosphorylation of AKT1 protein,NULL,NULL,PMID:26612655,https://www.ncbi.nlm.nih.gov/pubmed/26612655,26612655,NULL,NULL
753217,10494,CTD,Oleanolic acid,D009828,Oleanolic Acid,https://ctdbase.org/detail.go?type=chem&acc=D009828,207,AKT1,https://ctdbase.org/detail.go?type=gene&acc=207,NULL,NULL,207,AKT1,9606,Homo sapiens (human),Oleanolic acid results in decreased phosphorylation of AKT1 protein,NULL,NULL,PMID:35690101,https://www.ncbi.nlm.nih.gov/pubmed/35690101,35690101,NULL,NULL
753218,10494,CTD,Oleanolic acid,D009828,Oleanolic Acid,https://ctdbase.org/detail.go?type=chem&acc=D009828,207,AKT1,https://ctdbase.org/detail.go?type=gene&acc=207,NULL,NULL,207,AKT1,10116,Rattus norvegicus (Norway rat),[fructose co-treated with oleanolic acid] results in increased expression of AKT1 mRNA,NULL,NULL,PMID:24704288,https://www.ncbi.nlm.nih.gov/pubmed/24704288,24704288,NULL,NULL
753219,10494,CTD,Oleanolic acid,D009828,Oleanolic Acid,https://ctdbase.org/detail.go?type=chem&acc=D009828,9474,ATG5,https://ctdbase.org/detail.go?type=gene&acc=9474,NULL,NULL,9474,ATG5,9606,Homo sapiens (human),Oleanolic acid analog results in increased expression of ATG5 protein,NULL,NULL,PMID:26612655,https://www.ncbi.nlm.nih.gov/pubmed/26612655,26612655,NULL,NULL
753220,10494,CTD,Oleanolic acid,D009828,Oleanolic Acid,https://ctdbase.org/detail.go?type=chem&acc=D009828,9474,ATG5,https://ctdbase.org/detail.go?type=gene&acc=9474,NULL,NULL,9474,ATG5,9606,Homo sapiens (human),Oleanolic acid results in increased expression of ATG5 protein,NULL,NULL,PMID:35690101,https://www.ncbi.nlm.nih.gov/pubmed/35690101,35690101,NULL,NULL
753221,10494,CTD,Oleanolic acid,D009828,Oleanolic Acid,https://ctdbase.org/detail.go?type=chem&acc=D009828,9474,ATG5,https://ctdbase.org/detail.go?type=gene&acc=9474,NULL,NULL,9474,ATG5,10090,Mus musculus (house mouse),Oleanolic acid inhibits the reaction [cisplatin results in increased expression of ATG5 protein],NULL,NULL,PMID:31306688,https://www.ncbi.nlm.nih.gov/pubmed/31306688,31306688,NULL,NULL
753222,10494,CTD,Oleanolic acid,D009828,Oleanolic Acid,https://ctdbase.org/detail.go?type=chem&acc=D009828,581,BAX,https://ctdbase.org/detail.go?type=gene&acc=581,NULL,NULL,581,BAX,9606,Homo sapiens (human),[oleanolic acid analog binds to succinic acid] which results in increased expression of BAX mrna|[oleanolic acid analog binds to succinic acid] which results in increased expression of BAX protein,NULL,NULL,PMID:31401087,https://www.ncbi.nlm.nih.gov/pubmed/31401087,31401087,NULL,NULL
753223,10494,CTD,Oleanolic acid,D009828,Oleanolic Acid,https://ctdbase.org/detail.go?type=chem&acc=D009828,581,BAX,https://ctdbase.org/detail.go?type=gene&acc=581,NULL,NULL,581,BAX,9606,Homo sapiens (human),Oleanolic acid analog results in increased expression of BAX protein,NULL,NULL,PMID:26612655,https://www.ncbi.nlm.nih.gov/pubmed/26612655,26612655,NULL,NULL
753224,10494,CTD,Oleanolic acid,D009828,Oleanolic Acid,https://ctdbase.org/detail.go?type=chem&acc=D009828,581,BAX,https://ctdbase.org/detail.go?type=gene&acc=581,NULL,NULL,581,BAX,9606,Homo sapiens (human),Oleanolic acid inhibits the reaction [ochratoxin A results in increased expression of BAX protein]|trap1 protein affects the reaction [oleanolic acid inhibits the reaction [ochratoxin A results in increased expression of BAX protein]],NULL,NULL,PMID:33465424,https://www.ncbi.nlm.nih.gov/pubmed/33465424,33465424,NULL,NULL
753225,10494,CTD,Oleanolic acid,D009828,Oleanolic Acid,https://ctdbase.org/detail.go?type=chem&acc=D009828,581,BAX,https://ctdbase.org/detail.go?type=gene&acc=581,NULL,NULL,581,BAX,9606,Homo sapiens (human),Oleanolic acid results in increased expression of BAX protein,NULL,NULL,PMID:34364837,https://www.ncbi.nlm.nih.gov/pubmed/34364837,34364837,NULL,NULL
753226,10494,CTD,Oleanolic acid,D009828,Oleanolic Acid,https://ctdbase.org/detail.go?type=chem&acc=D009828,596,BCL2,https://ctdbase.org/detail.go?type=gene&acc=596,NULL,NULL,596,BCL2,9606,Homo sapiens (human),Oleanolic acid promotes the reaction [cisplatin results in decreased expression of BCL2 protein]|cisplatin promotes the reaction [oleanolic acid results in decreased expression of BCL2 protein],NULL,NULL,PMID:31306688,https://www.ncbi.nlm.nih.gov/pubmed/31306688,31306688,NULL,NULL
753409,10494,CTD,Oleanolic acid,D009828,Oleanolic Acid,https://ctdbase.org/detail.go?type=chem&acc=D009828,596,BCL2,https://ctdbase.org/detail.go?type=gene&acc=596,NULL,NULL,596,BCL2,9606,Homo sapiens (human),Oleanolic acid analog results in decreased expression of BCL2 protein,NULL,NULL,PMID:26612655,https://www.ncbi.nlm.nih.gov/pubmed/26612655,26612655,NULL,NULL
753410,10494,CTD,Oleanolic acid,D009828,Oleanolic Acid,https://ctdbase.org/detail.go?type=chem&acc=D009828,596,BCL2,https://ctdbase.org/detail.go?type=gene&acc=596,NULL,NULL,596,BCL2,9606,Homo sapiens (human),Oleanolic acid inhibits the reaction [ochratoxin A results in decreased expression of BCL2 protein]|trap1 protein affects the reaction [oleanolic acid inhibits the reaction [ochratoxin A results in decreased expression of BCL2 protein]],NULL,NULL,PMID:33465424,https://www.ncbi.nlm.nih.gov/pubmed/33465424,33465424,NULL,NULL
753411,10494,CTD,Oleanolic acid,D009828,Oleanolic Acid,https://ctdbase.org/detail.go?type=chem&acc=D009828,596,BCL2,https://ctdbase.org/detail.go?type=gene&acc=596,NULL,NULL,596,BCL2,9606,Homo sapiens (human),Oleanolic acid results in decreased expression of BCL2 protein,NULL,NULL,PMID:22678527|PMID:31306688|PMID:34364837,https://www.ncbi.nlm.nih.gov/pubmed/22678527|https://www.ncbi.nlm.nih.gov/pubmed/31306688|https://www.ncbi.nlm.nih.gov/pubmed/34364837,22678527|31306688|34364837,NULL,NULL
753412,10494,CTD,Oleanolic acid,D009828,Oleanolic Acid,https://ctdbase.org/detail.go?type=chem&acc=D009828,598,BCL2L1,https://ctdbase.org/detail.go?type=gene&acc=598,NULL,NULL,598,BCL2L1,9606,Homo sapiens (human),[oleanolic acid analog binds to succinic acid] which results in decreased expression of BCL2L1 mrna|[oleanolic acid analog binds to succinic acid] which results in decreased expression of BCL2L1 protein,NULL,NULL,PMID:31401087,https://www.ncbi.nlm.nih.gov/pubmed/31401087,31401087,NULL,NULL
753413,10494,CTD,Oleanolic acid,D009828,Oleanolic Acid,https://ctdbase.org/detail.go?type=chem&acc=D009828,8678,BECN1,https://ctdbase.org/detail.go?type=gene&acc=8678,NULL,NULL,8678,BECN1,9606,Homo sapiens (human),Oleanolic acid analog affects the expression of BECN1 protein,NULL,NULL,PMID:26612655,https://www.ncbi.nlm.nih.gov/pubmed/26612655,26612655,NULL,NULL
753414,10494,CTD,Oleanolic acid,D009828,Oleanolic Acid,https://ctdbase.org/detail.go?type=chem&acc=D009828,8678,BECN1,https://ctdbase.org/detail.go?type=gene&acc=8678,NULL,NULL,8678,BECN1,9606,Homo sapiens (human),Oleanolic acid results in increased expression of BECN1 protein,NULL,NULL,PMID:35690101,https://www.ncbi.nlm.nih.gov/pubmed/35690101,35690101,NULL,NULL
753415,10494,CTD,Oleanolic acid,D009828,Oleanolic Acid,https://ctdbase.org/detail.go?type=chem&acc=D009828,332,BIRC5,https://ctdbase.org/detail.go?type=gene&acc=332,NULL,NULL,332,BIRC5,9606,Homo sapiens (human),Oleanolic acid results in decreased expression of BIRC5 protein,NULL,NULL,PMID:22678527,https://www.ncbi.nlm.nih.gov/pubmed/22678527,22678527,NULL,NULL
753416,10494,CTD,Oleanolic acid,D009828,Oleanolic Acid,https://ctdbase.org/detail.go?type=chem&acc=D009828,836,CASP3,https://ctdbase.org/detail.go?type=gene&acc=836,NULL,NULL,836,CASP3,9606,Homo sapiens (human),Ascorbic acid inhibits the reaction [oleanolic acid results in increased cleavage of CASP3 protein],NULL,NULL,PMID:22678527,https://www.ncbi.nlm.nih.gov/pubmed/22678527,22678527,NULL,NULL
753417,10494,CTD,Oleanolic acid,D009828,Oleanolic Acid,https://ctdbase.org/detail.go?type=chem&acc=D009828,836,CASP3,https://ctdbase.org/detail.go?type=gene&acc=836,NULL,NULL,836,CASP3,9606,Homo sapiens (human),Cisplatin inhibits the reaction [oleanolic acid results in increased cleavage of CASP3 protein]|oleanolic acid inhibits the reaction [cisplatin results in increased cleavage of CASP3 protein],NULL,NULL,PMID:31306688,https://www.ncbi.nlm.nih.gov/pubmed/31306688,31306688,NULL,NULL
753418,10494,CTD,Oleanolic acid,D009828,Oleanolic Acid,https://ctdbase.org/detail.go?type=chem&acc=D009828,836,CASP3,https://ctdbase.org/detail.go?type=gene&acc=836,NULL,NULL,836,CASP3,9606,Homo sapiens (human),Oleanolic acid analog results in decreased expression of CASP3 protein,NULL,NULL,PMID:26612655,https://www.ncbi.nlm.nih.gov/pubmed/26612655,26612655,NULL,NULL
753600,10494,CTD,Oleanolic acid,D009828,Oleanolic Acid,https://ctdbase.org/detail.go?type=chem&acc=D009828,836,CASP3,https://ctdbase.org/detail.go?type=gene&acc=836,NULL,NULL,836,CASP3,9606,Homo sapiens (human),Oleanolic acid inhibits the reaction [ochratoxin A results in increased cleavage of CASP3 protein],NULL,NULL,PMID:33465424,https://www.ncbi.nlm.nih.gov/pubmed/33465424,33465424,NULL,NULL
753601,10494,CTD,Oleanolic acid,D009828,Oleanolic Acid,https://ctdbase.org/detail.go?type=chem&acc=D009828,836,CASP3,https://ctdbase.org/detail.go?type=gene&acc=836,NULL,NULL,836,CASP3,9606,Homo sapiens (human),Oleanolic acid results in increased activity of CASP3 protein,NULL,NULL,PMID:20005942,https://www.ncbi.nlm.nih.gov/pubmed/20005942,20005942,NULL,NULL
753602,10494,CTD,Oleanolic acid,D009828,Oleanolic Acid,https://ctdbase.org/detail.go?type=chem&acc=D009828,836,CASP3,https://ctdbase.org/detail.go?type=gene&acc=836,NULL,NULL,836,CASP3,9606,Homo sapiens (human),Oleanolic acid results in increased cleavage of CASP3 protein,NULL,NULL,PMID:22678527|PMID:31306688|PMID:35690101,https://www.ncbi.nlm.nih.gov/pubmed/22678527|https://www.ncbi.nlm.nih.gov/pubmed/31306688|https://www.ncbi.nlm.nih.gov/pubmed/35690101,22678527|31306688|35690101,NULL,NULL
753603,10494,CTD,Oleanolic acid,D009828,Oleanolic Acid,https://ctdbase.org/detail.go?type=chem&acc=D009828,836,CASP3,https://ctdbase.org/detail.go?type=gene&acc=836,NULL,NULL,836,CASP3,9606,Homo sapiens (human),Oleanolic acid results in increased expression of CASP3 protein,NULL,NULL,PMID:20726234,https://www.ncbi.nlm.nih.gov/pubmed/20726234,20726234,NULL,NULL
753604,10494,CTD,Oleanolic acid,D009828,Oleanolic Acid,https://ctdbase.org/detail.go?type=chem&acc=D009828,841,CASP8,https://ctdbase.org/detail.go?type=gene&acc=841,NULL,NULL,841,CASP8,9606,Homo sapiens (human),Oleanolic acid results in increased activity of CASP8 protein,NULL,NULL,PMID:20005942,https://www.ncbi.nlm.nih.gov/pubmed/20005942,20005942,NULL,NULL
753605,10494,CTD,Oleanolic acid,D009828,Oleanolic Acid,https://ctdbase.org/detail.go?type=chem&acc=D009828,842,CASP9,https://ctdbase.org/detail.go?type=gene&acc=842,NULL,NULL,842,CASP9,9606,Homo sapiens (human),Oleanolic acid analog results in decreased expression of CASP9 protein,NULL,NULL,PMID:26612655,https://www.ncbi.nlm.nih.gov/pubmed/26612655,26612655,NULL,NULL
753606,10494,CTD,Oleanolic acid,D009828,Oleanolic Acid,https://ctdbase.org/detail.go?type=chem&acc=D009828,842,CASP9,https://ctdbase.org/detail.go?type=gene&acc=842,NULL,NULL,842,CASP9,9606,Homo sapiens (human),Oleanolic acid inhibits the reaction [ochratoxin A results in increased cleavage of CASP9 protein],NULL,NULL,PMID:33465424,https://www.ncbi.nlm.nih.gov/pubmed/33465424,33465424,NULL,NULL
753607,10494,CTD,Oleanolic acid,D009828,Oleanolic Acid,https://ctdbase.org/detail.go?type=chem&acc=D009828,842,CASP9,https://ctdbase.org/detail.go?type=gene&acc=842,NULL,NULL,842,CASP9,9606,Homo sapiens (human),Oleanolic acid results in increased cleavage of CASP9 protein,NULL,NULL,PMID:22678527,https://www.ncbi.nlm.nih.gov/pubmed/22678527,22678527,NULL,NULL
753608,10494,CTD,Oleanolic acid,D009828,Oleanolic Acid,https://ctdbase.org/detail.go?type=chem&acc=D009828,842,CASP9,https://ctdbase.org/detail.go?type=gene&acc=842,NULL,NULL,842,CASP9,10090,Mus musculus (house mouse),Oleanolic acid inhibits the reaction [cisplatin results in increased cleavage of CASP9 protein],NULL,NULL,PMID:31306688,https://www.ncbi.nlm.nih.gov/pubmed/31306688,31306688,NULL,NULL
753609,10494,CTD,Oleanolic acid,D009828,Oleanolic Acid,https://ctdbase.org/detail.go?type=chem&acc=D009828,847,CAT,https://ctdbase.org/detail.go?type=gene&acc=847,NULL,NULL,847,CAT,9606,Homo sapiens (human),Oleanolic acid inhibits the reaction [tert-butylhydroperoxide results in decreased expression of CAT protein],NULL,NULL,PMID:20100471,https://www.ncbi.nlm.nih.gov/pubmed/20100471,20100471,NULL,NULL
753610,10494,CTD,Oleanolic acid,D009828,Oleanolic Acid,https://ctdbase.org/detail.go?type=chem&acc=D009828,847,CAT,https://ctdbase.org/detail.go?type=gene&acc=847,NULL,NULL,847,CAT,10090,Mus musculus (house mouse),Oleanolic acid inhibits the reaction [paraquat results in increased activity of CAT protein],NULL,NULL,PMID:21801858,https://www.ncbi.nlm.nih.gov/pubmed/21801858,21801858,NULL,NULL
753783,10494,CTD,Oleanolic acid,D009828,Oleanolic Acid,https://ctdbase.org/detail.go?type=chem&acc=D009828,847,CAT,https://ctdbase.org/detail.go?type=gene&acc=847,NULL,NULL,847,CAT,10116,Rattus norvegicus (Norway rat),Oleanolic acid inhibits the reaction [ethanol results in increased activity of CAT protein],NULL,NULL,PMID:25111957,https://www.ncbi.nlm.nih.gov/pubmed/25111957,25111957,NULL,NULL
753784,10494,CTD,Oleanolic acid,D009828,Oleanolic Acid,https://ctdbase.org/detail.go?type=chem&acc=D009828,847,CAT,https://ctdbase.org/detail.go?type=gene&acc=847,NULL,NULL,847,CAT,10116,Rattus norvegicus (Norway rat),Oleanolic acid results in increased expression of CAT mRNA,NULL,NULL,PMID:18706400,https://www.ncbi.nlm.nih.gov/pubmed/18706400,18706400,NULL,NULL
753785,10494,CTD,Oleanolic acid,D009828,Oleanolic Acid,https://ctdbase.org/detail.go?type=chem&acc=D009828,595,CCND1,https://ctdbase.org/detail.go?type=gene&acc=595,NULL,NULL,595,CCND1,9606,Homo sapiens (human),Oleanolic acid results in decreased expression of CCND1 protein,NULL,NULL,PMID:20726234|PMID:35690101,https://www.ncbi.nlm.nih.gov/pubmed/20726234|https://www.ncbi.nlm.nih.gov/pubmed/35690101,20726234|35690101,NULL,NULL
753786,10494,CTD,Oleanolic acid,D009828,Oleanolic Acid,https://ctdbase.org/detail.go?type=chem&acc=D009828,595,CCND1,https://ctdbase.org/detail.go?type=gene&acc=595,NULL,NULL,595,CCND1,10090,Mus musculus (house mouse),Oleanolic acid results in increased expression of CCND1 mRNA,NULL,NULL,PMID:18706400,https://www.ncbi.nlm.nih.gov/pubmed/18706400,18706400,NULL,NULL
753787,10494,CTD,Oleanolic acid,D009828,Oleanolic Acid,https://ctdbase.org/detail.go?type=chem&acc=D009828,2729,GCLC,https://ctdbase.org/detail.go?type=gene&acc=2729,NULL,NULL,2729,GCLC,10090,Mus musculus (house mouse),Oleanolic acid results in increased expression of GCLC protein,NULL,NULL,PMID:25280775,https://www.ncbi.nlm.nih.gov/pubmed/25280775,25280775,NULL,NULL
753788,10494,CTD,Oleanolic acid,D009828,Oleanolic Acid,https://ctdbase.org/detail.go?type=chem&acc=D009828,2729,GCLC,https://ctdbase.org/detail.go?type=gene&acc=2729,NULL,NULL,2729,GCLC,10116,Rattus norvegicus (Norway rat),Oleanolic acid results in increased expression of GCLC mRNA,NULL,NULL,PMID:18706400,https://www.ncbi.nlm.nih.gov/pubmed/18706400,18706400,NULL,NULL
753789,10494,CTD,Oleanolic acid,D009828,Oleanolic Acid,https://ctdbase.org/detail.go?type=chem&acc=D009828,29126,CD274,https://ctdbase.org/detail.go?type=gene&acc=29126,NULL,NULL,29126,CD274,9606,Homo sapiens (human),[oleanolic acid co-treated with ] inhibits the reaction [IL1B protein results in increased expression of CD274 mrna]|azacitidine inhibits the reaction [oleanolic acid inhibits the reaction [IL1B protein results in increased expression of CD274 mrna]]|tet3 protein inhibits the reaction [oleanolic acid inhibits the reaction [IL1B protein results in increased expression of CD274 protein]]|[oleanolic acid co-treated with ] inhibits the reaction [IL1B protein results in increased expression of CD274 protein]|tet3 protein inhibits the reaction [oleanolic acid inhibits the reaction [IL1B protein results in increased expression of CD274 mrna]]|azacitidine inhibits the reaction [oleanolic acid inhibits the reaction [IL1B protein results in increased expression of CD274 protein]]|oleanolic acid inhibits the reaction [IL1B protein results in increased expression of CD274 protein]|oleanolic acid inhibits the reaction [IL1B protein results in increased expression of CD274 mrna],NULL,NULL,PMID:32894642,https://www.ncbi.nlm.nih.gov/pubmed/32894642,32894642,NULL,NULL
753790,10494,CTD,Oleanolic acid,D009828,Oleanolic Acid,https://ctdbase.org/detail.go?type=chem&acc=D009828,1026,CDKN1A,https://ctdbase.org/detail.go?type=gene&acc=1026,NULL,NULL,1026,CDKN1A,9606,Homo sapiens (human),Oleanolic acid results in decreased expression of CDKN1A protein,NULL,NULL,PMID:22678527,https://www.ncbi.nlm.nih.gov/pubmed/22678527,22678527,NULL,NULL
753791,10494,CTD,Oleanolic acid,D009828,Oleanolic Acid,https://ctdbase.org/detail.go?type=chem&acc=D009828,1026,CDKN1A,https://ctdbase.org/detail.go?type=gene&acc=1026,NULL,NULL,1026,CDKN1A,9606,Homo sapiens (human),Oleanolic acid results in increased expression of CDKN1A protein,NULL,NULL,PMID:35690101,https://www.ncbi.nlm.nih.gov/pubmed/35690101,35690101,NULL,NULL
753792,10494,CTD,Oleanolic acid,D009828,Oleanolic Acid,https://ctdbase.org/detail.go?type=chem&acc=D009828,1026,CDKN1A,https://ctdbase.org/detail.go?type=gene&acc=1026,NULL,NULL,1026,CDKN1A,10090,Mus musculus (house mouse),Oleanolic acid inhibits the reaction [cisplatin results in increased expression of CDKN1A protein],NULL,NULL,PMID:31306688,https://www.ncbi.nlm.nih.gov/pubmed/31306688,31306688,NULL,NULL
753943,10494,CTD,Oleanolic acid,D009828,Oleanolic Acid,https://ctdbase.org/detail.go?type=chem&acc=D009828,1026,CDKN1A,https://ctdbase.org/detail.go?type=gene&acc=1026,NULL,NULL,1026,CDKN1A,10116,Rattus norvegicus (Norway rat),Oleanolic acid results in increased expression of CDKN1A mRNA,NULL,NULL,PMID:18706400,https://www.ncbi.nlm.nih.gov/pubmed/18706400,18706400,NULL,NULL
753944,10494,CTD,Oleanolic acid,D009828,Oleanolic Acid,https://ctdbase.org/detail.go?type=chem&acc=D009828,1147,CHUK,https://ctdbase.org/detail.go?type=gene&acc=1147,NULL,NULL,1147,CHUK,9606,Homo sapiens (human),Oleanolic acid inhibits the reaction [IL1B protein results in increased phosphorylation of CHUK protein],NULL,NULL,PMID:32894642,https://www.ncbi.nlm.nih.gov/pubmed/32894642,32894642,NULL,NULL
753945,10494,CTD,Oleanolic acid,D009828,Oleanolic Acid,https://ctdbase.org/detail.go?type=chem&acc=D009828,1277,COL1A1,https://ctdbase.org/detail.go?type=gene&acc=1277,NULL,NULL,1277,COL1A1,10116,Rattus norvegicus (Norway rat),Oleanolic acid analog results in decreased expression of COL1A1 mRNA,NULL,NULL,PMID:17922224,https://www.ncbi.nlm.nih.gov/pubmed/17922224,17922224,NULL,NULL
753946,10494,CTD,Oleanolic acid,D009828,Oleanolic Acid,https://ctdbase.org/detail.go?type=chem&acc=D009828,2919,CXCL1,https://ctdbase.org/detail.go?type=gene&acc=2919,NULL,NULL,2919,CXCL1,10090,Mus musculus (house mouse),Oleanolic acid inhibits the reaction [phalloidine results in increased expression of CXCL1 mrna],NULL,NULL,PMID:25280775,https://www.ncbi.nlm.nih.gov/pubmed/25280775,25280775,NULL,NULL
753947,10494,CTD,Oleanolic acid,D009828,Oleanolic Acid,https://ctdbase.org/detail.go?type=chem&acc=D009828,2920,CXCL2,https://ctdbase.org/detail.go?type=gene&acc=2920,NULL,NULL,2920,CXCL2,10090,Mus musculus (house mouse),Oleanolic acid results in increased expression of CXCL2 protein|oleanolic acid inhibits the reaction [phalloidine results in increased expression of CXCL2 mrna],NULL,NULL,PMID:25280775,https://www.ncbi.nlm.nih.gov/pubmed/25280775,25280775,NULL,NULL
753948,10494,CTD,Oleanolic acid,D009828,Oleanolic Acid,https://ctdbase.org/detail.go?type=chem&acc=D009828,2920,CXCL2,https://ctdbase.org/detail.go?type=gene&acc=2920,NULL,NULL,2920,CXCL2,10090,Mus musculus (house mouse),Oleanolic acid inhibits the reaction [tetradecanoylphorbol acetate results in increased expression of CXCL2 mrna],NULL,NULL,PMID:26513295,https://www.ncbi.nlm.nih.gov/pubmed/26513295,26513295,NULL,NULL
753949,10494,CTD,Oleanolic acid,D009828,Oleanolic Acid,https://ctdbase.org/detail.go?type=chem&acc=D009828,6374,CXCL5,https://ctdbase.org/detail.go?type=gene&acc=6374,NULL,NULL,6374,CXCL5,10116,Rattus norvegicus (Norway rat),Oleanolic acid results in increased expression of CXCL5 mRNA,NULL,NULL,PMID:18706400,https://www.ncbi.nlm.nih.gov/pubmed/18706400,18706400,NULL,NULL
753950,10494,CTD,Oleanolic acid,D009828,Oleanolic Acid,https://ctdbase.org/detail.go?type=chem&acc=D009828,54205,CYCS,https://ctdbase.org/detail.go?type=gene&acc=54205,NULL,NULL,54205,CYCS,9606,Homo sapiens (human),Oleanolic acid inhibits the reaction [ochratoxin A results in increased expression of CYCS protein],NULL,NULL,PMID:33465424,https://www.ncbi.nlm.nih.gov/pubmed/33465424,33465424,NULL,NULL
753951,10494,CTD,Oleanolic acid,D009828,Oleanolic Acid,https://ctdbase.org/detail.go?type=chem&acc=D009828,1544,CYP1A2,https://ctdbase.org/detail.go?type=gene&acc=1544,NULL,NULL,1544,CYP1A2,9606,Homo sapiens (human),Oleanolic acid results in decreased activity of CYP1A2 protein|oleanolic acid inhibits the reaction [CYP1A2 protein results in increased metabolism of phenacetin],NULL,NULL,PMID:15043991,https://www.ncbi.nlm.nih.gov/pubmed/15043991,15043991,NULL,NULL
753952,10494,CTD,Oleanolic acid,D009828,Oleanolic Acid,https://ctdbase.org/detail.go?type=chem&acc=D009828,1544,CYP1A2,https://ctdbase.org/detail.go?type=gene&acc=1544,NULL,NULL,1544,CYP1A2,10090,Mus musculus (house mouse),Oleanolic acid results in decreased expression of CYP1A2 mRNA,NULL,NULL,PMID:23948738,https://www.ncbi.nlm.nih.gov/pubmed/23948738,23948738,NULL,NULL
753953,10494,CTD,Oleanolic acid,D009828,Oleanolic Acid,https://ctdbase.org/detail.go?type=chem&acc=D009828,1544,CYP1A2,https://ctdbase.org/detail.go?type=gene&acc=1544,NULL,NULL,1544,CYP1A2,10116,Rattus norvegicus (Norway rat),Oleanolic acid results in decreased expression of CYP1A2 mRNA,NULL,NULL,PMID:18706400,https://www.ncbi.nlm.nih.gov/pubmed/18706400,18706400,NULL,NULL
754136,10494,CTD,Oleanolic acid,D009828,Oleanolic Acid,https://ctdbase.org/detail.go?type=chem&acc=D009828,1593,CYP27A1,https://ctdbase.org/detail.go?type=gene&acc=1593,NULL,NULL,1593,CYP27A1,10090,Mus musculus (house mouse),Oleanolic acid results in decreased expression of CYP27A1 mRNA,NULL,NULL,PMID:23948738,https://www.ncbi.nlm.nih.gov/pubmed/23948738,23948738,NULL,NULL
754137,10494,CTD,Oleanolic acid,D009828,Oleanolic Acid,https://ctdbase.org/detail.go?type=chem&acc=D009828,13088,CYP2B10,https://ctdbase.org/detail.go?type=gene&acc=13088,NULL,NULL,13088,Cyp2b10,10090,Mus musculus (house mouse),Oleanolic acid results in decreased expression of CYP2B10 mRNA,NULL,NULL,PMID:23948738,https://www.ncbi.nlm.nih.gov/pubmed/23948738,23948738,NULL,NULL
754138,10494,CTD,Oleanolic acid,D009828,Oleanolic Acid,https://ctdbase.org/detail.go?type=chem&acc=D009828,1571,CYP2E1,https://ctdbase.org/detail.go?type=gene&acc=1571,NULL,NULL,1571,CYP2E1,10090,Mus musculus (house mouse),Oleanolic acid inhibits the reaction [carbon tetrachloride results in increased expression of and results in increased activity of CYP2E1 protein],NULL,NULL,PMID:10355542,https://www.ncbi.nlm.nih.gov/pubmed/10355542,10355542,NULL,NULL
754139,10494,CTD,Oleanolic acid,D009828,Oleanolic Acid,https://ctdbase.org/detail.go?type=chem&acc=D009828,1571,CYP2E1,https://ctdbase.org/detail.go?type=gene&acc=1571,NULL,NULL,1571,CYP2E1,10090,Mus musculus (house mouse),Oleanolic acid results in decreased expression of CYP2E1 mRNA,NULL,NULL,PMID:18706400,https://www.ncbi.nlm.nih.gov/pubmed/18706400,18706400,NULL,NULL
754140,10494,CTD,Oleanolic acid,D009828,Oleanolic Acid,https://ctdbase.org/detail.go?type=chem&acc=D009828,1571,CYP2E1,https://ctdbase.org/detail.go?type=gene&acc=1571,NULL,NULL,1571,CYP2E1,10116,Rattus norvegicus (Norway rat),Oleanolic acid inhibits the reaction [ethanol results in increased expression of and results in increased activity of CYP2E1 protein],NULL,NULL,PMID:25111957,https://www.ncbi.nlm.nih.gov/pubmed/25111957,25111957,NULL,NULL
754141,10494,CTD,Oleanolic acid,D009828,Oleanolic Acid,https://ctdbase.org/detail.go?type=chem&acc=D009828,13107,CYP2F2,https://ctdbase.org/detail.go?type=gene&acc=13107,NULL,NULL,13107,Cyp2f2,10090,Mus musculus (house mouse),Oleanolic acid results in decreased expression of CYP2F2 mRNA,NULL,NULL,PMID:18706400,https://www.ncbi.nlm.nih.gov/pubmed/18706400,18706400,NULL,NULL
754142,10494,CTD,Oleanolic acid,D009828,Oleanolic Acid,https://ctdbase.org/detail.go?type=chem&acc=D009828,13109,CYP2J5,https://ctdbase.org/detail.go?type=gene&acc=13109,NULL,NULL,13109,Cyp2j5,10090,Mus musculus (house mouse),Oleanolic acid results in decreased expression of CYP2J5 mRNA,NULL,NULL,PMID:18706400,https://www.ncbi.nlm.nih.gov/pubmed/18706400,18706400,NULL,NULL
754143,10494,CTD,Oleanolic acid,D009828,Oleanolic Acid,https://ctdbase.org/detail.go?type=chem&acc=D009828,1576,CYP3A4,https://ctdbase.org/detail.go?type=gene&acc=1576,NULL,NULL,1576,CYP3A4,9606,Homo sapiens (human),Oleanolic acid results in decreased activity of CYP3A4 protein|oleanolic acid inhibits the reaction [CYP3A4 protein results in increased metabolism of midazolam],NULL,NULL,PMID:15043991,https://www.ncbi.nlm.nih.gov/pubmed/15043991,15043991,NULL,NULL
754144,10494,CTD,Oleanolic acid,D009828,Oleanolic Acid,https://ctdbase.org/detail.go?type=chem&acc=D009828,13117,CYP4A10,https://ctdbase.org/detail.go?type=gene&acc=13117,NULL,NULL,13117,Cyp4a10,10090,Mus musculus (house mouse),Oleanolic acid results in decreased expression of CYP4A10 mRNA,NULL,NULL,PMID:23948738,https://www.ncbi.nlm.nih.gov/pubmed/23948738,23948738,NULL,NULL
754145,10494,CTD,Oleanolic acid,D009828,Oleanolic Acid,https://ctdbase.org/detail.go?type=chem&acc=D009828,1581,CYP7A1,https://ctdbase.org/detail.go?type=gene&acc=1581,NULL,NULL,1581,CYP7A1,10090,Mus musculus (house mouse),Oleanolic acid results in decreased expression of CYP7A1 protein|oleanolic acid results in decreased expression of CYP7A1 mRNA,NULL,NULL,PMID:23948738,https://www.ncbi.nlm.nih.gov/pubmed/23948738,23948738,NULL,NULL
754146,10494,CTD,Oleanolic acid,D009828,Oleanolic Acid,https://ctdbase.org/detail.go?type=chem&acc=D009828,9420,CYP7B1,https://ctdbase.org/detail.go?type=gene&acc=9420,NULL,NULL,9420,CYP7B1,10090,Mus musculus (house mouse),Oleanolic acid results in decreased expression of CYP7B1 mRNA,NULL,NULL,PMID:23948738,https://www.ncbi.nlm.nih.gov/pubmed/23948738,23948738,NULL,NULL
754330,10494,CTD,Oleanolic acid,D009828,Oleanolic Acid,https://ctdbase.org/detail.go?type=chem&acc=D009828,1582,CYP8B1,https://ctdbase.org/detail.go?type=gene&acc=1582,NULL,NULL,1582,CYP8B1,10090,Mus musculus (house mouse),Oleanolic acid results in decreased expression of CYP8B1 protein|oleanolic acid results in decreased expression of CYP8B1 mRNA,NULL,NULL,PMID:23948738,https://www.ncbi.nlm.nih.gov/pubmed/23948738,23948738,NULL,NULL
754331,10494,CTD,Oleanolic acid,D009828,Oleanolic Acid,https://ctdbase.org/detail.go?type=chem&acc=D009828,1649,DDIT3,https://ctdbase.org/detail.go?type=gene&acc=1649,NULL,NULL,1649,DDIT3,9606,Homo sapiens (human),TRAP1 protein affects the reaction [oleanolic acid inhibits the reaction [ochratoxin A results in increased expression of DDIT3 protein]]|oleanolic acid inhibits the reaction [ochratoxin A results in increased expression of DDIT3 protein],NULL,NULL,PMID:33465424,https://www.ncbi.nlm.nih.gov/pubmed/33465424,33465424,NULL,NULL
754332,10494,CTD,Oleanolic acid,D009828,Oleanolic Acid,https://ctdbase.org/detail.go?type=chem&acc=D009828,1649,DDIT3,https://ctdbase.org/detail.go?type=gene&acc=1649,NULL,NULL,1649,DDIT3,10090,Mus musculus (house mouse),Oleanolic acid inhibits the reaction [phalloidine results in increased expression of DDIT3 mrna],NULL,NULL,PMID:25280775,https://www.ncbi.nlm.nih.gov/pubmed/25280775,25280775,NULL,NULL
754333,10494,CTD,Oleanolic acid,D009828,Oleanolic Acid,https://ctdbase.org/detail.go?type=chem&acc=D009828,2309,FOXO3,https://ctdbase.org/detail.go?type=gene&acc=2309,NULL,NULL,2309,FOXO3,9606,Homo sapiens (human),Oleanolic acid results in increased expression of and results in increased phosphorylation of FOXO3 protein|oleanolic acid affects the localization of FOXO3 protein,NULL,NULL,PMID:35690101,https://www.ncbi.nlm.nih.gov/pubmed/35690101,35690101,NULL,NULL
754334,10494,CTD,Oleanolic acid,D009828,Oleanolic Acid,https://ctdbase.org/detail.go?type=chem&acc=D009828,1647,GADD45A,https://ctdbase.org/detail.go?type=gene&acc=1647,NULL,NULL,1647,GADD45A,10090,Mus musculus (house mouse),Oleanolic acid inhibits the reaction [phalloidine results in increased expression of GADD45A mrna],NULL,NULL,PMID:25280775,https://www.ncbi.nlm.nih.gov/pubmed/25280775,25280775,NULL,NULL
754335,10494,CTD,Oleanolic acid,D009828,Oleanolic Acid,https://ctdbase.org/detail.go?type=chem&acc=D009828,2729,GCLC,https://ctdbase.org/detail.go?type=gene&acc=2729,NULL,NULL,2729,GCLC,10090,Mus musculus (house mouse),Oleanolic acid results in increased expression of GCLC mRNA,NULL,NULL,PMID:18706400|PMID:19283895,https://www.ncbi.nlm.nih.gov/pubmed/18706400|https://www.ncbi.nlm.nih.gov/pubmed/19283895,18706400|19283895,NULL,NULL
754336,10494,CTD,Oleanolic acid,D009828,Oleanolic Acid,https://ctdbase.org/detail.go?type=chem&acc=D009828,2730,GCLM,https://ctdbase.org/detail.go?type=gene&acc=2730,NULL,NULL,2730,GCLM,10090,Mus musculus (house mouse),Oleanolic acid results in increased expression of GCLM mRNA,NULL,NULL,PMID:18706400,https://www.ncbi.nlm.nih.gov/pubmed/18706400,18706400,NULL,NULL
754337,10494,CTD,Oleanolic acid,D009828,Oleanolic Acid,https://ctdbase.org/detail.go?type=chem&acc=D009828,51738,GHRL,https://ctdbase.org/detail.go?type=gene&acc=51738,NULL,NULL,51738,GHRL,10090,Mus musculus (house mouse),Oleanolic acid results in decreased expression of GHRL protein,NULL,NULL,PMID:20188082,https://www.ncbi.nlm.nih.gov/pubmed/20188082,20188082,NULL,NULL
754338,10494,CTD,Oleanolic acid,D009828,Oleanolic Acid,https://ctdbase.org/detail.go?type=chem&acc=D009828,2778,GNAS,https://ctdbase.org/detail.go?type=gene&acc=2778,NULL,NULL,2778,GNAS,10090,Mus musculus (house mouse),"[oleanolic acid binds to and results in increased activity of GPBAR1 protein] which results in increased activity of GNAS protein|[[oleanolic acid binds to and results in increased activity of GPBAR1 protein] which results in increased activity of GNAS protein] which results in increased abundance of calcium|4,4,',4'',4'''-(carbonylbis(imino-5,1,3-benzenetriylbis(carbonylimino)))tetrakis(benzene-1,3-disulfonate) inhibits the reaction [[[oleanolic acid binds to and results in increased activity of GPBAR1 protein] which results in increased activity of GNAS protein] which results in increased hydrolysis of phosphatidylinositols]|1-(6-((3-methoxyestra-1,3,5(10)-trien-17-yl)amino)hexyl)-1H-pyrrole-2,5-dione inhibits the reaction [[[oleanolic acid binds to and results in increased activity of GPBAR1 protein] which results in increased activity of GNAS protein] which results in increased hydrolysis of phosphatidylinositols]|[[oleanolic acid binds to and results in increased activity of GPBAR1 protein] which results in increased activity of GNAS protein] which results in increased abundance of cyclic amp|[[oleanolic acid binds to and results in increased activity of GPBAR1 protein] which results in increased activity of GNAS protein] which results in increased hydrolysis of phosphatidylinositols",NULL,NULL,PMID:23022524,https://www.ncbi.nlm.nih.gov/pubmed/23022524,23022524,NULL,NULL
754523,10494,CTD,Oleanolic acid,D009828,Oleanolic Acid,https://ctdbase.org/detail.go?type=chem&acc=D009828,151306,GPBAR1,https://ctdbase.org/detail.go?type=gene&acc=151306,NULL,NULL,151306,GPBAR1,9606,Homo sapiens (human),"[oleanolic acid binds to and results in increased activity of GPBAR1 protein] which results in increased activity of GNAS protein|[[oleanolic acid binds to and results in increased activity of GPBAR1 protein] which results in increased activity of GNAS protein] which results in increased abundance of calcium|4,4,',4'',4'''-(carbonylbis(imino-5,1,3-benzenetriylbis(carbonylimino)))tetrakis(benzene-1,3-disulfonate) inhibits the reaction [[[oleanolic acid binds to and results in increased activity of GPBAR1 protein] which results in increased activity of GNAS protein] which results in increased hydrolysis of phosphatidylinositols]|1-(6-((3-methoxyestra-1,3,5(10)-trien-17-yl)amino)hexyl)-1H-pyrrole-2,5-dione inhibits the reaction [[[oleanolic acid binds to and results in increased activity of GPBAR1 protein] which results in increased activity of GNAS protein] which results in increased hydrolysis of phosphatidylinositols]|[oleanolic acid binds to and results in increased activity of GPBAR1 protein] which results in increased abundance of calcium|[[oleanolic acid binds to and results in increased activity of GPBAR1 protein] which results in increased activity of GNAS protein] which results in increased abundance of cyclic amp|oleanolic acid binds to and results in increased activity of GPBAR1 protein|[[oleanolic acid binds to and results in increased activity of GPBAR1 protein] which results in increased activity of GNAS protein] which results in increased hydrolysis of phosphatidylinositols",NULL,NULL,PMID:23022524,https://www.ncbi.nlm.nih.gov/pubmed/23022524,23022524,NULL,NULL
754524,10494,CTD,Oleanolic acid,D009828,Oleanolic Acid,https://ctdbase.org/detail.go?type=chem&acc=D009828,151306,GPBAR1,https://ctdbase.org/detail.go?type=gene&acc=151306,NULL,NULL,151306,GPBAR1,10090,Mus musculus (house mouse),GPBAR1 protein results in increased susceptibility to oleanolic acid,NULL,NULL,PMID:23041323,https://www.ncbi.nlm.nih.gov/pubmed/23041323,23041323,NULL,NULL
754525,10494,CTD,Oleanolic acid,D009828,Oleanolic Acid,https://ctdbase.org/detail.go?type=chem&acc=D009828,151306,GPBAR1,https://ctdbase.org/detail.go?type=gene&acc=151306,NULL,NULL,151306,GPBAR1,10090,Mus musculus (house mouse),Oleanolic acid binds to and results in increased activity of GPBAR1 protein,NULL,NULL,PMID:23022524|PMID:23041323,https://www.ncbi.nlm.nih.gov/pubmed/23022524|https://www.ncbi.nlm.nih.gov/pubmed/23041323,23022524|23041323,NULL,NULL
754526,10494,CTD,Oleanolic acid,D009828,Oleanolic Acid,https://ctdbase.org/detail.go?type=chem&acc=D009828,2875,GPT,https://ctdbase.org/detail.go?type=gene&acc=2875,NULL,NULL,2875,GPT,10090,Mus musculus (house mouse),Oleanolic acid inhibits the reaction [carbon tetrachloride results in increased activity of GPT protein],NULL,NULL,PMID:10355542|PMID:15720792,https://www.ncbi.nlm.nih.gov/pubmed/10355542|https://www.ncbi.nlm.nih.gov/pubmed/15720792,10355542|15720792,NULL,NULL
754527,10494,CTD,Oleanolic acid,D009828,Oleanolic Acid,https://ctdbase.org/detail.go?type=chem&acc=D009828,2876,GPX1,https://ctdbase.org/detail.go?type=gene&acc=2876,NULL,NULL,2876,GPX1,10090,Mus musculus (house mouse),Oleanolic acid results in increased expression of GPX1 mRNA,NULL,NULL,PMID:18706400,https://www.ncbi.nlm.nih.gov/pubmed/18706400,18706400,NULL,NULL
754528,10494,CTD,Oleanolic acid,D009828,Oleanolic Acid,https://ctdbase.org/detail.go?type=chem&acc=D009828,2936,GSR,https://ctdbase.org/detail.go?type=gene&acc=2936,NULL,NULL,2936,GSR,10116,Rattus norvegicus (Norway rat),Oleanolic acid inhibits the reaction [ethanol results in decreased expression of and results in decreased activity of GSR protein],NULL,NULL,PMID:25111957,https://www.ncbi.nlm.nih.gov/pubmed/25111957,25111957,NULL,NULL
754529,10494,CTD,Oleanolic acid,D009828,Oleanolic Acid,https://ctdbase.org/detail.go?type=chem&acc=D009828,3065,HDAC1,https://ctdbase.org/detail.go?type=gene&acc=3065,NULL,NULL,3065,HDAC1,9606,Homo sapiens (human),Oleanolic acid results in decreased expression of HDAC1 protein,NULL,NULL,PMID:20726234,https://www.ncbi.nlm.nih.gov/pubmed/20726234,20726234,NULL,NULL
754530,10494,CTD,Oleanolic acid,D009828,Oleanolic Acid,https://ctdbase.org/detail.go?type=chem&acc=D009828,3146,HMGB1,https://ctdbase.org/detail.go?type=gene&acc=3146,NULL,NULL,3146,HMGB1,9606,Homo sapiens (human),Oleanolic acid inhibits the reaction [HMGB1 protein results in increased expression of AGER protein]|oleanolic acid inhibits the reaction [HMGB1 protein results in increased expression of TNF protein]|oleanolic acid inhibits the reaction [HMGB1 protein results in increased expression of SELE protein]|oleanolic acid inhibits the reaction [lipopolysaccharides results in increased secretion of HMGB1 protein]|oleanolic acid results in decreased expression of HMGB1 protein|oleanolic acid results in decreased susceptibility to HMGB1 protein|oleanolic acid inhibits the reaction [HMGB1 protein results in increased expression of ICAM1 protein]|oleanolic acid inhibits the reaction [HMGB1 protein results in increased expression of VCAM1 protein],NULL,NULL,PMID:22386814,https://www.ncbi.nlm.nih.gov/pubmed/22386814,22386814,NULL,NULL
754716,10494,CTD,Oleanolic acid,D009828,Oleanolic Acid,https://ctdbase.org/detail.go?type=chem&acc=D009828,3162,HMOX1,https://ctdbase.org/detail.go?type=gene&acc=3162,NULL,NULL,3162,HMOX1,9606,Homo sapiens (human),Oleanolic acid results in increased expression of HMOX1 protein,NULL,NULL,PMID:35690101,https://www.ncbi.nlm.nih.gov/pubmed/35690101,35690101,NULL,NULL
754717,10494,CTD,Oleanolic acid,D009828,Oleanolic Acid,https://ctdbase.org/detail.go?type=chem&acc=D009828,3162,HMOX1,https://ctdbase.org/detail.go?type=gene&acc=3162,NULL,NULL,3162,HMOX1,10090,Mus musculus (house mouse),Oleanolic acid inhibits the reaction [phalloidine results in increased expression of HMOX1 mrna],NULL,NULL,PMID:25280775,https://www.ncbi.nlm.nih.gov/pubmed/25280775,25280775,NULL,NULL
754718,10494,CTD,Oleanolic acid,D009828,Oleanolic Acid,https://ctdbase.org/detail.go?type=chem&acc=D009828,3162,HMOX1,https://ctdbase.org/detail.go?type=gene&acc=3162,NULL,NULL,3162,HMOX1,10090,Mus musculus (house mouse),Oleanolic acid results in increased expression of HMOX1 mRNA,NULL,NULL,PMID:18706400|PMID:19283895,https://www.ncbi.nlm.nih.gov/pubmed/18706400|https://www.ncbi.nlm.nih.gov/pubmed/19283895,18706400|19283895,NULL,NULL
754719,10494,CTD,Oleanolic acid,D009828,Oleanolic Acid,https://ctdbase.org/detail.go?type=chem&acc=D009828,3162,HMOX1,https://ctdbase.org/detail.go?type=gene&acc=3162,NULL,NULL,3162,HMOX1,10116,Rattus norvegicus (Norway rat),Oleanolic acid inhibits the reaction [ethanol results in decreased expression of HMOX1 protein],NULL,NULL,PMID:25111957,https://www.ncbi.nlm.nih.gov/pubmed/25111957,25111957,NULL,NULL
754720,10494,CTD,Oleanolic acid,D009828,Oleanolic Acid,https://ctdbase.org/detail.go?type=chem&acc=D009828,3304,HSPA1B,https://ctdbase.org/detail.go?type=gene&acc=3304,NULL,NULL,3304,HSPA1B,10090,Mus musculus (house mouse),Oleanolic acid results in increased expression of HSPA1B mRNA,NULL,NULL,PMID:18706400,https://www.ncbi.nlm.nih.gov/pubmed/18706400,18706400,NULL,NULL
754721,10494,CTD,Oleanolic acid,D009828,Oleanolic Acid,https://ctdbase.org/detail.go?type=chem&acc=D009828,3309,HSPA5,https://ctdbase.org/detail.go?type=gene&acc=3309,NULL,NULL,3309,HSPA5,9606,Homo sapiens (human),TRAP1 protein affects the reaction [oleanolic acid inhibits the reaction [ochratoxin A results in increased expression of HSPA5 protein]]|oleanolic acid inhibits the reaction [ochratoxin A results in increased expression of HSPA5 protein],NULL,NULL,PMID:33465424,https://www.ncbi.nlm.nih.gov/pubmed/33465424,33465424,NULL,NULL
754722,10494,CTD,Oleanolic acid,D009828,Oleanolic Acid,https://ctdbase.org/detail.go?type=chem&acc=D009828,3383,ICAM1,https://ctdbase.org/detail.go?type=gene&acc=3383,NULL,NULL,3383,ICAM1,9606,Homo sapiens (human),Oleanolic acid inhibits the reaction [HMGB1 protein results in increased expression of ICAM1 protein],NULL,NULL,PMID:22386814,https://www.ncbi.nlm.nih.gov/pubmed/22386814,22386814,NULL,NULL
754723,10494,CTD,Oleanolic acid,D009828,Oleanolic Acid,https://ctdbase.org/detail.go?type=chem&acc=D009828,3383,ICAM1,https://ctdbase.org/detail.go?type=gene&acc=3383,NULL,NULL,3383,ICAM1,9606,Homo sapiens (human),Oleanolic acid results in decreased expression of ICAM1 protein,NULL,NULL,PMID:20005942,https://www.ncbi.nlm.nih.gov/pubmed/20005942,20005942,NULL,NULL
754724,10494,CTD,Oleanolic acid,D009828,Oleanolic Acid,https://ctdbase.org/detail.go?type=chem&acc=D009828,3458,IFNG,https://ctdbase.org/detail.go?type=gene&acc=3458,NULL,NULL,3458,IFNG,10090,Mus musculus (house mouse),Oleanolic acid inhibits the reaction [paraquat results in increased expression of IFNG mrna],NULL,NULL,PMID:21801858,https://www.ncbi.nlm.nih.gov/pubmed/21801858,21801858,NULL,NULL
754725,10494,CTD,Oleanolic acid,D009828,Oleanolic Acid,https://ctdbase.org/detail.go?type=chem&acc=D009828,17750,MT2,https://ctdbase.org/detail.go?type=gene&acc=17750,NULL,NULL,17750,Mt2,10116,Rattus norvegicus (Norway rat),Oleanolic acid results in increased expression of MT2 mRNA,NULL,NULL,PMID:18706400,https://www.ncbi.nlm.nih.gov/pubmed/18706400,18706400,NULL,NULL
754726,10494,CTD,Oleanolic acid,D009828,Oleanolic Acid,https://ctdbase.org/detail.go?type=chem&acc=D009828,4502,MT2A,https://ctdbase.org/detail.go?type=gene&acc=4502,NULL,NULL,4502,MT2A,10116,Rattus norvegicus (Norway rat),Oleanolic acid results in increased expression of MT2A protein|oleanolic acid results in increased expression of MT2A mRNA,NULL,NULL,PMID:17637929,https://www.ncbi.nlm.nih.gov/pubmed/17637929,17637929,NULL,NULL
754880,10494,CTD,Oleanolic acid,D009828,Oleanolic Acid,https://ctdbase.org/detail.go?type=chem&acc=D009828,3553,IL1B,https://ctdbase.org/detail.go?type=gene&acc=3553,NULL,NULL,3553,IL1B,9606,Homo sapiens (human),[oleanolic acid co-treated with ] inhibits the reaction [IL1B protein results in increased expression of CD274 mrna]|azacitidine inhibits the reaction [oleanolic acid inhibits the reaction [IL1B protein results in increased expression of CD274 mrna]]|tet3 protein inhibits the reaction [oleanolic acid inhibits the reaction [IL1B protein results in increased expression of CD274 protein]]|[oleanolic acid co-treated with ] inhibits the reaction [IL1B protein results in increased expression of CD274 protein]|oleanolic acid inhibits the reaction [IL1B protein results in increased expression of TET3 protein]|oleanolic acid inhibits the reaction [IL1B protein results in increased phosphorylation of CHUK protein]|oleanolic acid inhibits the reaction [IL1B protein results in increased phosphorylation of NFKBIA protein]|tet3 protein inhibits the reaction [oleanolic acid inhibits the reaction [IL1B protein results in increased expression of CD274 mrna]]|azacitidine inhibits the reaction [oleanolic acid inhibits the reaction [IL1B protein results in increased expression of CD274 protein]]|oleanolic acid inhibits the reaction [IL1B protein results in increased expression of CD274 protein]|oleanolic acid inhibits the reaction [IL1B protein results in increased expression of CD274 mrna]|oleanolic acid inhibits the reaction [IL1B protein results in increased expression of RELA protein]|oleanolic acid inhibits the reaction [IL1B protein results in increased expression of TET3 mrna],NULL,NULL,PMID:32894642,https://www.ncbi.nlm.nih.gov/pubmed/32894642,32894642,NULL,NULL
754881,10494,CTD,Oleanolic acid,D009828,Oleanolic Acid,https://ctdbase.org/detail.go?type=chem&acc=D009828,50616,IL22,https://ctdbase.org/detail.go?type=gene&acc=50616,NULL,NULL,50616,IL22,10090,Mus musculus (house mouse),Oleanolic acid inhibits the reaction [tetradecanoylphorbol acetate results in increased expression of IL22 mrna],NULL,NULL,PMID:26513295,https://www.ncbi.nlm.nih.gov/pubmed/26513295,26513295,NULL,NULL
754882,10494,CTD,Oleanolic acid,D009828,Oleanolic Acid,https://ctdbase.org/detail.go?type=chem&acc=D009828,3569,IL6,https://ctdbase.org/detail.go?type=gene&acc=3569,NULL,NULL,3569,IL6,10090,Mus musculus (house mouse),Oleanolic acid inhibits the reaction [paraquat results in increased expression of IL6 mrna],NULL,NULL,PMID:21801858,https://www.ncbi.nlm.nih.gov/pubmed/21801858,21801858,NULL,NULL
754883,10494,CTD,Oleanolic acid,D009828,Oleanolic Acid,https://ctdbase.org/detail.go?type=chem&acc=D009828,3630,INS,https://ctdbase.org/detail.go?type=gene&acc=3630,NULL,NULL,3630,INS,9606,Homo sapiens (human),[oleanolic acid co-treated with glucose] results in increased secretion of INS protein,NULL,NULL,PMID:23022524,https://www.ncbi.nlm.nih.gov/pubmed/23022524,23022524,NULL,NULL
754884,10494,CTD,Oleanolic acid,D009828,Oleanolic Acid,https://ctdbase.org/detail.go?type=chem&acc=D009828,16333,INS1,https://ctdbase.org/detail.go?type=gene&acc=16333,NULL,NULL,16333,Ins1,10116,Rattus norvegicus (Norway rat),Oleanolic acid inhibits the reaction [fructose results in increased expression of INS1 protein],NULL,NULL,PMID:24704288,https://www.ncbi.nlm.nih.gov/pubmed/24704288,24704288,NULL,NULL
754885,10494,CTD,Oleanolic acid,D009828,Oleanolic Acid,https://ctdbase.org/detail.go?type=chem&acc=D009828,3643,INSR,https://ctdbase.org/detail.go?type=gene&acc=3643,NULL,NULL,3643,INSR,10116,Rattus norvegicus (Norway rat),[fructose co-treated with oleanolic acid] results in increased expression of INSR mRNA,NULL,NULL,PMID:24704288,https://www.ncbi.nlm.nih.gov/pubmed/24704288,24704288,NULL,NULL
754886,10494,CTD,Oleanolic acid,D009828,Oleanolic Acid,https://ctdbase.org/detail.go?type=chem&acc=D009828,3667,IRS1,https://ctdbase.org/detail.go?type=gene&acc=3667,NULL,NULL,3667,IRS1,10116,Rattus norvegicus (Norway rat),[fructose co-treated with oleanolic acid] results in increased expression of IRS1 mrna|[fructose co-treated with oleanolic acid] results in increased expression of IRS1 protein|oleanolic acid inhibits the reaction [fructose results in increased phosphorylation of IRS1 protein],NULL,NULL,PMID:24704288,https://www.ncbi.nlm.nih.gov/pubmed/24704288,24704288,NULL,NULL
754887,10494,CTD,Oleanolic acid,D009828,Oleanolic Acid,https://ctdbase.org/detail.go?type=chem&acc=D009828,3952,LEP,https://ctdbase.org/detail.go?type=gene&acc=3952,NULL,NULL,3952,LEP,10090,Mus musculus (house mouse),Oleanolic acid results in increased expression of LEP protein,NULL,NULL,PMID:20188082,https://www.ncbi.nlm.nih.gov/pubmed/20188082,20188082,NULL,NULL
754888,10494,CTD,Oleanolic acid,D009828,Oleanolic Acid,https://ctdbase.org/detail.go?type=chem&acc=D009828,81631,MAP1LC3B,https://ctdbase.org/detail.go?type=gene&acc=81631,NULL,NULL,81631,MAP1LC3B,9606,Homo sapiens (human),Oleanolic acid results in increased expression of MAP1LC3B protein|oleanolic acid inhibits the reaction [cisplatin results in increased expression of MAP1LC3B protein]|oleanolic acid promotes the reaction [cisplatin results in increased expression of MAP1LC3B protein]|cisplatin promotes the reaction [oleanolic acid results in increased expression of MAP1LC3B protein],NULL,NULL,PMID:31306688,https://www.ncbi.nlm.nih.gov/pubmed/31306688,31306688,NULL,NULL
755064,10494,CTD,Oleanolic acid,D009828,Oleanolic Acid,https://ctdbase.org/detail.go?type=chem&acc=D009828,81631,MAP1LC3B,https://ctdbase.org/detail.go?type=gene&acc=81631,NULL,NULL,81631,MAP1LC3B,9606,Homo sapiens (human),Oleanolic acid results in increased expression of and results in increased lipidation of MAP1LC3B protein,NULL,NULL,PMID:35690101,https://www.ncbi.nlm.nih.gov/pubmed/35690101,35690101,NULL,NULL
755065,10494,CTD,Oleanolic acid,D009828,Oleanolic Acid,https://ctdbase.org/detail.go?type=chem&acc=D009828,5594,MAPK1,https://ctdbase.org/detail.go?type=gene&acc=5594,NULL,NULL,5594,MAPK1,9606,Homo sapiens (human),Oleanolic acid analog results in decreased phosphorylation of MAPK1 protein,NULL,NULL,PMID:26612655,https://www.ncbi.nlm.nih.gov/pubmed/26612655,26612655,NULL,NULL
755066,10494,CTD,Oleanolic acid,D009828,Oleanolic Acid,https://ctdbase.org/detail.go?type=chem&acc=D009828,5594,MAPK1,https://ctdbase.org/detail.go?type=gene&acc=5594,NULL,NULL,5594,MAPK1,9606,Homo sapiens (human),Oleanolic acid inhibits the reaction [tert-butylhydroperoxide results in decreased expression of MAPK1 protein modified form],NULL,NULL,PMID:20100471,https://www.ncbi.nlm.nih.gov/pubmed/20100471,20100471,NULL,NULL
755067,10494,CTD,Oleanolic acid,D009828,Oleanolic Acid,https://ctdbase.org/detail.go?type=chem&acc=D009828,5594,MAPK1,https://ctdbase.org/detail.go?type=gene&acc=5594,NULL,NULL,5594,MAPK1,9606,Homo sapiens (human),Oleanolic acid results in decreased phosphorylation of MAPK1 protein,NULL,NULL,PMID:35690101,https://www.ncbi.nlm.nih.gov/pubmed/35690101,35690101,NULL,NULL
755068,10494,CTD,Oleanolic acid,D009828,Oleanolic Acid,https://ctdbase.org/detail.go?type=chem&acc=D009828,5594,MAPK1,https://ctdbase.org/detail.go?type=gene&acc=5594,NULL,NULL,5594,MAPK1,10090,Mus musculus (house mouse),Oleanolic acid inhibits the reaction [cisplatin results in increased phosphorylation of MAPK1 protein],NULL,NULL,PMID:31306688,https://www.ncbi.nlm.nih.gov/pubmed/31306688,31306688,NULL,NULL
755069,10494,CTD,Oleanolic acid,D009828,Oleanolic Acid,https://ctdbase.org/detail.go?type=chem&acc=D009828,1432,MAPK14,https://ctdbase.org/detail.go?type=gene&acc=1432,NULL,NULL,1432,MAPK14,9606,Homo sapiens (human),Oleanolic acid analog results in decreased phosphorylation of MAPK14 protein,NULL,NULL,PMID:26612655,https://www.ncbi.nlm.nih.gov/pubmed/26612655,26612655,NULL,NULL
755070,10494,CTD,Oleanolic acid,D009828,Oleanolic Acid,https://ctdbase.org/detail.go?type=chem&acc=D009828,5595,MAPK3,https://ctdbase.org/detail.go?type=gene&acc=5595,NULL,NULL,5595,MAPK3,9606,Homo sapiens (human),Oleanolic acid analog results in decreased phosphorylation of MAPK3 protein,NULL,NULL,PMID:26612655,https://www.ncbi.nlm.nih.gov/pubmed/26612655,26612655,NULL,NULL
755071,10494,CTD,Oleanolic acid,D009828,Oleanolic Acid,https://ctdbase.org/detail.go?type=chem&acc=D009828,5595,MAPK3,https://ctdbase.org/detail.go?type=gene&acc=5595,NULL,NULL,5595,MAPK3,9606,Homo sapiens (human),Oleanolic acid inhibits the reaction [tert-butylhydroperoxide results in decreased expression of MAPK3 protein modified form],NULL,NULL,PMID:20100471,https://www.ncbi.nlm.nih.gov/pubmed/20100471,20100471,NULL,NULL
755072,10494,CTD,Oleanolic acid,D009828,Oleanolic Acid,https://ctdbase.org/detail.go?type=chem&acc=D009828,5595,MAPK3,https://ctdbase.org/detail.go?type=gene&acc=5595,NULL,NULL,5595,MAPK3,9606,Homo sapiens (human),Oleanolic acid results in decreased phosphorylation of MAPK3 protein,NULL,NULL,PMID:35690101,https://www.ncbi.nlm.nih.gov/pubmed/35690101,35690101,NULL,NULL
755073,10494,CTD,Oleanolic acid,D009828,Oleanolic Acid,https://ctdbase.org/detail.go?type=chem&acc=D009828,5595,MAPK3,https://ctdbase.org/detail.go?type=gene&acc=5595,NULL,NULL,5595,MAPK3,10090,Mus musculus (house mouse),Oleanolic acid inhibits the reaction [cisplatin results in increased phosphorylation of MAPK3 protein],NULL,NULL,PMID:31306688,https://www.ncbi.nlm.nih.gov/pubmed/31306688,31306688,NULL,NULL
755074,10494,CTD,Oleanolic acid,D009828,Oleanolic Acid,https://ctdbase.org/detail.go?type=chem&acc=D009828,5599,MAPK8,https://ctdbase.org/detail.go?type=gene&acc=5599,NULL,NULL,5599,MAPK8,9606,Homo sapiens (human),Oleanolic acid analog results in decreased phosphorylation of MAPK8 protein,NULL,NULL,PMID:26612655,https://www.ncbi.nlm.nih.gov/pubmed/26612655,26612655,NULL,NULL
755240,10494,CTD,Oleanolic acid,D009828,Oleanolic Acid,https://ctdbase.org/detail.go?type=chem&acc=D009828,4233,MET,https://ctdbase.org/detail.go?type=gene&acc=4233,NULL,NULL,4233,MET,9606,Homo sapiens (human),Oleanolic acid results in decreased expression of MET protein,NULL,NULL,PMID:20726234,https://www.ncbi.nlm.nih.gov/pubmed/20726234,20726234,NULL,NULL
755241,10494,CTD,Oleanolic acid,D009828,Oleanolic Acid,https://ctdbase.org/detail.go?type=chem&acc=D009828,4282,MIF,https://ctdbase.org/detail.go?type=gene&acc=4282,NULL,NULL,4282,MIF,10090,Mus musculus (house mouse),Oleanolic acid inhibits the reaction [paraquat results in increased expression of MIF mrna],NULL,NULL,PMID:21801858,https://www.ncbi.nlm.nih.gov/pubmed/21801858,21801858,NULL,NULL
755242,10494,CTD,Oleanolic acid,D009828,Oleanolic Acid,https://ctdbase.org/detail.go?type=chem&acc=D009828,4313,MMP2,https://ctdbase.org/detail.go?type=gene&acc=4313,NULL,NULL,4313,MMP2,9606,Homo sapiens (human),Oleanolic acid inhibits the reaction [[AKR1B10 protein results in decreased susceptibility to doxorubicin] which results in increased secretion of MMP2 protein]|oleanolic acid inhibits the reaction [[AKR1B10 protein results in decreased susceptibility to doxorubicin] which results in increased expression of MMP2 mrna],NULL,NULL,PMID:25686905,https://www.ncbi.nlm.nih.gov/pubmed/25686905,25686905,NULL,NULL
755243,10494,CTD,Oleanolic acid,D009828,Oleanolic Acid,https://ctdbase.org/detail.go?type=chem&acc=D009828,17748,MT1,https://ctdbase.org/detail.go?type=gene&acc=17748,NULL,NULL,17748,Mt1,10090,Mus musculus (house mouse),Oleanolic acid promotes the reaction [phalloidine results in increased expression of MT1 mrna],NULL,NULL,PMID:25280775,https://www.ncbi.nlm.nih.gov/pubmed/25280775,25280775,NULL,NULL
755244,10494,CTD,Oleanolic acid,D009828,Oleanolic Acid,https://ctdbase.org/detail.go?type=chem&acc=D009828,17748,MT1,https://ctdbase.org/detail.go?type=gene&acc=17748,NULL,NULL,17748,Mt1,10090,Mus musculus (house mouse),Oleanolic acid results in increased expression of MT1 mRNA,NULL,NULL,PMID:17637929|PMID:18706400,https://www.ncbi.nlm.nih.gov/pubmed/17637929|https://www.ncbi.nlm.nih.gov/pubmed/18706400,17637929|18706400,NULL,NULL
755245,10494,CTD,Oleanolic acid,D009828,Oleanolic Acid,https://ctdbase.org/detail.go?type=chem&acc=D009828,17748,MT1,https://ctdbase.org/detail.go?type=gene&acc=17748,NULL,NULL,17748,Mt1,10116,Rattus norvegicus (Norway rat),Oleanolic acid results in increased expression of MT1 mRNA,NULL,NULL,PMID:18706400,https://www.ncbi.nlm.nih.gov/pubmed/18706400,18706400,NULL,NULL
755246,10494,CTD,Oleanolic acid,D009828,Oleanolic Acid,https://ctdbase.org/detail.go?type=chem&acc=D009828,4489,MT1A,https://ctdbase.org/detail.go?type=gene&acc=4489,NULL,NULL,4489,MT1A,10116,Rattus norvegicus (Norway rat),Oleanolic acid results in increased expression of MT1A protein|oleanolic acid results in increased expression of MT1A mRNA,NULL,NULL,PMID:17637929,https://www.ncbi.nlm.nih.gov/pubmed/17637929,17637929,NULL,NULL
755247,10494,CTD,Oleanolic acid,D009828,Oleanolic Acid,https://ctdbase.org/detail.go?type=chem&acc=D009828,17750,MT2,https://ctdbase.org/detail.go?type=gene&acc=17750,NULL,NULL,17750,Mt2,10090,Mus musculus (house mouse),Oleanolic acid results in increased expression of MT2 mRNA,NULL,NULL,PMID:17637929|PMID:18706400,https://www.ncbi.nlm.nih.gov/pubmed/17637929|https://www.ncbi.nlm.nih.gov/pubmed/18706400,17637929|18706400,NULL,NULL
755248,10494,CTD,Oleanolic acid,D009828,Oleanolic Acid,https://ctdbase.org/detail.go?type=chem&acc=D009828,2475,MTOR,https://ctdbase.org/detail.go?type=gene&acc=2475,NULL,NULL,2475,MTOR,9606,Homo sapiens (human),Oleanolic acid analog results in decreased phosphorylation of MTOR protein,NULL,NULL,PMID:26612655,https://www.ncbi.nlm.nih.gov/pubmed/26612655,26612655,NULL,NULL
755249,10494,CTD,Oleanolic acid,D009828,Oleanolic Acid,https://ctdbase.org/detail.go?type=chem&acc=D009828,2475,MTOR,https://ctdbase.org/detail.go?type=gene&acc=2475,NULL,NULL,2475,MTOR,9606,Homo sapiens (human),Oleanolic acid results in decreased phosphorylation of MTOR protein,NULL,NULL,PMID:35690101,https://www.ncbi.nlm.nih.gov/pubmed/35690101,35690101,NULL,NULL
755250,10494,CTD,Oleanolic acid,D009828,Oleanolic Acid,https://ctdbase.org/detail.go?type=chem&acc=D009828,4609,MYC,https://ctdbase.org/detail.go?type=gene&acc=4609,NULL,NULL,4609,MYC,9606,Homo sapiens (human),[oleanolic acid analog binds to succinic acid] which results in decreased expression of MYC protein|[oleanolic acid analog binds to succinic acid] which results in decreased expression of MYC mRNA,NULL,NULL,PMID:31401087,https://www.ncbi.nlm.nih.gov/pubmed/31401087,31401087,NULL,NULL
755423,10494,CTD,Oleanolic acid,D009828,Oleanolic Acid,https://ctdbase.org/detail.go?type=chem&acc=D009828,4609,MYC,https://ctdbase.org/detail.go?type=gene&acc=4609,NULL,NULL,4609,MYC,10090,Mus musculus (house mouse),Oleanolic acid results in increased expression of MYC mRNA,NULL,NULL,PMID:18706400,https://www.ncbi.nlm.nih.gov/pubmed/18706400,18706400,NULL,NULL
755424,10494,CTD,Oleanolic acid,D009828,Oleanolic Acid,https://ctdbase.org/detail.go?type=chem&acc=D009828,4780,NFE2L2,https://ctdbase.org/detail.go?type=gene&acc=4780,NULL,NULL,4780,NFE2L2,9606,Homo sapiens (human),Oleanolic acid inhibits the reaction [tert-butylhydroperoxide results in decreased expression of NFE2L2 protein],NULL,NULL,PMID:20100471,https://www.ncbi.nlm.nih.gov/pubmed/20100471,20100471,NULL,NULL
755425,10494,CTD,Oleanolic acid,D009828,Oleanolic Acid,https://ctdbase.org/detail.go?type=chem&acc=D009828,4780,NFE2L2,https://ctdbase.org/detail.go?type=gene&acc=4780,NULL,NULL,4780,NFE2L2,9606,Homo sapiens (human),Oleanolic acid promotes the reaction [NFE2L2 protein results in increased expression of SREBF1 mrna],NULL,NULL,PMID:28796629,https://www.ncbi.nlm.nih.gov/pubmed/28796629,28796629,NULL,NULL
755426,10494,CTD,Oleanolic acid,D009828,Oleanolic Acid,https://ctdbase.org/detail.go?type=chem&acc=D009828,4780,NFE2L2,https://ctdbase.org/detail.go?type=gene&acc=4780,NULL,NULL,4780,NFE2L2,10090,Mus musculus (house mouse),Oleanolic acid results in increased activity of NFE2L2 protein|nfe2l2 protein affects the reaction [oleanolic acid results in increased expression of NQO1 protein]|nfe2l2 protein affects the reaction [oleanolic acid results in increased activity of NQO1 protein]|oleanolic acid affects the localization of NFE2L2 protein,NULL,NULL,PMID:19283895,https://www.ncbi.nlm.nih.gov/pubmed/19283895,19283895,NULL,NULL
755427,10494,CTD,Oleanolic acid,D009828,Oleanolic Acid,https://ctdbase.org/detail.go?type=chem&acc=D009828,4780,NFE2L2,https://ctdbase.org/detail.go?type=gene&acc=4780,NULL,NULL,4780,NFE2L2,10090,Mus musculus (house mouse),Oleanolic acid promotes the reaction [phalloidine results in increased expression of NFE2L2 mrna]|phalloidine promotes the reaction [oleanolic acid results in increased expression of NFE2L2 mrna],NULL,NULL,PMID:25280775,https://www.ncbi.nlm.nih.gov/pubmed/25280775,25280775,NULL,NULL
755428,10494,CTD,Oleanolic acid,D009828,Oleanolic Acid,https://ctdbase.org/detail.go?type=chem&acc=D009828,4780,NFE2L2,https://ctdbase.org/detail.go?type=gene&acc=4780,NULL,NULL,4780,NFE2L2,10090,Mus musculus (house mouse),Oleanolic acid results in increased expression of NFE2L2 mRNA,NULL,NULL,PMID:18706400|PMID:19283895|PMID:23948738|PMID:25280775,https://www.ncbi.nlm.nih.gov/pubmed/18706400|https://www.ncbi.nlm.nih.gov/pubmed/19283895|https://www.ncbi.nlm.nih.gov/pubmed/23948738|https://www.ncbi.nlm.nih.gov/pubmed/25280775,18706400|19283895|23948738|25280775,NULL,NULL
755429,10494,CTD,Oleanolic acid,D009828,Oleanolic Acid,https://ctdbase.org/detail.go?type=chem&acc=D009828,4780,NFE2L2,https://ctdbase.org/detail.go?type=gene&acc=4780,NULL,NULL,4780,NFE2L2,10090,Mus musculus (house mouse),Oleanolic acid results in increased expression of NFE2L2 protein,NULL,NULL,PMID:23948738,https://www.ncbi.nlm.nih.gov/pubmed/23948738,23948738,NULL,NULL
755430,10494,CTD,Oleanolic acid,D009828,Oleanolic Acid,https://ctdbase.org/detail.go?type=chem&acc=D009828,4780,NFE2L2,https://ctdbase.org/detail.go?type=gene&acc=4780,NULL,NULL,4780,NFE2L2,10116,Rattus norvegicus (Norway rat),Oleanolic acid inhibits the reaction [ethanol results in decreased expression of NFE2L2 protein]|oleanolic acid promotes the reaction [ethanol affects the localization of NFE2L2 protein],NULL,NULL,PMID:25111957,https://www.ncbi.nlm.nih.gov/pubmed/25111957,25111957,NULL,NULL
755431,10494,CTD,Oleanolic acid,D009828,Oleanolic Acid,https://ctdbase.org/detail.go?type=chem&acc=D009828,4780,NFE2L2,https://ctdbase.org/detail.go?type=gene&acc=4780,NULL,NULL,4780,NFE2L2,10116,Rattus norvegicus (Norway rat),Oleanolic acid results in increased expression of NFE2L2 mRNA,NULL,NULL,PMID:18706400,https://www.ncbi.nlm.nih.gov/pubmed/18706400,18706400,NULL,NULL
755432,10494,CTD,Oleanolic acid,D009828,Oleanolic Acid,https://ctdbase.org/detail.go?type=chem&acc=D009828,4790,NFKB1,https://ctdbase.org/detail.go?type=gene&acc=4790,NULL,NULL,4790,NFKB1,9606,Homo sapiens (human),[oleanolic acid analog binds to succinic acid] which results in decreased expression of NFKB1 mRNA,NULL,NULL,PMID:31401087,https://www.ncbi.nlm.nih.gov/pubmed/31401087,31401087,NULL,NULL
755617,10494,CTD,Oleanolic acid,D009828,Oleanolic Acid,https://ctdbase.org/detail.go?type=chem&acc=D009828,4792,NFKBIA,https://ctdbase.org/detail.go?type=gene&acc=4792,NULL,NULL,4792,NFKBIA,9606,Homo sapiens (human),Oleanolic acid analog results in decreased phosphorylation of NFKBIA protein,NULL,NULL,PMID:26612655,https://www.ncbi.nlm.nih.gov/pubmed/26612655,26612655,NULL,NULL
755618,10494,CTD,Oleanolic acid,D009828,Oleanolic Acid,https://ctdbase.org/detail.go?type=chem&acc=D009828,4792,NFKBIA,https://ctdbase.org/detail.go?type=gene&acc=4792,NULL,NULL,4792,NFKBIA,9606,Homo sapiens (human),Oleanolic acid inhibits the reaction [IL1B protein results in increased phosphorylation of NFKBIA protein],NULL,NULL,PMID:32894642,https://www.ncbi.nlm.nih.gov/pubmed/32894642,32894642,NULL,NULL
755619,10494,CTD,Oleanolic acid,D009828,Oleanolic Acid,https://ctdbase.org/detail.go?type=chem&acc=D009828,4792,NFKBIA,https://ctdbase.org/detail.go?type=gene&acc=4792,NULL,NULL,4792,NFKBIA,9606,Homo sapiens (human),Oleanolic acid results in decreased phosphorylation of NFKBIA protein,NULL,NULL,PMID:34364837,https://www.ncbi.nlm.nih.gov/pubmed/34364837,34364837,NULL,NULL
755620,10494,CTD,Oleanolic acid,D009828,Oleanolic Acid,https://ctdbase.org/detail.go?type=chem&acc=D009828,1728,NQO1,https://ctdbase.org/detail.go?type=gene&acc=1728,NULL,NULL,1728,NQO1,10090,Mus musculus (house mouse),NFE2L2 protein affects the reaction [oleanolic acid results in increased expression of NQO1 protein]|nfe2l2 protein affects the reaction [oleanolic acid results in increased activity of NQO1 protein]|oleanolic acid results in increased activity of NQO1 protein,NULL,NULL,PMID:19283895,https://www.ncbi.nlm.nih.gov/pubmed/19283895,19283895,NULL,NULL
755621,10494,CTD,Oleanolic acid,D009828,Oleanolic Acid,https://ctdbase.org/detail.go?type=chem&acc=D009828,1728,NQO1,https://ctdbase.org/detail.go?type=gene&acc=1728,NULL,NULL,1728,NQO1,10090,Mus musculus (house mouse),Oleanolic acid results in increased expression of NQO1 mRNA,NULL,NULL,PMID:18706400|PMID:19283895|PMID:23948738|PMID:25280775,https://www.ncbi.nlm.nih.gov/pubmed/18706400|https://www.ncbi.nlm.nih.gov/pubmed/19283895|https://www.ncbi.nlm.nih.gov/pubmed/23948738|https://www.ncbi.nlm.nih.gov/pubmed/25280775,18706400|19283895|23948738|25280775,NULL,NULL
755622,10494,CTD,Oleanolic acid,D009828,Oleanolic Acid,https://ctdbase.org/detail.go?type=chem&acc=D009828,1728,NQO1,https://ctdbase.org/detail.go?type=gene&acc=1728,NULL,NULL,1728,NQO1,10090,Mus musculus (house mouse),Oleanolic acid results in increased expression of NQO1 protein,NULL,NULL,PMID:19283895|PMID:23948738|PMID:25280775,https://www.ncbi.nlm.nih.gov/pubmed/19283895|https://www.ncbi.nlm.nih.gov/pubmed/23948738|https://www.ncbi.nlm.nih.gov/pubmed/25280775,19283895|23948738|25280775,NULL,NULL
755623,10494,CTD,Oleanolic acid,D009828,Oleanolic Acid,https://ctdbase.org/detail.go?type=chem&acc=D009828,1728,NQO1,https://ctdbase.org/detail.go?type=gene&acc=1728,NULL,NULL,1728,NQO1,10090,Mus musculus (house mouse),Phalloidine promotes the reaction [oleanolic acid results in increased expression of NQO1 mrna],NULL,NULL,PMID:25280775,https://www.ncbi.nlm.nih.gov/pubmed/25280775,25280775,NULL,NULL
755624,10494,CTD,Oleanolic acid,D009828,Oleanolic Acid,https://ctdbase.org/detail.go?type=chem&acc=D009828,1728,NQO1,https://ctdbase.org/detail.go?type=gene&acc=1728,NULL,NULL,1728,NQO1,10116,Rattus norvegicus (Norway rat),Oleanolic acid results in increased expression of NQO1 mRNA,NULL,NULL,PMID:18706400,https://www.ncbi.nlm.nih.gov/pubmed/18706400,18706400,NULL,NULL
755625,10494,CTD,Oleanolic acid,D009828,Oleanolic Acid,https://ctdbase.org/detail.go?type=chem&acc=D009828,9971,NR1H4,https://ctdbase.org/detail.go?type=gene&acc=9971,NULL,NULL,9971,NR1H4,10090,Mus musculus (house mouse),Oleanolic acid results in decreased expression of NR1H4 mRNA,NULL,NULL,PMID:23948738,https://www.ncbi.nlm.nih.gov/pubmed/23948738,23948738,NULL,NULL
755626,10494,CTD,Oleanolic acid,D009828,Oleanolic Acid,https://ctdbase.org/detail.go?type=chem&acc=D009828,9970,NR1I3,https://ctdbase.org/detail.go?type=gene&acc=9970,NULL,NULL,9970,NR1I3,10090,Mus musculus (house mouse),Oleanolic acid results in decreased expression of NR1I3 mRNA,NULL,NULL,PMID:23948738,https://www.ncbi.nlm.nih.gov/pubmed/23948738,23948738,NULL,NULL
755777,10494,CTD,Oleanolic acid,D009828,Oleanolic Acid,https://ctdbase.org/detail.go?type=chem&acc=D009828,5004,ORM1,https://ctdbase.org/detail.go?type=gene&acc=5004,NULL,NULL,5004,ORM1,10116,Rattus norvegicus (Norway rat),Oleanolic acid results in increased expression of ORM1 mRNA,NULL,NULL,PMID:18706400,https://www.ncbi.nlm.nih.gov/pubmed/18706400,18706400,NULL,NULL
755778,10494,CTD,Oleanolic acid,D009828,Oleanolic Acid,https://ctdbase.org/detail.go?type=chem&acc=D009828,142,PARP1,https://ctdbase.org/detail.go?type=gene&acc=142,NULL,NULL,142,PARP1,9606,Homo sapiens (human),Ascorbic acid inhibits the reaction [oleanolic acid results in increased cleavage of PARP1 protein],NULL,NULL,PMID:22678527,https://www.ncbi.nlm.nih.gov/pubmed/22678527,22678527,NULL,NULL
755779,10494,CTD,Oleanolic acid,D009828,Oleanolic Acid,https://ctdbase.org/detail.go?type=chem&acc=D009828,142,PARP1,https://ctdbase.org/detail.go?type=gene&acc=142,NULL,NULL,142,PARP1,9606,Homo sapiens (human),Oleanolic acid analog results in increased cleavage of PARP1 protein,NULL,NULL,PMID:26612655,https://www.ncbi.nlm.nih.gov/pubmed/26612655,26612655,NULL,NULL
755780,10494,CTD,Oleanolic acid,D009828,Oleanolic Acid,https://ctdbase.org/detail.go?type=chem&acc=D009828,142,PARP1,https://ctdbase.org/detail.go?type=gene&acc=142,NULL,NULL,142,PARP1,9606,Homo sapiens (human),Oleanolic acid inhibits the reaction [cisplatin results in increased cleavage of PARP1 protein],NULL,NULL,PMID:31306688,https://www.ncbi.nlm.nih.gov/pubmed/31306688,31306688,NULL,NULL
755781,10494,CTD,Oleanolic acid,D009828,Oleanolic Acid,https://ctdbase.org/detail.go?type=chem&acc=D009828,142,PARP1,https://ctdbase.org/detail.go?type=gene&acc=142,NULL,NULL,142,PARP1,9606,Homo sapiens (human),Oleanolic acid results in increased cleavage of PARP1 protein,NULL,NULL,PMID:22678527|PMID:34364837|PMID:35690101,https://www.ncbi.nlm.nih.gov/pubmed/22678527|https://www.ncbi.nlm.nih.gov/pubmed/34364837|https://www.ncbi.nlm.nih.gov/pubmed/35690101,22678527|34364837|35690101,NULL,NULL
755782,10494,CTD,Oleanolic acid,D009828,Oleanolic Acid,https://ctdbase.org/detail.go?type=chem&acc=D009828,5111,PCNA,https://ctdbase.org/detail.go?type=gene&acc=5111,NULL,NULL,5111,PCNA,10090,Mus musculus (house mouse),Oleanolic acid results in increased expression of PCNA mRNA,NULL,NULL,PMID:18706400,https://www.ncbi.nlm.nih.gov/pubmed/18706400,18706400,NULL,NULL
755783,10494,CTD,Oleanolic acid,D009828,Oleanolic Acid,https://ctdbase.org/detail.go?type=chem&acc=D009828,5288,PIK3C2G,https://ctdbase.org/detail.go?type=gene&acc=5288,NULL,NULL,5288,PIK3C2G,10116,Rattus norvegicus (Norway rat),[fructose co-treated with oleanolic acid] results in increased expression of PIK3C2G mRNA,NULL,NULL,PMID:24704288,https://www.ncbi.nlm.nih.gov/pubmed/24704288,24704288,NULL,NULL
755784,10494,CTD,Oleanolic acid,D009828,Oleanolic Acid,https://ctdbase.org/detail.go?type=chem&acc=D009828,5290,PIK3CA,https://ctdbase.org/detail.go?type=gene&acc=5290,NULL,NULL,5290,PIK3CA,9606,Homo sapiens (human),Oleanolic acid analog results in decreased expression of PIK3CA protein,NULL,NULL,PMID:26612655,https://www.ncbi.nlm.nih.gov/pubmed/26612655,26612655,NULL,NULL
755785,10494,CTD,Oleanolic acid,D009828,Oleanolic Acid,https://ctdbase.org/detail.go?type=chem&acc=D009828,65018,PINK1,https://ctdbase.org/detail.go?type=gene&acc=65018,NULL,NULL,65018,PINK1,9606,Homo sapiens (human),Oleanolic acid results in increased expression of PINK1 protein,NULL,NULL,PMID:35690101,https://www.ncbi.nlm.nih.gov/pubmed/35690101,35690101,NULL,NULL
755786,10494,CTD,Oleanolic acid,D009828,Oleanolic Acid,https://ctdbase.org/detail.go?type=chem&acc=D009828,5465,PPARA,https://ctdbase.org/detail.go?type=gene&acc=5465,NULL,NULL,5465,PPARA,10090,Mus musculus (house mouse),Oleanolic acid results in decreased expression of PPARA mRNA,NULL,NULL,PMID:23948738,https://www.ncbi.nlm.nih.gov/pubmed/23948738,23948738,NULL,NULL
755787,10494,CTD,Oleanolic acid,D009828,Oleanolic Acid,https://ctdbase.org/detail.go?type=chem&acc=D009828,10105,PPIF,https://ctdbase.org/detail.go?type=gene&acc=10105,NULL,NULL,10105,PPIF,9606,Homo sapiens (human),Oleanolic acid inhibits the reaction [ochratoxin A results in increased expression of PPIF protein],NULL,NULL,PMID:33465424,https://www.ncbi.nlm.nih.gov/pubmed/33465424,33465424,NULL,NULL
755955,10494,CTD,Oleanolic acid,D009828,Oleanolic Acid,https://ctdbase.org/detail.go?type=chem&acc=D009828,5052,PRDX1,https://ctdbase.org/detail.go?type=gene&acc=5052,NULL,NULL,5052,PRDX1,9606,Homo sapiens (human),Oleanolic acid inhibits the reaction [tert-butylhydroperoxide results in decreased expression of PRDX1 protein],NULL,NULL,PMID:20100471,https://www.ncbi.nlm.nih.gov/pubmed/20100471,20100471,NULL,NULL
755956,10494,CTD,Oleanolic acid,D009828,Oleanolic Acid,https://ctdbase.org/detail.go?type=chem&acc=D009828,5728,PTEN,https://ctdbase.org/detail.go?type=gene&acc=5728,NULL,NULL,5728,PTEN,9606,Homo sapiens (human),Oleanolic acid results in increased expression of PTEN protein,NULL,NULL,PMID:20726234,https://www.ncbi.nlm.nih.gov/pubmed/20726234,20726234,NULL,NULL
755957,10494,CTD,Oleanolic acid,D009828,Oleanolic Acid,https://ctdbase.org/detail.go?type=chem&acc=D009828,5743,PTGS2,https://ctdbase.org/detail.go?type=gene&acc=5743,NULL,NULL,5743,PTGS2,9606,Homo sapiens (human),[oleanolic acid analog binds to succinic acid] which results in decreased expression of PTGS2 mrna|[oleanolic acid analog binds to succinic acid] which results in decreased expression of PTGS2 protein,NULL,NULL,PMID:31401087,https://www.ncbi.nlm.nih.gov/pubmed/31401087,31401087,NULL,NULL
755958,10494,CTD,Oleanolic acid,D009828,Oleanolic Acid,https://ctdbase.org/detail.go?type=chem&acc=D009828,5743,PTGS2,https://ctdbase.org/detail.go?type=gene&acc=5743,NULL,NULL,5743,PTGS2,10090,Mus musculus (house mouse),Oleanolic acid inhibits the reaction [tetradecanoylphorbol acetate results in increased expression of PTGS2 protein]|oleanolic acid inhibits the reaction [tetradecanoylphorbol acetate results in increased expression of PTGS2 mrna],NULL,NULL,PMID:26513295,https://www.ncbi.nlm.nih.gov/pubmed/26513295,26513295,NULL,NULL
755959,10494,CTD,Oleanolic acid,D009828,Oleanolic Acid,https://ctdbase.org/detail.go?type=chem&acc=D009828,5743,PTGS2,https://ctdbase.org/detail.go?type=gene&acc=5743,NULL,NULL,5743,PTGS2,10090,Mus musculus (house mouse),Oleanolic acid results in increased expression of PTGS2 mRNA,NULL,NULL,PMID:18706400,https://www.ncbi.nlm.nih.gov/pubmed/18706400,18706400,NULL,NULL
755960,10494,CTD,Oleanolic acid,D009828,Oleanolic Acid,https://ctdbase.org/detail.go?type=chem&acc=D009828,5970,RELA,https://ctdbase.org/detail.go?type=gene&acc=5970,NULL,NULL,5970,RELA,9606,Homo sapiens (human),[oleanolic acid analog binds to succinic acid] which results in decreased expression of RELA mRNA,NULL,NULL,PMID:31401087,https://www.ncbi.nlm.nih.gov/pubmed/31401087,31401087,NULL,NULL
755961,10494,CTD,Oleanolic acid,D009828,Oleanolic Acid,https://ctdbase.org/detail.go?type=chem&acc=D009828,5970,RELA,https://ctdbase.org/detail.go?type=gene&acc=5970,NULL,NULL,5970,RELA,9606,Homo sapiens (human),Oleanolic acid analog results in decreased expression of and affects the localization of RELA protein,NULL,NULL,PMID:26362502,https://www.ncbi.nlm.nih.gov/pubmed/26362502,26362502,NULL,NULL
755962,10494,CTD,Oleanolic acid,D009828,Oleanolic Acid,https://ctdbase.org/detail.go?type=chem&acc=D009828,5970,RELA,https://ctdbase.org/detail.go?type=gene&acc=5970,NULL,NULL,5970,RELA,9606,Homo sapiens (human),Oleanolic acid analog results in decreased expression of RELA protein,NULL,NULL,PMID:26612655,https://www.ncbi.nlm.nih.gov/pubmed/26612655,26612655,NULL,NULL
755963,10494,CTD,Oleanolic acid,D009828,Oleanolic Acid,https://ctdbase.org/detail.go?type=chem&acc=D009828,5970,RELA,https://ctdbase.org/detail.go?type=gene&acc=5970,NULL,NULL,5970,RELA,9606,Homo sapiens (human),Oleanolic acid inhibits the reaction [IL1B protein results in increased expression of RELA protein],NULL,NULL,PMID:32894642,https://www.ncbi.nlm.nih.gov/pubmed/32894642,32894642,NULL,NULL
755964,10494,CTD,Oleanolic acid,D009828,Oleanolic Acid,https://ctdbase.org/detail.go?type=chem&acc=D009828,6401,SELE,https://ctdbase.org/detail.go?type=gene&acc=6401,NULL,NULL,6401,SELE,9606,Homo sapiens (human),Oleanolic acid inhibits the reaction [HMGB1 protein results in increased expression of SELE protein],NULL,NULL,PMID:22386814,https://www.ncbi.nlm.nih.gov/pubmed/22386814,22386814,NULL,NULL
755965,10494,CTD,Oleanolic acid,D009828,Oleanolic Acid,https://ctdbase.org/detail.go?type=chem&acc=D009828,6554,SLC10A1,https://ctdbase.org/detail.go?type=gene&acc=6554,NULL,NULL,6554,SLC10A1,10090,Mus musculus (house mouse),Oleanolic acid results in decreased expression of SLC10A1 mrna|oleanolic acid results in decreased expression of SLC10A1 protein,NULL,NULL,PMID:23948738,https://www.ncbi.nlm.nih.gov/pubmed/23948738,23948738,NULL,NULL
756123,10494,CTD,Oleanolic acid,D009828,Oleanolic Acid,https://ctdbase.org/detail.go?type=chem&acc=D009828,200931,SLC51A,https://ctdbase.org/detail.go?type=gene&acc=200931,NULL,NULL,200931,SLC51A,10090,Mus musculus (house mouse),Oleanolic acid results in decreased expression of SLC51A mRNA,NULL,NULL,PMID:23948738,https://www.ncbi.nlm.nih.gov/pubmed/23948738,23948738,NULL,NULL
756124,10494,CTD,Oleanolic acid,D009828,Oleanolic Acid,https://ctdbase.org/detail.go?type=chem&acc=D009828,123264,SLC51B,https://ctdbase.org/detail.go?type=gene&acc=123264,NULL,NULL,123264,SLC51B,10090,Mus musculus (house mouse),Oleanolic acid results in increased expression of SLC51B protein|oleanolic acid results in increased expression of SLC51B mRNA,NULL,NULL,PMID:23948738,https://www.ncbi.nlm.nih.gov/pubmed/23948738,23948738,NULL,NULL
756125,10494,CTD,Oleanolic acid,D009828,Oleanolic Acid,https://ctdbase.org/detail.go?type=chem&acc=D009828,28248,SLCO1A1,https://ctdbase.org/detail.go?type=gene&acc=28248,NULL,NULL,28248,Slco1a1,10090,Mus musculus (house mouse),Oleanolic acid results in decreased expression of SLCO1A1 mRNA,NULL,NULL,PMID:23948738,https://www.ncbi.nlm.nih.gov/pubmed/23948738,23948738,NULL,NULL
756126,10494,CTD,Oleanolic acid,D009828,Oleanolic Acid,https://ctdbase.org/detail.go?type=chem&acc=D009828,28250,SLCO1A4,https://ctdbase.org/detail.go?type=gene&acc=28250,NULL,NULL,28250,Slco1a4,10090,Mus musculus (house mouse),Oleanolic acid results in decreased expression of SLCO1A4 mRNA,NULL,NULL,PMID:23948738,https://www.ncbi.nlm.nih.gov/pubmed/23948738,23948738,NULL,NULL
756127,10494,CTD,Oleanolic acid,D009828,Oleanolic Acid,https://ctdbase.org/detail.go?type=chem&acc=D009828,28253,SLCO1B2,https://ctdbase.org/detail.go?type=gene&acc=28253,NULL,NULL,28253,Slco1b2,10090,Mus musculus (house mouse),Oleanolic acid inhibits the reaction [phalloidine results in increased expression of SLCO1B2 mrna],NULL,NULL,PMID:25280775,https://www.ncbi.nlm.nih.gov/pubmed/25280775,25280775,NULL,NULL
756128,10494,CTD,Oleanolic acid,D009828,Oleanolic Acid,https://ctdbase.org/detail.go?type=chem&acc=D009828,28253,SLCO1B2,https://ctdbase.org/detail.go?type=gene&acc=28253,NULL,NULL,28253,Slco1b2,10090,Mus musculus (house mouse),Oleanolic acid results in decreased expression of SLCO1B2 protein,NULL,NULL,PMID:23948738,https://www.ncbi.nlm.nih.gov/pubmed/23948738,23948738,NULL,NULL
756129,10494,CTD,Oleanolic acid,D009828,Oleanolic Acid,https://ctdbase.org/detail.go?type=chem&acc=D009828,6647,SOD1,https://ctdbase.org/detail.go?type=gene&acc=6647,NULL,NULL,6647,SOD1,10090,Mus musculus (house mouse),Oleanolic acid results in increased expression of SOD1 mRNA,NULL,NULL,PMID:18706400,https://www.ncbi.nlm.nih.gov/pubmed/18706400,18706400,NULL,NULL
756130,10494,CTD,Oleanolic acid,D009828,Oleanolic Acid,https://ctdbase.org/detail.go?type=chem&acc=D009828,6647,SOD1,https://ctdbase.org/detail.go?type=gene&acc=6647,NULL,NULL,6647,SOD1,10116,Rattus norvegicus (Norway rat),Oleanolic acid inhibits the reaction [ethanol results in decreased expression of SOD1 protein],NULL,NULL,PMID:25111957,https://www.ncbi.nlm.nih.gov/pubmed/25111957,25111957,NULL,NULL
756131,10494,CTD,Oleanolic acid,D009828,Oleanolic Acid,https://ctdbase.org/detail.go?type=chem&acc=D009828,8878,SQSTM1,https://ctdbase.org/detail.go?type=gene&acc=8878,NULL,NULL,8878,SQSTM1,9606,Homo sapiens (human),Oleanolic acid results in increased expression of SQSTM1 protein,NULL,NULL,PMID:35690101,https://www.ncbi.nlm.nih.gov/pubmed/35690101,35690101,NULL,NULL
756132,10494,CTD,Oleanolic acid,D009828,Oleanolic Acid,https://ctdbase.org/detail.go?type=chem&acc=D009828,6720,SREBF1,https://ctdbase.org/detail.go?type=gene&acc=6720,NULL,NULL,6720,SREBF1,9606,Homo sapiens (human),Oleanolic acid promotes the reaction [NFE2L2 protein results in increased expression of SREBF1 mrna],NULL,NULL,PMID:28796629,https://www.ncbi.nlm.nih.gov/pubmed/28796629,28796629,NULL,NULL
756133,10494,CTD,Oleanolic acid,D009828,Oleanolic Acid,https://ctdbase.org/detail.go?type=chem&acc=D009828,6774,STAT3,https://ctdbase.org/detail.go?type=gene&acc=6774,NULL,NULL,6774,STAT3,9606,Homo sapiens (human),[oleanolic acid analog binds to succinic acid] which results in decreased expression of STAT3 mRNA,NULL,NULL,PMID:31401087,https://www.ncbi.nlm.nih.gov/pubmed/31401087,31401087,NULL,NULL
756293,10494,CTD,Oleanolic acid,D009828,Oleanolic Acid,https://ctdbase.org/detail.go?type=chem&acc=D009828,6774,STAT3,https://ctdbase.org/detail.go?type=gene&acc=6774,NULL,NULL,6774,STAT3,10090,Mus musculus (house mouse),Oleanolic acid inhibits the reaction [cisplatin results in increased phosphorylation of STAT3 protein],NULL,NULL,PMID:31306688,https://www.ncbi.nlm.nih.gov/pubmed/31306688,31306688,NULL,NULL
756294,10494,CTD,Oleanolic acid,D009828,Oleanolic Acid,https://ctdbase.org/detail.go?type=chem&acc=D009828,6774,STAT3,https://ctdbase.org/detail.go?type=gene&acc=6774,NULL,NULL,6774,STAT3,10090,Mus musculus (house mouse),Oleanolic acid results in increased expression of STAT3 mRNA,NULL,NULL,PMID:18706400,https://www.ncbi.nlm.nih.gov/pubmed/18706400,18706400,NULL,NULL
756295,10494,CTD,Oleanolic acid,D009828,Oleanolic Acid,https://ctdbase.org/detail.go?type=chem&acc=D009828,200424,TET3,https://ctdbase.org/detail.go?type=gene&acc=200424,NULL,NULL,200424,TET3,9606,Homo sapiens (human),TET3 protein inhibits the reaction [oleanolic acid inhibits the reaction [IL1B protein results in increased expression of CD274 mrna]]|oleanolic acid inhibits the reaction [IL1B protein results in increased expression of TET3 protein]|oleanolic acid inhibits the reaction [IL1B protein results in increased expression of TET3 mrna]|tet3 protein inhibits the reaction [oleanolic acid inhibits the reaction [IL1B protein results in increased expression of CD274 protein]],NULL,NULL,PMID:32894642,https://www.ncbi.nlm.nih.gov/pubmed/32894642,32894642,NULL,NULL
756296,10494,CTD,Oleanolic acid,D009828,Oleanolic Acid,https://ctdbase.org/detail.go?type=chem&acc=D009828,7040,TGFB1,https://ctdbase.org/detail.go?type=gene&acc=7040,NULL,NULL,7040,TGFB1,10090,Mus musculus (house mouse),Oleanolic acid inhibits the reaction [paraquat results in increased expression of TGFB1 mrna],NULL,NULL,PMID:21801858,https://www.ncbi.nlm.nih.gov/pubmed/21801858,21801858,NULL,NULL
756297,10494,CTD,Oleanolic acid,D009828,Oleanolic Acid,https://ctdbase.org/detail.go?type=chem&acc=D009828,7076,TIMP1,https://ctdbase.org/detail.go?type=gene&acc=7076,NULL,NULL,7076,TIMP1,10090,Mus musculus (house mouse),Oleanolic acid analog inhibits the reaction [carbon tetrachloride results in increased expression of TIMP1 mrna],NULL,NULL,PMID:17922224,https://www.ncbi.nlm.nih.gov/pubmed/17922224,17922224,NULL,NULL
756298,10494,CTD,Oleanolic acid,D009828,Oleanolic Acid,https://ctdbase.org/detail.go?type=chem&acc=D009828,7124,TNF,https://ctdbase.org/detail.go?type=gene&acc=7124,NULL,NULL,7124,TNF,9606,Homo sapiens (human),Oleanolic acid inhibits the reaction [HMGB1 protein results in increased expression of TNF protein],NULL,NULL,PMID:22386814,https://www.ncbi.nlm.nih.gov/pubmed/22386814,22386814,NULL,NULL
756299,10494,CTD,Oleanolic acid,D009828,Oleanolic Acid,https://ctdbase.org/detail.go?type=chem&acc=D009828,7124,TNF,https://ctdbase.org/detail.go?type=gene&acc=7124,NULL,NULL,7124,TNF,10090,Mus musculus (house mouse),Oleanolic acid inhibits the reaction [cisplatin results in increased expression of TNF protein],NULL,NULL,PMID:31306688,https://www.ncbi.nlm.nih.gov/pubmed/31306688,31306688,NULL,NULL
756300,10494,CTD,Oleanolic acid,D009828,Oleanolic Acid,https://ctdbase.org/detail.go?type=chem&acc=D009828,7124,TNF,https://ctdbase.org/detail.go?type=gene&acc=7124,NULL,NULL,7124,TNF,10090,Mus musculus (house mouse),Oleanolic acid inhibits the reaction [paraquat results in increased expression of TNF mrna],NULL,NULL,PMID:21801858,https://www.ncbi.nlm.nih.gov/pubmed/21801858,21801858,NULL,NULL
756301,10494,CTD,Oleanolic acid,D009828,Oleanolic Acid,https://ctdbase.org/detail.go?type=chem&acc=D009828,7124,TNF,https://ctdbase.org/detail.go?type=gene&acc=7124,NULL,NULL,7124,TNF,10090,Mus musculus (house mouse),Oleanolic acid results in increased expression of TNF mRNA,NULL,NULL,PMID:18706400,https://www.ncbi.nlm.nih.gov/pubmed/18706400,18706400,NULL,NULL
756302,10494,CTD,Oleanolic acid,D009828,Oleanolic Acid,https://ctdbase.org/detail.go?type=chem&acc=D009828,7133,TNFRSF1B,https://ctdbase.org/detail.go?type=gene&acc=7133,NULL,NULL,7133,TNFRSF1B,10090,Mus musculus (house mouse),Oleanolic acid results in increased expression of TNFRSF1B mRNA,NULL,NULL,PMID:18706400,https://www.ncbi.nlm.nih.gov/pubmed/18706400,18706400,NULL,NULL
756472,10494,CTD,Oleanolic acid,D009828,Oleanolic Acid,https://ctdbase.org/detail.go?type=chem&acc=D009828,9804,TOMM20,https://ctdbase.org/detail.go?type=gene&acc=9804,NULL,NULL,9804,TOMM20,9606,Homo sapiens (human),Oleanolic acid results in decreased expression of TOMM20 protein,NULL,NULL,PMID:35690101,https://www.ncbi.nlm.nih.gov/pubmed/35690101,35690101,NULL,NULL
756473,10494,CTD,Oleanolic acid,D009828,Oleanolic Acid,https://ctdbase.org/detail.go?type=chem&acc=D009828,7150,TOP1,https://ctdbase.org/detail.go?type=gene&acc=7150,NULL,NULL,7150,TOP1,9606,Homo sapiens (human),Oleanolic acid analog results in decreased expression of TOP1 protein,NULL,NULL,PMID:26612655,https://www.ncbi.nlm.nih.gov/pubmed/26612655,26612655,NULL,NULL
756474,10494,CTD,Oleanolic acid,D009828,Oleanolic Acid,https://ctdbase.org/detail.go?type=chem&acc=D009828,7150,TOP1,https://ctdbase.org/detail.go?type=gene&acc=7150,NULL,NULL,7150,TOP1,9606,Homo sapiens (human),Oleanolic acid results in decreased activity of TOP1 protein,NULL,NULL,PMID:10860928,https://www.ncbi.nlm.nih.gov/pubmed/10860928,10860928,NULL,NULL
756475,10494,CTD,Oleanolic acid,D009828,Oleanolic Acid,https://ctdbase.org/detail.go?type=chem&acc=D009828,7153,TOP2A,https://ctdbase.org/detail.go?type=gene&acc=7153,NULL,NULL,7153,TOP2A,9606,Homo sapiens (human),Oleanolic acid analog results in decreased expression of TOP2A protein,NULL,NULL,PMID:26612655,https://www.ncbi.nlm.nih.gov/pubmed/26612655,26612655,NULL,NULL
756476,10494,CTD,Oleanolic acid,D009828,Oleanolic Acid,https://ctdbase.org/detail.go?type=chem&acc=D009828,7153,TOP2A,https://ctdbase.org/detail.go?type=gene&acc=7153,NULL,NULL,7153,TOP2A,9606,Homo sapiens (human),Oleanolic acid results in decreased activity of TOP2A protein,NULL,NULL,PMID:10860928,https://www.ncbi.nlm.nih.gov/pubmed/10860928,10860928,NULL,NULL
756477,10494,CTD,Oleanolic acid,D009828,Oleanolic Acid,https://ctdbase.org/detail.go?type=chem&acc=D009828,10131,TRAP1,https://ctdbase.org/detail.go?type=gene&acc=10131,NULL,NULL,10131,TRAP1,9606,Homo sapiens (human),TRAP1 protein affects the reaction [oleanolic acid inhibits the reaction [ochratoxin A results in decreased expression of TRAP1 protein]]|trap1 protein affects the reaction [oleanolic acid inhibits the reaction [ochratoxin A results in decreased expression of BCL2 protein]]|trap1 protein affects the reaction [oleanolic acid inhibits the reaction [ochratoxin A results in increased expression of HSPA5 protein]]|oleanolic acid inhibits the reaction [ochratoxin A results in decreased expression of TRAP1 protein]|trap1 protein affects the reaction [oleanolic acid inhibits the reaction [ochratoxin A results in increased expression of DDIT3 protein]]|trap1 protein affects the reaction [oleanolic acid inhibits the reaction [ochratoxin A results in increased expression of BAX protein]],NULL,NULL,PMID:33465424,https://www.ncbi.nlm.nih.gov/pubmed/33465424,33465424,NULL,NULL
756478,10494,CTD,Oleanolic acid,D009828,Oleanolic Acid,https://ctdbase.org/detail.go?type=chem&acc=D009828,7442,TRPV1,https://ctdbase.org/detail.go?type=gene&acc=7442,NULL,NULL,7442,TRPV1,10116,Rattus norvegicus (Norway rat),Oleanolic acid binds to TRPV1 protein,NULL,NULL,PMID:30496739,https://www.ncbi.nlm.nih.gov/pubmed/30496739,30496739,NULL,NULL
756479,10494,CTD,Oleanolic acid,D009828,Oleanolic Acid,https://ctdbase.org/detail.go?type=chem&acc=D009828,7412,VCAM1,https://ctdbase.org/detail.go?type=gene&acc=7412,NULL,NULL,7412,VCAM1,9606,Homo sapiens (human),Oleanolic acid inhibits the reaction [HMGB1 protein results in increased expression of VCAM1 protein],NULL,NULL,PMID:22386814,https://www.ncbi.nlm.nih.gov/pubmed/22386814,22386814,NULL,NULL
842770,10494,DGIdb,Oleanolic acid,NULL,OLEANOLIC_ACID,https://www.dgidb.org/drugs/OLEANOLIC_ACID,NULL,PTPN1,https://www.dgidb.org/genes/PTPN1,NULL,NULL,5770,PTPN1,9606,Homo sapiens (human),NULL,NULL,NULL,PMID:21453996,https://www.ncbi.nlm.nih.gov/pubmed/21453996,21453996,NULL,NULL
1691233,10494,BindingDB,Oleanolic acid,50346601,NSC-114945,https://www.bindingdb.org/rwd/bind/chemsearch/marvin/MolStructure.jsp?monomerid=50346601,4970,Tyrosine-protein phosphatase non-receptor type 2,https://www.bindingdb.org/rwd/jsp/dbsearch/PrimarySearch_ki.jsp?tag=pol&polymerid=4970,P17706,Tyrosine-protein phosphatase non-receptor type 2,5771,PTPN2,9606,Homo sapiens (human),NULL,IC50 (nM),4.23e+3,PMID:24684845,https://www.ncbi.nlm.nih.gov/pubmed/24684845,24684845,NULL,NULL
1691234,10494,BindingDB,Oleanolic acid,50346601,NSC-114945,https://www.bindingdb.org/rwd/bind/chemsearch/marvin/MolStructure.jsp?monomerid=50346601,2622,Protein-tyrosine phosphatase 1B,https://www.bindingdb.org/rwd/jsp/dbsearch/PrimarySearch_ki.jsp?tag=pol&polymerid=2622,P18031,Tyrosine-protein phosphatase non-receptor type 1,5770,PTPN1,9606,Homo sapiens (human),NULL,IC50 (nM),1.90e+3,PMID:24684845,https://www.ncbi.nlm.nih.gov/pubmed/24684845,24684845,NULL,NULL
