﻿id,cid,dsn,cmpdname,srccmpd,srccmpdname,srccmpdurl,srctarget,srctargetname,srctargeturl,protacxn,protname,geneid,genename,taxid,taxname,action,actname,actvalue,evids,evurls,pmids,dois,citations
   861706,1548910,DGIdb,(Z)-resveratrol,NULL,CIS-RESVERATROL,https://www.dgidb.org/drugs/CIS-RESVERATROL,NULL,HSD17B10,https://www.dgidb.org/genes/HSD17B10,NULL,NULL,3028,HSD17B10,9606,Homo sapiens (human),NULL,NULL,NULL,NULL,NULL,NULL,NULL,NULL
985383,1548910,DGIdb,(Z)-resveratrol,NULL,CIS-RESVERATROL,https://www.dgidb.org/drugs/CIS-RESVERATROL,NULL,PKM,https://www.dgidb.org/genes/PKM,NULL,NULL,5315,PKM,9606,Homo sapiens (human),NULL,NULL,NULL,NULL,NULL,NULL,NULL,NULL
1280069,1548910,DGIdb,(Z)-resveratrol,NULL,CIS-RESVERATROL,https://www.dgidb.org/drugs/CIS-RESVERATROL,NULL,MAPT,https://www.dgidb.org/genes/MAPT,NULL,NULL,4137,MAPT,9606,Homo sapiens (human),NULL,NULL,NULL,NULL,NULL,NULL,NULL,NULL
1324855,1548910,DGIdb,(Z)-resveratrol,NULL,CIS-RESVERATROL,https://www.dgidb.org/drugs/CIS-RESVERATROL,NULL,HIF1A,https://www.dgidb.org/genes/HIF1A,NULL,NULL,3091,HIF1A,9606,Homo sapiens (human),NULL,NULL,NULL,NULL,NULL,NULL,NULL,NULL
1385540,1548910,DGIdb,(Z)-resveratrol,NULL,CIS-RESVERATROL,https://www.dgidb.org/drugs/CIS-RESVERATROL,NULL,TP53,https://www.dgidb.org/genes/TP53,NULL,NULL,7157,TP53,9606,Homo sapiens (human),NULL,NULL,NULL,NULL,NULL,NULL,NULL,NULL
1385541,1548910,DGIdb,(Z)-resveratrol,NULL,CIS-RESVERATROL,https://www.dgidb.org/drugs/CIS-RESVERATROL,NULL,CYP1A2,https://www.dgidb.org/genes/CYP1A2,NULL,NULL,1544,CYP1A2,9606,Homo sapiens (human),NULL,NULL,NULL,NULL,NULL,NULL,NULL,NULL
1439164,1548910,DGIdb,(Z)-resveratrol,NULL,CIS-RESVERATROL,https://www.dgidb.org/drugs/CIS-RESVERATROL,NULL,CYP3A4,https://www.dgidb.org/genes/CYP3A4,NULL,NULL,1576,CYP3A4,9606,Homo sapiens (human),NULL,NULL,NULL,NULL,NULL,NULL,NULL,NULL
