﻿id,cid,dsn,cmpdname,srccmpd,srccmpdname,srccmpdurl,srctarget,srctargetname,srctargeturl,protacxn,protname,geneid,genename,taxid,taxname,action,actname,actvalue,evids,evurls,pmids,dois,citations
   1241919,87691,CTD,Loganin,C059516,loganin,https://ctdbase.org/detail.go?type=chem&acc=C059516,43,ACHE,https://ctdbase.org/detail.go?type=gene&acc=43,NULL,NULL,43,ACHE,10090,Mus musculus (house mouse),Loganin results in decreased activity of ACHE protein,NULL,NULL,PMID:19666019,https://www.ncbi.nlm.nih.gov/pubmed/19666019,19666019,NULL,NULL
1241920,87691,CTD,Loganin,C059516,loganin,https://ctdbase.org/detail.go?type=chem&acc=C059516,59,ACTA2,https://ctdbase.org/detail.go?type=gene&acc=59,NULL,NULL,59,ACTA2,10090,Mus musculus (house mouse),Loganin inhibits the reaction [bleomycin results in increased expression of ACTA2 protein]|loganin inhibits the reaction [bleomycin results in increased expression of ACTA2 mrna],NULL,NULL,PMID:35279615,https://www.ncbi.nlm.nih.gov/pubmed/35279615,35279615,NULL,NULL
1242068,87691,CTD,Loganin,C059516,loganin,https://ctdbase.org/detail.go?type=chem&acc=C059516,596,BCL2,https://ctdbase.org/detail.go?type=gene&acc=596,NULL,NULL,596,BCL2,10090,Mus musculus (house mouse),Loganin results in increased expression of BCL2 mRNA,NULL,NULL,PMID:20966881,https://www.ncbi.nlm.nih.gov/pubmed/20966881,20966881,NULL,NULL
1242069,87691,CTD,Loganin,C059516,loganin,https://ctdbase.org/detail.go?type=chem&acc=C059516,836,CASP3,https://ctdbase.org/detail.go?type=gene&acc=836,NULL,NULL,836,CASP3,10090,Mus musculus (house mouse),Loganin results in decreased expression of CASP3 mRNA,NULL,NULL,PMID:20966881,https://www.ncbi.nlm.nih.gov/pubmed/20966881,20966881,NULL,NULL
1242070,87691,CTD,Loganin,C059516,loganin,https://ctdbase.org/detail.go?type=chem&acc=C059516,842,CASP9,https://ctdbase.org/detail.go?type=gene&acc=842,NULL,NULL,842,CASP9,10090,Mus musculus (house mouse),Loganin results in decreased expression of CASP9 mRNA,NULL,NULL,PMID:20966881,https://www.ncbi.nlm.nih.gov/pubmed/20966881,20966881,NULL,NULL
1242071,87691,CTD,Loganin,C059516,loganin,https://ctdbase.org/detail.go?type=chem&acc=C059516,6347,CCL2,https://ctdbase.org/detail.go?type=gene&acc=6347,NULL,NULL,6347,CCL2,10090,Mus musculus (house mouse),Loganin affects the expression of CCL2 protein,NULL,NULL,PMID:21864639,https://www.ncbi.nlm.nih.gov/pubmed/21864639,21864639,NULL,NULL
1242072,87691,CTD,Loganin,C059516,loganin,https://ctdbase.org/detail.go?type=chem&acc=C059516,1535,CYBA,https://ctdbase.org/detail.go?type=gene&acc=1535,NULL,NULL,1535,CYBA,10090,Mus musculus (house mouse),Loganin affects the expression of CYBA protein,NULL,NULL,PMID:21864639,https://www.ncbi.nlm.nih.gov/pubmed/21864639,21864639,NULL,NULL
1242073,87691,CTD,Loganin,C059516,loganin,https://ctdbase.org/detail.go?type=chem&acc=C059516,3162,HMOX1,https://ctdbase.org/detail.go?type=gene&acc=3162,NULL,NULL,3162,HMOX1,10090,Mus musculus (house mouse),Loganin affects the expression of HMOX1 protein,NULL,NULL,PMID:21864639,https://www.ncbi.nlm.nih.gov/pubmed/21864639,21864639,NULL,NULL
1242074,87691,CTD,Loganin,C059516,loganin,https://ctdbase.org/detail.go?type=chem&acc=C059516,3553,IL1B,https://ctdbase.org/detail.go?type=gene&acc=3553,NULL,NULL,3553,IL1B,10090,Mus musculus (house mouse),Loganin inhibits the reaction [lipopolysaccharides results in increased expression of IL1B mrna],NULL,NULL,PMID:35279615,https://www.ncbi.nlm.nih.gov/pubmed/35279615,35279615,NULL,NULL
1242075,87691,CTD,Loganin,C059516,loganin,https://ctdbase.org/detail.go?type=chem&acc=C059516,3569,IL6,https://ctdbase.org/detail.go?type=gene&acc=3569,NULL,NULL,3569,IL6,10090,Mus musculus (house mouse),Loganin inhibits the reaction [lipopolysaccharides results in increased expression of IL6 mrna],NULL,NULL,PMID:35279615,https://www.ncbi.nlm.nih.gov/pubmed/35279615,35279615,NULL,NULL
1242076,87691,CTD,Loganin,C059516,loganin,https://ctdbase.org/detail.go?type=chem&acc=C059516,3952,LEP,https://ctdbase.org/detail.go?type=gene&acc=3952,NULL,NULL,3952,LEP,10090,Mus musculus (house mouse),Loganin affects the expression of LEP protein,NULL,NULL,PMID:21864639,https://www.ncbi.nlm.nih.gov/pubmed/21864639,21864639,NULL,NULL
1242077,87691,CTD,Loganin,C059516,loganin,https://ctdbase.org/detail.go?type=chem&acc=C059516,4780,NFE2L2,https://ctdbase.org/detail.go?type=gene&acc=4780,NULL,NULL,4780,NFE2L2,10090,Mus musculus (house mouse),Loganin affects the expression of NFE2L2 protein,NULL,NULL,PMID:21864639,https://www.ncbi.nlm.nih.gov/pubmed/21864639,21864639,NULL,NULL
1242078,87691,CTD,Loganin,C059516,loganin,https://ctdbase.org/detail.go?type=chem&acc=C059516,4843,NOS2,https://ctdbase.org/detail.go?type=gene&acc=4843,NULL,NULL,4843,NOS2,10090,Mus musculus (house mouse),Loganin affects the expression of NOS2 protein,NULL,NULL,PMID:21864639,https://www.ncbi.nlm.nih.gov/pubmed/21864639,21864639,NULL,NULL
1242079,87691,CTD,Loganin,C059516,loganin,https://ctdbase.org/detail.go?type=chem&acc=C059516,50507,NOX4,https://ctdbase.org/detail.go?type=gene&acc=50507,NULL,NULL,50507,NOX4,10090,Mus musculus (house mouse),Loganin affects the expression of NOX4 protein,NULL,NULL,PMID:21864639,https://www.ncbi.nlm.nih.gov/pubmed/21864639,21864639,NULL,NULL
1242219,87691,CTD,Loganin,C059516,loganin,https://ctdbase.org/detail.go?type=chem&acc=C059516,5743,PTGS2,https://ctdbase.org/detail.go?type=gene&acc=5743,NULL,NULL,5743,PTGS2,10090,Mus musculus (house mouse),Loganin affects the expression of PTGS2 protein,NULL,NULL,PMID:21864639,https://www.ncbi.nlm.nih.gov/pubmed/21864639,21864639,NULL,NULL
1242220,87691,CTD,Loganin,C059516,loganin,https://ctdbase.org/detail.go?type=chem&acc=C059516,5970,RELA,https://ctdbase.org/detail.go?type=gene&acc=5970,NULL,NULL,5970,RELA,10090,Mus musculus (house mouse),Loganin affects the expression of RELA protein,NULL,NULL,PMID:21864639,https://www.ncbi.nlm.nih.gov/pubmed/21864639,21864639,NULL,NULL
1242221,87691,CTD,Loganin,C059516,loganin,https://ctdbase.org/detail.go?type=chem&acc=C059516,5970,RELA,https://ctdbase.org/detail.go?type=gene&acc=5970,NULL,NULL,5970,RELA,10090,Mus musculus (house mouse),Loganin inhibits the reaction [lipopolysaccharides results in increased expression of and results in increased phosphorylation of RELA protein],NULL,NULL,PMID:35279615,https://www.ncbi.nlm.nih.gov/pubmed/35279615,35279615,NULL,NULL
1242222,87691,CTD,Loganin,C059516,loganin,https://ctdbase.org/detail.go?type=chem&acc=C059516,6774,STAT3,https://ctdbase.org/detail.go?type=gene&acc=6774,NULL,NULL,6774,STAT3,10090,Mus musculus (house mouse),Loganin inhibits the reaction [lipopolysaccharides results in increased expression of and results in increased phosphorylation of STAT3 protein]|loganin inhibits the reaction [lipopolysaccharides results in increased expression of STAT3 protein],NULL,NULL,PMID:35279615,https://www.ncbi.nlm.nih.gov/pubmed/35279615,35279615,NULL,NULL
1242223,87691,CTD,Loganin,C059516,loganin,https://ctdbase.org/detail.go?type=chem&acc=C059516,7040,TGFB1,https://ctdbase.org/detail.go?type=gene&acc=7040,NULL,NULL,7040,TGFB1,10090,Mus musculus (house mouse),Loganin inhibits the reaction [bleomycin results in increased expression of TGFB1 mrna],NULL,NULL,PMID:35279615,https://www.ncbi.nlm.nih.gov/pubmed/35279615,35279615,NULL,NULL
1242224,87691,CTD,Loganin,C059516,loganin,https://ctdbase.org/detail.go?type=chem&acc=C059516,7124,TNF,https://ctdbase.org/detail.go?type=gene&acc=7124,NULL,NULL,7124,TNF,10090,Mus musculus (house mouse),Loganin inhibits the reaction [lipopolysaccharides results in increased expression of TNF mrna],NULL,NULL,PMID:35279615,https://www.ncbi.nlm.nih.gov/pubmed/35279615,35279615,NULL,NULL
1242225,87691,CTD,Loganin,C059516,loganin,https://ctdbase.org/detail.go?type=chem&acc=C059516,8600,TNFSF11,https://ctdbase.org/detail.go?type=gene&acc=8600,NULL,NULL,8600,TNFSF11,10090,Mus musculus (house mouse),Loganin results in decreased expression of TNFSF11 mRNA,NULL,NULL,PMID:20966881,https://www.ncbi.nlm.nih.gov/pubmed/20966881,20966881,NULL,NULL
