﻿resolution,pdbid,title,expmethod,lignme,glytoucan,cids,protacxns,geneids,pmids,dois
   1.6093,4E70,Crystal Structure Analysis of Coniferyl Alcohol 9-O-Methyltransferase from Linum Nodiflorum in Complex with Coniferyl Alcohol,X-RAY DIFFRACTION,N7I|GOL,NULL,1549095|753,NULL,NULL,23633600,10.1107/s0907444913002874
1.73,5CVV,coniferyl alcohol bound monolignol 4-O-methyltransferase 9,X-RAY DIFFRACTION,SAH|N7I,NULL,439155|1549095,O04385,NULL,NULL,NULL
1.8,5CVJ,Monolignol 4-O-methyltransferase 5 - coniferyl alcohol,X-RAY DIFFRACTION,SAH|N7I|NO3,NULL,943|439155|1549095,O04385,NULL,NULL,NULL
2.015,4EVI,Crystal Structure Analysis of Coniferyl Alcohol 9-O-Methyltransferase from Linum Nodiflorum in Complex with Coniferyl Alcohol 9-Methyl Ether and S -Adenosyl-L-Homocysteine,X-RAY DIFFRACTION,SAH|N7I|GOL|C9M,NULL,5319469|439155|1549095|753,NULL,NULL,23633600,10.1107/s0907444913002874
2.47,3TKY,Monolignol o-methyltransferase (momt),X-RAY DIFFRACTION,SAH|N7I,NULL,439155|1549095,O04385,NULL,22851762,10.1105/tpc.112.101287
