﻿id,cid,dsn,cmpdname,srccmpd,srccmpdname,srccmpdurl,srctarget,srctargetname,srctargeturl,protacxn,protname,geneid,genename,taxid,taxname,action,actname,actvalue,evids,evurls,pmids,dois,citations
   1221448,369976,BindingDB,O-(chloroacetylcarbamoyl)fumagillol,17446,"(3R,4S,5S,6R)-5-methoxy-4-[(2R,3R)-2-methyl-3-(3-methylbut-2-en-1-yl)oxiran-2-yl]-1-oxaspiro[2.5]octan-6-yl N-(2-chloroacetyl)carbamate",https://www.bindingdb.org/rwd/bind/chemsearch/marvin/MolStructure.jsp?monomerid=17446,1805,Methionine aminopeptidase 2,https://www.bindingdb.org/rwd/jsp/dbsearch/PrimarySearch_ki.jsp?tag=pol&polymerid=1805,P50579,Methionine aminopeptidase 2,10988,METAP2,9606,Homo sapiens (human),NULL,Ki (nM),1,PMID:17636946,https://www.ncbi.nlm.nih.gov/pubmed/17636946,17636946,NULL,NULL
1233510,369976,DGIdb,O-(chloroacetylcarbamoyl)fumagillol,NULL,O-CHLOROACETYLCARBAMOYLFUMAGILLOL,https://www.dgidb.org/drugs/O-CHLOROACETYLCARBAMOYLFUMAGILLOL,NULL,VWF,https://www.dgidb.org/genes/VWF,NULL,NULL,7450,VWF,9606,Homo sapiens (human),NULL,NULL,NULL,PMID:14505755,https://www.ncbi.nlm.nih.gov/pubmed/14505755,14505755,NULL,NULL
1233511,369976,DrugBank,O-(chloroacetylcarbamoyl)fumagillol,DB08633,TNP-470,https://www.drugbank.ca/drugs/DB08633,BE0001534,Methionine aminopeptidase 2,https://www.drugbank.ca/bio_entities/BE0001534,P50579,Methionine aminopeptidase 2,10988,METAP2,9606,Homo sapiens (human),NULL,NULL,NULL,PMID:10592235,https://www.ncbi.nlm.nih.gov/pubmed/10592235,10592235,NULL,"Berman HM, Westbrook J, Feng Z, Gilliland G, Bhat TN, Weissig H, Shindyalov IN, Bourne PE: The Protein Data Bank. Nucleic Acids Res. 2000 Jan 1;28(1):235-42."
1257217,369976,BindingDB,O-(chloroacetylcarbamoyl)fumagillol,17446,"(3R,4S,5S,6R)-5-methoxy-4-[(2R,3R)-2-methyl-3-(3-methylbut-2-en-1-yl)oxiran-2-yl]-1-oxaspiro[2.5]octan-6-yl N-(2-chloroacetyl)carbamate",https://www.bindingdb.org/rwd/bind/chemsearch/marvin/MolStructure.jsp?monomerid=17446,4885,Methionine aminopeptidase (MetAP2),https://www.bindingdb.org/rwd/jsp/dbsearch/PrimarySearch_ki.jsp?tag=pol&polymerid=4885,NULL,NULL,NULL,NULL,NULL,NULL,NULL,IC50 (nM),2.0e+3,PMID:19246010,https://www.ncbi.nlm.nih.gov/pubmed/19246010,19246010,NULL,NULL
1257359,369976,BindingDB,O-(chloroacetylcarbamoyl)fumagillol,17446,"(3R,4S,5S,6R)-5-methoxy-4-[(2R,3R)-2-methyl-3-(3-methylbut-2-en-1-yl)oxiran-2-yl]-1-oxaspiro[2.5]octan-6-yl N-(2-chloroacetyl)carbamate",https://www.bindingdb.org/rwd/bind/chemsearch/marvin/MolStructure.jsp?monomerid=17446,4886,Methionine aminopeptidase (MetAP1),https://www.bindingdb.org/rwd/jsp/dbsearch/PrimarySearch_ki.jsp?tag=pol&polymerid=4886,NULL,NULL,NULL,NULL,NULL,NULL,NULL,IC50 (nM),>3.00e+5,PMID:19246010,https://www.ncbi.nlm.nih.gov/pubmed/19246010,19246010,NULL,NULL
1262810,369976,CTD,O-(chloroacetylcarbamoyl)fumagillol,D000077609,O-(Chloroacetylcarbamoyl)fumagillol,https://ctdbase.org/detail.go?type=chem&acc=D000077609,5970,RELA,https://ctdbase.org/detail.go?type=gene&acc=5970,NULL,NULL,5970,RELA,10116,Rattus norvegicus (Norway rat),O-(chloroacetylcarbamoyl)fumagillol inhibits the reaction [diethylnitrosamine results in increased activity of [NFKB1 protein binds to RELA protein]],NULL,NULL,PMID:16061884,https://www.ncbi.nlm.nih.gov/pubmed/16061884,16061884,NULL,NULL
1262811,369976,CTD,O-(chloroacetylcarbamoyl)fumagillol,D000077609,O-(Chloroacetylcarbamoyl)fumagillol,https://ctdbase.org/detail.go?type=chem&acc=D000077609,595,CCND1,https://ctdbase.org/detail.go?type=gene&acc=595,NULL,NULL,595,CCND1,9606,Homo sapiens (human),O-(chloroacetylcarbamoyl)fumagillol results in increased expression of CCND1 protein,NULL,NULL,PMID:15276080,https://www.ncbi.nlm.nih.gov/pubmed/15276080,15276080,NULL,NULL
1262812,369976,CTD,O-(chloroacetylcarbamoyl)fumagillol,D000077609,O-(Chloroacetylcarbamoyl)fumagillol,https://ctdbase.org/detail.go?type=chem&acc=D000077609,1026,CDKN1A,https://ctdbase.org/detail.go?type=gene&acc=1026,NULL,NULL,1026,CDKN1A,9606,Homo sapiens (human),O-(chloroacetylcarbamoyl)fumagillol results in increased expression of CDKN1A protein,NULL,NULL,PMID:15276080,https://www.ncbi.nlm.nih.gov/pubmed/15276080,15276080,NULL,NULL
1262958,369976,CTD,O-(chloroacetylcarbamoyl)fumagillol,D000077609,O-(Chloroacetylcarbamoyl)fumagillol,https://ctdbase.org/detail.go?type=chem&acc=D000077609,2247,FGF2,https://ctdbase.org/detail.go?type=gene&acc=2247,NULL,NULL,2247,FGF2,9606,Homo sapiens (human),[O-(chloroacetylcarbamoyl)fumagillol co-treated with docetaxel] results in decreased expression of FGF2 protein|o-(chloroacetylcarbamoyl)fumagillol results in decreased expression of FGF2 protein,NULL,NULL,PMID:12576464,https://www.ncbi.nlm.nih.gov/pubmed/12576464,12576464,NULL,NULL
1262959,369976,CTD,O-(chloroacetylcarbamoyl)fumagillol,D000077609,O-(Chloroacetylcarbamoyl)fumagillol,https://ctdbase.org/detail.go?type=chem&acc=D000077609,4318,MMP9,https://ctdbase.org/detail.go?type=gene&acc=4318,NULL,NULL,4318,MMP9,9606,Homo sapiens (human),[O-(chloroacetylcarbamoyl)fumagillol co-treated with docetaxel] results in decreased expression of MMP9 protein,NULL,NULL,PMID:12576464,https://www.ncbi.nlm.nih.gov/pubmed/12576464,12576464,NULL,NULL
1262960,369976,CTD,O-(chloroacetylcarbamoyl)fumagillol,D000077609,O-(Chloroacetylcarbamoyl)fumagillol,https://ctdbase.org/detail.go?type=chem&acc=D000077609,4790,NFKB1,https://ctdbase.org/detail.go?type=gene&acc=4790,NULL,NULL,4790,NFKB1,10116,Rattus norvegicus (Norway rat),O-(chloroacetylcarbamoyl)fumagillol inhibits the reaction [diethylnitrosamine results in increased activity of [NFKB1 protein binds to RELA protein]],NULL,NULL,PMID:16061884,https://www.ncbi.nlm.nih.gov/pubmed/16061884,16061884,NULL,NULL
1262961,369976,CTD,O-(chloroacetylcarbamoyl)fumagillol,D000077609,O-(Chloroacetylcarbamoyl)fumagillol,https://ctdbase.org/detail.go?type=chem&acc=D000077609,4843,NOS2,https://ctdbase.org/detail.go?type=gene&acc=4843,NULL,NULL,4843,NOS2,10116,Rattus norvegicus (Norway rat),O-(chloroacetylcarbamoyl)fumagillol inhibits the reaction [diethylnitrosamine results in increased activity of NOS2 protein],NULL,NULL,PMID:16061884,https://www.ncbi.nlm.nih.gov/pubmed/16061884,16061884,NULL,NULL
1262962,369976,CTD,O-(chloroacetylcarbamoyl)fumagillol,D000077609,O-(Chloroacetylcarbamoyl)fumagillol,https://ctdbase.org/detail.go?type=chem&acc=D000077609,5925,RB1,https://ctdbase.org/detail.go?type=gene&acc=5925,NULL,NULL,5925,RB1,9606,Homo sapiens (human),O-(chloroacetylcarbamoyl)fumagillol results in decreased phosphorylation of RB1 protein,NULL,NULL,PMID:15276080,https://www.ncbi.nlm.nih.gov/pubmed/15276080,15276080,NULL,NULL
1262963,369976,CTD,O-(chloroacetylcarbamoyl)fumagillol,D000077609,O-(Chloroacetylcarbamoyl)fumagillol,https://ctdbase.org/detail.go?type=chem&acc=D000077609,6648,SOD2,https://ctdbase.org/detail.go?type=gene&acc=6648,NULL,NULL,6648,SOD2,10116,Rattus norvegicus (Norway rat),O-(chloroacetylcarbamoyl)fumagillol inhibits the reaction [[diethylnitrosamine co-treated with 2-acetylaminofluorene] results in increased expression of and results in increased activity of SOD2 protein],NULL,NULL,PMID:17761372,https://www.ncbi.nlm.nih.gov/pubmed/17761372,17761372,NULL,NULL
1262964,369976,CTD,O-(chloroacetylcarbamoyl)fumagillol,D000077609,O-(Chloroacetylcarbamoyl)fumagillol,https://ctdbase.org/detail.go?type=chem&acc=D000077609,7157,TP53,https://ctdbase.org/detail.go?type=gene&acc=7157,NULL,NULL,7157,TP53,9606,Homo sapiens (human),O-(chloroacetylcarbamoyl)fumagillol results in increased expression of TP53 protein,NULL,NULL,PMID:15276080,https://www.ncbi.nlm.nih.gov/pubmed/15276080,15276080,NULL,NULL
1334797,369976,DGIdb,O-(chloroacetylcarbamoyl)fumagillol,NULL,O-CHLOROACETYLCARBAMOYLFUMAGILLOL,https://www.dgidb.org/drugs/O-CHLOROACETYLCARBAMOYLFUMAGILLOL,NULL,CDK2,https://www.dgidb.org/genes/CDK2,NULL,NULL,1017,CDK2,9606,Homo sapiens (human),NULL,NULL,NULL,PMID:8012959,https://www.ncbi.nlm.nih.gov/pubmed/8012959,8012959,NULL,NULL
1858641,369976,TTD,O-(chloroacetylcarbamoyl)fumagillol,D09OAQ,TNP-470,https://idrblab.net/ttd/data/drug/details/D09OAQ,T75596,Methionine aminopeptidase 2 (METAP2),https://idrblab.net/ttd/data/target/details/T75596,P50579,Methionine aminopeptidase 2,10988,METAP2,9606,Homo sapiens (human),Inhibitor,NULL,NULL,NULL,NULL,NULL,NULL,NULL
1879195,369976,DGIdb,O-(chloroacetylcarbamoyl)fumagillol,NULL,O-CHLOROACETYLCARBAMOYLFUMAGILLOL,https://www.dgidb.org/drugs/O-CHLOROACETYLCARBAMOYLFUMAGILLOL,NULL,BAX,https://www.dgidb.org/genes/BAX,NULL,NULL,581,BAX,9606,Homo sapiens (human),NULL,NULL,NULL,PMID:10481942,https://www.ncbi.nlm.nih.gov/pubmed/10481942,10481942,NULL,NULL
