﻿id,cid,dsn,cmpdname,srccmpd,srccmpdname,srccmpdurl,srctarget,srctargetname,srctargeturl,protacxn,protname,geneid,genename,taxid,taxname,action,actname,actvalue,evids,evurls,pmids,dois,citations
   1300267,442027,BindingDB,Ferruginol,50483056,CHEBI:78274,https://www.bindingdb.org/rwd/bind/chemsearch/marvin/MolStructure.jsp?monomerid=50483056,4753,3C-like proteinase (3CL-PRO),https://www.bindingdb.org/rwd/jsp/dbsearch/PrimarySearch_ki.jsp?tag=pol&polymerid=4753,P0C6X7,Replicase polyprotein 1ab,1489680,ORF1ab,694009,Severe acute respiratory syndrome-related coronavirus,NULL,IC50 (nM),49600,PMID:34798775,https://www.ncbi.nlm.nih.gov/pubmed/34798775,34798775,NULL,NULL
1896130,442027,CTD,Ferruginol,C431074,ferruginol,https://ctdbase.org/detail.go?type=chem&acc=C431074,836,CASP3,https://ctdbase.org/detail.go?type=gene&acc=836,NULL,NULL,836,CASP3,9606,Homo sapiens (human),Pyrrolidine dithiocarbamic acid inhibits the reaction [ferruginol results in increased activity of CASP3 protein]|sb 203580 inhibits the reaction [ferruginol results in increased activity of CASP3 protein]|ferruginol results in increased activity of CASP3 protein,NULL,NULL,PMID:30086653,https://www.ncbi.nlm.nih.gov/pubmed/30086653,30086653,NULL,NULL
1896187,442027,CTD,Ferruginol,C431074,ferruginol,https://ctdbase.org/detail.go?type=chem&acc=C431074,847,CAT,https://ctdbase.org/detail.go?type=gene&acc=847,NULL,NULL,847,CAT,10116,Rattus norvegicus (Norway rat),Ferruginol inhibits the reaction [isoproterenol results in decreased activity of CAT protein],NULL,NULL,PMID:32946155,https://www.ncbi.nlm.nih.gov/pubmed/32946155,32946155,NULL,NULL
1896188,442027,CTD,Ferruginol,C431074,ferruginol,https://ctdbase.org/detail.go?type=chem&acc=C431074,3569,IL6,https://ctdbase.org/detail.go?type=gene&acc=3569,NULL,NULL,3569,IL6,10116,Rattus norvegicus (Norway rat),Ferruginol inhibits the reaction [isoproterenol results in increased secretion of IL6 protein],NULL,NULL,PMID:32946155,https://www.ncbi.nlm.nih.gov/pubmed/32946155,32946155,NULL,NULL
1896189,442027,CTD,Ferruginol,C431074,ferruginol,https://ctdbase.org/detail.go?type=chem&acc=C431074,5970,RELA,https://ctdbase.org/detail.go?type=gene&acc=5970,NULL,NULL,5970,RELA,9606,Homo sapiens (human),SB 203580 inhibits the reaction [ferruginol results in increased expression of RELA protein]|ferruginol results in increased expression of RELA protein|pyrrolidine dithiocarbamic acid inhibits the reaction [ferruginol results in increased expression of RELA protein],NULL,NULL,PMID:30086653,https://www.ncbi.nlm.nih.gov/pubmed/30086653,30086653,NULL,NULL
1896190,442027,CTD,Ferruginol,C431074,ferruginol,https://ctdbase.org/detail.go?type=chem&acc=C431074,7124,TNF,https://ctdbase.org/detail.go?type=gene&acc=7124,NULL,NULL,7124,TNF,10116,Rattus norvegicus (Norway rat),Ferruginol inhibits the reaction [isoproterenol results in increased secretion of TNF protein],NULL,NULL,PMID:32946155,https://www.ncbi.nlm.nih.gov/pubmed/32946155,32946155,NULL,NULL
1896191,442027,CTD,Ferruginol,C431074,ferruginol,https://ctdbase.org/detail.go?type=chem&acc=C431074,7137,TNNI3,https://ctdbase.org/detail.go?type=gene&acc=7137,NULL,NULL,7137,TNNI3,10116,Rattus norvegicus (Norway rat),Ferruginol inhibits the reaction [isoproterenol results in increased expression of TNNI3 protein],NULL,NULL,PMID:32946155,https://www.ncbi.nlm.nih.gov/pubmed/32946155,32946155,NULL,NULL
1896192,442027,CTD,Ferruginol,C431074,ferruginol,https://ctdbase.org/detail.go?type=chem&acc=C431074,7139,TNNT2,https://ctdbase.org/detail.go?type=gene&acc=7139,NULL,NULL,7139,TNNT2,10116,Rattus norvegicus (Norway rat),Ferruginol inhibits the reaction [isoproterenol results in increased expression of TNNT2 protein],NULL,NULL,PMID:32946155,https://www.ncbi.nlm.nih.gov/pubmed/32946155,32946155,NULL,NULL
