﻿id,cid,dsn,cmpdname,srccmpd,srccmpdname,srccmpdurl,srctarget,srctargetname,srctargeturl,protacxn,protname,geneid,genename,taxid,taxname,action,actname,actvalue,evids,evurls,pmids,dois,citations
   1127335,119245,DGIdb,Dioscin,NULL,DIOSCIN,https://www.dgidb.org/drugs/DIOSCIN,NULL,CXCR3,https://www.dgidb.org/genes/CXCR3,NULL,NULL,2833,CXCR3,9606,Homo sapiens (human),Antagonist,NULL,NULL,NULL,NULL,NULL,NULL,NULL
1131393,119245,Guide to PHARMACOLOGY,Dioscin,840,dioscin,https://www.guidetopharmacology.org/GRAC/LigandDisplayForward?ligandId=840,70,CXCR3,https://guidetopharmacology.org/GRAC/ObjectDisplayForward?objectId=70,P49682,C-X-C chemokine receptor type 3,2833,CXCR3,9606,Homo sapiens (human),Antagonist,pIC50,6.3,PMID:15789559,https://www.ncbi.nlm.nih.gov/pubmed/15789559,15789559,NULL,NULL
1155416,119245,DGIdb,Dioscin,NULL,DIOSCIN,https://www.dgidb.org/drugs/DIOSCIN,NULL,SLCO1B3,https://www.dgidb.org/genes/SLCO1B3,NULL,NULL,28234,SLCO1B3,9606,Homo sapiens (human),NULL,NULL,NULL,PMID:23396419,https://www.ncbi.nlm.nih.gov/pubmed/23396419,23396419,NULL,NULL
1816461,119245,DGIdb,Dioscin,NULL,DIOSCIN,https://www.dgidb.org/drugs/DIOSCIN,NULL,NFKBIA,https://www.dgidb.org/genes/NFKBIA,NULL,NULL,4792,NFKBIA,9606,Homo sapiens (human),NULL,NULL,NULL,PMID:23621869,https://www.ncbi.nlm.nih.gov/pubmed/23621869,23621869,NULL,NULL
1817650,119245,TTD,Dioscin,D0F2AD,dioscin,https://idrblab.net/ttd/data/drug/details/D0F2AD,T25315,C-X-C chemokine receptor type 3 (CXCR3),https://idrblab.net/ttd/data/target/details/T25315,P49682,C-X-C chemokine receptor type 3,2833,CXCR3,9606,Homo sapiens (human),Antagonist,NULL,NULL,NULL,NULL,NULL,NULL,NULL
1817686,119245,CTD,Dioscin,C019357,dioscin,https://ctdbase.org/detail.go?type=chem&acc=C019357,207,AKT1,https://ctdbase.org/detail.go?type=gene&acc=207,NULL,NULL,207,AKT1,9606,Homo sapiens (human),Dioscin inhibits the reaction [VEGFA protein results in increased phosphorylation of AKT1 protein],NULL,NULL,PMID:25111127,https://www.ncbi.nlm.nih.gov/pubmed/25111127,25111127,NULL,NULL
1817687,119245,CTD,Dioscin,C019357,dioscin,https://ctdbase.org/detail.go?type=chem&acc=C019357,207,AKT1,https://ctdbase.org/detail.go?type=gene&acc=207,NULL,NULL,207,AKT1,9606,Homo sapiens (human),Dioscin results in decreased expression of AKT1 mRNA,NULL,NULL,PMID:29990575,https://www.ncbi.nlm.nih.gov/pubmed/29990575,29990575,NULL,NULL
1817688,119245,CTD,Dioscin,C019357,dioscin,https://ctdbase.org/detail.go?type=chem&acc=C019357,501,ALDH7A1,https://ctdbase.org/detail.go?type=gene&acc=501,NULL,NULL,501,ALDH7A1,10090,Mus musculus (house mouse),Dioscin inhibits the reaction [ethanol results in decreased expression of ALDH7A1 protein],NULL,NULL,PMID:24146112,https://www.ncbi.nlm.nih.gov/pubmed/24146112,24146112,NULL,NULL
1817689,119245,CTD,Dioscin,C019357,dioscin,https://ctdbase.org/detail.go?type=chem&acc=C019357,317,APAF1,https://ctdbase.org/detail.go?type=gene&acc=317,NULL,NULL,317,APAF1,9606,Homo sapiens (human),Dioscin results in decreased expression of APAF1 mRNA,NULL,NULL,PMID:33359023,https://www.ncbi.nlm.nih.gov/pubmed/33359023,33359023,NULL,NULL
1817690,119245,CTD,Dioscin,C019357,dioscin,https://ctdbase.org/detail.go?type=chem&acc=C019357,22926,ATF6,https://ctdbase.org/detail.go?type=gene&acc=22926,NULL,NULL,22926,ATF6,10090,Mus musculus (house mouse),Dioscin inhibits the reaction [ethanol results in increased expression of ATF6 protein],NULL,NULL,PMID:24146112,https://www.ncbi.nlm.nih.gov/pubmed/24146112,24146112,NULL,NULL
1817691,119245,CTD,Dioscin,C019357,dioscin,https://ctdbase.org/detail.go?type=chem&acc=C019357,572,BAD,https://ctdbase.org/detail.go?type=gene&acc=572,NULL,NULL,572,BAD,9606,Homo sapiens (human),Dioscin results in increased expression of BAD mRNA,NULL,NULL,PMID:33359023,https://www.ncbi.nlm.nih.gov/pubmed/33359023,33359023,NULL,NULL
1817692,119245,CTD,Dioscin,C019357,dioscin,https://ctdbase.org/detail.go?type=chem&acc=C019357,578,BAK1,https://ctdbase.org/detail.go?type=gene&acc=578,NULL,NULL,578,BAK1,9606,Homo sapiens (human),Dioscin results in increased expression of BAK1 mrna|dioscin results in increased expression of BAK1 protein,NULL,NULL,PMID:22334414|PMID:29990575|PMID:33359023,https://www.ncbi.nlm.nih.gov/pubmed/22334414|https://www.ncbi.nlm.nih.gov/pubmed/29990575|https://www.ncbi.nlm.nih.gov/pubmed/33359023,22334414|29990575|33359023,NULL,NULL
1817693,119245,CTD,Dioscin,C019357,dioscin,https://ctdbase.org/detail.go?type=chem&acc=C019357,578,BAK1,https://ctdbase.org/detail.go?type=gene&acc=578,NULL,NULL,578,BAK1,10090,Mus musculus (house mouse),Dioscin inhibits the reaction [acetaminophen results in increased expression of BAK1 protein],NULL,NULL,PMID:22939915,https://www.ncbi.nlm.nih.gov/pubmed/22939915,22939915,NULL,NULL
1817694,119245,CTD,Dioscin,C019357,dioscin,https://ctdbase.org/detail.go?type=chem&acc=C019357,581,BAX,https://ctdbase.org/detail.go?type=gene&acc=581,NULL,NULL,581,BAX,9606,Homo sapiens (human),Dioscin results in increased expression of BAX mRNA,NULL,NULL,PMID:33359023,https://www.ncbi.nlm.nih.gov/pubmed/33359023,33359023,NULL,NULL
1817695,119245,CTD,Dioscin,C019357,dioscin,https://ctdbase.org/detail.go?type=chem&acc=C019357,581,BAX,https://ctdbase.org/detail.go?type=gene&acc=581,NULL,NULL,581,BAX,9606,Homo sapiens (human),Dioscin results in increased expression of BAX protein,NULL,NULL,PMID:22334414|PMID:33359023,https://www.ncbi.nlm.nih.gov/pubmed/22334414|https://www.ncbi.nlm.nih.gov/pubmed/33359023,22334414|33359023,NULL,NULL
1817696,119245,CTD,Dioscin,C019357,dioscin,https://ctdbase.org/detail.go?type=chem&acc=C019357,581,BAX,https://ctdbase.org/detail.go?type=gene&acc=581,NULL,NULL,581,BAX,10090,Mus musculus (house mouse),Dioscin inhibits the reaction [acetaminophen results in increased expression of BAX protein],NULL,NULL,PMID:22939915,https://www.ncbi.nlm.nih.gov/pubmed/22939915,22939915,NULL,NULL
1817747,119245,CTD,Dioscin,C019357,dioscin,https://ctdbase.org/detail.go?type=chem&acc=C019357,27113,BBC3,https://ctdbase.org/detail.go?type=gene&acc=27113,NULL,NULL,27113,BBC3,9606,Homo sapiens (human),Dioscin results in increased expression of BBC3 mRNA,NULL,NULL,PMID:29990575|PMID:33359023,https://www.ncbi.nlm.nih.gov/pubmed/29990575|https://www.ncbi.nlm.nih.gov/pubmed/33359023,29990575|33359023,NULL,NULL
1817748,119245,CTD,Dioscin,C019357,dioscin,https://ctdbase.org/detail.go?type=chem&acc=C019357,27113,BBC3,https://ctdbase.org/detail.go?type=gene&acc=27113,NULL,NULL,27113,BBC3,9606,Homo sapiens (human),Dioscin results in increased expression of BBC3 protein,NULL,NULL,PMID:33359023,https://www.ncbi.nlm.nih.gov/pubmed/33359023,33359023,NULL,NULL
1817749,119245,CTD,Dioscin,C019357,dioscin,https://ctdbase.org/detail.go?type=chem&acc=C019357,596,BCL2,https://ctdbase.org/detail.go?type=gene&acc=596,NULL,NULL,596,BCL2,9606,Homo sapiens (human),Dioscin results in decreased expression of BCL2 mRNA,NULL,NULL,PMID:29990575|PMID:33359023,https://www.ncbi.nlm.nih.gov/pubmed/29990575|https://www.ncbi.nlm.nih.gov/pubmed/33359023,29990575|33359023,NULL,NULL
1817750,119245,CTD,Dioscin,C019357,dioscin,https://ctdbase.org/detail.go?type=chem&acc=C019357,596,BCL2,https://ctdbase.org/detail.go?type=gene&acc=596,NULL,NULL,596,BCL2,9606,Homo sapiens (human),Dioscin results in decreased expression of BCL2 protein,NULL,NULL,PMID:22334414|PMID:33359023,https://www.ncbi.nlm.nih.gov/pubmed/22334414|https://www.ncbi.nlm.nih.gov/pubmed/33359023,22334414|33359023,NULL,NULL
1817751,119245,CTD,Dioscin,C019357,dioscin,https://ctdbase.org/detail.go?type=chem&acc=C019357,596,BCL2,https://ctdbase.org/detail.go?type=gene&acc=596,NULL,NULL,596,BCL2,10090,Mus musculus (house mouse),Dioscin inhibits the reaction [acetaminophen results in decreased expression of BCL2 protein],NULL,NULL,PMID:22939915,https://www.ncbi.nlm.nih.gov/pubmed/22939915,22939915,NULL,NULL
1817752,119245,CTD,Dioscin,C019357,dioscin,https://ctdbase.org/detail.go?type=chem&acc=C019357,596,BCL2,https://ctdbase.org/detail.go?type=gene&acc=596,NULL,NULL,596,BCL2,10090,Mus musculus (house mouse),Dioscin results in increased expression of BCL2 protein,NULL,NULL,PMID:24742230,https://www.ncbi.nlm.nih.gov/pubmed/24742230,24742230,NULL,NULL
1817753,119245,CTD,Dioscin,C019357,dioscin,https://ctdbase.org/detail.go?type=chem&acc=C019357,598,BCL2L1,https://ctdbase.org/detail.go?type=gene&acc=598,NULL,NULL,598,BCL2L1,9606,Homo sapiens (human),Dioscin results in decreased expression of BCL2L1 mRNA,NULL,NULL,PMID:22334414|PMID:29990575|PMID:33359023,https://www.ncbi.nlm.nih.gov/pubmed/22334414|https://www.ncbi.nlm.nih.gov/pubmed/29990575|https://www.ncbi.nlm.nih.gov/pubmed/33359023,22334414|29990575|33359023,NULL,NULL
1817754,119245,CTD,Dioscin,C019357,dioscin,https://ctdbase.org/detail.go?type=chem&acc=C019357,598,BCL2L1,https://ctdbase.org/detail.go?type=gene&acc=598,NULL,NULL,598,BCL2L1,9606,Homo sapiens (human),Dioscin results in decreased expression of BCL2L1 protein,NULL,NULL,PMID:29990575,https://www.ncbi.nlm.nih.gov/pubmed/29990575,29990575,NULL,NULL
1817755,119245,CTD,Dioscin,C019357,dioscin,https://ctdbase.org/detail.go?type=chem&acc=C019357,637,BID,https://ctdbase.org/detail.go?type=gene&acc=637,NULL,NULL,637,BID,9606,Homo sapiens (human),Dioscin results in decreased expression of BID mrna|dioscin results in decreased expression of BID protein,NULL,NULL,PMID:22334414,https://www.ncbi.nlm.nih.gov/pubmed/22334414,22334414,NULL,NULL
1817756,119245,CTD,Dioscin,C019357,dioscin,https://ctdbase.org/detail.go?type=chem&acc=C019357,637,BID,https://ctdbase.org/detail.go?type=gene&acc=637,NULL,NULL,637,BID,10090,Mus musculus (house mouse),[acetaminophen co-treated with dioscin] results in increased expression of BID protein,NULL,NULL,PMID:22939915,https://www.ncbi.nlm.nih.gov/pubmed/22939915,22939915,NULL,NULL
1817757,119245,CTD,Dioscin,C019357,dioscin,https://ctdbase.org/detail.go?type=chem&acc=C019357,332,BIRC5,https://ctdbase.org/detail.go?type=gene&acc=332,NULL,NULL,332,BIRC5,9606,Homo sapiens (human),Dioscin results in increased expression of BIRC5 mRNA,NULL,NULL,PMID:29990575,https://www.ncbi.nlm.nih.gov/pubmed/29990575,29990575,NULL,NULL
1817769,119245,CTD,Dioscin,C019357,dioscin,https://ctdbase.org/detail.go?type=chem&acc=C019357,843,CASP10,https://ctdbase.org/detail.go?type=gene&acc=843,NULL,NULL,843,CASP10,9606,Homo sapiens (human),Dioscin results in increased expression of CASP10 mRNA,NULL,NULL,PMID:29990575|PMID:33359023,https://www.ncbi.nlm.nih.gov/pubmed/29990575|https://www.ncbi.nlm.nih.gov/pubmed/33359023,29990575|33359023,NULL,NULL
1817770,119245,CTD,Dioscin,C019357,dioscin,https://ctdbase.org/detail.go?type=chem&acc=C019357,836,CASP3,https://ctdbase.org/detail.go?type=gene&acc=836,NULL,NULL,836,CASP3,9606,Homo sapiens (human),Dioscin results in increased expression of CASP3 protein|dioscin results in increased expression of CASP3 mrna|benzyloxycarbonyl-leucyl-glutamyl-histidyl-aspartic acid fluoromethyl ketone inhibits the reaction [dioscin results in increased expression of CASP3 protein]|benzyloxycarbonyl-isoleucyl-glutamyl-threonyl-aspartic acid fluoromethyl ketone inhibits the reaction [dioscin results in increased expression of CASP3 protein],NULL,NULL,PMID:29990575,https://www.ncbi.nlm.nih.gov/pubmed/29990575,29990575,NULL,NULL
1817771,119245,CTD,Dioscin,C019357,dioscin,https://ctdbase.org/detail.go?type=chem&acc=C019357,836,CASP3,https://ctdbase.org/detail.go?type=gene&acc=836,NULL,NULL,836,CASP3,9606,Homo sapiens (human),Dioscin results in decreased expression of CASP3 mrna|dioscin results in decreased expression of CASP3 protein,NULL,NULL,PMID:33359023,https://www.ncbi.nlm.nih.gov/pubmed/33359023,33359023,NULL,NULL
1817772,119245,CTD,Dioscin,C019357,dioscin,https://ctdbase.org/detail.go?type=chem&acc=C019357,836,CASP3,https://ctdbase.org/detail.go?type=gene&acc=836,NULL,NULL,836,CASP3,9606,Homo sapiens (human),Dioscin results in increased activity of CASP3 protein,NULL,NULL,PMID:22334414,https://www.ncbi.nlm.nih.gov/pubmed/22334414,22334414,NULL,NULL
1817773,119245,CTD,Dioscin,C019357,dioscin,https://ctdbase.org/detail.go?type=chem&acc=C019357,836,CASP3,https://ctdbase.org/detail.go?type=gene&acc=836,NULL,NULL,836,CASP3,10090,Mus musculus (house mouse),Dioscin inhibits the reaction [ethanol results in increased expression of CASP3 protein],NULL,NULL,PMID:24146112,https://www.ncbi.nlm.nih.gov/pubmed/24146112,24146112,NULL,NULL
1817774,119245,CTD,Dioscin,C019357,dioscin,https://ctdbase.org/detail.go?type=chem&acc=C019357,840,CASP7,https://ctdbase.org/detail.go?type=gene&acc=840,NULL,NULL,840,CASP7,9606,Homo sapiens (human),Dioscin results in increased expression of CASP7 mRNA,NULL,NULL,PMID:29990575,https://www.ncbi.nlm.nih.gov/pubmed/29990575,29990575,NULL,NULL
1817775,119245,CTD,Dioscin,C019357,dioscin,https://ctdbase.org/detail.go?type=chem&acc=C019357,841,CASP8,https://ctdbase.org/detail.go?type=gene&acc=841,NULL,NULL,841,CASP8,9606,Homo sapiens (human),Dioscin results in decreased expression of CASP8 mrna|dioscin results in decreased expression of and results in increased cleavage of CASP8 protein,NULL,NULL,PMID:33359023,https://www.ncbi.nlm.nih.gov/pubmed/33359023,33359023,NULL,NULL
1817776,119245,CTD,Dioscin,C019357,dioscin,https://ctdbase.org/detail.go?type=chem&acc=C019357,841,CASP8,https://ctdbase.org/detail.go?type=gene&acc=841,NULL,NULL,841,CASP8,9606,Homo sapiens (human),Dioscin results in increased activity of CASP8 protein,NULL,NULL,PMID:22334414,https://www.ncbi.nlm.nih.gov/pubmed/22334414,22334414,NULL,NULL
1817777,119245,CTD,Dioscin,C019357,dioscin,https://ctdbase.org/detail.go?type=chem&acc=C019357,841,CASP8,https://ctdbase.org/detail.go?type=gene&acc=841,NULL,NULL,841,CASP8,9606,Homo sapiens (human),Dioscin results in increased expression of CASP8 protein|dioscin results in increased expression of CASP8 mRNA,NULL,NULL,PMID:29990575,https://www.ncbi.nlm.nih.gov/pubmed/29990575,29990575,NULL,NULL
1817778,119245,CTD,Dioscin,C019357,dioscin,https://ctdbase.org/detail.go?type=chem&acc=C019357,842,CASP9,https://ctdbase.org/detail.go?type=gene&acc=842,NULL,NULL,842,CASP9,9606,Homo sapiens (human),Dioscin results in decreased expression of CASP9 protein|dioscin results in decreased expression of CASP9 mRNA,NULL,NULL,PMID:33359023,https://www.ncbi.nlm.nih.gov/pubmed/33359023,33359023,NULL,NULL
1817779,119245,CTD,Dioscin,C019357,dioscin,https://ctdbase.org/detail.go?type=chem&acc=C019357,842,CASP9,https://ctdbase.org/detail.go?type=gene&acc=842,NULL,NULL,842,CASP9,9606,Homo sapiens (human),Dioscin results in increased expression of CASP9 protein|dioscin results in increased expression of CASP9 mRNA,NULL,NULL,PMID:29990575,https://www.ncbi.nlm.nih.gov/pubmed/29990575,29990575,NULL,NULL
1817805,119245,CTD,Dioscin,C019357,dioscin,https://ctdbase.org/detail.go?type=chem&acc=C019357,842,CASP9,https://ctdbase.org/detail.go?type=gene&acc=842,NULL,NULL,842,CASP9,10090,Mus musculus (house mouse),Dioscin inhibits the reaction [ethanol results in increased expression of CASP9 protein],NULL,NULL,PMID:24146112,https://www.ncbi.nlm.nih.gov/pubmed/24146112,24146112,NULL,NULL
1817806,119245,CTD,Dioscin,C019357,dioscin,https://ctdbase.org/detail.go?type=chem&acc=C019357,890,CCNA2,https://ctdbase.org/detail.go?type=gene&acc=890,NULL,NULL,890,CCNA2,9606,Homo sapiens (human),Dioscin results in decreased expression of CCNA2 mrna|dioscin results in decreased expression of CCNA2 protein,NULL,NULL,PMID:33359023,https://www.ncbi.nlm.nih.gov/pubmed/33359023,33359023,NULL,NULL
1817807,119245,CTD,Dioscin,C019357,dioscin,https://ctdbase.org/detail.go?type=chem&acc=C019357,891,CCNB1,https://ctdbase.org/detail.go?type=gene&acc=891,NULL,NULL,891,CCNB1,9606,Homo sapiens (human),Dioscin results in decreased expression of CCNB1 protein|dioscin results in decreased expression of CCNB1 mRNA,NULL,NULL,PMID:29990575,https://www.ncbi.nlm.nih.gov/pubmed/29990575,29990575,NULL,NULL
1817808,119245,CTD,Dioscin,C019357,dioscin,https://ctdbase.org/detail.go?type=chem&acc=C019357,595,CCND1,https://ctdbase.org/detail.go?type=gene&acc=595,NULL,NULL,595,CCND1,9606,Homo sapiens (human),Dioscin results in decreased expression of CCND1 protein|dioscin results in decreased expression of CCND1 mRNA,NULL,NULL,PMID:33359023,https://www.ncbi.nlm.nih.gov/pubmed/33359023,33359023,NULL,NULL
1817809,119245,CTD,Dioscin,C019357,dioscin,https://ctdbase.org/detail.go?type=chem&acc=C019357,595,CCND1,https://ctdbase.org/detail.go?type=gene&acc=595,NULL,NULL,595,CCND1,9606,Homo sapiens (human),Dioscin results in increased expression of CCND1 mRNA,NULL,NULL,PMID:29990575,https://www.ncbi.nlm.nih.gov/pubmed/29990575,29990575,NULL,NULL
1817810,119245,CTD,Dioscin,C019357,dioscin,https://ctdbase.org/detail.go?type=chem&acc=C019357,898,CCNE1,https://ctdbase.org/detail.go?type=gene&acc=898,NULL,NULL,898,CCNE1,9606,Homo sapiens (human),Dioscin results in decreased expression of CCNE1 protein|dioscin results in decreased expression of CCNE1 mRNA,NULL,NULL,PMID:33359023,https://www.ncbi.nlm.nih.gov/pubmed/33359023,33359023,NULL,NULL
1817811,119245,CTD,Dioscin,C019357,dioscin,https://ctdbase.org/detail.go?type=chem&acc=C019357,983,CDK1,https://ctdbase.org/detail.go?type=gene&acc=983,NULL,NULL,983,CDK1,9606,Homo sapiens (human),Dioscin results in decreased expression of CDK1 protein|dioscin results in decreased expression of CDK1 mRNA,NULL,NULL,PMID:29990575,https://www.ncbi.nlm.nih.gov/pubmed/29990575,29990575,NULL,NULL
1817812,119245,CTD,Dioscin,C019357,dioscin,https://ctdbase.org/detail.go?type=chem&acc=C019357,1017,CDK2,https://ctdbase.org/detail.go?type=gene&acc=1017,NULL,NULL,1017,CDK2,9606,Homo sapiens (human),Dioscin results in decreased expression of CDK2 protein|dioscin results in decreased expression of CDK2 mRNA,NULL,NULL,PMID:33359023,https://www.ncbi.nlm.nih.gov/pubmed/33359023,33359023,NULL,NULL
1817813,119245,CTD,Dioscin,C019357,dioscin,https://ctdbase.org/detail.go?type=chem&acc=C019357,1019,CDK4,https://ctdbase.org/detail.go?type=gene&acc=1019,NULL,NULL,1019,CDK4,9606,Homo sapiens (human),Dioscin results in decreased expression of CDK4 mRNA,NULL,NULL,PMID:33359023,https://www.ncbi.nlm.nih.gov/pubmed/33359023,33359023,NULL,NULL
1817814,119245,CTD,Dioscin,C019357,dioscin,https://ctdbase.org/detail.go?type=chem&acc=C019357,1021,CDK6,https://ctdbase.org/detail.go?type=gene&acc=1021,NULL,NULL,1021,CDK6,9606,Homo sapiens (human),Dioscin results in decreased expression of CDK6 mrna|dioscin results in decreased expression of CDK6 protein,NULL,NULL,PMID:33359023,https://www.ncbi.nlm.nih.gov/pubmed/33359023,33359023,NULL,NULL
1817815,119245,CTD,Dioscin,C019357,dioscin,https://ctdbase.org/detail.go?type=chem&acc=C019357,1026,CDKN1A,https://ctdbase.org/detail.go?type=gene&acc=1026,NULL,NULL,1026,CDKN1A,9606,Homo sapiens (human),Dioscin results in increased expression of CDKN1A protein|dioscin results in increased expression of CDKN1A mRNA,NULL,NULL,PMID:29990575|PMID:33359023,https://www.ncbi.nlm.nih.gov/pubmed/29990575|https://www.ncbi.nlm.nih.gov/pubmed/33359023,29990575|33359023,NULL,NULL
1817849,119245,CTD,Dioscin,C019357,dioscin,https://ctdbase.org/detail.go?type=chem&acc=C019357,1027,CDKN1B,https://ctdbase.org/detail.go?type=gene&acc=1027,NULL,NULL,1027,CDKN1B,9606,Homo sapiens (human),Dioscin results in increased expression of CDKN1B mrna|dioscin results in increased expression of CDKN1B protein,NULL,NULL,PMID:33359023,https://www.ncbi.nlm.nih.gov/pubmed/33359023,33359023,NULL,NULL
1817850,119245,CTD,Dioscin,C019357,dioscin,https://ctdbase.org/detail.go?type=chem&acc=C019357,1029,CDKN2A,https://ctdbase.org/detail.go?type=gene&acc=1029,NULL,NULL,1029,CDKN2A,9606,Homo sapiens (human),Dioscin results in increased expression of CDKN2A mrna|dioscin results in increased expression of CDKN2A protein,NULL,NULL,PMID:33359023,https://www.ncbi.nlm.nih.gov/pubmed/33359023,33359023,NULL,NULL
1817851,119245,CTD,Dioscin,C019357,dioscin,https://ctdbase.org/detail.go?type=chem&acc=C019357,1111,CHEK1,https://ctdbase.org/detail.go?type=gene&acc=1111,NULL,NULL,1111,CHEK1,9606,Homo sapiens (human),Dioscin results in decreased expression of CHEK1 protein|dioscin results in decreased expression of CHEK1 mRNA,NULL,NULL,PMID:33359023,https://www.ncbi.nlm.nih.gov/pubmed/33359023,33359023,NULL,NULL
1817852,119245,CTD,Dioscin,C019357,dioscin,https://ctdbase.org/detail.go?type=chem&acc=C019357,11200,CHEK2,https://ctdbase.org/detail.go?type=gene&acc=11200,NULL,NULL,11200,CHEK2,9606,Homo sapiens (human),Dioscin results in decreased expression of CHEK2 protein|dioscin results in decreased expression of CHEK2 mRNA,NULL,NULL,PMID:29990575,https://www.ncbi.nlm.nih.gov/pubmed/29990575,29990575,NULL,NULL
1817853,119245,CTD,Dioscin,C019357,dioscin,https://ctdbase.org/detail.go?type=chem&acc=C019357,1374,CPT1A,https://ctdbase.org/detail.go?type=gene&acc=1374,NULL,NULL,1374,CPT1A,10090,Mus musculus (house mouse),Dioscin inhibits the reaction [ethanol results in decreased expression of CPT1A mrna],NULL,NULL,PMID:24146112,https://www.ncbi.nlm.nih.gov/pubmed/24146112,24146112,NULL,NULL
1817854,119245,CTD,Dioscin,C019357,dioscin,https://ctdbase.org/detail.go?type=chem&acc=C019357,1499,CTNNB1,https://ctdbase.org/detail.go?type=gene&acc=1499,NULL,NULL,1499,CTNNB1,9606,Homo sapiens (human),Fulvestrant inhibits the reaction [dioscin results in increased expression of CTNNB1 mrna]|dioscin results in increased expression of CTNNB1 mrna|dioscin results in increased expression of CTNNB1 protein,NULL,NULL,PMID:24742230,https://www.ncbi.nlm.nih.gov/pubmed/24742230,24742230,NULL,NULL
1817855,119245,CTD,Dioscin,C019357,dioscin,https://ctdbase.org/detail.go?type=chem&acc=C019357,54205,CYCS,https://ctdbase.org/detail.go?type=gene&acc=54205,NULL,NULL,54205,CYCS,9606,Homo sapiens (human),Dioscin results in increased expression of CYCS mRNA,NULL,NULL,PMID:33359023,https://www.ncbi.nlm.nih.gov/pubmed/33359023,33359023,NULL,NULL
1817856,119245,CTD,Dioscin,C019357,dioscin,https://ctdbase.org/detail.go?type=chem&acc=C019357,1559,CYP2C9,https://ctdbase.org/detail.go?type=gene&acc=1559,NULL,NULL,1559,CYP2C9,9606,Homo sapiens (human),Dioscin results in increased expression of CYP2C9 mRNA,NULL,NULL,PMID:29990575,https://www.ncbi.nlm.nih.gov/pubmed/29990575,29990575,NULL,NULL
1817857,119245,CTD,Dioscin,C019357,dioscin,https://ctdbase.org/detail.go?type=chem&acc=C019357,1571,CYP2E1,https://ctdbase.org/detail.go?type=gene&acc=1571,NULL,NULL,1571,CYP2E1,10090,Mus musculus (house mouse),Dioscin inhibits the reaction [acetaminophen results in increased expression of and results in increased activity of CYP2E1 protein],NULL,NULL,PMID:22939915,https://www.ncbi.nlm.nih.gov/pubmed/22939915,22939915,NULL,NULL
1817858,119245,CTD,Dioscin,C019357,dioscin,https://ctdbase.org/detail.go?type=chem&acc=C019357,1571,CYP2E1,https://ctdbase.org/detail.go?type=gene&acc=1571,NULL,NULL,1571,CYP2E1,10090,Mus musculus (house mouse),Dioscin inhibits the reaction [ethanol results in increased expression of and results in increased activity of CYP2E1 protein],NULL,NULL,PMID:24146112,https://www.ncbi.nlm.nih.gov/pubmed/24146112,24146112,NULL,NULL
1817859,119245,CTD,Dioscin,C019357,dioscin,https://ctdbase.org/detail.go?type=chem&acc=C019357,8694,DGAT1,https://ctdbase.org/detail.go?type=gene&acc=8694,NULL,NULL,8694,DGAT1,10090,Mus musculus (house mouse),Dioscin inhibits the reaction [ethanol results in increased expression of DGAT1 mrna],NULL,NULL,PMID:24146112,https://www.ncbi.nlm.nih.gov/pubmed/24146112,24146112,NULL,NULL
1817860,119245,CTD,Dioscin,C019357,dioscin,https://ctdbase.org/detail.go?type=chem&acc=C019357,84649,DGAT2,https://ctdbase.org/detail.go?type=gene&acc=84649,NULL,NULL,84649,DGAT2,10090,Mus musculus (house mouse),Dioscin inhibits the reaction [ethanol results in increased expression of DGAT2 mrna],NULL,NULL,PMID:24146112,https://www.ncbi.nlm.nih.gov/pubmed/24146112,24146112,NULL,NULL
1817861,119245,CTD,Dioscin,C019357,dioscin,https://ctdbase.org/detail.go?type=chem&acc=C019357,56616,DIABLO,https://ctdbase.org/detail.go?type=gene&acc=56616,NULL,NULL,56616,DIABLO,9606,Homo sapiens (human),Dioscin results in increased expression of DIABLO mRNA,NULL,NULL,PMID:29990575,https://www.ncbi.nlm.nih.gov/pubmed/29990575,29990575,NULL,NULL
1817862,119245,CTD,Dioscin,C019357,dioscin,https://ctdbase.org/detail.go?type=chem&acc=C019357,2099,ESR1,https://ctdbase.org/detail.go?type=gene&acc=2099,NULL,NULL,2099,ESR1,9606,Homo sapiens (human),Fulvestrant inhibits the reaction [dioscin results in increased expression of ESR1 protein]|dioscin results in increased expression of ESR1 protein,NULL,NULL,PMID:24742230,https://www.ncbi.nlm.nih.gov/pubmed/24742230,24742230,NULL,NULL
1817863,119245,CTD,Dioscin,C019357,dioscin,https://ctdbase.org/detail.go?type=chem&acc=C019357,2100,ESR2,https://ctdbase.org/detail.go?type=gene&acc=2100,NULL,NULL,2100,ESR2,9606,Homo sapiens (human),Dioscin results in increased expression of ESR2 protein|fulvestrant inhibits the reaction [dioscin results in increased expression of ESR2 protein],NULL,NULL,PMID:24742230,https://www.ncbi.nlm.nih.gov/pubmed/24742230,24742230,NULL,NULL
1817864,119245,CTD,Dioscin,C019357,dioscin,https://ctdbase.org/detail.go?type=chem&acc=C019357,8772,FADD,https://ctdbase.org/detail.go?type=gene&acc=8772,NULL,NULL,8772,FADD,9606,Homo sapiens (human),Dioscin results in increased expression of FADD mRNA,NULL,NULL,PMID:22334414|PMID:29990575|PMID:33359023,https://www.ncbi.nlm.nih.gov/pubmed/22334414|https://www.ncbi.nlm.nih.gov/pubmed/29990575|https://www.ncbi.nlm.nih.gov/pubmed/33359023,22334414|29990575|33359023,NULL,NULL
1817865,119245,CTD,Dioscin,C019357,dioscin,https://ctdbase.org/detail.go?type=chem&acc=C019357,8772,FADD,https://ctdbase.org/detail.go?type=gene&acc=8772,NULL,NULL,8772,FADD,9606,Homo sapiens (human),Dioscin results in increased expression of FADD protein,NULL,NULL,PMID:22334414,https://www.ncbi.nlm.nih.gov/pubmed/22334414,22334414,NULL,NULL
1817866,119245,CTD,Dioscin,C019357,dioscin,https://ctdbase.org/detail.go?type=chem&acc=C019357,355,FAS,https://ctdbase.org/detail.go?type=gene&acc=355,NULL,NULL,355,FAS,9606,Homo sapiens (human),Dioscin results in increased expression of FAS mRNA,NULL,NULL,PMID:22334414,https://www.ncbi.nlm.nih.gov/pubmed/22334414,22334414,NULL,NULL
1817867,119245,CTD,Dioscin,C019357,dioscin,https://ctdbase.org/detail.go?type=chem&acc=C019357,355,FAS,https://ctdbase.org/detail.go?type=gene&acc=355,NULL,NULL,355,FAS,9606,Homo sapiens (human),Dioscin results in increased expression of FAS protein,NULL,NULL,PMID:22334414|PMID:33359023,https://www.ncbi.nlm.nih.gov/pubmed/22334414|https://www.ncbi.nlm.nih.gov/pubmed/33359023,22334414|33359023,NULL,NULL
1817868,119245,CTD,Dioscin,C019357,dioscin,https://ctdbase.org/detail.go?type=chem&acc=C019357,356,FASLG,https://ctdbase.org/detail.go?type=gene&acc=356,NULL,NULL,356,FASLG,9606,Homo sapiens (human),Dioscin results in increased expression of FASLG mrna|dioscin results in increased expression of FASLG protein,NULL,NULL,PMID:22334414|PMID:29990575,https://www.ncbi.nlm.nih.gov/pubmed/22334414|https://www.ncbi.nlm.nih.gov/pubmed/29990575,22334414|29990575,NULL,NULL
1817869,119245,CTD,Dioscin,C019357,dioscin,https://ctdbase.org/detail.go?type=chem&acc=C019357,2308,FOXO1,https://ctdbase.org/detail.go?type=gene&acc=2308,NULL,NULL,2308,FOXO1,9606,Homo sapiens (human),Dioscin results in increased expression of FOXO1 mRNA,NULL,NULL,PMID:33359023,https://www.ncbi.nlm.nih.gov/pubmed/33359023,33359023,NULL,NULL
1817870,119245,CTD,Dioscin,C019357,dioscin,https://ctdbase.org/detail.go?type=chem&acc=C019357,2875,GPT,https://ctdbase.org/detail.go?type=gene&acc=2875,NULL,NULL,2875,GPT,10116,Rattus norvegicus (Norway rat),Dioscin inhibits the reaction [1-naphthylisothiocyanate results in increased expression of GPT protein],NULL,NULL,PMID:27317372,https://www.ncbi.nlm.nih.gov/pubmed/27317372,27317372,NULL,NULL
1817899,119245,CTD,Dioscin,C019357,dioscin,https://ctdbase.org/detail.go?type=chem&acc=C019357,2936,GSR,https://ctdbase.org/detail.go?type=gene&acc=2936,NULL,NULL,2936,GSR,10090,Mus musculus (house mouse),Dioscin inhibits the reaction [ethanol results in decreased expression of GSR protein],NULL,NULL,PMID:24146112,https://www.ncbi.nlm.nih.gov/pubmed/24146112,24146112,NULL,NULL
1817900,119245,CTD,Dioscin,C019357,dioscin,https://ctdbase.org/detail.go?type=chem&acc=C019357,3146,HMGB1,https://ctdbase.org/detail.go?type=gene&acc=3146,NULL,NULL,3146,HMGB1,10116,Rattus norvegicus (Norway rat),Dioscin inhibits the reaction [doxorubicin results in increased expression of HMGB1 protein],NULL,NULL,PMID:28082111,https://www.ncbi.nlm.nih.gov/pubmed/28082111,28082111,NULL,NULL
1817901,119245,CTD,Dioscin,C019357,dioscin,https://ctdbase.org/detail.go?type=chem&acc=C019357,3162,HMOX1,https://ctdbase.org/detail.go?type=gene&acc=3162,NULL,NULL,3162,HMOX1,10116,Rattus norvegicus (Norway rat),Dioscin inhibits the reaction [doxorubicin results in decreased expression of HMOX1 protein],NULL,NULL,PMID:28082111,https://www.ncbi.nlm.nih.gov/pubmed/28082111,28082111,NULL,NULL
1817902,119245,CTD,Dioscin,C019357,dioscin,https://ctdbase.org/detail.go?type=chem&acc=C019357,3309,HSPA5,https://ctdbase.org/detail.go?type=gene&acc=3309,NULL,NULL,3309,HSPA5,10090,Mus musculus (house mouse),Dioscin inhibits the reaction [ethanol results in increased expression of HSPA5 protein],NULL,NULL,PMID:24146112,https://www.ncbi.nlm.nih.gov/pubmed/24146112,24146112,NULL,NULL
1817903,119245,CTD,Dioscin,C019357,dioscin,https://ctdbase.org/detail.go?type=chem&acc=C019357,3596,IL13,https://ctdbase.org/detail.go?type=gene&acc=3596,NULL,NULL,3596,IL13,10090,Mus musculus (house mouse),Dioscin inhibits the reaction [[ovalbumin co-treated with aluminum hydroxide] results in increased expression of IL13 protein],NULL,NULL,PMID:35481609,https://www.ncbi.nlm.nih.gov/pubmed/35481609,35481609,NULL,NULL
1817904,119245,CTD,Dioscin,C019357,dioscin,https://ctdbase.org/detail.go?type=chem&acc=C019357,3553,IL1B,https://ctdbase.org/detail.go?type=gene&acc=3553,NULL,NULL,3553,IL1B,10116,Rattus norvegicus (Norway rat),NR1H4 protein affects the reaction [dioscin inhibits the reaction [doxorubicin results in increased expression of IL1B mrna]]|dioscin inhibits the reaction [doxorubicin results in increased expression of IL1B mrna],NULL,NULL,PMID:28082111,https://www.ncbi.nlm.nih.gov/pubmed/28082111,28082111,NULL,NULL
1817905,119245,CTD,Dioscin,C019357,dioscin,https://ctdbase.org/detail.go?type=chem&acc=C019357,3565,IL4,https://ctdbase.org/detail.go?type=gene&acc=3565,NULL,NULL,3565,IL4,10090,Mus musculus (house mouse),Dioscin inhibits the reaction [[ovalbumin co-treated with aluminum hydroxide] results in increased expression of IL4 protein],NULL,NULL,PMID:35481609,https://www.ncbi.nlm.nih.gov/pubmed/35481609,35481609,NULL,NULL
1817906,119245,CTD,Dioscin,C019357,dioscin,https://ctdbase.org/detail.go?type=chem&acc=C019357,3567,IL5,https://ctdbase.org/detail.go?type=gene&acc=3567,NULL,NULL,3567,IL5,10090,Mus musculus (house mouse),Dioscin inhibits the reaction [[ovalbumin co-treated with aluminum hydroxide] results in increased expression of IL5 protein],NULL,NULL,PMID:35481609,https://www.ncbi.nlm.nih.gov/pubmed/35481609,35481609,NULL,NULL
1817907,119245,CTD,Dioscin,C019357,dioscin,https://ctdbase.org/detail.go?type=chem&acc=C019357,3569,IL6,https://ctdbase.org/detail.go?type=gene&acc=3569,NULL,NULL,3569,IL6,10090,Mus musculus (house mouse),Dioscin inhibits the reaction [ethanol results in increased expression of IL6 mrna],NULL,NULL,PMID:24146112,https://www.ncbi.nlm.nih.gov/pubmed/24146112,24146112,NULL,NULL
1817908,119245,CTD,Dioscin,C019357,dioscin,https://ctdbase.org/detail.go?type=chem&acc=C019357,3569,IL6,https://ctdbase.org/detail.go?type=gene&acc=3569,NULL,NULL,3569,IL6,10116,Rattus norvegicus (Norway rat),NR1H4 protein affects the reaction [dioscin inhibits the reaction [doxorubicin results in increased expression of IL6 mrna]]|dioscin inhibits the reaction [doxorubicin results in increased expression of IL6 mrna],NULL,NULL,PMID:28082111,https://www.ncbi.nlm.nih.gov/pubmed/28082111,28082111,NULL,NULL
1817909,119245,CTD,Dioscin,C019357,dioscin,https://ctdbase.org/detail.go?type=chem&acc=C019357,3791,KDR,https://ctdbase.org/detail.go?type=gene&acc=3791,NULL,NULL,3791,KDR,9606,Homo sapiens (human),Dioscin inhibits the reaction [VEGFA protein results in increased phosphorylation of KDR protein],NULL,NULL,PMID:25111127,https://www.ncbi.nlm.nih.gov/pubmed/25111127,25111127,NULL,NULL
1817981,119245,CTD,Dioscin,C019357,dioscin,https://ctdbase.org/detail.go?type=chem&acc=C019357,9817,KEAP1,https://ctdbase.org/detail.go?type=gene&acc=9817,NULL,NULL,9817,KEAP1,10116,Rattus norvegicus (Norway rat),Dioscin inhibits the reaction [doxorubicin results in increased expression of KEAP1 protein],NULL,NULL,PMID:28082111,https://www.ncbi.nlm.nih.gov/pubmed/28082111,28082111,NULL,NULL
1817982,119245,CTD,Dioscin,C019357,dioscin,https://ctdbase.org/detail.go?type=chem&acc=C019357,3875,KRT18,https://ctdbase.org/detail.go?type=gene&acc=3875,NULL,NULL,3875,KRT18,10090,Mus musculus (house mouse),Dioscin inhibits the reaction [acetaminophen results in increased expression of KRT18 protein],NULL,NULL,PMID:22939915,https://www.ncbi.nlm.nih.gov/pubmed/22939915,22939915,NULL,NULL
1817983,119245,CTD,Dioscin,C019357,dioscin,https://ctdbase.org/detail.go?type=chem&acc=C019357,3875,KRT18,https://ctdbase.org/detail.go?type=gene&acc=3875,NULL,NULL,3875,KRT18,10090,Mus musculus (house mouse),Dioscin inhibits the reaction [ethanol results in increased expression of KRT18 protein],NULL,NULL,PMID:24146112,https://www.ncbi.nlm.nih.gov/pubmed/24146112,24146112,NULL,NULL
1817984,119245,CTD,Dioscin,C019357,dioscin,https://ctdbase.org/detail.go?type=chem&acc=C019357,4041,LRP5,https://ctdbase.org/detail.go?type=gene&acc=4041,NULL,NULL,4041,LRP5,10090,Mus musculus (house mouse),Dioscin results in increased expression of LRP5 mrna|lrp5 protein affects the reaction [dioscin results in increased expression of TNFSF11 mrna]|lrp5 protein affects the reaction [dioscin results in increased expression of TNFRSF11B mrna]|fulvestrant inhibits the reaction [dioscin results in increased expression of LRP5 mrna],NULL,NULL,PMID:24742230,https://www.ncbi.nlm.nih.gov/pubmed/24742230,24742230,NULL,NULL
1817985,119245,CTD,Dioscin,C019357,dioscin,https://ctdbase.org/detail.go?type=chem&acc=C019357,5594,MAPK1,https://ctdbase.org/detail.go?type=gene&acc=5594,NULL,NULL,5594,MAPK1,9606,Homo sapiens (human),Dioscin inhibits the reaction [VEGFA protein results in increased phosphorylation of MAPK1 protein],NULL,NULL,PMID:25111127,https://www.ncbi.nlm.nih.gov/pubmed/25111127,25111127,NULL,NULL
1817986,119245,CTD,Dioscin,C019357,dioscin,https://ctdbase.org/detail.go?type=chem&acc=C019357,5594,MAPK1,https://ctdbase.org/detail.go?type=gene&acc=5594,NULL,NULL,5594,MAPK1,10090,Mus musculus (house mouse),Dioscin inhibits the reaction [ethanol results in increased phosphorylation of MAPK1 protein],NULL,NULL,PMID:24146112,https://www.ncbi.nlm.nih.gov/pubmed/24146112,24146112,NULL,NULL
1817987,119245,CTD,Dioscin,C019357,dioscin,https://ctdbase.org/detail.go?type=chem&acc=C019357,5595,MAPK3,https://ctdbase.org/detail.go?type=gene&acc=5595,NULL,NULL,5595,MAPK3,9606,Homo sapiens (human),Dioscin inhibits the reaction [VEGFA protein results in increased phosphorylation of MAPK3 protein],NULL,NULL,PMID:25111127,https://www.ncbi.nlm.nih.gov/pubmed/25111127,25111127,NULL,NULL
1817988,119245,CTD,Dioscin,C019357,dioscin,https://ctdbase.org/detail.go?type=chem&acc=C019357,5595,MAPK3,https://ctdbase.org/detail.go?type=gene&acc=5595,NULL,NULL,5595,MAPK3,10090,Mus musculus (house mouse),Dioscin inhibits the reaction [ethanol results in increased phosphorylation of MAPK3 protein],NULL,NULL,PMID:24146112,https://www.ncbi.nlm.nih.gov/pubmed/24146112,24146112,NULL,NULL
1817989,119245,CTD,Dioscin,C019357,dioscin,https://ctdbase.org/detail.go?type=chem&acc=C019357,5599,MAPK8,https://ctdbase.org/detail.go?type=gene&acc=5599,NULL,NULL,5599,MAPK8,9606,Homo sapiens (human),Dioscin results in increased expression of MAPK8 mRNA,NULL,NULL,PMID:29990575,https://www.ncbi.nlm.nih.gov/pubmed/29990575,29990575,NULL,NULL
1817990,119245,CTD,Dioscin,C019357,dioscin,https://ctdbase.org/detail.go?type=chem&acc=C019357,5601,MAPK9,https://ctdbase.org/detail.go?type=gene&acc=5601,NULL,NULL,5601,MAPK9,9606,Homo sapiens (human),Dioscin results in increased expression of MAPK9 mRNA,NULL,NULL,PMID:29990575,https://www.ncbi.nlm.nih.gov/pubmed/29990575,29990575,NULL,NULL
1817991,119245,CTD,Dioscin,C019357,dioscin,https://ctdbase.org/detail.go?type=chem&acc=C019357,4190,MDH1,https://ctdbase.org/detail.go?type=gene&acc=4190,NULL,NULL,4190,MDH1,10090,Mus musculus (house mouse),Dioscin inhibits the reaction [acetaminophen results in decreased expression of MDH1 protein],NULL,NULL,PMID:22939915,https://www.ncbi.nlm.nih.gov/pubmed/22939915,22939915,NULL,NULL
1818052,119245,CTD,Dioscin,C019357,dioscin,https://ctdbase.org/detail.go?type=chem&acc=C019357,2475,MTOR,https://ctdbase.org/detail.go?type=gene&acc=2475,NULL,NULL,2475,MTOR,9606,Homo sapiens (human),Dioscin results in decreased expression of MTOR mRNA,NULL,NULL,PMID:29990575,https://www.ncbi.nlm.nih.gov/pubmed/29990575,29990575,NULL,NULL
1818053,119245,CTD,Dioscin,C019357,dioscin,https://ctdbase.org/detail.go?type=chem&acc=C019357,4586,MUC5AC,https://ctdbase.org/detail.go?type=gene&acc=4586,NULL,NULL,4586,MUC5AC,10090,Mus musculus (house mouse),Dioscin inhibits the reaction [[ovalbumin co-treated with aluminum hydroxide] results in increased expression of MUC5AC mrna],NULL,NULL,PMID:35481609,https://www.ncbi.nlm.nih.gov/pubmed/35481609,35481609,NULL,NULL
1818054,119245,CTD,Dioscin,C019357,dioscin,https://ctdbase.org/detail.go?type=chem&acc=C019357,4780,NFE2L2,https://ctdbase.org/detail.go?type=gene&acc=4780,NULL,NULL,4780,NFE2L2,10116,Rattus norvegicus (Norway rat),Dioscin inhibits the reaction [doxorubicin results in decreased expression of and affects the localization of NFE2L2 protein]|nr1h4 protein affects the reaction [dioscin inhibits the reaction [doxorubicin results in decreased expression of NFE2L2 protein]],NULL,NULL,PMID:28082111,https://www.ncbi.nlm.nih.gov/pubmed/28082111,28082111,NULL,NULL
1818055,119245,CTD,Dioscin,C019357,dioscin,https://ctdbase.org/detail.go?type=chem&acc=C019357,4792,NFKBIA,https://ctdbase.org/detail.go?type=gene&acc=4792,NULL,NULL,4792,NFKBIA,9606,Homo sapiens (human),Dioscin results in decreased degradation of NFKBIA protein,NULL,NULL,PMID:24680847,https://www.ncbi.nlm.nih.gov/pubmed/24680847,24680847,NULL,NULL
1818056,119245,CTD,Dioscin,C019357,dioscin,https://ctdbase.org/detail.go?type=chem&acc=C019357,8431,NR0B2,https://ctdbase.org/detail.go?type=gene&acc=8431,NULL,NULL,8431,NR0B2,10116,Rattus norvegicus (Norway rat),Dioscin results in increased expression of NR0B2 mrna|dioscin promotes the reaction [1-naphthylisothiocyanate results in increased expression of NR0B2 mrna],NULL,NULL,PMID:27317372,https://www.ncbi.nlm.nih.gov/pubmed/27317372,27317372,NULL,NULL
1818057,119245,CTD,Dioscin,C019357,dioscin,https://ctdbase.org/detail.go?type=chem&acc=C019357,9971,NR1H4,https://ctdbase.org/detail.go?type=gene&acc=9971,NULL,NULL,9971,NR1H4,10116,Rattus norvegicus (Norway rat),NR1H4 protein affects the reaction [dioscin inhibits the reaction [doxorubicin results in decreased expression of NFE2L2 protein]]|nr1h4 protein affects the reaction [dioscin inhibits the reaction [doxorubicin results in increased expression of IL1B mrna]]|nr1h4 protein affects the reaction [dioscin inhibits the reaction [doxorubicin results in increased expression of IL6 mrna]]|nr1h4 protein affects the reaction [dioscin inhibits the reaction [doxorubicin results in increased expression of RELA protein]]|nr1h4 protein affects the reaction [dioscin inhibits the reaction [doxorubicin results in increased expression of TNF mrna]]|dioscin inhibits the reaction [doxorubicin results in decreased expression of NR1H4 protein],NULL,NULL,PMID:28082111,https://www.ncbi.nlm.nih.gov/pubmed/28082111,28082111,NULL,NULL
1818058,119245,CTD,Dioscin,C019357,dioscin,https://ctdbase.org/detail.go?type=chem&acc=C019357,142,PARP1,https://ctdbase.org/detail.go?type=gene&acc=142,NULL,NULL,142,PARP1,9606,Homo sapiens (human),Dioscin results in decreased expression of PARP1 mrna|dioscin results in decreased expression of PARP1 protein,NULL,NULL,PMID:33359023,https://www.ncbi.nlm.nih.gov/pubmed/33359023,33359023,NULL,NULL
1818059,119245,CTD,Dioscin,C019357,dioscin,https://ctdbase.org/detail.go?type=chem&acc=C019357,142,PARP1,https://ctdbase.org/detail.go?type=gene&acc=142,NULL,NULL,142,PARP1,9606,Homo sapiens (human),Dioscin results in increased expression of PARP1 mRNA,NULL,NULL,PMID:29990575,https://www.ncbi.nlm.nih.gov/pubmed/29990575,29990575,NULL,NULL
1818060,119245,CTD,Dioscin,C019357,dioscin,https://ctdbase.org/detail.go?type=chem&acc=C019357,142,PARP1,https://ctdbase.org/detail.go?type=gene&acc=142,NULL,NULL,142,PARP1,10090,Mus musculus (house mouse),Dioscin inhibits the reaction [ethanol results in increased expression of PARP1 protein],NULL,NULL,PMID:24146112,https://www.ncbi.nlm.nih.gov/pubmed/24146112,24146112,NULL,NULL
1818061,119245,CTD,Dioscin,C019357,dioscin,https://ctdbase.org/detail.go?type=chem&acc=C019357,5291,PIK3CB,https://ctdbase.org/detail.go?type=gene&acc=5291,NULL,NULL,5291,PIK3CB,9606,Homo sapiens (human),Dioscin results in decreased expression of PIK3CB mRNA,NULL,NULL,PMID:29990575,https://www.ncbi.nlm.nih.gov/pubmed/29990575,29990575,NULL,NULL
1818129,119245,CTD,Dioscin,C019357,dioscin,https://ctdbase.org/detail.go?type=chem&acc=C019357,4860,PNP,https://ctdbase.org/detail.go?type=gene&acc=4860,NULL,NULL,4860,PNP,10090,Mus musculus (house mouse),Dioscin inhibits the reaction [acetaminophen results in decreased expression of PNP protein],NULL,NULL,PMID:22939915,https://www.ncbi.nlm.nih.gov/pubmed/22939915,22939915,NULL,NULL
1818130,119245,CTD,Dioscin,C019357,dioscin,https://ctdbase.org/detail.go?type=chem&acc=C019357,5465,PPARA,https://ctdbase.org/detail.go?type=gene&acc=5465,NULL,NULL,5465,PPARA,10090,Mus musculus (house mouse),Dioscin inhibits the reaction [ethanol results in decreased expression of PPARA protein],NULL,NULL,PMID:24146112,https://www.ncbi.nlm.nih.gov/pubmed/24146112,24146112,NULL,NULL
1818131,119245,CTD,Dioscin,C019357,dioscin,https://ctdbase.org/detail.go?type=chem&acc=C019357,5052,PRDX1,https://ctdbase.org/detail.go?type=gene&acc=5052,NULL,NULL,5052,PRDX1,10090,Mus musculus (house mouse),Dioscin inhibits the reaction [acetaminophen results in decreased expression of PRDX1 protein],NULL,NULL,PMID:22939915,https://www.ncbi.nlm.nih.gov/pubmed/22939915,22939915,NULL,NULL
1818132,119245,CTD,Dioscin,C019357,dioscin,https://ctdbase.org/detail.go?type=chem&acc=C019357,5564,PRKAB1,https://ctdbase.org/detail.go?type=gene&acc=5564,NULL,NULL,5564,PRKAB1,9606,Homo sapiens (human),Dioscin results in increased expression of PRKAB1 mRNA,NULL,NULL,PMID:29990575,https://www.ncbi.nlm.nih.gov/pubmed/29990575,29990575,NULL,NULL
1818133,119245,CTD,Dioscin,C019357,dioscin,https://ctdbase.org/detail.go?type=chem&acc=C019357,5747,PTK2,https://ctdbase.org/detail.go?type=gene&acc=5747,NULL,NULL,5747,PTK2,9606,Homo sapiens (human),Dioscin inhibits the reaction [VEGFA protein results in increased phosphorylation of PTK2 protein],NULL,NULL,PMID:25111127,https://www.ncbi.nlm.nih.gov/pubmed/25111127,25111127,NULL,NULL
1818134,119245,CTD,Dioscin,C019357,dioscin,https://ctdbase.org/detail.go?type=chem&acc=C019357,5970,RELA,https://ctdbase.org/detail.go?type=gene&acc=5970,NULL,NULL,5970,RELA,10116,Rattus norvegicus (Norway rat),Dioscin inhibits the reaction [doxorubicin results in increased expression of RELA protein]|nr1h4 protein affects the reaction [dioscin inhibits the reaction [doxorubicin results in increased expression of RELA protein]],NULL,NULL,PMID:28082111,https://www.ncbi.nlm.nih.gov/pubmed/28082111,28082111,NULL,NULL
1818135,119245,CTD,Dioscin,C019357,dioscin,https://ctdbase.org/detail.go?type=chem&acc=C019357,9104,RGN,https://ctdbase.org/detail.go?type=gene&acc=9104,NULL,NULL,9104,RGN,10090,Mus musculus (house mouse),Dioscin inhibits the reaction [acetaminophen results in decreased expression of RGN protein],NULL,NULL,PMID:22939915,https://www.ncbi.nlm.nih.gov/pubmed/22939915,22939915,NULL,NULL
1818136,119245,CTD,Dioscin,C019357,dioscin,https://ctdbase.org/detail.go?type=chem&acc=C019357,6198,RPS6KB1,https://ctdbase.org/detail.go?type=gene&acc=6198,NULL,NULL,6198,RPS6KB1,9606,Homo sapiens (human),Dioscin results in decreased expression of RPS6KB1 mRNA,NULL,NULL,PMID:29990575,https://www.ncbi.nlm.nih.gov/pubmed/29990575,29990575,NULL,NULL
1818137,119245,CTD,Dioscin,C019357,dioscin,https://ctdbase.org/detail.go?type=chem&acc=C019357,6554,SLC10A1,https://ctdbase.org/detail.go?type=gene&acc=6554,NULL,NULL,6554,SLC10A1,10116,Rattus norvegicus (Norway rat),Dioscin inhibits the reaction [1-naphthylisothiocyanate results in decreased expression of SLC10A1 mrna],NULL,NULL,PMID:27317372,https://www.ncbi.nlm.nih.gov/pubmed/27317372,27317372,NULL,NULL
1818138,119245,CTD,Dioscin,C019357,dioscin,https://ctdbase.org/detail.go?type=chem&acc=C019357,28248,SLCO1A1,https://ctdbase.org/detail.go?type=gene&acc=28248,NULL,NULL,28248,Slco1a1,10116,Rattus norvegicus (Norway rat),Dioscin inhibits the reaction [1-naphthylisothiocyanate results in decreased expression of SLCO1A1 protein]|dioscin results in increased expression of SLCO1A1 mrna|dioscin inhibits the reaction [1-naphthylisothiocyanate results in decreased expression of SLCO1A1 mrna],NULL,NULL,PMID:27317372,https://www.ncbi.nlm.nih.gov/pubmed/27317372,27317372,NULL,NULL
1818139,119245,CTD,Dioscin,C019357,dioscin,https://ctdbase.org/detail.go?type=chem&acc=C019357,6579,SLCO1A2,https://ctdbase.org/detail.go?type=gene&acc=6579,NULL,NULL,6579,SLCO1A2,10116,Rattus norvegicus (Norway rat),Dioscin results in increased expression of SLCO1A2 mRNA,NULL,NULL,PMID:27317372,https://www.ncbi.nlm.nih.gov/pubmed/27317372,27317372,NULL,NULL
1818166,119245,CTD,Dioscin,C019357,dioscin,https://ctdbase.org/detail.go?type=chem&acc=C019357,28253,SLCO1B2,https://ctdbase.org/detail.go?type=gene&acc=28253,NULL,NULL,28253,Slco1b2,10116,Rattus norvegicus (Norway rat),Dioscin inhibits the reaction [1-naphthylisothiocyanate results in decreased expression of SLCO1B2 protein]|dioscin results in increased expression of SLCO1B2 mrna|dioscin inhibits the reaction [1-naphthylisothiocyanate results in decreased expression of SLCO1B2 mrna],NULL,NULL,PMID:27317372,https://www.ncbi.nlm.nih.gov/pubmed/27317372,27317372,NULL,NULL
1818167,119245,CTD,Dioscin,C019357,dioscin,https://ctdbase.org/detail.go?type=chem&acc=C019357,6714,SRC,https://ctdbase.org/detail.go?type=gene&acc=6714,NULL,NULL,6714,SRC,9606,Homo sapiens (human),Dioscin inhibits the reaction [VEGFA protein results in increased phosphorylation of SRC protein],NULL,NULL,PMID:25111127,https://www.ncbi.nlm.nih.gov/pubmed/25111127,25111127,NULL,NULL
1818168,119245,CTD,Dioscin,C019357,dioscin,https://ctdbase.org/detail.go?type=chem&acc=C019357,6821,SUOX,https://ctdbase.org/detail.go?type=gene&acc=6821,NULL,NULL,6821,SUOX,10090,Mus musculus (house mouse),Dioscin inhibits the reaction [acetaminophen results in decreased expression of SUOX protein],NULL,NULL,PMID:22939915,https://www.ncbi.nlm.nih.gov/pubmed/22939915,22939915,NULL,NULL
1818169,119245,CTD,Dioscin,C019357,dioscin,https://ctdbase.org/detail.go?type=chem&acc=C019357,7040,TGFB1,https://ctdbase.org/detail.go?type=gene&acc=7040,NULL,NULL,7040,TGFB1,9606,Homo sapiens (human),Dioscin inhibits the reaction [[ovalbumin co-treated with aluminum hydroxide] results in increased expression of TGFB1 protein]|dioscin inhibits the reaction [TGFB1 protein results in increased phosphorylation of AKT1 protein],NULL,NULL,PMID:35481609,https://www.ncbi.nlm.nih.gov/pubmed/35481609,35481609,NULL,NULL
1818170,119245,CTD,Dioscin,C019357,dioscin,https://ctdbase.org/detail.go?type=chem&acc=C019357,7124,TNF,https://ctdbase.org/detail.go?type=gene&acc=7124,NULL,NULL,7124,TNF,9606,Homo sapiens (human),Dioscin results in increased expression of TNF mRNA,NULL,NULL,PMID:22334414|PMID:29990575|PMID:33359023,https://www.ncbi.nlm.nih.gov/pubmed/22334414|https://www.ncbi.nlm.nih.gov/pubmed/29990575|https://www.ncbi.nlm.nih.gov/pubmed/33359023,22334414|29990575|33359023,NULL,NULL
1818171,119245,CTD,Dioscin,C019357,dioscin,https://ctdbase.org/detail.go?type=chem&acc=C019357,7124,TNF,https://ctdbase.org/detail.go?type=gene&acc=7124,NULL,NULL,7124,TNF,9606,Homo sapiens (human),Dioscin results in increased expression of TNF protein,NULL,NULL,PMID:22334414,https://www.ncbi.nlm.nih.gov/pubmed/22334414,22334414,NULL,NULL
1818172,119245,CTD,Dioscin,C019357,dioscin,https://ctdbase.org/detail.go?type=chem&acc=C019357,7124,TNF,https://ctdbase.org/detail.go?type=gene&acc=7124,NULL,NULL,7124,TNF,10090,Mus musculus (house mouse),Dioscin inhibits the reaction [ethanol results in increased expression of TNF mrna],NULL,NULL,PMID:24146112,https://www.ncbi.nlm.nih.gov/pubmed/24146112,24146112,NULL,NULL
1818173,119245,CTD,Dioscin,C019357,dioscin,https://ctdbase.org/detail.go?type=chem&acc=C019357,7124,TNF,https://ctdbase.org/detail.go?type=gene&acc=7124,NULL,NULL,7124,TNF,10090,Mus musculus (house mouse),Dioscin inhibits the reaction [[ovalbumin co-treated with aluminum hydroxide] results in increased expression of TNF protein],NULL,NULL,PMID:35481609,https://www.ncbi.nlm.nih.gov/pubmed/35481609,35481609,NULL,NULL
1818174,119245,CTD,Dioscin,C019357,dioscin,https://ctdbase.org/detail.go?type=chem&acc=C019357,7124,TNF,https://ctdbase.org/detail.go?type=gene&acc=7124,NULL,NULL,7124,TNF,10116,Rattus norvegicus (Norway rat),NR1H4 protein affects the reaction [dioscin inhibits the reaction [doxorubicin results in increased expression of TNF mrna]]|dioscin inhibits the reaction [doxorubicin results in increased expression of TNF mrna],NULL,NULL,PMID:28082111,https://www.ncbi.nlm.nih.gov/pubmed/28082111,28082111,NULL,NULL
1818175,119245,CTD,Dioscin,C019357,dioscin,https://ctdbase.org/detail.go?type=chem&acc=C019357,8795,TNFRSF10B,https://ctdbase.org/detail.go?type=gene&acc=8795,NULL,NULL,8795,TNFRSF10B,9606,Homo sapiens (human),Dioscin results in increased expression of TNFRSF10B mRNA,NULL,NULL,PMID:29990575|PMID:33359023,https://www.ncbi.nlm.nih.gov/pubmed/29990575|https://www.ncbi.nlm.nih.gov/pubmed/33359023,29990575|33359023,NULL,NULL
1818215,119245,CTD,Dioscin,C019357,dioscin,https://ctdbase.org/detail.go?type=chem&acc=C019357,4982,TNFRSF11B,https://ctdbase.org/detail.go?type=gene&acc=4982,NULL,NULL,4982,TNFRSF11B,10090,Mus musculus (house mouse),Dioscin results in increased expression of TNFRSF11B mrna|lrp5 protein affects the reaction [dioscin results in increased expression of TNFRSF11B mrna]|fulvestrant inhibits the reaction [dioscin results in increased expression of TNFRSF11B mrna],NULL,NULL,PMID:24742230,https://www.ncbi.nlm.nih.gov/pubmed/24742230,24742230,NULL,NULL
1818216,119245,CTD,Dioscin,C019357,dioscin,https://ctdbase.org/detail.go?type=chem&acc=C019357,7132,TNFRSF1A,https://ctdbase.org/detail.go?type=gene&acc=7132,NULL,NULL,7132,TNFRSF1A,9606,Homo sapiens (human),Dioscin results in increased expression of TNFRSF1A mRNA,NULL,NULL,PMID:22334414|PMID:29990575|PMID:33359023,https://www.ncbi.nlm.nih.gov/pubmed/22334414|https://www.ncbi.nlm.nih.gov/pubmed/29990575|https://www.ncbi.nlm.nih.gov/pubmed/33359023,22334414|29990575|33359023,NULL,NULL
1818217,119245,CTD,Dioscin,C019357,dioscin,https://ctdbase.org/detail.go?type=chem&acc=C019357,7132,TNFRSF1A,https://ctdbase.org/detail.go?type=gene&acc=7132,NULL,NULL,7132,TNFRSF1A,9606,Homo sapiens (human),Dioscin results in increased expression of TNFRSF1A protein,NULL,NULL,PMID:29990575|PMID:33359023,https://www.ncbi.nlm.nih.gov/pubmed/29990575|https://www.ncbi.nlm.nih.gov/pubmed/33359023,29990575|33359023,NULL,NULL
1818218,119245,CTD,Dioscin,C019357,dioscin,https://ctdbase.org/detail.go?type=chem&acc=C019357,8718,TNFRSF25,https://ctdbase.org/detail.go?type=gene&acc=8718,NULL,NULL,8718,TNFRSF25,9606,Homo sapiens (human),Dioscin results in increased expression of TNFRSF25 mRNA,NULL,NULL,PMID:29990575|PMID:33359023,https://www.ncbi.nlm.nih.gov/pubmed/29990575|https://www.ncbi.nlm.nih.gov/pubmed/33359023,29990575|33359023,NULL,NULL
1818219,119245,CTD,Dioscin,C019357,dioscin,https://ctdbase.org/detail.go?type=chem&acc=C019357,8600,TNFSF11,https://ctdbase.org/detail.go?type=gene&acc=8600,NULL,NULL,8600,TNFSF11,10090,Mus musculus (house mouse),Dioscin results in decreased expression of TNFSF11 mrna|lrp5 protein affects the reaction [dioscin results in increased expression of TNFSF11 mrna]|fulvestrant inhibits the reaction [dioscin results in increased expression of TNFSF11 mrna],NULL,NULL,PMID:24742230,https://www.ncbi.nlm.nih.gov/pubmed/24742230,24742230,NULL,NULL
1818220,119245,CTD,Dioscin,C019357,dioscin,https://ctdbase.org/detail.go?type=chem&acc=C019357,7157,TP53,https://ctdbase.org/detail.go?type=gene&acc=7157,NULL,NULL,7157,TP53,9606,Homo sapiens (human),Dioscin results in increased expression of TP53 mRNA,NULL,NULL,PMID:22334414|PMID:29990575,https://www.ncbi.nlm.nih.gov/pubmed/22334414|https://www.ncbi.nlm.nih.gov/pubmed/29990575,22334414|29990575,NULL,NULL
1818221,119245,CTD,Dioscin,C019357,dioscin,https://ctdbase.org/detail.go?type=chem&acc=C019357,7157,TP53,https://ctdbase.org/detail.go?type=gene&acc=7157,NULL,NULL,7157,TP53,9606,Homo sapiens (human),Dioscin results in increased expression of TP53 protein,NULL,NULL,PMID:29990575,https://www.ncbi.nlm.nih.gov/pubmed/29990575,29990575,NULL,NULL
1818222,119245,CTD,Dioscin,C019357,dioscin,https://ctdbase.org/detail.go?type=chem&acc=C019357,8717,TRADD,https://ctdbase.org/detail.go?type=gene&acc=8717,NULL,NULL,8717,TRADD,9606,Homo sapiens (human),Dioscin results in increased expression of TRADD mRNA,NULL,NULL,PMID:29990575|PMID:33359023,https://www.ncbi.nlm.nih.gov/pubmed/29990575|https://www.ncbi.nlm.nih.gov/pubmed/33359023,29990575|33359023,NULL,NULL
1818223,119245,CTD,Dioscin,C019357,dioscin,https://ctdbase.org/detail.go?type=chem&acc=C019357,7185,TRAF1,https://ctdbase.org/detail.go?type=gene&acc=7185,NULL,NULL,7185,TRAF1,9606,Homo sapiens (human),Dioscin results in increased expression of TRAF1 protein,NULL,NULL,PMID:22334414,https://www.ncbi.nlm.nih.gov/pubmed/22334414,22334414,NULL,NULL
1818224,119245,CTD,Dioscin,C019357,dioscin,https://ctdbase.org/detail.go?type=chem&acc=C019357,22059,TRP53,https://ctdbase.org/detail.go?type=gene&acc=22059,NULL,NULL,22059,Trp53,10090,Mus musculus (house mouse),Dioscin inhibits the reaction [acetaminophen results in increased expression of TRP53 protein],NULL,NULL,PMID:22939915,https://www.ncbi.nlm.nih.gov/pubmed/22939915,22939915,NULL,NULL
1818253,119245,CTD,Dioscin,C019357,dioscin,https://ctdbase.org/detail.go?type=chem&acc=C019357,22059,TRP53,https://ctdbase.org/detail.go?type=gene&acc=22059,NULL,NULL,22059,Trp53,10090,Mus musculus (house mouse),Dioscin inhibits the reaction [ethanol results in increased expression of TRP53 protein],NULL,NULL,PMID:24146112,https://www.ncbi.nlm.nih.gov/pubmed/24146112,24146112,NULL,NULL
1818254,119245,CTD,Dioscin,C019357,dioscin,https://ctdbase.org/detail.go?type=chem&acc=C019357,7422,VEGFA,https://ctdbase.org/detail.go?type=gene&acc=7422,NULL,NULL,7422,VEGFA,9606,Homo sapiens (human),Dioscin inhibits the reaction [VEGFA protein results in increased phosphorylation of KDR protein]|dioscin inhibits the reaction [VEGFA protein results in increased phosphorylation of AKT1 protein]|dioscin inhibits the reaction [VEGFA protein results in increased phosphorylation of MAPK3 protein]|dioscin inhibits the reaction [VEGFA protein results in increased phosphorylation of SRC protein]|dioscin inhibits the reaction [VEGFA protein results in increased phosphorylation of PTK2 protein]|dioscin inhibits the reaction [VEGFA protein results in increased phosphorylation of MAPK1 protein],NULL,NULL,PMID:25111127,https://www.ncbi.nlm.nih.gov/pubmed/25111127,25111127,NULL,NULL
1818255,119245,CTD,Dioscin,C019357,dioscin,https://ctdbase.org/detail.go?type=chem&acc=C019357,7465,WEE1,https://ctdbase.org/detail.go?type=gene&acc=7465,NULL,NULL,7465,WEE1,9606,Homo sapiens (human),Dioscin results in increased expression of WEE1 mRNA,NULL,NULL,PMID:29990575,https://www.ncbi.nlm.nih.gov/pubmed/29990575,29990575,NULL,NULL
1818256,119245,CTD,Dioscin,C019357,dioscin,https://ctdbase.org/detail.go?type=chem&acc=C019357,5243,ABCB1,https://ctdbase.org/detail.go?type=gene&acc=5243,NULL,NULL,5243,ABCB1,9606,Homo sapiens (human),Dioscin results in decreased expression of abcb1|dioscin results in decreased expression of ABCB1 protein|dioscin results in decreased expression of ABCB1 mRNA,NULL,NULL,PMID:24680847,https://www.ncbi.nlm.nih.gov/pubmed/24680847,24680847,NULL,NULL
1818257,119245,CTD,Dioscin,C019357,dioscin,https://ctdbase.org/detail.go?type=chem&acc=C019357,8647,ABCB11,https://ctdbase.org/detail.go?type=gene&acc=8647,NULL,NULL,8647,ABCB11,10116,Rattus norvegicus (Norway rat),Dioscin promotes the reaction [1-naphthylisothiocyanate results in increased expression of ABCB11 protein]|dioscin promotes the reaction [1-naphthylisothiocyanate results in increased expression of ABCB11 mrna],NULL,NULL,PMID:27317372,https://www.ncbi.nlm.nih.gov/pubmed/27317372,27317372,NULL,NULL
1818258,119245,CTD,Dioscin,C019357,dioscin,https://ctdbase.org/detail.go?type=chem&acc=C019357,1244,ABCC2,https://ctdbase.org/detail.go?type=gene&acc=1244,NULL,NULL,1244,ABCC2,10116,Rattus norvegicus (Norway rat),Dioscin promotes the reaction [1-naphthylisothiocyanate results in increased expression of ABCC2 protein]|dioscin promotes the reaction [1-naphthylisothiocyanate results in increased expression of ABCC2 mrna],NULL,NULL,PMID:27317372,https://www.ncbi.nlm.nih.gov/pubmed/27317372,27317372,NULL,NULL
1818259,119245,CTD,Dioscin,C019357,dioscin,https://ctdbase.org/detail.go?type=chem&acc=C019357,34,ACADM,https://ctdbase.org/detail.go?type=gene&acc=34,NULL,NULL,34,ACADM,10090,Mus musculus (house mouse),Dioscin inhibits the reaction [ethanol results in decreased expression of ACADM protein],NULL,NULL,PMID:24146112,https://www.ncbi.nlm.nih.gov/pubmed/24146112,24146112,NULL,NULL
1818260,119245,CTD,Dioscin,C019357,dioscin,https://ctdbase.org/detail.go?type=chem&acc=C019357,35,ACADS,https://ctdbase.org/detail.go?type=gene&acc=35,NULL,NULL,35,ACADS,10090,Mus musculus (house mouse),Dioscin inhibits the reaction [ethanol results in decreased expression of ACADS protein],NULL,NULL,PMID:24146112,https://www.ncbi.nlm.nih.gov/pubmed/24146112,24146112,NULL,NULL
1818261,119245,CTD,Dioscin,C019357,dioscin,https://ctdbase.org/detail.go?type=chem&acc=C019357,51,ACOX1,https://ctdbase.org/detail.go?type=gene&acc=51,NULL,NULL,51,ACOX1,10090,Mus musculus (house mouse),Dioscin inhibits the reaction [ethanol results in decreased expression of ACOX1 mrna],NULL,NULL,PMID:24146112,https://www.ncbi.nlm.nih.gov/pubmed/24146112,24146112,NULL,NULL
1818262,119245,CTD,Dioscin,C019357,dioscin,https://ctdbase.org/detail.go?type=chem&acc=C019357,2180,ACSL1,https://ctdbase.org/detail.go?type=gene&acc=2180,NULL,NULL,2180,ACSL1,10090,Mus musculus (house mouse),Dioscin inhibits the reaction [ethanol results in decreased expression of ACSL1 protein],NULL,NULL,PMID:24146112,https://www.ncbi.nlm.nih.gov/pubmed/24146112,24146112,NULL,NULL
1818304,119245,CTD,Dioscin,C019357,dioscin,https://ctdbase.org/detail.go?type=chem&acc=C019357,51703,ACSL5,https://ctdbase.org/detail.go?type=gene&acc=51703,NULL,NULL,51703,ACSL5,10090,Mus musculus (house mouse),Dioscin inhibits the reaction [ethanol results in decreased expression of ACSL5 protein],NULL,NULL,PMID:24146112,https://www.ncbi.nlm.nih.gov/pubmed/24146112,24146112,NULL,NULL
1818305,119245,CTD,Dioscin,C019357,dioscin,https://ctdbase.org/detail.go?type=chem&acc=C019357,59,ACTA2,https://ctdbase.org/detail.go?type=gene&acc=59,NULL,NULL,59,ACTA2,10090,Mus musculus (house mouse),Dioscin inhibits the reaction [[ovalbumin co-treated with aluminum hydroxide] results in increased expression of ACTA2 protein],NULL,NULL,PMID:35481609,https://www.ncbi.nlm.nih.gov/pubmed/35481609,35481609,NULL,NULL
1818306,119245,CTD,Dioscin,C019357,dioscin,https://ctdbase.org/detail.go?type=chem&acc=C019357,207,AKT1,https://ctdbase.org/detail.go?type=gene&acc=207,NULL,NULL,207,AKT1,9606,Homo sapiens (human),Dioscin inhibits the reaction [[ovalbumin co-treated with aluminum hydroxide] results in increased phosphorylation of AKT1 protein]|dioscin inhibits the reaction [TGFB1 protein results in increased phosphorylation of AKT1 protein],NULL,NULL,PMID:35481609,https://www.ncbi.nlm.nih.gov/pubmed/35481609,35481609,NULL,NULL
