﻿id,cid,dsn,cmpdname,srccmpd,srccmpdname,srccmpdurl,srctarget,srctargetname,srctargeturl,protacxn,protname,geneid,genename,taxid,taxname,action,actname,actvalue,evids,evurls,pmids,dois,citations
   659395,317843,DGIdb,(-)-Dicentrine,NULL,CHEMBL478754,https://www.dgidb.org/drugs/CHEMBL478754,NULL,RAD52,https://www.dgidb.org/genes/RAD52,NULL,NULL,5893,RAD52,9606,Homo sapiens (human),NULL,NULL,NULL,NULL,NULL,NULL,NULL,NULL
1195161,317843,DGIdb,(-)-Dicentrine,NULL,CHEMBL478754,https://www.dgidb.org/drugs/CHEMBL478754,NULL,TDP2,https://www.dgidb.org/genes/TDP2,NULL,NULL,51567,TDP2,9606,Homo sapiens (human),NULL,NULL,NULL,NULL,NULL,NULL,NULL,NULL
1195162,317843,DGIdb,(-)-Dicentrine,NULL,CHEMBL478754,https://www.dgidb.org/drugs/CHEMBL478754,NULL,FEN1,https://www.dgidb.org/genes/FEN1,NULL,NULL,2237,FEN1,9606,Homo sapiens (human),NULL,NULL,NULL,NULL,NULL,NULL,NULL,NULL
1333842,317843,DGIdb,(-)-Dicentrine,NULL,CHEMBL478754,https://www.dgidb.org/drugs/CHEMBL478754,NULL,POLI,https://www.dgidb.org/genes/POLI,NULL,NULL,11201,POLI,9606,Homo sapiens (human),NULL,NULL,NULL,NULL,NULL,NULL,NULL,NULL
1344272,317843,DGIdb,(-)-Dicentrine,NULL,CHEMBL478754,https://www.dgidb.org/drugs/CHEMBL478754,NULL,CASP6,https://www.dgidb.org/genes/CASP6,NULL,NULL,839,CASP6,9606,Homo sapiens (human),NULL,NULL,NULL,NULL,NULL,NULL,NULL,NULL
