﻿id,cid,dsn,cmpdname,srccmpd,srccmpdname,srccmpdurl,srctarget,srctargetname,srctargeturl,protacxn,protname,geneid,genename,taxid,taxname,action,actname,actvalue,evids,evurls,pmids,dois,citations
   1182353,160921,CTD,Nevadensin,C023982,nevadensin,https://ctdbase.org/detail.go?type=chem&acc=C023982,836,CASP3,https://ctdbase.org/detail.go?type=gene&acc=836,NULL,NULL,836,CASP3,9606,Homo sapiens (human),Nevadensin results in increased activity of CASP3 protein,NULL,NULL,PMID:34635930,https://www.ncbi.nlm.nih.gov/pubmed/34635930,34635930,NULL,NULL
1182354,160921,CTD,Nevadensin,C023982,nevadensin,https://ctdbase.org/detail.go?type=chem&acc=C023982,842,CASP9,https://ctdbase.org/detail.go?type=gene&acc=842,NULL,NULL,842,CASP9,9606,Homo sapiens (human),Nevadensin results in increased activity of CASP9 protein,NULL,NULL,PMID:34635930,https://www.ncbi.nlm.nih.gov/pubmed/34635930,34635930,NULL,NULL
1182355,160921,CTD,Nevadensin,C023982,nevadensin,https://ctdbase.org/detail.go?type=chem&acc=C023982,847,CAT,https://ctdbase.org/detail.go?type=gene&acc=847,NULL,NULL,847,CAT,9606,Homo sapiens (human),CAT protein inhibits the reaction [nevadensin results in increased abundance of hydrogen peroxide],NULL,NULL,PMID:34635930,https://www.ncbi.nlm.nih.gov/pubmed/34635930,34635930,NULL,NULL
1182356,160921,CTD,Nevadensin,C023982,nevadensin,https://ctdbase.org/detail.go?type=chem&acc=C023982,7150,TOP1,https://ctdbase.org/detail.go?type=gene&acc=7150,NULL,NULL,7150,TOP1,9606,Homo sapiens (human),Nevadensin results in decreased activity of TOP1 protein,NULL,NULL,PMID:34635930,https://www.ncbi.nlm.nih.gov/pubmed/34635930,34635930,NULL,NULL
1182357,160921,CTD,Nevadensin,C023982,nevadensin,https://ctdbase.org/detail.go?type=chem&acc=C023982,7153,TOP2A,https://ctdbase.org/detail.go?type=gene&acc=7153,NULL,NULL,7153,TOP2A,9606,Homo sapiens (human),Nevadensin results in decreased activity of TOP2A protein,NULL,NULL,PMID:34635930,https://www.ncbi.nlm.nih.gov/pubmed/34635930,34635930,NULL,NULL
1312009,160921,CTD,Nevadensin,C561747,lysionotin,https://ctdbase.org/detail.go?type=chem&acc=C561747,43,ACHE,https://ctdbase.org/detail.go?type=gene&acc=43,NULL,NULL,43,ACHE,10116,Rattus norvegicus (Norway rat),"Lysionotin results in increased activity of ACHE protein|4-(6-bromo-1,3-benzodioxol-5-yl)-3a,4,5,9b-3H-cyclopenta(c)quinoline inhibits the reaction [lysionotin results in increased activity of ACHE protein]",NULL,NULL,PMID:31034797,https://www.ncbi.nlm.nih.gov/pubmed/31034797,31034797,NULL,NULL
1312010,160921,CTD,Nevadensin,C561747,lysionotin,https://ctdbase.org/detail.go?type=chem&acc=C561747,572,BAD,https://ctdbase.org/detail.go?type=gene&acc=572,NULL,NULL,572,BAD,9606,Homo sapiens (human),Lysionotin results in increased expression of BAD protein,NULL,NULL,PMID:33989594,https://www.ncbi.nlm.nih.gov/pubmed/33989594,33989594,NULL,NULL
1312011,160921,CTD,Nevadensin,C561747,lysionotin,https://ctdbase.org/detail.go?type=chem&acc=C561747,581,BAX,https://ctdbase.org/detail.go?type=gene&acc=581,NULL,NULL,581,BAX,9606,Homo sapiens (human),Acetyl-aspartyl-glutamyl-valyl-aspartal inhibits the reaction [lysionotin results in increased expression of BAX protein]|lysionotin results in increased expression of BAX protein,NULL,NULL,PMID:33989594,https://www.ncbi.nlm.nih.gov/pubmed/33989594,33989594,NULL,NULL
1312012,160921,CTD,Nevadensin,C561747,lysionotin,https://ctdbase.org/detail.go?type=chem&acc=C561747,598,BCL2L1,https://ctdbase.org/detail.go?type=gene&acc=598,NULL,NULL,598,BCL2L1,9606,Homo sapiens (human),Lysionotin results in decreased expression of BCL2L1 protein,NULL,NULL,PMID:33989594,https://www.ncbi.nlm.nih.gov/pubmed/33989594,33989594,NULL,NULL
1312013,160921,CTD,Nevadensin,C561747,lysionotin,https://ctdbase.org/detail.go?type=chem&acc=C561747,836,CASP3,https://ctdbase.org/detail.go?type=gene&acc=836,NULL,NULL,836,CASP3,9606,Homo sapiens (human),Acetyl-aspartyl-glutamyl-valyl-aspartal inhibits the reaction [lysionotin results in increased cleavage of CASP3 protein]|lysionotin results in increased cleavage of CASP3 protein,NULL,NULL,PMID:33989594,https://www.ncbi.nlm.nih.gov/pubmed/33989594,33989594,NULL,NULL
1312014,160921,CTD,Nevadensin,C561747,lysionotin,https://ctdbase.org/detail.go?type=chem&acc=C561747,841,CASP8,https://ctdbase.org/detail.go?type=gene&acc=841,NULL,NULL,841,CASP8,9606,Homo sapiens (human),Lysionotin results in increased cleavage of CASP8 protein,NULL,NULL,PMID:33989594,https://www.ncbi.nlm.nih.gov/pubmed/33989594,33989594,NULL,NULL
1312015,160921,CTD,Nevadensin,C561747,lysionotin,https://ctdbase.org/detail.go?type=chem&acc=C561747,842,CASP9,https://ctdbase.org/detail.go?type=gene&acc=842,NULL,NULL,842,CASP9,9606,Homo sapiens (human),Lysionotin results in increased cleavage of CASP9 protein,NULL,NULL,PMID:33989594,https://www.ncbi.nlm.nih.gov/pubmed/33989594,33989594,NULL,NULL
1312016,160921,CTD,Nevadensin,C561747,lysionotin,https://ctdbase.org/detail.go?type=chem&acc=C561747,356,FASLG,https://ctdbase.org/detail.go?type=gene&acc=356,NULL,NULL,356,FASLG,9606,Homo sapiens (human),Acetyl-aspartyl-glutamyl-valyl-aspartal inhibits the reaction [lysionotin results in increased expression of FASLG protein]|lysionotin results in increased expression of FASLG protein,NULL,NULL,PMID:33989594,https://www.ncbi.nlm.nih.gov/pubmed/33989594,33989594,NULL,NULL
1312140,160921,CTD,Nevadensin,C561747,lysionotin,https://ctdbase.org/detail.go?type=chem&acc=C561747,3162,HMOX1,https://ctdbase.org/detail.go?type=gene&acc=3162,NULL,NULL,3162,HMOX1,9606,Homo sapiens (human),Lysionotin results in decreased expression of HMOX1 protein,NULL,NULL,PMID:33989594,https://www.ncbi.nlm.nih.gov/pubmed/33989594,33989594,NULL,NULL
1312141,160921,CTD,Nevadensin,C561747,lysionotin,https://ctdbase.org/detail.go?type=chem&acc=C561747,4780,NFE2L2,https://ctdbase.org/detail.go?type=gene&acc=4780,NULL,NULL,4780,NFE2L2,9606,Homo sapiens (human),Lysionotin results in decreased expression of NFE2L2 protein,NULL,NULL,PMID:33989594,https://www.ncbi.nlm.nih.gov/pubmed/33989594,33989594,NULL,NULL
1312142,160921,CTD,Nevadensin,C561747,lysionotin,https://ctdbase.org/detail.go?type=chem&acc=C561747,142,PARP1,https://ctdbase.org/detail.go?type=gene&acc=142,NULL,NULL,142,PARP1,9606,Homo sapiens (human),Acetyl-aspartyl-glutamyl-valyl-aspartal inhibits the reaction [lysionotin results in increased cleavage of PARP1 protein]|lysionotin results in increased cleavage of PARP1 protein,NULL,NULL,PMID:33989594,https://www.ncbi.nlm.nih.gov/pubmed/33989594,33989594,NULL,NULL
1819707,160921,BindingDB,Nevadensin,84985,Nevadensin,https://www.bindingdb.org/rwd/bind/chemsearch/marvin/MolStructure.jsp?monomerid=84985,3881,Mitogen-activated protein kinase 14,https://www.bindingdb.org/rwd/jsp/dbsearch/PrimarySearch_ki.jsp?tag=pol&polymerid=3881,Q16539,Mitogen-activated protein kinase 14,1432,MAPK14,9606,Homo sapiens (human),NULL,IC50 (nM),2.39e+4,PMID:21108268,https://www.ncbi.nlm.nih.gov/pubmed/21108268,21108268,NULL,NULL
1819708,160921,BindingDB,Nevadensin,84985,Nevadensin,https://www.bindingdb.org/rwd/bind/chemsearch/marvin/MolStructure.jsp?monomerid=84985,1653,Mitogen-activated protein kinase 10,https://www.bindingdb.org/rwd/jsp/dbsearch/PrimarySearch_ki.jsp?tag=pol&polymerid=1653,P53779,Mitogen-activated protein kinase 10,5602,MAPK10,9606,Homo sapiens (human),NULL,IC50 (nM),1.63e+4,PMID:21108268,https://www.ncbi.nlm.nih.gov/pubmed/21108268,21108268,NULL,NULL
