﻿id,cid,dsn,cmpdname,srccmpd,srccmpdname,srccmpdurl,srctarget,srctargetname,srctargeturl,protacxn,protname,geneid,genename,taxid,taxname,action,actname,actvalue,evids,evurls,pmids,dois,citations
   880143,11128,T3DB,Linamarin,T3D0859,Linamarin,http://www.t3db.ca/toxins/T3D0859,BE0003546,"Alkaline phosphatase, tissue-nonspecific isozyme",http://www.t3db.ca/biodb/bio_entities/BE0003546,P05186,"Alkaline phosphatase, tissue-nonspecific isozyme",249,ALPL,9606,Homo sapiens (human),Cyanide inhibits alkaline phosphatases. (A73),NULL,NULL,PMID:924371,https://www.ncbi.nlm.nih.gov/pubmed/924371,924371,NULL,NULL
880144,11128,T3DB,Linamarin,T3D0859,Linamarin,http://www.t3db.ca/toxins/T3D0859,BE0001207,Catalase,http://www.t3db.ca/biodb/bio_entities/BE0001207,P04040,Catalase,847,CAT,9606,Homo sapiens (human),Cyanide inhibits catalase. (A74),NULL,NULL,PMID:16728955,https://www.ncbi.nlm.nih.gov/pubmed/16728955,16728955,NULL,NULL
1710862,11128,T3DB,Linamarin,T3D0859,Linamarin,http://www.t3db.ca/toxins/T3D0859,BE0003995,Cytochrome c oxidase subunit 6B1,http://www.t3db.ca/biodb/bio_entities/BE0003995,P14854,Cytochrome c oxidase subunit 6B1,1340,COX6B1,9606,Homo sapiens (human),"Cyanide is an inhibitor of cytochrome c oxidase in the fourth complex of the electron transport chain (found in the membrane of the mitochondria of eukaryotic cells). it complexes with the ferric iron atom in this enzyme. the binding of cyanide to this cytochrome prevents transport of electrons from cytochrome c oxidase to oxygen. as a result, the electron transport chain is disrupted and the cell can no longer aerobically produce ATP for energy. tissues that mainly depend on aerobic respiration, such as the central nervous system and the heart, are particularly affected. (L97)",NULL,NULL,NULL,NULL,NULL,NULL,NULL
1710863,11128,T3DB,Linamarin,T3D0859,Linamarin,http://www.t3db.ca/toxins/T3D0859,BE0004979,Cytochrome c oxidase subunit 6B2,http://www.t3db.ca/biodb/bio_entities/BE0004979,Q6YFQ2,Cytochrome c oxidase subunit 6B2,125965,COX6B2,9606,Homo sapiens (human),"Cyanide is an inhibitor of cytochrome c oxidase in the fourth complex of the electron transport chain (found in the membrane of the mitochondria of eukaryotic cells). it complexes with the ferric iron atom in this enzyme. the binding of cyanide to this cytochrome prevents transport of electrons from cytochrome c oxidase to oxygen. as a result, the electron transport chain is disrupted and the cell can no longer aerobically produce ATP for energy. tissues that mainly depend on aerobic respiration, such as the central nervous system and the heart, are particularly affected. (L97)",NULL,NULL,NULL,NULL,NULL,NULL,NULL
1710864,11128,T3DB,Linamarin,T3D0859,Linamarin,http://www.t3db.ca/toxins/T3D0859,BE0003990,Cytochrome c oxidase subunit 6C,http://www.t3db.ca/biodb/bio_entities/BE0003990,P09669,Cytochrome c oxidase subunit 6C,1345,COX6C,9606,Homo sapiens (human),"Cyanide is an inhibitor of cytochrome c oxidase in the fourth complex of the electron transport chain (found in the membrane of the mitochondria of eukaryotic cells). it complexes with the ferric iron atom in this enzyme. the binding of cyanide to this cytochrome prevents transport of electrons from cytochrome c oxidase to oxygen. as a result, the electron transport chain is disrupted and the cell can no longer aerobically produce ATP for energy. tissues that mainly depend on aerobic respiration, such as the central nervous system and the heart, are particularly affected. (L97)",NULL,NULL,NULL,NULL,NULL,NULL,NULL
1710865,11128,T3DB,Linamarin,T3D0859,Linamarin,http://www.t3db.ca/toxins/T3D0859,BE0003996,"Cytochrome c oxidase subunit 7A1, mitochondrial",http://www.t3db.ca/biodb/bio_entities/BE0003996,P24310,"Cytochrome c oxidase subunit 7A1, mitochondrial",1346,COX7A1,9606,Homo sapiens (human),"Cyanide is an inhibitor of cytochrome c oxidase in the fourth complex of the electron transport chain (found in the membrane of the mitochondria of eukaryotic cells). it complexes with the ferric iron atom in this enzyme. the binding of cyanide to this cytochrome prevents transport of electrons from cytochrome c oxidase to oxygen. as a result, the electron transport chain is disrupted and the cell can no longer aerobically produce ATP for energy. tissues that mainly depend on aerobic respiration, such as the central nervous system and the heart, are particularly affected. (L97)",NULL,NULL,NULL,NULL,NULL,NULL,NULL
1710866,11128,T3DB,Linamarin,T3D0859,Linamarin,http://www.t3db.ca/toxins/T3D0859,BE0004983,"Cytochrome c oxidase subunit 7A2, mitochondrial",http://www.t3db.ca/biodb/bio_entities/BE0004983,P14406,"Cytochrome c oxidase subunit 7A2, mitochondrial",1347,COX7A2,9606,Homo sapiens (human),"Cyanide is an inhibitor of cytochrome c oxidase in the fourth complex of the electron transport chain (found in the membrane of the mitochondria of eukaryotic cells). it complexes with the ferric iron atom in this enzyme. the binding of cyanide to this cytochrome prevents transport of electrons from cytochrome c oxidase to oxygen. as a result, the electron transport chain is disrupted and the cell can no longer aerobically produce ATP for energy. tissues that mainly depend on aerobic respiration, such as the central nervous system and the heart, are particularly affected. (L97)",NULL,NULL,NULL,NULL,NULL,NULL,NULL
1710867,11128,T3DB,Linamarin,T3D0859,Linamarin,http://www.t3db.ca/toxins/T3D0859,BE0003991,"Cytochrome c oxidase subunit 7B, mitochondrial",http://www.t3db.ca/biodb/bio_entities/BE0003991,P24311,"Cytochrome c oxidase subunit 7B, mitochondrial",1349,COX7B,9606,Homo sapiens (human),"Cyanide is an inhibitor of cytochrome c oxidase in the fourth complex of the electron transport chain (found in the membrane of the mitochondria of eukaryotic cells). it complexes with the ferric iron atom in this enzyme. the binding of cyanide to this cytochrome prevents transport of electrons from cytochrome c oxidase to oxygen. as a result, the electron transport chain is disrupted and the cell can no longer aerobically produce ATP for energy. tissues that mainly depend on aerobic respiration, such as the central nervous system and the heart, are particularly affected. (L97)",NULL,NULL,NULL,NULL,NULL,NULL,NULL
1710868,11128,T3DB,Linamarin,T3D0859,Linamarin,http://www.t3db.ca/toxins/T3D0859,BE0004990,"Cytochrome c oxidase subunit 7B2, mitochondrial",http://www.t3db.ca/biodb/bio_entities/BE0004990,Q8TF08,"Cytochrome c oxidase subunit 7B2, mitochondrial",170712,COX7B2,9606,Homo sapiens (human),"Cyanide is an inhibitor of cytochrome c oxidase in the fourth complex of the electron transport chain (found in the membrane of the mitochondria of eukaryotic cells). it complexes with the ferric iron atom in this enzyme. the binding of cyanide to this cytochrome prevents transport of electrons from cytochrome c oxidase to oxygen. as a result, the electron transport chain is disrupted and the cell can no longer aerobically produce ATP for energy. tissues that mainly depend on aerobic respiration, such as the central nervous system and the heart, are particularly affected. (L97)",NULL,NULL,NULL,NULL,NULL,NULL,NULL
1710994,11128,T3DB,Linamarin,T3D0859,Linamarin,http://www.t3db.ca/toxins/T3D0859,BE0003992,"Cytochrome c oxidase subunit 7C, mitochondrial",http://www.t3db.ca/biodb/bio_entities/BE0003992,P15954,"Cytochrome c oxidase subunit 7C, mitochondrial",1350,COX7C,9606,Homo sapiens (human),"Cyanide is an inhibitor of cytochrome c oxidase in the fourth complex of the electron transport chain (found in the membrane of the mitochondria of eukaryotic cells). it complexes with the ferric iron atom in this enzyme. the binding of cyanide to this cytochrome prevents transport of electrons from cytochrome c oxidase to oxygen. as a result, the electron transport chain is disrupted and the cell can no longer aerobically produce ATP for energy. tissues that mainly depend on aerobic respiration, such as the central nervous system and the heart, are particularly affected. (L97)",NULL,NULL,NULL,NULL,NULL,NULL,NULL
1710995,11128,T3DB,Linamarin,T3D0859,Linamarin,http://www.t3db.ca/toxins/T3D0859,BE0003993,"Cytochrome c oxidase subunit 8A, mitochondrial",http://www.t3db.ca/biodb/bio_entities/BE0003993,P10176,"Cytochrome c oxidase subunit 8A, mitochondrial",1351,COX8A,9606,Homo sapiens (human),"Cyanide is an inhibitor of cytochrome c oxidase in the fourth complex of the electron transport chain (found in the membrane of the mitochondria of eukaryotic cells). it complexes with the ferric iron atom in this enzyme. the binding of cyanide to this cytochrome prevents transport of electrons from cytochrome c oxidase to oxygen. as a result, the electron transport chain is disrupted and the cell can no longer aerobically produce ATP for energy. tissues that mainly depend on aerobic respiration, such as the central nervous system and the heart, are particularly affected. (L97)",NULL,NULL,NULL,NULL,NULL,NULL,NULL
1710996,11128,T3DB,Linamarin,T3D0859,Linamarin,http://www.t3db.ca/toxins/T3D0859,BE0000896,"Alkaline phosphatase, placental-like",http://www.t3db.ca/biodb/bio_entities/BE0000896,P10696,"Alkaline phosphatase, germ cell type",251,ALPG,9606,Homo sapiens (human),Cyanide inhibits alkaline phosphatases. (A73),NULL,NULL,PMID:924371,https://www.ncbi.nlm.nih.gov/pubmed/924371,924371,NULL,NULL
1710997,11128,T3DB,Linamarin,T3D0859,Linamarin,http://www.t3db.ca/toxins/T3D0859,BE0000335,Cytochrome c oxidase subunit 1,http://www.t3db.ca/biodb/bio_entities/BE0000335,P00395,Cytochrome c oxidase subunit 1,4512,COX1,9606,Homo sapiens (human),"Cyanide is an inhibitor of cytochrome c oxidase in the fourth complex of the electron transport chain (found in the membrane of the mitochondria of eukaryotic cells). it complexes with the ferric iron atom in this enzyme. the binding of cyanide to this cytochrome prevents transport of electrons from cytochrome c oxidase to oxygen. as a result, the electron transport chain is disrupted and the cell can no longer aerobically produce ATP for energy. tissues that mainly depend on aerobic respiration, such as the central nervous system and the heart, are particularly affected. (L97)",NULL,NULL,NULL,NULL,NULL,NULL,NULL
1710998,11128,T3DB,Linamarin,T3D0859,Linamarin,http://www.t3db.ca/toxins/T3D0859,BE0003385,Cytochrome c oxidase subunit 2,http://www.t3db.ca/biodb/bio_entities/BE0003385,P00403,Cytochrome c oxidase subunit 2,4513,COX2,9606,Homo sapiens (human),"Cyanide is an inhibitor of cytochrome c oxidase in the fourth complex of the electron transport chain (found in the membrane of the mitochondria of eukaryotic cells). it complexes with the ferric iron atom in this enzyme. the binding of cyanide to this cytochrome prevents transport of electrons from cytochrome c oxidase to oxygen. as a result, the electron transport chain is disrupted and the cell can no longer aerobically produce ATP for energy. tissues that mainly depend on aerobic respiration, such as the central nervous system and the heart, are particularly affected. (L97)",NULL,NULL,NULL,NULL,NULL,NULL,NULL
1710999,11128,T3DB,Linamarin,T3D0859,Linamarin,http://www.t3db.ca/toxins/T3D0859,BE0003987,Cytochrome c oxidase subunit 3,http://www.t3db.ca/biodb/bio_entities/BE0003987,P00414,Cytochrome c oxidase subunit 3,4514,COX3,9606,Homo sapiens (human),"Cyanide is an inhibitor of cytochrome c oxidase in the fourth complex of the electron transport chain (found in the membrane of the mitochondria of eukaryotic cells). it complexes with the ferric iron atom in this enzyme. the binding of cyanide to this cytochrome prevents transport of electrons from cytochrome c oxidase to oxygen. as a result, the electron transport chain is disrupted and the cell can no longer aerobically produce ATP for energy. tissues that mainly depend on aerobic respiration, such as the central nervous system and the heart, are particularly affected. (L97)",NULL,NULL,NULL,NULL,NULL,NULL,NULL
1711000,11128,T3DB,Linamarin,T3D0859,Linamarin,http://www.t3db.ca/toxins/T3D0859,BE0003986,"Cytochrome c oxidase subunit 4 isoform 1, mitochondrial",http://www.t3db.ca/biodb/bio_entities/BE0003986,P13073,"Cytochrome c oxidase subunit 4 isoform 1, mitochondrial",1327,COX4I1,9606,Homo sapiens (human),"Cyanide is an inhibitor of cytochrome c oxidase in the fourth complex of the electron transport chain (found in the membrane of the mitochondria of eukaryotic cells). it complexes with the ferric iron atom in this enzyme. the binding of cyanide to this cytochrome prevents transport of electrons from cytochrome c oxidase to oxygen. as a result, the electron transport chain is disrupted and the cell can no longer aerobically produce ATP for energy. tissues that mainly depend on aerobic respiration, such as the central nervous system and the heart, are particularly affected. (L97)",NULL,NULL,NULL,NULL,NULL,NULL,NULL
1711147,11128,T3DB,Linamarin,T3D0859,Linamarin,http://www.t3db.ca/toxins/T3D0859,BE0004980,"Cytochrome c oxidase subunit 4 isoform 2, mitochondrial",http://www.t3db.ca/biodb/bio_entities/BE0004980,Q96KJ9,"Cytochrome c oxidase subunit 4 isoform 2, mitochondrial",84701,COX4I2,9606,Homo sapiens (human),"Cyanide is an inhibitor of cytochrome c oxidase in the fourth complex of the electron transport chain (found in the membrane of the mitochondria of eukaryotic cells). it complexes with the ferric iron atom in this enzyme. the binding of cyanide to this cytochrome prevents transport of electrons from cytochrome c oxidase to oxygen. as a result, the electron transport chain is disrupted and the cell can no longer aerobically produce ATP for energy. tissues that mainly depend on aerobic respiration, such as the central nervous system and the heart, are particularly affected. (L97)",NULL,NULL,NULL,NULL,NULL,NULL,NULL
1711148,11128,T3DB,Linamarin,T3D0859,Linamarin,http://www.t3db.ca/toxins/T3D0859,BE0003988,"Cytochrome c oxidase subunit 5A, mitochondrial",http://www.t3db.ca/biodb/bio_entities/BE0003988,P20674,"Cytochrome c oxidase subunit 5A, mitochondrial",9377,COX5A,9606,Homo sapiens (human),"Cyanide is an inhibitor of cytochrome c oxidase in the fourth complex of the electron transport chain (found in the membrane of the mitochondria of eukaryotic cells). it complexes with the ferric iron atom in this enzyme. the binding of cyanide to this cytochrome prevents transport of electrons from cytochrome c oxidase to oxygen. as a result, the electron transport chain is disrupted and the cell can no longer aerobically produce ATP for energy. tissues that mainly depend on aerobic respiration, such as the central nervous system and the heart, are particularly affected. (L97)",NULL,NULL,NULL,NULL,NULL,NULL,NULL
1711149,11128,T3DB,Linamarin,T3D0859,Linamarin,http://www.t3db.ca/toxins/T3D0859,BE0003989,"Cytochrome c oxidase subunit 5B, mitochondrial",http://www.t3db.ca/biodb/bio_entities/BE0003989,P10606,"Cytochrome c oxidase subunit 5B, mitochondrial",1329,COX5B,9606,Homo sapiens (human),"Cyanide is an inhibitor of cytochrome c oxidase in the fourth complex of the electron transport chain (found in the membrane of the mitochondria of eukaryotic cells). it complexes with the ferric iron atom in this enzyme. the binding of cyanide to this cytochrome prevents transport of electrons from cytochrome c oxidase to oxygen. as a result, the electron transport chain is disrupted and the cell can no longer aerobically produce ATP for energy. tissues that mainly depend on aerobic respiration, such as the central nervous system and the heart, are particularly affected. (L97)",NULL,NULL,NULL,NULL,NULL,NULL,NULL
1711150,11128,T3DB,Linamarin,T3D0859,Linamarin,http://www.t3db.ca/toxins/T3D0859,BE0005012,"Cytochrome c oxidase subunit 6A1, mitochondrial",http://www.t3db.ca/biodb/bio_entities/BE0005012,P12074,"Cytochrome c oxidase subunit 6A1, mitochondrial",1337,COX6A1,9606,Homo sapiens (human),"Cyanide is an inhibitor of cytochrome c oxidase in the fourth complex of the electron transport chain (found in the membrane of the mitochondria of eukaryotic cells). it complexes with the ferric iron atom in this enzyme. the binding of cyanide to this cytochrome prevents transport of electrons from cytochrome c oxidase to oxygen. as a result, the electron transport chain is disrupted and the cell can no longer aerobically produce ATP for energy. tissues that mainly depend on aerobic respiration, such as the central nervous system and the heart, are particularly affected. (L97)",NULL,NULL,NULL,NULL,NULL,NULL,NULL
1711151,11128,T3DB,Linamarin,T3D0859,Linamarin,http://www.t3db.ca/toxins/T3D0859,BE0003994,"Cytochrome c oxidase subunit 6A2, mitochondrial",http://www.t3db.ca/biodb/bio_entities/BE0003994,Q02221,"Cytochrome c oxidase subunit 6A2, mitochondrial",1339,COX6A2,9606,Homo sapiens (human),"Cyanide is an inhibitor of cytochrome c oxidase in the fourth complex of the electron transport chain (found in the membrane of the mitochondria of eukaryotic cells). it complexes with the ferric iron atom in this enzyme. the binding of cyanide to this cytochrome prevents transport of electrons from cytochrome c oxidase to oxygen. as a result, the electron transport chain is disrupted and the cell can no longer aerobically produce ATP for energy. tissues that mainly depend on aerobic respiration, such as the central nervous system and the heart, are particularly affected. (L97)",NULL,NULL,NULL,NULL,NULL,NULL,NULL
1711152,11128,T3DB,Linamarin,T3D0859,Linamarin,http://www.t3db.ca/toxins/T3D0859,BE0005022,"Cytochrome c oxidase subunit 8C, mitochondrial",http://www.t3db.ca/biodb/bio_entities/BE0005022,Q7Z4L0,"Cytochrome c oxidase subunit 8C, mitochondrial",341947,COX8C,9606,Homo sapiens (human),"Cyanide is an inhibitor of cytochrome c oxidase in the fourth complex of the electron transport chain (found in the membrane of the mitochondria of eukaryotic cells). it complexes with the ferric iron atom in this enzyme. the binding of cyanide to this cytochrome prevents transport of electrons from cytochrome c oxidase to oxygen. as a result, the electron transport chain is disrupted and the cell can no longer aerobically produce ATP for energy. tissues that mainly depend on aerobic respiration, such as the central nervous system and the heart, are particularly affected. (L97)",NULL,NULL,NULL,NULL,NULL,NULL,NULL
1711153,11128,T3DB,Linamarin,T3D0859,Linamarin,http://www.t3db.ca/toxins/T3D0859,BE0000820,Epididymal secretory glutathione peroxidase,http://www.t3db.ca/biodb/bio_entities/BE0000820,O75715,Epididymal secretory glutathione peroxidase,2880,GPX5,9606,Homo sapiens (human),Cyanide inhibits glutathione peroxidases. (A75),NULL,NULL,PMID:7437059,https://www.ncbi.nlm.nih.gov/pubmed/7437059,7437059,NULL,NULL
1711288,11128,T3DB,Linamarin,T3D0859,Linamarin,http://www.t3db.ca/toxins/T3D0859,BE0005057,Extracellular superoxide dismutase [Cu-Zn],http://www.t3db.ca/biodb/bio_entities/BE0005057,P08294,Extracellular superoxide dismutase [Cu-Zn],6649,SOD3,9606,Homo sapiens (human),Cyanide inhibits superoxide dismutase [cu-zn]. (A72),NULL,NULL,PMID:15856906,https://www.ncbi.nlm.nih.gov/pubmed/15856906,15856906,NULL,NULL
1711289,11128,T3DB,Linamarin,T3D0859,Linamarin,http://www.t3db.ca/toxins/T3D0859,BE0000816,Glutathione peroxidase 1,http://www.t3db.ca/biodb/bio_entities/BE0000816,P07203,Glutathione peroxidase 1,2876,GPX1,9606,Homo sapiens (human),Cyanide inhibits glutathione peroxidases. (A75),NULL,NULL,PMID:7437059,https://www.ncbi.nlm.nih.gov/pubmed/7437059,7437059,NULL,NULL
1711290,11128,T3DB,Linamarin,T3D0859,Linamarin,http://www.t3db.ca/toxins/T3D0859,BE0000817,Glutathione peroxidase 2,http://www.t3db.ca/biodb/bio_entities/BE0000817,P18283,Glutathione peroxidase 2,2877,GPX2,9606,Homo sapiens (human),Cyanide inhibits glutathione peroxidases. (A75),NULL,NULL,PMID:7437059,https://www.ncbi.nlm.nih.gov/pubmed/7437059,7437059,NULL,NULL
1711291,11128,T3DB,Linamarin,T3D0859,Linamarin,http://www.t3db.ca/toxins/T3D0859,BE0000821,Glutathione peroxidase 3,http://www.t3db.ca/biodb/bio_entities/BE0000821,P22352,Glutathione peroxidase 3,2878,GPX3,9606,Homo sapiens (human),Cyanide inhibits glutathione peroxidases. (A75),NULL,NULL,PMID:7437059,https://www.ncbi.nlm.nih.gov/pubmed/7437059,7437059,NULL,NULL
1711292,11128,T3DB,Linamarin,T3D0859,Linamarin,http://www.t3db.ca/toxins/T3D0859,BE0002286,Glutathione peroxidase 6,http://www.t3db.ca/biodb/bio_entities/BE0002286,P59796,Glutathione peroxidase 6,257202,GPX6,9606,Homo sapiens (human),Cyanide inhibits glutathione peroxidases. (A75),NULL,NULL,PMID:7437059,https://www.ncbi.nlm.nih.gov/pubmed/7437059,7437059,NULL,NULL
1711293,11128,T3DB,Linamarin,T3D0859,Linamarin,http://www.t3db.ca/toxins/T3D0859,BE0002289,Glutathione peroxidase 7,http://www.t3db.ca/biodb/bio_entities/BE0002289,Q96SL4,Glutathione peroxidase 7,2882,GPX7,9606,Homo sapiens (human),Cyanide inhibits glutathione peroxidases. (A75),NULL,NULL,PMID:7437059,https://www.ncbi.nlm.nih.gov/pubmed/7437059,7437059,NULL,NULL
1711294,11128,T3DB,Linamarin,T3D0859,Linamarin,http://www.t3db.ca/toxins/T3D0859,BE0000648,"Glutathione reductase, mitochondrial",http://www.t3db.ca/biodb/bio_entities/BE0000648,P00390,"Glutathione reductase, mitochondrial",2936,GSR,9606,Homo sapiens (human),Cyanide inhibits glutathione reductase. (A76),NULL,NULL,PMID:2734799,https://www.ncbi.nlm.nih.gov/pubmed/2734799,2734799,NULL,NULL
1711295,11128,T3DB,Linamarin,T3D0859,Linamarin,http://www.t3db.ca/toxins/T3D0859,BE0001135,"Phospholipid hydroperoxide glutathione peroxidase, mitochondrial",http://www.t3db.ca/biodb/bio_entities/BE0001135,P36969,Phospholipid hydroperoxide glutathione peroxidase,2879,GPX4,9606,Homo sapiens (human),Cyanide inhibits glutathione peroxidases. (A75),NULL,NULL,PMID:7437059,https://www.ncbi.nlm.nih.gov/pubmed/7437059,7437059,NULL,NULL
1711296,11128,T3DB,Linamarin,T3D0859,Linamarin,http://www.t3db.ca/toxins/T3D0859,BE0002288,Probable glutathione peroxidase 8,http://www.t3db.ca/biodb/bio_entities/BE0002288,Q8TED1,Probable glutathione peroxidase 8,493869,GPX8,9606,Homo sapiens (human),Cyanide inhibits glutathione peroxidases. (A75),NULL,NULL,PMID:7437059,https://www.ncbi.nlm.nih.gov/pubmed/7437059,7437059,NULL,NULL
1711297,11128,T3DB,Linamarin,T3D0859,Linamarin,http://www.t3db.ca/toxins/T3D0859,BE0001057,"Solute carrier family 2, facilitated glucose transporter member 1",http://www.t3db.ca/biodb/bio_entities/BE0001057,P11166,"Solute carrier family 2, facilitated glucose transporter member 1",6513,SLC2A1,9606,Homo sapiens (human),"Linamarin binds to GLUT and enter cells. transported linamarin directly damages both neural PC12 and hepatic hepa1 cells, causing cell death. (A230)",NULL,NULL,PMID:12908909,https://www.ncbi.nlm.nih.gov/pubmed/12908909,12908909,NULL,NULL
1711442,11128,T3DB,Linamarin,T3D0859,Linamarin,http://www.t3db.ca/toxins/T3D0859,BE0005220,"Solute carrier family 2, facilitated glucose transporter member 10",http://www.t3db.ca/biodb/bio_entities/BE0005220,O95528,"Solute carrier family 2, facilitated glucose transporter member 10",81031,SLC2A10,9606,Homo sapiens (human),"Linamarin binds to GLUT and enter cells. transported linamarin directly damages both neural PC12 and hepatic hepa1 cells, causing cell death. (A230)",NULL,NULL,PMID:12908909,https://www.ncbi.nlm.nih.gov/pubmed/12908909,12908909,NULL,NULL
1711443,11128,T3DB,Linamarin,T3D0859,Linamarin,http://www.t3db.ca/toxins/T3D0859,BE0005221,"Solute carrier family 2, facilitated glucose transporter member 11",http://www.t3db.ca/biodb/bio_entities/BE0005221,Q9BYW1,"Solute carrier family 2, facilitated glucose transporter member 11",66035,SLC2A11,9606,Homo sapiens (human),"Linamarin binds to GLUT and enter cells. transported linamarin directly damages both neural PC12 and hepatic hepa1 cells, causing cell death. (A230)",NULL,NULL,PMID:12908909,https://www.ncbi.nlm.nih.gov/pubmed/12908909,12908909,NULL,NULL
1711444,11128,T3DB,Linamarin,T3D0859,Linamarin,http://www.t3db.ca/toxins/T3D0859,BE0005222,"Solute carrier family 2, facilitated glucose transporter member 12",http://www.t3db.ca/biodb/bio_entities/BE0005222,Q8TD20,"Solute carrier family 2, facilitated glucose transporter member 12",154091,SLC2A12,9606,Homo sapiens (human),"Linamarin binds to GLUT and enter cells. transported linamarin directly damages both neural PC12 and hepatic hepa1 cells, causing cell death. (A230)",NULL,NULL,PMID:12908909,https://www.ncbi.nlm.nih.gov/pubmed/12908909,12908909,NULL,NULL
1711445,11128,T3DB,Linamarin,T3D0859,Linamarin,http://www.t3db.ca/toxins/T3D0859,BE0001045,"Solute carrier family 2, facilitated glucose transporter member 2",http://www.t3db.ca/biodb/bio_entities/BE0001045,P11168,"Solute carrier family 2, facilitated glucose transporter member 2",6514,SLC2A2,9606,Homo sapiens (human),"Linamarin binds to GLUT and enter cells. transported linamarin directly damages both neural PC12 and hepatic hepa1 cells, causing cell death. (A230)",NULL,NULL,PMID:12908909,https://www.ncbi.nlm.nih.gov/pubmed/12908909,12908909,NULL,NULL
1711446,11128,T3DB,Linamarin,T3D0859,Linamarin,http://www.t3db.ca/toxins/T3D0859,BE0004707,"Solute carrier family 2, facilitated glucose transporter member 3",http://www.t3db.ca/biodb/bio_entities/BE0004707,P11169,"Solute carrier family 2, facilitated glucose transporter member 3",6515,SLC2A3,9606,Homo sapiens (human),"Linamarin binds to GLUT and enter cells. transported linamarin directly damages both neural PC12 and hepatic hepa1 cells, causing cell death. (A230)",NULL,NULL,PMID:12908909,https://www.ncbi.nlm.nih.gov/pubmed/12908909,12908909,NULL,NULL
1711447,11128,T3DB,Linamarin,T3D0859,Linamarin,http://www.t3db.ca/toxins/T3D0859,BE0000893,"Solute carrier family 2, facilitated glucose transporter member 4",http://www.t3db.ca/biodb/bio_entities/BE0000893,P14672,"Solute carrier family 2, facilitated glucose transporter member 4",6517,SLC2A4,9606,Homo sapiens (human),"Linamarin binds to GLUT and enter cells. transported linamarin directly damages both neural PC12 and hepatic hepa1 cells, causing cell death. (A230)",NULL,NULL,PMID:12908909,https://www.ncbi.nlm.nih.gov/pubmed/12908909,12908909,NULL,NULL
1711448,11128,T3DB,Linamarin,T3D0859,Linamarin,http://www.t3db.ca/toxins/T3D0859,BE0005216,"Solute carrier family 2, facilitated glucose transporter member 5",http://www.t3db.ca/biodb/bio_entities/BE0005216,P22732,"Solute carrier family 2, facilitated glucose transporter member 5",6518,SLC2A5,9606,Homo sapiens (human),"Linamarin binds to GLUT and enter cells. transported linamarin directly damages both neural PC12 and hepatic hepa1 cells, causing cell death. (A230)",NULL,NULL,PMID:12908909,https://www.ncbi.nlm.nih.gov/pubmed/12908909,12908909,NULL,NULL
1711449,11128,T3DB,Linamarin,T3D0859,Linamarin,http://www.t3db.ca/toxins/T3D0859,BE0005217,"Solute carrier family 2, facilitated glucose transporter member 6",http://www.t3db.ca/biodb/bio_entities/BE0005217,Q9UGQ3,"Solute carrier family 2, facilitated glucose transporter member 6",11182,SLC2A6,9606,Homo sapiens (human),"Linamarin binds to GLUT and enter cells. transported linamarin directly damages both neural PC12 and hepatic hepa1 cells, causing cell death. (A230)",NULL,NULL,PMID:12908909,https://www.ncbi.nlm.nih.gov/pubmed/12908909,12908909,NULL,NULL
1711596,11128,T3DB,Linamarin,T3D0859,Linamarin,http://www.t3db.ca/toxins/T3D0859,BE0005218,"Solute carrier family 2, facilitated glucose transporter member 7",http://www.t3db.ca/biodb/bio_entities/BE0005218,Q6PXP3,"Solute carrier family 2, facilitated glucose transporter member 7",155184,SLC2A7,9606,Homo sapiens (human),"Linamarin binds to GLUT and enter cells. transported linamarin directly damages both neural PC12 and hepatic hepa1 cells, causing cell death. (A230)",NULL,NULL,PMID:12908909,https://www.ncbi.nlm.nih.gov/pubmed/12908909,12908909,NULL,NULL
1711597,11128,T3DB,Linamarin,T3D0859,Linamarin,http://www.t3db.ca/toxins/T3D0859,BE0005219,"Solute carrier family 2, facilitated glucose transporter member 8",http://www.t3db.ca/biodb/bio_entities/BE0005219,Q9NY64,"Solute carrier family 2, facilitated glucose transporter member 8",29988,SLC2A8,9606,Homo sapiens (human),"Linamarin binds to GLUT and enter cells. transported linamarin directly damages both neural PC12 and hepatic hepa1 cells, causing cell death. (A230)",NULL,NULL,PMID:12908909,https://www.ncbi.nlm.nih.gov/pubmed/12908909,12908909,NULL,NULL
1711598,11128,T3DB,Linamarin,T3D0859,Linamarin,http://www.t3db.ca/toxins/T3D0859,BE0004783,"Solute carrier family 2, facilitated glucose transporter member 9",http://www.t3db.ca/biodb/bio_entities/BE0004783,Q9NRM0,"Solute carrier family 2, facilitated glucose transporter member 9",56606,SLC2A9,9606,Homo sapiens (human),"Linamarin binds to GLUT and enter cells. transported linamarin directly damages both neural PC12 and hepatic hepa1 cells, causing cell death. (A230)",NULL,NULL,PMID:12908909,https://www.ncbi.nlm.nih.gov/pubmed/12908909,12908909,NULL,NULL
1711599,11128,T3DB,Linamarin,T3D0859,Linamarin,http://www.t3db.ca/toxins/T3D0859,BE0002252,"Succinate dehydrogenase [ubiquinone] cytochrome b small subunit, mitochondrial",http://www.t3db.ca/biodb/bio_entities/BE0002252,O14521,"Succinate dehydrogenase [ubiquinone] cytochrome b small subunit, mitochondrial",6392,SDHD,9606,Homo sapiens (human),Cyanide inhibits succinate dehydrogenases. (A76),NULL,NULL,PMID:2734799,https://www.ncbi.nlm.nih.gov/pubmed/2734799,2734799,NULL,NULL
1711600,11128,T3DB,Linamarin,T3D0859,Linamarin,http://www.t3db.ca/toxins/T3D0859,BE0000176,"Succinate dehydrogenase [ubiquinone] flavoprotein subunit, mitochondrial",http://www.t3db.ca/biodb/bio_entities/BE0000176,P31040,"Succinate dehydrogenase [ubiquinone] flavoprotein subunit, mitochondrial",6389,SDHA,9606,Homo sapiens (human),Cyanide inhibits succinate dehydrogenases. (A76),NULL,NULL,PMID:2734799,https://www.ncbi.nlm.nih.gov/pubmed/2734799,2734799,NULL,NULL
1711601,11128,T3DB,Linamarin,T3D0859,Linamarin,http://www.t3db.ca/toxins/T3D0859,BE0002254,"Succinate dehydrogenase [ubiquinone] iron-sulfur subunit, mitochondrial",http://www.t3db.ca/biodb/bio_entities/BE0002254,P21912,"Succinate dehydrogenase [ubiquinone] iron-sulfur subunit, mitochondrial",6390,SDHB,9606,Homo sapiens (human),Cyanide inhibits succinate dehydrogenases. (A76),NULL,NULL,PMID:2734799,https://www.ncbi.nlm.nih.gov/pubmed/2734799,2734799,NULL,NULL
1711602,11128,T3DB,Linamarin,T3D0859,Linamarin,http://www.t3db.ca/toxins/T3D0859,BE0002257,"Succinate dehydrogenase cytochrome b560 subunit, mitochondrial",http://www.t3db.ca/biodb/bio_entities/BE0002257,Q99643,"Succinate dehydrogenase cytochrome b560 subunit, mitochondrial",6391,SDHC,9606,Homo sapiens (human),Cyanide inhibits succinate dehydrogenases. (A76),NULL,NULL,PMID:2734799,https://www.ncbi.nlm.nih.gov/pubmed/2734799,2734799,NULL,NULL
1711603,11128,T3DB,Linamarin,T3D0859,Linamarin,http://www.t3db.ca/toxins/T3D0859,BE0002390,Superoxide dismutase [Cu-Zn],http://www.t3db.ca/biodb/bio_entities/BE0002390,P00441,Superoxide dismutase [Cu-Zn],6647,SOD1,9606,Homo sapiens (human),Cyanide inhibits superoxide dismutase [cu-zn]. (A72),NULL,NULL,PMID:15856906,https://www.ncbi.nlm.nih.gov/pubmed/15856906,15856906,NULL,NULL
1711604,11128,T3DB,Linamarin,T3D0859,Linamarin,http://www.t3db.ca/toxins/T3D0859,BE0000252,Tyrosinase,http://www.t3db.ca/biodb/bio_entities/BE0000252,P14679,Tyrosinase,7299,TYR,9606,Homo sapiens (human),Cyanide inhibits tyrosinase. (A77),NULL,NULL,PMID:16950829,https://www.ncbi.nlm.nih.gov/pubmed/16950829,16950829,NULL,NULL
