﻿id,cid,dsn,cmpdname,srccmpd,srccmpdname,srccmpdurl,srctarget,srctargetname,srctargeturl,protacxn,protname,geneid,genename,taxid,taxname,action,actname,actvalue,evids,evurls,pmids,dois,citations
   1828424,160237,CTD,Cirsiliol,C039824,cirsiliol,https://ctdbase.org/detail.go?type=chem&acc=C039824,1543,CYP1A1,https://ctdbase.org/detail.go?type=gene&acc=1543,NULL,NULL,1543,CYP1A1,9606,Homo sapiens (human),Cirsiliol results in decreased activity of CYP1A1 protein,NULL,NULL,PMID:21482471,https://www.ncbi.nlm.nih.gov/pubmed/21482471,21482471,NULL,NULL
1828425,160237,CTD,Cirsiliol,C039824,cirsiliol,https://ctdbase.org/detail.go?type=chem&acc=C039824,1543,CYP1A1,https://ctdbase.org/detail.go?type=gene&acc=1543,NULL,NULL,1543,CYP1A1,9606,Homo sapiens (human),CYP1A1 protein results in increased metabolism of cirsiliol|cirsiliol results in increased expression of CYP1A1 mRNA,NULL,NULL,PMID:19601638,https://www.ncbi.nlm.nih.gov/pubmed/19601638,19601638,NULL,NULL
1828426,160237,CTD,Cirsiliol,C039824,cirsiliol,https://ctdbase.org/detail.go?type=chem&acc=C039824,1545,CYP1B1,https://ctdbase.org/detail.go?type=gene&acc=1545,NULL,NULL,1545,CYP1B1,9606,Homo sapiens (human),Cirsiliol results in decreased activity of CYP1B1 protein,NULL,NULL,PMID:21482471,https://www.ncbi.nlm.nih.gov/pubmed/21482471,21482471,NULL,NULL
1828427,160237,CTD,Cirsiliol,C039824,cirsiliol,https://ctdbase.org/detail.go?type=chem&acc=C039824,1545,CYP1B1,https://ctdbase.org/detail.go?type=gene&acc=1545,NULL,NULL,1545,CYP1B1,9606,Homo sapiens (human),Cirsiliol results in increased expression of CYP1B1 mrna|cyp1b1 protein results in increased metabolism of cirsiliol,NULL,NULL,PMID:19601638,https://www.ncbi.nlm.nih.gov/pubmed/19601638,19601638,NULL,NULL
