﻿id,cid,dsn,cmpdname,srccmpd,srccmpdname,srccmpdurl,srctarget,srctargetname,srctargeturl,protacxn,protname,geneid,genename,taxid,taxname,action,actname,actvalue,evids,evurls,pmids,dois,citations
   253168,3823,DGIdb,Ketoconazole,NULL,KETOCONAZOLE,https://www.dgidb.org/drugs/KETOCONAZOLE,NULL,CYP1A2,https://www.dgidb.org/genes/CYP1A2,NULL,NULL,1544,CYP1A2,9606,Homo sapiens (human),NULL,NULL,NULL,PMID:22931300,https://www.ncbi.nlm.nih.gov/pubmed/22931300,22931300,NULL,NULL
341089,3823,DGIdb,Ketoconazole,NULL,KETOCONAZOLE,https://www.dgidb.org/drugs/KETOCONAZOLE,NULL,VDR,https://www.dgidb.org/genes/VDR,NULL,NULL,7421,VDR,9606,Homo sapiens (human),NULL,NULL,NULL,PMID:2546501,https://www.ncbi.nlm.nih.gov/pubmed/2546501,2546501,NULL,NULL
372748,3823,Guide to PHARMACOLOGY,Ketoconazole,2568,ketoconazole,https://www.guidetopharmacology.org/GRAC/LigandDisplayForward?ligandId=2568,1337,CYP3A4,https://guidetopharmacology.org/GRAC/ObjectDisplayForward?objectId=1337,P08684,Cytochrome P450 3A4,1576,CYP3A4,9606,Homo sapiens (human),Inhibition,pKi,7,PMID:25923589,https://www.ncbi.nlm.nih.gov/pubmed/25923589,25923589,NULL,NULL
372749,3823,DGIdb,Ketoconazole,NULL,KETOCONAZOLE,https://www.dgidb.org/drugs/KETOCONAZOLE,NULL,NR1H4,https://www.dgidb.org/genes/NR1H4,NULL,NULL,9971,NR1H4,9606,Homo sapiens (human),NULL,NULL,NULL,NULL,NULL,NULL,NULL,NULL
372750,3823,DGIdb,Ketoconazole,NULL,KETOCONAZOLE,https://www.dgidb.org/drugs/KETOCONAZOLE,NULL,NFE2L2,https://www.dgidb.org/genes/NFE2L2,NULL,NULL,4780,NFE2L2,9606,Homo sapiens (human),NULL,NULL,NULL,NULL,NULL,NULL,NULL,NULL
372751,3823,DGIdb,Ketoconazole,NULL,KETOCONAZOLE,https://www.dgidb.org/drugs/KETOCONAZOLE,NULL,ABCG2,https://www.dgidb.org/genes/ABCG2,NULL,NULL,9429,ABCG2,9606,Homo sapiens (human),NULL,NULL,NULL,PMID:17518356,https://www.ncbi.nlm.nih.gov/pubmed/17518356,17518356,NULL,NULL
382120,3823,DGIdb,Ketoconazole,NULL,KETOCONAZOLE,https://www.dgidb.org/drugs/KETOCONAZOLE,NULL,CYP3A4,https://www.dgidb.org/genes/CYP3A4,NULL,NULL,1576,CYP3A4,9606,Homo sapiens (human),NULL,NULL,NULL,PMID:9187528,https://www.ncbi.nlm.nih.gov/pubmed/9187528,9187528,NULL,NULL
382269,3823,DGIdb,Ketoconazole,NULL,KETOCONAZOLE,https://www.dgidb.org/drugs/KETOCONAZOLE,NULL,CYP3A4,https://www.dgidb.org/genes/CYP3A4,NULL,NULL,1576,CYP3A4,9606,Homo sapiens (human),NULL,NULL,NULL,PMID:26360048|PMID:24996140|PMID:22931300|PMID:26052884,https://www.ncbi.nlm.nih.gov/pubmed/26360048|https://www.ncbi.nlm.nih.gov/pubmed/24996140|https://www.ncbi.nlm.nih.gov/pubmed/22931300|https://www.ncbi.nlm.nih.gov/pubmed/26052884,26360048|24996140|22931300|26052884,NULL,NULL
384216,3823,ChEMBL,Ketoconazole,CHEMBL157101,KETOCONAZOLE,https://www.ebi.ac.uk/chembl/compound_report_card/CHEMBL157101/,CHEMBL1780,Cytochrome P450 51,https://www.ebi.ac.uk/chembl/target_report_card/CHEMBL1780/,P10613,Lanosterol 14-alpha demethylase,3641571,ERG11,237561,Candida albicans SC5314,Cytochrome P450 51 inhibitor,NULL,NULL,NULL,NULL,NULL,NULL,NULL
385300,3823,DGIdb,Ketoconazole,NULL,KETOCONAZOLE,https://www.dgidb.org/drugs/KETOCONAZOLE,NULL,HSP90AA1,https://www.dgidb.org/genes/HSP90AA1,NULL,NULL,3320,HSP90AA1,9606,Homo sapiens (human),NULL,NULL,NULL,NULL,NULL,NULL,NULL,NULL
385301,3823,DGIdb,Ketoconazole,NULL,KETOCONAZOLE,https://www.dgidb.org/drugs/KETOCONAZOLE,NULL,CYP2C19,https://www.dgidb.org/genes/CYP2C19,NULL,NULL,1557,CYP2C19,9606,Homo sapiens (human),NULL,NULL,NULL,PMID:22931300,https://www.ncbi.nlm.nih.gov/pubmed/22931300,22931300,NULL,NULL
386559,3823,DGIdb,Ketoconazole,NULL,KETOCONAZOLE,https://www.dgidb.org/drugs/KETOCONAZOLE,NULL,CYP2D6,https://www.dgidb.org/genes/CYP2D6,NULL,NULL,1565,CYP2D6,9606,Homo sapiens (human),NULL,NULL,NULL,PMID:22931300,https://www.ncbi.nlm.nih.gov/pubmed/22931300,22931300,NULL,NULL
386737,3823,DGIdb,Ketoconazole,NULL,KETOCONAZOLE,https://www.dgidb.org/drugs/KETOCONAZOLE,NULL,SNCA,https://www.dgidb.org/genes/SNCA,NULL,NULL,6622,SNCA,9606,Homo sapiens (human),NULL,NULL,NULL,NULL,NULL,NULL,NULL,NULL
415261,3823,DGIdb,Ketoconazole,NULL,KETOCONAZOLE,https://www.dgidb.org/drugs/KETOCONAZOLE,NULL,EHMT2,https://www.dgidb.org/genes/EHMT2,NULL,NULL,10919,EHMT2,9606,Homo sapiens (human),NULL,NULL,NULL,NULL,NULL,NULL,NULL,NULL
429020,3823,DGIdb,Ketoconazole,NULL,KETOCONAZOLE,https://www.dgidb.org/drugs/KETOCONAZOLE,NULL,CBX1,https://www.dgidb.org/genes/CBX1,NULL,NULL,10951,CBX1,9606,Homo sapiens (human),NULL,NULL,NULL,NULL,NULL,NULL,NULL,NULL
429021,3823,DGIdb,Ketoconazole,NULL,KETOCONAZOLE,https://www.dgidb.org/drugs/KETOCONAZOLE,NULL,NULL,https://www.dgidb.org/genes/,NULL,NULL,NULL,NULL,NULL,NULL,NULL,NULL,NULL,NULL,NULL,NULL,NULL,NULL
429022,3823,DrugBank,Ketoconazole,DB01026,Ketoconazole,https://www.drugbank.ca/drugs/DB01026,BE0004873,Steroid 21-hydroxylase,https://www.drugbank.ca/bio_entities/BE0004873,P08686,Steroid 21-hydroxylase,1589,CYP21A2,9606,Homo sapiens (human),Inhibitor,NULL,NULL,PMID:2966691,https://www.ncbi.nlm.nih.gov/pubmed/2966691,2966691,NULL,"Trachtenberg J, Zadra J: Steroid synthesis inhibition by ketoconazole: sites of action. Clin Invest Med. 1988 Feb;11(1):1-5."
429023,3823,DrugBank,Ketoconazole,DB01026,Ketoconazole,https://www.drugbank.ca/drugs/DB01026,BE0000090,Potassium voltage-gated channel subfamily H member 2,https://www.drugbank.ca/bio_entities/BE0000090,Q12809,Potassium voltage-gated channel subfamily H member 2,3757,KCNH2,9606,Homo sapiens (human),Inhibitor,NULL,NULL,PMID:15272206,https://www.ncbi.nlm.nih.gov/pubmed/15272206,15272206,NULL,"Chiu PJ, Marcoe KF, Bounds SE, Lin CH, Feng JJ, Lin A, Cheng FC, Crumb WJ, Mitchell R: Validation of a [3H]astemizole binding assay in HEK293 cells expressing HERG K+ channels. J Pharmacol Sci. 2004 Jul;95(3):311-9."
429176,3823,DrugBank,Ketoconazole,DB01026,Ketoconazole,https://www.drugbank.ca/drugs/DB01026,BE0000956,Nuclear receptor subfamily 1 group I member 2,https://www.drugbank.ca/bio_entities/BE0000956,O75469,Nuclear receptor subfamily 1 group I member 2,8856,NR1I2,9606,Homo sapiens (human),Antagonist,NULL,NULL,PMID:17998298|PMID:23525103,https://www.ncbi.nlm.nih.gov/pubmed/17998298|https://www.ncbi.nlm.nih.gov/pubmed/23525103,17998298|23525103,NULL,"Svecova L, Vrzal R, Burysek L, Anzenbacherova E, Cerveny L, Grim J, Trejtnar F, Kunes J, Pour M, Staud F, Anzenbacher P, Dvorak Z, Pavek P: Azole antimycotics differentially affect rifampicin-induced pregnane X receptor-mediated CYP3A4 gene expression. Drug Metab Dispos. 2008 Feb;36(2):339-48. Epub 2007 Nov 12.|Li H, Redinbo MR, Venkatesh M, Ekins S, Chaudhry A, Bloch N, Negassa A, Mukherjee P, Kalpana G, Mani S: Novel yeast-based strategy unveils antagonist binding regions on the nuclear xenobiotic receptor PXR. J Biol Chem. 2013 May 10;288(19):13655-68. doi: 10.1074/jbc.M113.455485. Epub 2013 Mar 22."
429177,3823,DrugBank,Ketoconazole,DB01026,Ketoconazole,https://www.drugbank.ca/drugs/DB01026,BE0003848,Nuclear receptor subfamily 1 group I member 3,https://www.drugbank.ca/bio_entities/BE0003848,Q14994,Nuclear receptor subfamily 1 group I member 3 ,9970,NR1I3,9606,Homo sapiens (human),NULL,NULL,NULL,PMID:20869355,https://www.ncbi.nlm.nih.gov/pubmed/20869355,20869355,NULL,"Dring AM, Anderson LE, Qamar S, Stoner MA: Rational quantitative structure-activity relationship (RQSAR) screen for PXR and CAR isoform-specific nuclear receptor ligands. Chem Biol Interact. 2010 Dec 5;188(3):512-25. doi: 10.1016/j.cbi.2010.09.018. Epub 2010 Oct 20."
429178,3823,DrugBank,Ketoconazole,DB01026,Ketoconazole,https://www.drugbank.ca/drugs/DB01026,BE0002638,Cytochrome P450 3A4,https://www.drugbank.ca/bio_entities/BE0002638,P08684,Cytochrome P450 3A4,1576,CYP3A4,9606,Homo sapiens (human),Substrate|Inhibitor,NULL,NULL,PMID:15969931|PMID:18445370,https://www.ncbi.nlm.nih.gov/pubmed/15969931|https://www.ncbi.nlm.nih.gov/pubmed/18445370,15969931|18445370,NULL,"Sakaeda T, Iwaki K, Kakumoto M, Nishikawa M, Niwa T, Jin JS, Nakamura T, Nishiguchi K, Okamura N, Okumura K: Effect of micafungin on cytochrome P450 3A4 and multidrug resistance protein 1 activities, and its comparison with azole antifungal drugs. J Pharm Pharmacol. 2005 Jun;57(6):759-64.|Elsherbiny ME, El-Kadi AO, Brocks DR: The metabolism of amiodarone by various CYP isoenzymes of human and rat, and the inhibitory influence of ketoconazole. J Pharm Pharm Sci. 2008;11(1):147-59.|Flockhart Table of Drug Interactions|FDA Drug Development and Drug Interactions: Table of Substrates, Inhibitors and Inducers"
429179,3823,DrugBank,Ketoconazole,DB01026,Ketoconazole,https://www.drugbank.ca/drugs/DB01026,BE0002362,Cytochrome P450 3A5,https://www.drugbank.ca/bio_entities/BE0002362,P20815,Cytochrome P450 3A5,1577,CYP3A5,9606,Homo sapiens (human),Inhibitor,NULL,NULL,PMID:17200836|PMID:23723360,https://www.ncbi.nlm.nih.gov/pubmed/17200836|https://www.ncbi.nlm.nih.gov/pubmed/23723360,17200836|23723360,NULL,"Allqvist A, Miura J, Bertilsson L, Mirghani RA: Inhibition of CYP3A4 and CYP3A5 catalyzed metabolism of alprazolam and quinine by ketoconazole as racemate and four different enantiomers. Eur J Clin Pharmacol. 2007 Feb;63(2):173-9. doi: 10.1007/s00228-006-0230-z. Epub 2007 Jan 3.|Shirasaka Y, Chang SY, Grubb MF, Peng CC, Thummel KE, Isoherranen N, Rodrigues AD: Effect of CYP3A5 expression on the inhibition of CYP3A-catalyzed drug metabolism: impact on modeling CYP3A-mediated drug-drug interactions. Drug Metab Dispos. 2013 Aug;41(8):1566-74. doi: 10.1124/dmd.112.049940. Epub 2013 May 30.|Flockhart Table of Drug Interactions|FDA Drug Development and Drug Interactions: Table of Substrates, Inhibitors and Inducers"
429180,3823,DrugBank,Ketoconazole,DB01026,Ketoconazole,https://www.drugbank.ca/drugs/DB01026,BE0003536,Cytochrome P450 2C19,https://www.drugbank.ca/bio_entities/BE0003536,P33261,Cytochrome P450 2C19,1557,CYP2C19,9606,Homo sapiens (human),Inhibitor,NULL,NULL,PMID:15618748,https://www.ncbi.nlm.nih.gov/pubmed/15618748,15618748,NULL,"Emoto C, Murase S, Sawada Y, Jones BC, Iwasaki K: In vitro inhibitory effect of 1-aminobenzotriazole on drug oxidations catalyzed by human cytochrome P450 enzymes: a comparison with SKF-525A and ketoconazole. Drug Metab Pharmacokinet. 2003;18(5):287-95.|Flockhart Table of Drug Interactions"
429181,3823,DrugBank,Ketoconazole,DB01026,Ketoconazole,https://www.drugbank.ca/drugs/DB01026,BE0003543,Cytochrome P450 1A1,https://www.drugbank.ca/bio_entities/BE0003543,P04798,Cytochrome P450 1A1,1543,CYP1A1,9606,Homo sapiens (human),Inhibitor|Inducer,NULL,NULL,PMID:14709627|PMID:10821163|PMID:17283379,https://www.ncbi.nlm.nih.gov/pubmed/14709627|https://www.ncbi.nlm.nih.gov/pubmed/10821163|https://www.ncbi.nlm.nih.gov/pubmed/17283379,14709627|10821163|17283379,NULL,"Stresser DM, Broudy MI, Ho T, Cargill CE, Blanchard AP, Sharma R, Dandeneau AA, Goodwin JJ, Turner SD, Erve JC, Patten CJ, Dehal SS, Crespi CL: Highly selective inhibition of human CYP3Aa in vitro by azamulin and evidence that inhibition is irreversible. Drug Metab Dispos. 2004 Jan;32(1):105-12. doi: 10.1124/dmd.32.1.105.|Sai Y, Dai R, Yang TJ, Krausz KW, Gonzalez FJ, Gelboin HV, Shou M: Assessment of specificity of eight chemical inhibitors using cDNA-expressed cytochromes P450. Xenobiotica. 2000 Apr;30(4):327-43.|Korashy HM, Shayeganpour A, Brocks DR, El-Kadi AO: Induction of cytochrome P450 1A1 by ketoconazole and itraconazole but not fluconazole in murine and human hepatoma cell lines. Toxicol Sci. 2007 May;97(1):32-43. Epub 2007 Feb 5."
429316,3823,DrugBank,Ketoconazole,DB01026,Ketoconazole,https://www.drugbank.ca/drugs/DB01026,BE0002433,Cytochrome P450 1A2,https://www.drugbank.ca/bio_entities/BE0002433,P05177,Cytochrome P450 1A2,1544,CYP1A2,9606,Homo sapiens (human),Inhibitor,NULL,NULL,PMID:9351907,https://www.ncbi.nlm.nih.gov/pubmed/9351907,9351907,NULL,"Shet MS, McPhaul M, Fisher CW, Stallings NR, Estabrook RW: Metabolism of the antiandrogenic drug (Flutamide) by human CYP1A2. Drug Metab Dispos. 1997 Nov;25(11):1298-303."
429317,3823,DrugBank,Ketoconazole,DB01026,Ketoconazole,https://www.drugbank.ca/drugs/DB01026,BE0003336,Cytochrome P450 2A6,https://www.drugbank.ca/bio_entities/BE0003336,P11509,Cytochrome P450 2A6,1548,CYP2A6,9606,Homo sapiens (human),Inhibitor,NULL,NULL,PMID:9143352|PMID:11996015,https://www.ncbi.nlm.nih.gov/pubmed/9143352|https://www.ncbi.nlm.nih.gov/pubmed/11996015,9143352|11996015,NULL,"Draper AJ, Madan A, Parkinson A: Inhibition of coumarin 7-hydroxylase activity in human liver microsomes. Arch Biochem Biophys. 1997 May 1;341(1):47-61. doi: 10.1006/abbi.1997.9964.|Rendic S: Summary of information on human CYP enzymes: human P450 metabolism data. Drug Metab Rev. 2002 Feb-May;34(1-2):83-448."
429318,3823,DrugBank,Ketoconazole,DB01026,Ketoconazole,https://www.drugbank.ca/drugs/DB01026,BE0001111,Cytochrome P450 1B1,https://www.drugbank.ca/bio_entities/BE0001111,Q16678,Cytochrome P450 1B1,1545,CYP1B1,9606,Homo sapiens (human),Inhibitor,NULL,NULL,PMID:14709627,https://www.ncbi.nlm.nih.gov/pubmed/14709627,14709627,NULL,"Stresser DM, Broudy MI, Ho T, Cargill CE, Blanchard AP, Sharma R, Dandeneau AA, Goodwin JJ, Turner SD, Erve JC, Patten CJ, Dehal SS, Crespi CL: Highly selective inhibition of human CYP3Aa in vitro by azamulin and evidence that inhibition is irreversible. Drug Metab Dispos. 2004 Jan;32(1):105-12. doi: 10.1124/dmd.32.1.105."
429319,3823,DrugBank,Ketoconazole,DB01026,Ketoconazole,https://www.drugbank.ca/drugs/DB01026,BE0003549,Cytochrome P450 2B6,https://www.drugbank.ca/bio_entities/BE0003549,P20813,Cytochrome P450 2B6,1555,CYP2B6,9606,Homo sapiens (human),Inhibitor,NULL,NULL,PMID:14709627|PMID:17101742,https://www.ncbi.nlm.nih.gov/pubmed/14709627|https://www.ncbi.nlm.nih.gov/pubmed/17101742,14709627|17101742,NULL,"Stresser DM, Broudy MI, Ho T, Cargill CE, Blanchard AP, Sharma R, Dandeneau AA, Goodwin JJ, Turner SD, Erve JC, Patten CJ, Dehal SS, Crespi CL: Highly selective inhibition of human CYP3Aa in vitro by azamulin and evidence that inhibition is irreversible. Drug Metab Dispos. 2004 Jan;32(1):105-12. doi: 10.1124/dmd.32.1.105.|Walsky RL, Astuccio AV, Obach RS: Evaluation of 227 drugs for in vitro inhibition of cytochrome P450 2B6. J Clin Pharmacol. 2006 Dec;46(12):1426-38."
429320,3823,DrugBank,Ketoconazole,DB01026,Ketoconazole,https://www.drugbank.ca/drugs/DB01026,BE0002887,Cytochrome P450 2C8,https://www.drugbank.ca/bio_entities/BE0002887,P10632,Cytochrome P450 2C8,1558,CYP2C8,9606,Homo sapiens (human),Inhibitor,NULL,NULL,PMID:15601807|PMID:14709627|PMID:15373932|PMID:11136296|PMID:26721703,https://www.ncbi.nlm.nih.gov/pubmed/15601807|https://www.ncbi.nlm.nih.gov/pubmed/14709627|https://www.ncbi.nlm.nih.gov/pubmed/15373932|https://www.ncbi.nlm.nih.gov/pubmed/11136296|https://www.ncbi.nlm.nih.gov/pubmed/26721703,15601807|14709627|15373932|11136296|26721703,NULL,"Walsky RL, Gaman EA, Obach RS: Examination of 209 drugs for inhibition of cytochrome P450 2C8. J Clin Pharmacol. 2005 Jan;45(1):68-78.|Stresser DM, Broudy MI, Ho T, Cargill CE, Blanchard AP, Sharma R, Dandeneau AA, Goodwin JJ, Turner SD, Erve JC, Patten CJ, Dehal SS, Crespi CL: Highly selective inhibition of human CYP3Aa in vitro by azamulin and evidence that inhibition is irreversible. Drug Metab Dispos. 2004 Jan;32(1):105-12. doi: 10.1124/dmd.32.1.105.|Park JY, Kim KA, Shin JG, Lee KY: Effect of ketoconazole on the pharmacokinetics of rosiglitazone in healthy subjects. Br J Clin Pharmacol. 2004 Oct;58(4):397-402. doi: 10.1111/j.1365-2125.2004.02161.x.|Ong CE, Coulter S, Birkett DJ, Bhasker CR, Miners JO: The xenobiotic inhibitor profile of cytochrome P4502C8. Br J Clin Pharmacol. 2000 Dec;50(6):573-80. doi: 10.1046/j.1365-2125.2000.00316.x.|Backman JT, Filppula AM, Niemi M, Neuvonen PJ: Role of Cytochrome P450 2C8 in Drug Metabolism and Interactions. Pharmacol Rev. 2016 Jan;68(1):168-241. doi: 10.1124/pr.115.011411."
429321,3823,DrugBank,Ketoconazole,DB01026,Ketoconazole,https://www.drugbank.ca/drugs/DB01026,BE0002793,Cytochrome P450 2C9,https://www.drugbank.ca/bio_entities/BE0002793,P11712,Cytochrome P450 2C9 ,1559,CYP2C9,9606,Homo sapiens (human),Inhibitor,NULL,NULL,PMID:15373932|PMID:14709627|PMID:9764927|PMID:11854151,https://www.ncbi.nlm.nih.gov/pubmed/15373932|https://www.ncbi.nlm.nih.gov/pubmed/14709627|https://www.ncbi.nlm.nih.gov/pubmed/9764927|https://www.ncbi.nlm.nih.gov/pubmed/11854151,15373932|14709627|9764927|11854151,NULL,"Park JY, Kim KA, Shin JG, Lee KY: Effect of ketoconazole on the pharmacokinetics of rosiglitazone in healthy subjects. Br J Clin Pharmacol. 2004 Oct;58(4):397-402. doi: 10.1111/j.1365-2125.2004.02161.x.|Stresser DM, Broudy MI, Ho T, Cargill CE, Blanchard AP, Sharma R, Dandeneau AA, Goodwin JJ, Turner SD, Erve JC, Patten CJ, Dehal SS, Crespi CL: Highly selective inhibition of human CYP3Aa in vitro by azamulin and evidence that inhibition is irreversible. Drug Metab Dispos. 2004 Jan;32(1):105-12. doi: 10.1124/dmd.32.1.105.|McKillop D, Wild MJ, Butters CJ, Simcock C: Effects of propofol on human hepatic microsomal cytochrome P450 activities. Xenobiotica. 1998 Sep;28(9):845-53. doi: 10.1080/004982598239092 .|Zhang W, Ramamoorthy Y, Kilicarslan T, Nolte H, Tyndale RF, Sellers EM: Inhibition of cytochromes P450 by antifungal imidazole derivatives. Drug Metab Dispos. 2002 Mar;30(3):314-8."
429465,3823,DrugBank,Ketoconazole,DB01026,Ketoconazole,https://www.drugbank.ca/drugs/DB01026,BE0002363,Cytochrome P450 2D6,https://www.drugbank.ca/bio_entities/BE0002363,P10635,Cytochrome P450 2D6,1565,CYP2D6,9606,Homo sapiens (human),Inhibitor,NULL,NULL,PMID:15618748,https://www.ncbi.nlm.nih.gov/pubmed/15618748,15618748,NULL,"Emoto C, Murase S, Sawada Y, Jones BC, Iwasaki K: In vitro inhibitory effect of 1-aminobenzotriazole on drug oxidations catalyzed by human cytochrome P450 enzymes: a comparison with SKF-525A and ketoconazole. Drug Metab Pharmacokinet. 2003;18(5):287-95."
429466,3823,DrugBank,Ketoconazole,DB01026,Ketoconazole,https://www.drugbank.ca/drugs/DB01026,BE0000731,"Cytochrome P450 11B1, mitochondrial",https://www.drugbank.ca/bio_entities/BE0000731,P15538,"Cytochrome P450 11B1, mitochondrial",1584,CYP11B1,9606,Homo sapiens (human),Inhibitor,NULL,NULL,PMID:7663533,https://www.ncbi.nlm.nih.gov/pubmed/7663533,7663533,NULL,"Denner K, Vogel R, Schmalix W, Doehmer J, Bernhardt R: Cloning and stable expression of the human mitochondrial cytochrome P45011B1 cDNA in V79 Chinese hamster cells and their application for testing of potential inhibitors. Pharmacogenetics. 1995 Apr;5(2):89-96."
429467,3823,DrugBank,Ketoconazole,DB01026,Ketoconazole,https://www.drugbank.ca/drugs/DB01026,BE0003541,UDP-glucuronosyltransferase 1-1,https://www.drugbank.ca/bio_entities/BE0003541,P22309,UDP-glucuronosyltransferase 1A1 ,54658,UGT1A1,9606,Homo sapiens (human),Inhibitor,NULL,NULL,PMID:16166450,https://www.ncbi.nlm.nih.gov/pubmed/16166450,16166450,NULL,"Yong WP, Ramirez J, Innocenti F, Ratain MJ: Effects of ketoconazole on glucuronidation by UDP-glucuronosyltransferase enzymes. Clin Cancer Res. 2005 Sep 15;11(18):6699-704. doi: 10.1158/1078-0432.CCR-05-0703."
429468,3823,DrugBank,Ketoconazole,DB01026,Ketoconazole,https://www.drugbank.ca/drugs/DB01026,BE0004695,UDP-glucuronosyltransferase 1-7,https://www.drugbank.ca/bio_entities/BE0004695,Q9HAW7,UDP-glucuronosyltransferase 1A7,54577,UGT1A7,9606,Homo sapiens (human),Inhibitor,NULL,NULL,PMID:16166450,https://www.ncbi.nlm.nih.gov/pubmed/16166450,16166450,NULL,"Yong WP, Ramirez J, Innocenti F, Ratain MJ: Effects of ketoconazole on glucuronidation by UDP-glucuronosyltransferase enzymes. Clin Cancer Res. 2005 Sep 15;11(18):6699-704. doi: 10.1158/1078-0432.CCR-05-0703."
429469,3823,DrugBank,Ketoconazole,DB01026,Ketoconazole,https://www.drugbank.ca/drugs/DB01026,BE0003679,UDP-glucuronosyltransferase 2B7,https://www.drugbank.ca/bio_entities/BE0003679,P16662,UDP-glucuronosyltransferase 2B7,7364,UGT2B7,9606,Homo sapiens (human),Inhibitor,NULL,NULL,PMID:16166450,https://www.ncbi.nlm.nih.gov/pubmed/16166450,16166450,NULL,"Yong WP, Ramirez J, Innocenti F, Ratain MJ: Effects of ketoconazole on glucuronidation by UDP-glucuronosyltransferase enzymes. Clin Cancer Res. 2005 Sep 15;11(18):6699-704. doi: 10.1158/1078-0432.CCR-05-0703."
429470,3823,DrugBank,Ketoconazole,DB01026,Ketoconazole,https://www.drugbank.ca/drugs/DB01026,BE0004729,Cytochrome P450 4F12,https://www.drugbank.ca/bio_entities/BE0004729,Q9HCS2,Cytochrome P450 4F12,66002,CYP4F12,9606,Homo sapiens (human),Inhibitor,NULL,NULL,PMID:14709627,https://www.ncbi.nlm.nih.gov/pubmed/14709627,14709627,NULL,"Stresser DM, Broudy MI, Ho T, Cargill CE, Blanchard AP, Sharma R, Dandeneau AA, Goodwin JJ, Turner SD, Erve JC, Patten CJ, Dehal SS, Crespi CL: Highly selective inhibition of human CYP3Aa in vitro by azamulin and evidence that inhibition is irreversible. Drug Metab Dispos. 2004 Jan;32(1):105-12. doi: 10.1124/dmd.32.1.105."
429471,3823,DrugBank,Ketoconazole,DB01026,Ketoconazole,https://www.drugbank.ca/drugs/DB01026,BE0002090,Aromatase,https://www.drugbank.ca/bio_entities/BE0002090,P11511,Aromatase,1588,CYP19A1,9606,Homo sapiens (human),Inhibitor,NULL,NULL,PMID:2004042,https://www.ncbi.nlm.nih.gov/pubmed/2004042,2004042,NULL,"Weber MM, Will A, Adelmann B, Engelhardt D: Effect of ketoconazole on human ovarian C17,20-desmolase and aromatase. J Steroid Biochem Mol Biol. 1991 Feb;38(2):213-8."
429472,3823,DrugBank,Ketoconazole,DB01026,Ketoconazole,https://www.drugbank.ca/drugs/DB01026,BE0004727,Phylloquinone omega-hydroxylase CYP4F2,https://www.drugbank.ca/bio_entities/BE0004727,P78329,Cytochrome P450 4F2,8529,CYP4F2,9606,Homo sapiens (human),Inhibitor,NULL,NULL,PMID:14709627|PMID:16997912,https://www.ncbi.nlm.nih.gov/pubmed/14709627|https://www.ncbi.nlm.nih.gov/pubmed/16997912,14709627|16997912,NULL,"Stresser DM, Broudy MI, Ho T, Cargill CE, Blanchard AP, Sharma R, Dandeneau AA, Goodwin JJ, Turner SD, Erve JC, Patten CJ, Dehal SS, Crespi CL: Highly selective inhibition of human CYP3Aa in vitro by azamulin and evidence that inhibition is irreversible. Drug Metab Dispos. 2004 Jan;32(1):105-12. doi: 10.1124/dmd.32.1.105.|Wang MZ, Saulter JY, Usuki E, Cheung YL, Hall M, Bridges AS, Loewen G, Parkinson OT, Stephens CE, Allen JL, Zeldin DC, Boykin DW, Tidwell RR, Parkinson A, Paine MF, Hall JE: CYP4F enzymes are the major enzymes in human liver microsomes that catalyze the O-demethylation of the antiparasitic prodrug DB289 [2,5-bis(4-amidinophenyl)furan-bis-O-methylamidoxime]. Drug Metab Dispos. 2006 Dec;34(12):1985-94. doi: 10.1124/dmd.106.010587. Epub 2006 Sep 22."
429645,3823,DrugBank,Ketoconazole,DB01026,Ketoconazole,https://www.drugbank.ca/drugs/DB01026,BE0001032,Multidrug resistance protein 1,https://www.drugbank.ca/bio_entities/BE0001032,P08183,ATP-dependent translocase ABCB1,5243,ABCB1,9606,Homo sapiens (human),Inhibitor,NULL,NULL,PMID:10820137|PMID:11716514|PMID:11751127|PMID:11961113|PMID:12699389|PMID:14985103|PMID:12235267|PMID:19319690|PMID:9822896,https://www.ncbi.nlm.nih.gov/pubmed/10820137|https://www.ncbi.nlm.nih.gov/pubmed/11716514|https://www.ncbi.nlm.nih.gov/pubmed/11751127|https://www.ncbi.nlm.nih.gov/pubmed/11961113|https://www.ncbi.nlm.nih.gov/pubmed/12699389|https://www.ncbi.nlm.nih.gov/pubmed/14985103|https://www.ncbi.nlm.nih.gov/pubmed/12235267|https://www.ncbi.nlm.nih.gov/pubmed/19319690|https://www.ncbi.nlm.nih.gov/pubmed/9822896,10820137|11716514|11751127|11961113|12699389|14985103|12235267|19319690|9822896,NULL,"Choo EF, Leake B, Wandel C, Imamura H, Wood AJ, Wilkinson GR, Kim RB: Pharmacological inhibition of P-glycoprotein transport enhances the distribution of HIV-1 protease inhibitors into brain and testes. Drug Metab Dispos. 2000 Jun;28(6):655-60.|Wang EJ, Casciano CN, Clement RP, Johnson WW: Active transport of fluorescent P-glycoprotein substrates: evaluation as markers and interaction with inhibitors. Biochem Biophys Res Commun. 2001 Nov 30;289(2):580-5.|Wang EJ, Lew K, Casciano CN, Clement RP, Johnson WW: Interaction of common azole antifungals with P glycoprotein. Antimicrob Agents Chemother. 2002 Jan;46(1):160-5.|Ekins S, Kim RB, Leake BF, Dantzig AH, Schuetz EG, Lan LB, Yasuda K, Shepard RL, Winter MA, Schuetz JD, Wikel JH, Wrighton SA: Three-dimensional quantitative structure-activity relationships of inhibitors of P-glycoprotein. Mol Pharmacol. 2002 May;61(5):964-73.|Schwab D, Fischer H, Tabatabaei A, Poli S, Huwyler J: Comparison of in vitro P-glycoprotein screening assays: recommendations for their use in drug discovery. J Med Chem. 2003 Apr 24;46(9):1716-25.|Nagy H, Goda K, Fenyvesi F, Bacso Z, Szilasi M, Kappelmayer J, Lustyik G, Cianfriglia M, Szabo G Jr: Distinct groups of multidrug resistance modulating agents are distinguished by competition of P-glycoprotein-specific antibodies. Biochem Biophys Res Commun. 2004 Mar 19;315(4):942-9.|Yasuda K, Lan LB, Sanglard D, Furuya K, Schuetz JD, Schuetz EG: Interaction of cytochrome P450 3A inhibitors with P-glycoprotein. J Pharmacol Exp Ther. 2002 Oct;303(1):323-32.|Dahan A, Sabit H, Amidon GL: The H2 receptor antagonist nizatidine is a P-glycoprotein substrate: characterization of its intestinal epithelial cell efflux transport. AAPS J. 2009 Jun;11(2):205-13. doi: 10.1208/s12248-009-9092-5. Epub 2009 Mar 25.|Takano M, Hasegawa R, Fukuda T, Yumoto R, Nagai J, Murakami T: Interaction with P-glycoprotein and transport of erythromycin, midazolam and ketoconazole in Caco-2 cells. Eur J Pharmacol. 1998 Oct 9;358(3):289-94.|FDA Drug Development and Drug Interactions: Table of Substrates, Inhibitors and Inducers"
429646,3823,DrugBank,Ketoconazole,DB01026,Ketoconazole,https://www.drugbank.ca/drugs/DB01026,BE0001004,Solute carrier organic anion transporter family member 1B1,https://www.drugbank.ca/bio_entities/BE0001004,Q9Y6L6,Solute carrier organic anion transporter family member 1B1,10599,SLCO1B1,9606,Homo sapiens (human),Inhibitor,NULL,NULL,PMID:21861202,https://www.ncbi.nlm.nih.gov/pubmed/21861202,21861202,NULL,"Karlgren M, Ahlin G, Bergstrom CA, Svensson R, Palm J, Artursson P: In vitro and in silico strategies to identify OATP1B1 inhibitors and predict clinical drug-drug interactions. Pharm Res. 2012 Feb;29(2):411-26. doi: 10.1007/s11095-011-0564-9. Epub 2011 Aug 23."
429647,3823,DrugBank,Ketoconazole,DB01026,Ketoconazole,https://www.drugbank.ca/drugs/DB01026,BE0000703,Bile salt export pump,https://www.drugbank.ca/bio_entities/BE0000703,O95342,Bile salt export pump,8647,ABCB11,9606,Homo sapiens (human),Inhibitor,NULL,NULL,PMID:12739759|PMID:24014644,https://www.ncbi.nlm.nih.gov/pubmed/12739759|https://www.ncbi.nlm.nih.gov/pubmed/24014644,12739759|24014644,NULL,"Wang EJ, Casciano CN, Clement RP, Johnson WW: Fluorescent substrates of sister-P-glycoprotein (BSEP) evaluated as markers of active transport and inhibition: evidence for contingent unequal binding sites. Pharm Res. 2003 Apr;20(4):537-44.|Pedersen JM, Matsson P, Bergstrom CA, Hoogstraate J, Noren A, LeCluyse EL, Artursson P: Early identification of clinically relevant drug interactions with the human bile salt export pump (BSEP/ABCB11). Toxicol Sci. 2013 Dec;136(2):328-43. doi: 10.1093/toxsci/kft197. Epub 2013 Sep 6."
429648,3823,DrugBank,Ketoconazole,DB01026,Ketoconazole,https://www.drugbank.ca/drugs/DB01026,BE0000530,Serum albumin,https://www.drugbank.ca/bio_entities/BE0000530,P02768,Albumin,213,ALB,9606,Homo sapiens (human),Ligand,NULL,NULL,PMID:3280211,https://www.ncbi.nlm.nih.gov/pubmed/3280211,3280211,NULL,"Daneshmend TK, Warnock DW: Clinical pharmacokinetics of ketoconazole. Clin Pharmacokinet. 1988 Jan;14(1):13-34. doi: 10.2165/00003088-198814010-00002."
429649,3823,DrugBank,Ketoconazole,DB01026,Ketoconazole,https://www.drugbank.ca/drugs/DB01026,BE0000685,Sex hormone-binding globulin,https://www.drugbank.ca/bio_entities/BE0000685,P04278,Sex hormone-binding globulin,6462,SHBG,9606,Homo sapiens (human),Ligand,NULL,NULL,PMID:1526623,https://www.ncbi.nlm.nih.gov/pubmed/1526623,1526623,NULL,Eil C: Ketoconazole binds to the human androgen receptor. Horm Metab Res. 1992 Aug;24(8):367-70.
429762,3823,DrugBank,Ketoconazole,DB01026,Ketoconazole,https://www.drugbank.ca/drugs/DB01026,BE0000690,Lanosterol 14-alpha demethylase,https://www.drugbank.ca/bio_entities/BE0000690,P50859,Lanosterol 14-alpha demethylase,2887532,CAGL0E04334g,284593,[Candida] glabrata CBS 138,Inhibitor,NULL,NULL,PMID:17139284|PMID:17016423|PMID:1627190|PMID:10592235|PMID:1627191|PMID:19275277|PMID:16375669|PMID:20625155,https://www.ncbi.nlm.nih.gov/pubmed/17139284|https://www.ncbi.nlm.nih.gov/pubmed/17016423|https://www.ncbi.nlm.nih.gov/pubmed/1627190|https://www.ncbi.nlm.nih.gov/pubmed/10592235|https://www.ncbi.nlm.nih.gov/pubmed/1627191|https://www.ncbi.nlm.nih.gov/pubmed/19275277|https://www.ncbi.nlm.nih.gov/pubmed/16375669|https://www.ncbi.nlm.nih.gov/pubmed/20625155,17139284|17016423|1627190|10592235|1627191|19275277|16375669|20625155,NULL,"Overington JP, Al-Lazikani B, Hopkins AL: How many drug targets are there? Nat Rev Drug Discov. 2006 Dec;5(12):993-6.|Imming P, Sinning C, Meyer A: Drugs, their targets and the nature and number of drug targets. Nat Rev Drug Discov. 2006 Oct;5(10):821-34.|Agut J, Palacin C, Sacristan A, Ortiz JA: Inhibition of ergosterol synthesis by sertaconazole in Candida albicans. Arzneimittelforschung. 1992 May;42(5A):718-20.|Berman HM, Westbrook J, Feng Z, Gilliland G, Bhat TN, Weissig H, Shindyalov IN, Bourne PE: The Protein Data Bank. Nucleic Acids Res. 2000 Jan 1;28(1):235-42.|Agut J, Palacin C, Salgado J, Casas E, Sacristan A, Ortiz JA: Direct membrane-damaging effect of sertaconazole on Candida albicans as a mechanism of its fungicidal activity. Arzneimittelforschung. 1992 May;42(5A):721-4.|Croxtall JD, Plosker GL: Sertaconazole: a review of its use in the management of superficial mycoses in dermatology and gynaecology. Drugs. 2009;69(3):339-59. doi: 10.2165/00003495-200969030-00009.|Borgers M, Degreef H, Cauwenbergh G: Fungal infections of the skin: infection process and antimycotic therapy. Curr Drug Targets. 2005 Dec;6(8):849-62.|Warrilow AG, Martel CM, Parker JE, Melo N, Lamb DC, Nes WD, Kelly DE, Kelly SL: Azole binding properties of Candida albicans sterol 14-alpha demethylase (CaCYP51). Antimicrob Agents Chemother. 2010 Oct;54(10):4235-45. doi: 10.1128/AAC.00587-10.  Epub 2010 Jul 12.|FDA Label: Ketoconazole Tablets|EMA SmPC: Ketoconazole"
429763,3823,DrugBank,Ketoconazole,DB01026,Ketoconazole,https://www.drugbank.ca/drugs/DB01026,BE0000344,"Steroid 17-alpha-hydroxylase/17,20 lyase",https://www.drugbank.ca/bio_entities/BE0000344,P05093,"Steroid 17-alpha-hydroxylase/17,20 lyase",1586,CYP17A1,9606,Homo sapiens (human),Inhibitor,NULL,NULL,PMID:2966691,https://www.ncbi.nlm.nih.gov/pubmed/2966691,2966691,NULL,"Trachtenberg J, Zadra J: Steroid synthesis inhibition by ketoconazole: sites of action. Clin Invest Med. 1988 Feb;11(1):1-5.|EMA SmPC: Ketoconazole"
429764,3823,DrugBank,Ketoconazole,DB01026,Ketoconazole,https://www.drugbank.ca/drugs/DB01026,BE0000132,Androgen receptor,https://www.drugbank.ca/bio_entities/BE0000132,P10275,Androgen receptor,367,AR,9606,Homo sapiens (human),Binder,NULL,NULL,PMID:1526623,https://www.ncbi.nlm.nih.gov/pubmed/1526623,1526623,NULL,Eil C: Ketoconazole binds to the human androgen receptor. Horm Metab Res. 1992 Aug;24(8):367-70.
429765,3823,DGIdb,Ketoconazole,NULL,KETOCONAZOLE,https://www.dgidb.org/drugs/KETOCONAZOLE,NULL,VDR,https://www.dgidb.org/genes/VDR,NULL,NULL,7421,VDR,9606,Homo sapiens (human),NULL,NULL,NULL,NULL,NULL,NULL,NULL,NULL
439448,3823,DGIdb,Ketoconazole,NULL,KETOCONAZOLE,https://www.dgidb.org/drugs/KETOCONAZOLE,NULL,CYP3A43,https://www.dgidb.org/genes/CYP3A43,NULL,NULL,64816,CYP3A43,9606,Homo sapiens (human),NULL,NULL,NULL,PMID:15991489,https://www.ncbi.nlm.nih.gov/pubmed/15991489,15991489,NULL,NULL
439449,3823,DGIdb,Ketoconazole,NULL,KETOCONAZOLE,https://www.dgidb.org/drugs/KETOCONAZOLE,NULL,CYP2C9,https://www.dgidb.org/genes/CYP2C9,NULL,NULL,1559,CYP2C9,9606,Homo sapiens (human),NULL,NULL,NULL,PMID:22931300,https://www.ncbi.nlm.nih.gov/pubmed/22931300,22931300,NULL,NULL
508657,3823,DGIdb,Ketoconazole,NULL,KETOCONAZOLE,https://www.dgidb.org/drugs/KETOCONAZOLE,NULL,ABCB1,https://www.dgidb.org/genes/ABCB1,NULL,NULL,5243,ABCB1,9606,Homo sapiens (human),NULL,NULL,NULL,NULL,NULL,NULL,NULL,NULL
508658,3823,DGIdb,Ketoconazole,NULL,KETOCONAZOLE,https://www.dgidb.org/drugs/KETOCONAZOLE,NULL,CYP3A4,https://www.dgidb.org/genes/CYP3A4,NULL,NULL,1576,CYP3A4,9606,Homo sapiens (human),Inhibitor,NULL,NULL,NULL,NULL,NULL,NULL,NULL
508659,3823,T3DB,Ketoconazole,T3D2961,Ketoconazole,http://www.t3db.ca/toxins/T3D2961,BE0000344,"Steroid 17-alpha-hydroxylase/17,20 lyase",http://www.t3db.ca/biodb/bio_entities/BE0000344,P05093,"Steroid 17-alpha-hydroxylase/17,20 lyase",1586,CYP17A1,9606,Homo sapiens (human),NULL,NULL,NULL,PMID:7473546|PMID:7608911|PMID:8765515|PMID:9379450|PMID:9526564|PMID:11063622|PMID:11087568|PMID:11262078|PMID:8863811|PMID:15828836|PMID:18024111|PMID:18061460|PMID:18672861|PMID:18672868|PMID:18674917|PMID:18763754|PMID:19049427|PMID:19211174|PMID:20550118|PMID:20568782|PMID:20684610|PMID:21129965|PMID:21384875|PMID:21341743,https://www.ncbi.nlm.nih.gov/pubmed/7473546|https://www.ncbi.nlm.nih.gov/pubmed/7608911|https://www.ncbi.nlm.nih.gov/pubmed/8765515|https://www.ncbi.nlm.nih.gov/pubmed/9379450|https://www.ncbi.nlm.nih.gov/pubmed/9526564|https://www.ncbi.nlm.nih.gov/pubmed/11063622|https://www.ncbi.nlm.nih.gov/pubmed/11087568|https://www.ncbi.nlm.nih.gov/pubmed/11262078|https://www.ncbi.nlm.nih.gov/pubmed/8863811|https://www.ncbi.nlm.nih.gov/pubmed/15828836|https://www.ncbi.nlm.nih.gov/pubmed/18024111|https://www.ncbi.nlm.nih.gov/pubmed/18061460|https://www.ncbi.nlm.nih.gov/pubmed/18672861|https://www.ncbi.nlm.nih.gov/pubmed/18672868|https://www.ncbi.nlm.nih.gov/pubmed/18674917|https://www.ncbi.nlm.nih.gov/pubmed/18763754|https://www.ncbi.nlm.nih.gov/pubmed/19049427|https://www.ncbi.nlm.nih.gov/pubmed/19211174|https://www.ncbi.nlm.nih.gov/pubmed/20550118|https://www.ncbi.nlm.nih.gov/pubmed/20568782|https://www.ncbi.nlm.nih.gov/pubmed/20684610|https://www.ncbi.nlm.nih.gov/pubmed/21129965|https://www.ncbi.nlm.nih.gov/pubmed/21384875|https://www.ncbi.nlm.nih.gov/pubmed/21341743,7473546|7608911|8765515|9379450|9526564|11063622|11087568|11262078|8863811|15828836|18024111|18061460|18672861|18672868|18674917|18763754|19049427|19211174|20550118|20568782|20684610|21129965|21384875|21341743,NULL,NULL
508660,3823,T3DB,Ketoconazole,T3D2961,Ketoconazole,http://www.t3db.ca/toxins/T3D2961,BE0002090,Cytochrome P450 19A1,http://www.t3db.ca/biodb/bio_entities/BE0002090,P11511,Aromatase,1588,CYP19A1,9606,Homo sapiens (human),NULL,NULL,NULL,PMID:2004042|PMID:8765515|PMID:20550118|PMID:1495014|PMID:16570918|PMID:20413308|PMID:18939864|PMID:17291041|PMID:22444875|PMID:21174408|PMID:18778944|PMID:22079757|PMID:2231592,https://www.ncbi.nlm.nih.gov/pubmed/2004042|https://www.ncbi.nlm.nih.gov/pubmed/8765515|https://www.ncbi.nlm.nih.gov/pubmed/20550118|https://www.ncbi.nlm.nih.gov/pubmed/1495014|https://www.ncbi.nlm.nih.gov/pubmed/16570918|https://www.ncbi.nlm.nih.gov/pubmed/20413308|https://www.ncbi.nlm.nih.gov/pubmed/18939864|https://www.ncbi.nlm.nih.gov/pubmed/17291041|https://www.ncbi.nlm.nih.gov/pubmed/22444875|https://www.ncbi.nlm.nih.gov/pubmed/21174408|https://www.ncbi.nlm.nih.gov/pubmed/18778944|https://www.ncbi.nlm.nih.gov/pubmed/22079757|https://www.ncbi.nlm.nih.gov/pubmed/2231592,2004042|8765515|20550118|1495014|16570918|20413308|18939864|17291041|22444875|21174408|18778944|22079757|2231592,NULL,NULL
508661,3823,T3DB,Ketoconazole,T3D2961,Ketoconazole,http://www.t3db.ca/toxins/T3D2961,BE0000875,Lanosterol 14-alpha demethylase,http://www.t3db.ca/biodb/bio_entities/BE0000875,Q16850,Lanosterol 14-alpha demethylase,1595,CYP51A1,9606,Homo sapiens (human),"Ketoconazole interacts with 14-Î± demethylase, a cytochrome P-450 enzyme necessary for the conversion of lanosterol to ergosterol. this results in inhibition of ergosterol synthesis and increased fungal cellular permeability. other mechanisms may involve the inhibition of endogenous respiration, interaction with membrane phospholipids, inhibition of yeast transformation to mycelial forms, inhibition of purine uptake, and impairment of triglyceride and/or phospholipid biosynthesis. ketoconazole can also inhibit the synthesis of thromboxane and sterols such as aldosterone, cortisol, and testosterone. (A365)",NULL,NULL,PMID:11752352|PMID:17964172|PMID:19075057|PMID:17194716|PMID:8340925,https://www.ncbi.nlm.nih.gov/pubmed/11752352|https://www.ncbi.nlm.nih.gov/pubmed/17964172|https://www.ncbi.nlm.nih.gov/pubmed/19075057|https://www.ncbi.nlm.nih.gov/pubmed/17194716|https://www.ncbi.nlm.nih.gov/pubmed/8340925,11752352|17964172|19075057|17194716|8340925,NULL,NULL
508662,3823,T3DB,Ketoconazole,T3D2961,Ketoconazole,http://www.t3db.ca/toxins/T3D2961,BE0001032,Multidrug resistance protein 1,http://www.t3db.ca/biodb/bio_entities/BE0001032,P08183,ATP-dependent translocase ABCB1,5243,ABCB1,9606,Homo sapiens (human),NULL,NULL,NULL,PMID:12477351|PMID:11716514|PMID:12699389|PMID:10820137|PMID:11751127,https://www.ncbi.nlm.nih.gov/pubmed/12477351|https://www.ncbi.nlm.nih.gov/pubmed/11716514|https://www.ncbi.nlm.nih.gov/pubmed/12699389|https://www.ncbi.nlm.nih.gov/pubmed/10820137|https://www.ncbi.nlm.nih.gov/pubmed/11751127,12477351|11716514|12699389|10820137|11751127,NULL,NULL
508814,3823,T3DB,Ketoconazole,T3D2961,Ketoconazole,http://www.t3db.ca/toxins/T3D2961,BE0002250,"1,25-dihydroxyvitamin D(3) 24-hydroxylase, mitochondrial",http://www.t3db.ca/biodb/bio_entities/BE0002250,Q07973,"1,25-dihydroxyvitamin D(3) 24-hydroxylase, mitochondrial",1591,CYP24A1,9606,Homo sapiens (human),NULL,NULL,NULL,PMID:20594862|PMID:15615534|PMID:20655626|PMID:21058632,https://www.ncbi.nlm.nih.gov/pubmed/20594862|https://www.ncbi.nlm.nih.gov/pubmed/15615534|https://www.ncbi.nlm.nih.gov/pubmed/20655626|https://www.ncbi.nlm.nih.gov/pubmed/21058632,20594862|15615534|20655626|21058632,NULL,NULL
508815,3823,T3DB,Ketoconazole,T3D2961,Ketoconazole,http://www.t3db.ca/toxins/T3D2961,BE0003542,"Cytochrome P450 11B2, mitochondrial",http://www.t3db.ca/biodb/bio_entities/BE0003542,P19099,"Cytochrome P450 11B2, mitochondrial",1585,CYP11B2,9606,Homo sapiens (human),NULL,NULL,NULL,PMID:17145705|PMID:18672868|PMID:20550118|PMID:15743198,https://www.ncbi.nlm.nih.gov/pubmed/17145705|https://www.ncbi.nlm.nih.gov/pubmed/18672868|https://www.ncbi.nlm.nih.gov/pubmed/20550118|https://www.ncbi.nlm.nih.gov/pubmed/15743198,17145705|18672868|20550118|15743198,NULL,NULL
508816,3823,T3DB,Ketoconazole,T3D2961,Ketoconazole,http://www.t3db.ca/toxins/T3D2961,BE0000731,"Cytochrome P450 11B1, mitochondrial",http://www.t3db.ca/biodb/bio_entities/BE0000731,P15538,"Cytochrome P450 11B1, mitochondrial",1584,CYP11B1,9606,Homo sapiens (human),NULL,NULL,NULL,PMID:17145705|PMID:20550118,https://www.ncbi.nlm.nih.gov/pubmed/17145705|https://www.ncbi.nlm.nih.gov/pubmed/20550118,17145705|20550118,NULL,NULL
508817,3823,T3DB,Ketoconazole,T3D2961,Ketoconazole,http://www.t3db.ca/toxins/T3D2961,BE0002638,Cytochrome P450 3A4,http://www.t3db.ca/biodb/bio_entities/BE0002638,P08684,Cytochrome P450 3A4,1576,CYP3A4,9606,Homo sapiens (human),NULL,NULL,NULL,PMID:18672868|PMID:1495014,https://www.ncbi.nlm.nih.gov/pubmed/18672868|https://www.ncbi.nlm.nih.gov/pubmed/1495014,18672868|1495014,NULL,NULL
508818,3823,T3DB,Ketoconazole,T3D2961,Ketoconazole,http://www.t3db.ca/toxins/T3D2961,BE0004873,Steroid 21-hydroxylase,http://www.t3db.ca/biodb/bio_entities/BE0004873,P08686,Steroid 21-hydroxylase,1589,CYP21A2,9606,Homo sapiens (human),NULL,NULL,NULL,PMID:2966691|PMID:1495014,https://www.ncbi.nlm.nih.gov/pubmed/2966691|https://www.ncbi.nlm.nih.gov/pubmed/1495014,2966691|1495014,NULL,NULL
508819,3823,T3DB,Ketoconazole,T3D2961,Ketoconazole,http://www.t3db.ca/toxins/T3D2961,BE0000443,"25-hydroxyvitamin D-1 alpha hydroxylase, mitochondrial",http://www.t3db.ca/biodb/bio_entities/BE0000443,O15528,"25-hydroxyvitamin D-1 alpha hydroxylase, mitochondrial",1594,CYP27B1,9606,Homo sapiens (human),NULL,NULL,NULL,PMID:21058632,https://www.ncbi.nlm.nih.gov/pubmed/21058632,21058632,NULL,NULL
508820,3823,T3DB,Ketoconazole,T3D2961,Ketoconazole,http://www.t3db.ca/toxins/T3D2961,BE0000132,Androgen receptor,http://www.t3db.ca/biodb/bio_entities/BE0000132,P10275,Androgen receptor,367,AR,9606,Homo sapiens (human),NULL,NULL,NULL,PMID:1526623,https://www.ncbi.nlm.nih.gov/pubmed/1526623,1526623,NULL,NULL
508821,3823,T3DB,Ketoconazole,T3D2961,Ketoconazole,http://www.t3db.ca/toxins/T3D2961,BE0000703,Bile salt export pump,http://www.t3db.ca/biodb/bio_entities/BE0000703,O95342,Bile salt export pump,8647,ABCB11,9606,Homo sapiens (human),NULL,NULL,NULL,PMID:12739759,https://www.ncbi.nlm.nih.gov/pubmed/12739759,12739759,NULL,NULL
508822,3823,T3DB,Ketoconazole,T3D2961,Ketoconazole,http://www.t3db.ca/toxins/T3D2961,BE0000589,"Malate dehydrogenase, cytoplasmic",http://www.t3db.ca/biodb/bio_entities/BE0000589,P40925,"Malate dehydrogenase, cytoplasmic",4190,MDH1,9606,Homo sapiens (human),NULL,NULL,NULL,PMID:14521410,https://www.ncbi.nlm.nih.gov/pubmed/14521410,14521410,NULL,NULL
508823,3823,T3DB,Ketoconazole,T3D2961,Ketoconazole,http://www.t3db.ca/toxins/T3D2961,BE0003848,Nuclear receptor subfamily 1 group I member 3,http://www.t3db.ca/biodb/bio_entities/BE0003848,Q14994,Nuclear receptor subfamily 1 group I member 3 ,9970,NR1I3,9606,Homo sapiens (human),NULL,NULL,NULL,PMID:20869355,https://www.ncbi.nlm.nih.gov/pubmed/20869355,20869355,NULL,NULL
508977,3823,T3DB,Ketoconazole,T3D2961,Ketoconazole,http://www.t3db.ca/toxins/T3D2961,BE0000090,Potassium voltage-gated channel subfamily H member 2,http://www.t3db.ca/biodb/bio_entities/BE0000090,Q12809,Potassium voltage-gated channel subfamily H member 2,3757,KCNH2,9606,Homo sapiens (human),NULL,NULL,NULL,PMID:15272206,https://www.ncbi.nlm.nih.gov/pubmed/15272206,15272206,NULL,NULL
508978,3823,T3DB,Ketoconazole,T3D2961,Ketoconazole,http://www.t3db.ca/toxins/T3D2961,BE0003644,Sodium/bile acid cotransporter,http://www.t3db.ca/biodb/bio_entities/BE0003644,Q14973,Sodium/bile acid cotransporter,6554,SLC10A1,9606,Homo sapiens (human),NULL,NULL,NULL,PMID:10565843,https://www.ncbi.nlm.nih.gov/pubmed/10565843,10565843,NULL,NULL
508979,3823,T3DB,Ketoconazole,T3D2961,Ketoconazole,http://www.t3db.ca/toxins/T3D2961,BE0000749,Sodium-dependent serotonin transporter,http://www.t3db.ca/biodb/bio_entities/BE0000749,P31645,Sodium-dependent serotonin transporter,6532,SLC6A4,9606,Homo sapiens (human),NULL,NULL,NULL,PMID:23611293,https://www.ncbi.nlm.nih.gov/pubmed/23611293,23611293,NULL,NULL
508980,3823,T3DB,Ketoconazole,T3D2961,Ketoconazole,http://www.t3db.ca/toxins/T3D2961,BE0003721,Aryl hydrocarbon receptor,http://www.t3db.ca/biodb/bio_entities/BE0003721,P35869,Aryl hydrocarbon receptor,196,AHR,9606,Homo sapiens (human),NULL,NULL,NULL,PMID:23611293,https://www.ncbi.nlm.nih.gov/pubmed/23611293,23611293,NULL,NULL
508981,3823,T3DB,Ketoconazole,T3D2961,Ketoconazole,http://www.t3db.ca/toxins/T3D2961,BE0000956,Nuclear receptor subfamily 1 group I member 2,http://www.t3db.ca/biodb/bio_entities/BE0000956,O75469,Nuclear receptor subfamily 1 group I member 2,8856,NR1I2,9606,Homo sapiens (human),NULL,NULL,NULL,PMID:23611293,https://www.ncbi.nlm.nih.gov/pubmed/23611293,23611293,NULL,NULL
508982,3823,T3DB,Ketoconazole,T3D2961,Ketoconazole,http://www.t3db.ca/toxins/T3D2961,BE0001777,Bile acid receptor,http://www.t3db.ca/biodb/bio_entities/BE0001777,Q96RI1,Bile acid receptor,9971,NR1H4,9606,Homo sapiens (human),NULL,NULL,NULL,PMID:23611293,https://www.ncbi.nlm.nih.gov/pubmed/23611293,23611293,NULL,NULL
508983,3823,T3DB,Ketoconazole,T3D2961,Ketoconazole,http://www.t3db.ca/toxins/T3D2961,BE0005532,Nuclear receptor ROR-gamma,http://www.t3db.ca/biodb/bio_entities/BE0005532,P51449,Nuclear receptor ROR-gamma,6097,RORC,9606,Homo sapiens (human),NULL,NULL,NULL,PMID:23611293,https://www.ncbi.nlm.nih.gov/pubmed/23611293,23611293,NULL,NULL
508984,3823,T3DB,Ketoconazole,T3D2961,Ketoconazole,http://www.t3db.ca/toxins/T3D2961,BE0005534,NAD-dependent protein deacetylase sirtuin-2,http://www.t3db.ca/biodb/bio_entities/BE0005534,Q8IXJ6,NAD-dependent protein deacetylase sirtuin-2,22933,SIRT2,9606,Homo sapiens (human),NULL,NULL,NULL,PMID:23611293,https://www.ncbi.nlm.nih.gov/pubmed/23611293,23611293,NULL,NULL
508985,3823,T3DB,Ketoconazole,T3D2961,Ketoconazole,http://www.t3db.ca/toxins/T3D2961,BE0000779,Vitamin D3 receptor,http://www.t3db.ca/biodb/bio_entities/BE0000779,P11473,Vitamin D3 receptor,7421,VDR,9606,Homo sapiens (human),NULL,NULL,NULL,PMID:23611293,https://www.ncbi.nlm.nih.gov/pubmed/23611293,23611293,NULL,NULL
508986,3823,T3DB,Ketoconazole,T3D2961,Ketoconazole,http://www.t3db.ca/toxins/T3D2961,BE0005540,Sterol regulatory element-binding protein 1,http://www.t3db.ca/biodb/bio_entities/BE0005540,P36956,Sterol regulatory element-binding protein 1,6720,SREBF1,9606,Homo sapiens (human),NULL,NULL,NULL,PMID:23611293,https://www.ncbi.nlm.nih.gov/pubmed/23611293,23611293,NULL,NULL
508987,3823,Guide to PHARMACOLOGY,Ketoconazole,2568,ketoconazole,https://www.guidetopharmacology.org/GRAC/LigandDisplayForward?ligandId=2568,545,Kv1.8,https://guidetopharmacology.org/GRAC/ObjectDisplayForward?objectId=545,Q16322,Potassium voltage-gated channel subfamily A member 10,3744,KCNA10,9606,Homo sapiens (human),NULL,pIC50,6.3,PMID:10836990,https://www.ncbi.nlm.nih.gov/pubmed/10836990,10836990,NULL,NULL
1037274,3823,DGIdb,Ketoconazole,NULL,KETOCONAZOLE,https://www.dgidb.org/drugs/KETOCONAZOLE,NULL,KCNA10,https://www.dgidb.org/genes/KCNA10,NULL,NULL,3744,KCNA10,9606,Homo sapiens (human),Blocker,NULL,NULL,NULL,NULL,NULL,NULL,NULL
1037275,3823,DGIdb,Ketoconazole,NULL,KETOCONAZOLE,https://www.dgidb.org/drugs/KETOCONAZOLE,NULL,CYP4F2,https://www.dgidb.org/genes/CYP4F2,NULL,NULL,8529,CYP4F2,9606,Homo sapiens (human),NULL,NULL,NULL,PMID:15753130,https://www.ncbi.nlm.nih.gov/pubmed/15753130,15753130,NULL,NULL
1125324,3823,DGIdb,Ketoconazole,NULL,KETOCONAZOLE,https://www.dgidb.org/drugs/KETOCONAZOLE,NULL,BAZ2B,https://www.dgidb.org/genes/BAZ2B,NULL,NULL,29994,BAZ2B,9606,Homo sapiens (human),NULL,NULL,NULL,NULL,NULL,NULL,NULL,NULL
1125325,3823,DGIdb,Ketoconazole,NULL,KETOCONAZOLE,https://www.dgidb.org/drugs/KETOCONAZOLE,NULL,KDM4A,https://www.dgidb.org/genes/KDM4A,NULL,NULL,9682,KDM4A,9606,Homo sapiens (human),NULL,NULL,NULL,NULL,NULL,NULL,NULL,NULL
1262893,3823,DGIdb,Ketoconazole,NULL,KETOCONAZOLE,https://www.dgidb.org/drugs/KETOCONAZOLE,NULL,MPHOSPH8,https://www.dgidb.org/genes/MPHOSPH8,NULL,NULL,54737,MPHOSPH8,9606,Homo sapiens (human),NULL,NULL,NULL,NULL,NULL,NULL,NULL,NULL
