﻿id,cid,dsn,cmpdname,srccmpd,srccmpdname,srccmpdurl,srctarget,srctargetname,srctargeturl,protacxn,protname,geneid,genename,taxid,taxname,action,actname,actvalue,evids,evurls,pmids,dois,citations
   574208,10582,CTD,Myrtenol,C534317,myrtenol,https://ctdbase.org/detail.go?type=chem&acc=C534317,847,CAT,https://ctdbase.org/detail.go?type=gene&acc=847,NULL,NULL,847,CAT,10116,Rattus norvegicus (Norway rat),Myrtenol inhibits the reaction [streptozocin results in decreased activity of CAT protein],NULL,NULL,PMID:34477272,https://www.ncbi.nlm.nih.gov/pubmed/34477272,34477272,NULL,NULL
574209,10582,CTD,Myrtenol,C534317,myrtenol,https://ctdbase.org/detail.go?type=chem&acc=C534317,3553,IL1B,https://ctdbase.org/detail.go?type=gene&acc=3553,NULL,NULL,3553,IL1B,10116,Rattus norvegicus (Norway rat),Myrtenol inhibits the reaction [streptozocin results in increased expression of IL1B protein],NULL,NULL,PMID:34477272,https://www.ncbi.nlm.nih.gov/pubmed/34477272,34477272,NULL,NULL
574210,10582,CTD,Myrtenol,C534317,myrtenol,https://ctdbase.org/detail.go?type=chem&acc=C534317,4615,MYD88,https://ctdbase.org/detail.go?type=gene&acc=4615,NULL,NULL,4615,MYD88,10116,Rattus norvegicus (Norway rat),Myrtenol inhibits the reaction [streptozocin results in increased expression of MYD88 mrna],NULL,NULL,PMID:34477272,https://www.ncbi.nlm.nih.gov/pubmed/34477272,34477272,NULL,NULL
574211,10582,CTD,Myrtenol,C534317,myrtenol,https://ctdbase.org/detail.go?type=chem&acc=C534317,114548,NLRP3,https://ctdbase.org/detail.go?type=gene&acc=114548,NULL,NULL,114548,NLRP3,10116,Rattus norvegicus (Norway rat),Myrtenol inhibits the reaction [streptozocin results in increased expression of NLRP3 mrna],NULL,NULL,PMID:34477272,https://www.ncbi.nlm.nih.gov/pubmed/34477272,34477272,NULL,NULL
574212,10582,CTD,Myrtenol,C534317,myrtenol,https://ctdbase.org/detail.go?type=chem&acc=C534317,5906,RAP1A,https://ctdbase.org/detail.go?type=gene&acc=5906,NULL,NULL,5906,RAP1A,9606,Homo sapiens (human),Mevalonic acid affects the reaction [myrtenol results in increased expression of RAP1A protein]|myrtenol results in increased expression of RAP1A protein,NULL,NULL,PMID:12671036,https://www.ncbi.nlm.nih.gov/pubmed/12671036,12671036,NULL,NULL
574213,10582,CTD,Myrtenol,C534317,myrtenol,https://ctdbase.org/detail.go?type=chem&acc=C534317,387,RHOA,https://ctdbase.org/detail.go?type=gene&acc=387,NULL,NULL,387,RHOA,9606,Homo sapiens (human),Myrtenol results in increased expression of RHOA protein|mevalonic acid affects the reaction [myrtenol results in increased expression of RHOA protein],NULL,NULL,PMID:12671036,https://www.ncbi.nlm.nih.gov/pubmed/12671036,12671036,NULL,NULL
574214,10582,CTD,Myrtenol,C534317,myrtenol,https://ctdbase.org/detail.go?type=chem&acc=C534317,388,RHOB,https://ctdbase.org/detail.go?type=gene&acc=388,NULL,NULL,388,RHOB,9606,Homo sapiens (human),Myrtenol results in increased expression of RHOB protein|mevalonic acid affects the reaction [myrtenol results in increased expression of RHOB protein],NULL,NULL,PMID:12671036,https://www.ncbi.nlm.nih.gov/pubmed/12671036,12671036,NULL,NULL
574215,10582,CTD,Myrtenol,C534317,myrtenol,https://ctdbase.org/detail.go?type=chem&acc=C534317,7099,TLR4,https://ctdbase.org/detail.go?type=gene&acc=7099,NULL,NULL,7099,TLR4,10116,Rattus norvegicus (Norway rat),Myrtenol inhibits the reaction [streptozocin results in increased expression of TLR4 mrna],NULL,NULL,PMID:34477272,https://www.ncbi.nlm.nih.gov/pubmed/34477272,34477272,NULL,NULL
574390,10582,CTD,Myrtenol,C534317,myrtenol,https://ctdbase.org/detail.go?type=chem&acc=C534317,7124,TNF,https://ctdbase.org/detail.go?type=gene&acc=7124,NULL,NULL,7124,TNF,10116,Rattus norvegicus (Norway rat),Myrtenol inhibits the reaction [streptozocin results in increased expression of TNF protein],NULL,NULL,PMID:34477272,https://www.ncbi.nlm.nih.gov/pubmed/34477272,34477272,NULL,NULL
