﻿id,cid,dsn,cmpdname,srccmpd,srccmpdname,srccmpdurl,srctarget,srctargetname,srctargeturl,protacxn,protname,geneid,genename,taxid,taxname,action,actname,actvalue,evids,evurls,pmids,dois,citations
   603104,124219,CTD,Mollugin,C046245,rubimaillin,https://ctdbase.org/detail.go?type=chem&acc=C046245,5243,ABCB1,https://ctdbase.org/detail.go?type=gene&acc=5243,NULL,NULL,5243,ABCB1,9606,Homo sapiens (human),Rubimaillin inhibits the reaction [RELA protein results in increased expression of ABCB1 protein]|dorsomorphin inhibits the reaction [rubimaillin results in decreased expression of ABCB1 mrna]|rubimaillin results in decreased expression of ABCB1 protein|rubimaillin results in decreased expression of ABCB1 mRNA,NULL,NULL,PMID:23466342,https://www.ncbi.nlm.nih.gov/pubmed/23466342,23466342,NULL,NULL
603105,124219,CTD,Mollugin,C046245,rubimaillin,https://ctdbase.org/detail.go?type=chem&acc=C046245,31,ACACA,https://ctdbase.org/detail.go?type=gene&acc=31,NULL,NULL,31,ACACA,9606,Homo sapiens (human),Rubimaillin results in increased phosphorylation of ACACA protein,NULL,NULL,PMID:23466342,https://www.ncbi.nlm.nih.gov/pubmed/23466342,23466342,NULL,NULL
603106,124219,CTD,Mollugin,C046245,rubimaillin,https://ctdbase.org/detail.go?type=chem&acc=C046245,207,AKT1,https://ctdbase.org/detail.go?type=gene&acc=207,NULL,NULL,207,AKT1,9606,Homo sapiens (human),Dorsomorphin inhibits the reaction [rubimaillin results in decreased phosphorylation of AKT1 protein]|rubimaillin results in decreased phosphorylation of AKT1 protein,NULL,NULL,PMID:23466342,https://www.ncbi.nlm.nih.gov/pubmed/23466342,23466342,NULL,NULL
603107,124219,CTD,Mollugin,C046245,rubimaillin,https://ctdbase.org/detail.go?type=chem&acc=C046245,598,BCL2L1,https://ctdbase.org/detail.go?type=gene&acc=598,NULL,NULL,598,BCL2L1,9606,Homo sapiens (human),BCL2L1 protein inhibits the reaction [rubimaillin results in increased cleavage of BID protein]|bcl2l1 protein inhibits the reaction [rubimaillin results in increased activity of CASP8 protein]|bcl2l1 protein inhibits the reaction [rubimaillin results in increased activity of CASP9 protein]|bcl2l1 protein inhibits the reaction [rubimaillin results in increased degradation of PARP1 protein]|bcl2l1 protein inhibits the reaction [rubimaillin results in increased activity of CASP12 protein]|bcl2l1 protein inhibits the reaction [rubimaillin results in increased cleavage of CFLAR protein]|bcl2l1 protein inhibits the reaction [rubimaillin results in increased activity of CASP7 protein]|bcl2l1 protein inhibits the reaction [rubimaillin results in increased activity of CASP3 protein],NULL,NULL,PMID:19716835,https://www.ncbi.nlm.nih.gov/pubmed/19716835,19716835,NULL,NULL
603108,124219,CTD,Mollugin,C046245,rubimaillin,https://ctdbase.org/detail.go?type=chem&acc=C046245,637,BID,https://ctdbase.org/detail.go?type=gene&acc=637,NULL,NULL,637,BID,9606,Homo sapiens (human),BCL2L1 protein inhibits the reaction [rubimaillin results in increased cleavage of BID protein]|rubimaillin results in increased cleavage of BID protein|benzyloxycarbonyl-leucyl-glutamyl-histidyl-aspartic acid fluoromethyl ketone inhibits the reaction [rubimaillin results in increased cleavage of BID protein],NULL,NULL,PMID:19716835,https://www.ncbi.nlm.nih.gov/pubmed/19716835,19716835,NULL,NULL
603109,124219,CTD,Mollugin,C046245,rubimaillin,https://ctdbase.org/detail.go?type=chem&acc=C046245,100506742,CASP12,https://ctdbase.org/detail.go?type=gene&acc=100506742,NULL,NULL,100506742,CASP12,9606,Homo sapiens (human),BCL2L1 protein inhibits the reaction [rubimaillin results in increased activity of CASP12 protein]|rubimaillin results in increased activity of CASP12 protein,NULL,NULL,PMID:19716835,https://www.ncbi.nlm.nih.gov/pubmed/19716835,19716835,NULL,NULL
603110,124219,CTD,Mollugin,C046245,rubimaillin,https://ctdbase.org/detail.go?type=chem&acc=C046245,836,CASP3,https://ctdbase.org/detail.go?type=gene&acc=836,NULL,NULL,836,CASP3,9606,Homo sapiens (human),Rubimaillin results in increased activity of CASP3 protein|bcl2l1 protein inhibits the reaction [rubimaillin results in increased activity of CASP3 protein]|benzyloxycarbonyl-leucyl-glutamyl-histidyl-aspartic acid fluoromethyl ketone affects the reaction [rubimaillin results in increased activity of CASP3 protein],NULL,NULL,PMID:19716835,https://www.ncbi.nlm.nih.gov/pubmed/19716835,19716835,NULL,NULL
603111,124219,CTD,Mollugin,C046245,rubimaillin,https://ctdbase.org/detail.go?type=chem&acc=C046245,840,CASP7,https://ctdbase.org/detail.go?type=gene&acc=840,NULL,NULL,840,CASP7,9606,Homo sapiens (human),Rubimaillin results in increased activity of CASP7 protein|bcl2l1 protein inhibits the reaction [rubimaillin results in increased activity of CASP7 protein]|benzyloxycarbonyl-leucyl-glutamyl-histidyl-aspartic acid fluoromethyl ketone inhibits the reaction [rubimaillin results in increased activity of CASP7 protein],NULL,NULL,PMID:19716835,https://www.ncbi.nlm.nih.gov/pubmed/19716835,19716835,NULL,NULL
603112,124219,CTD,Mollugin,C046245,rubimaillin,https://ctdbase.org/detail.go?type=chem&acc=C046245,841,CASP8,https://ctdbase.org/detail.go?type=gene&acc=841,NULL,NULL,841,CASP8,9606,Homo sapiens (human),Rubimaillin results in increased activity of CASP8 protein|benzyloxycarbonyl-leucyl-glutamyl-histidyl-aspartic acid fluoromethyl ketone inhibits the reaction [rubimaillin results in increased activity of CASP8 protein]|bcl2l1 protein inhibits the reaction [rubimaillin results in increased activity of CASP8 protein],NULL,NULL,PMID:19716835,https://www.ncbi.nlm.nih.gov/pubmed/19716835,19716835,NULL,NULL
603270,124219,CTD,Mollugin,C046245,rubimaillin,https://ctdbase.org/detail.go?type=chem&acc=C046245,842,CASP9,https://ctdbase.org/detail.go?type=gene&acc=842,NULL,NULL,842,CASP9,9606,Homo sapiens (human),BCL2L1 protein inhibits the reaction [rubimaillin results in increased activity of CASP9 protein]|benzyloxycarbonyl-leucyl-glutamyl-histidyl-aspartic acid fluoromethyl ketone affects the reaction [rubimaillin results in increased activity of CASP9 protein]|rubimaillin results in increased activity of CASP9 protein,NULL,NULL,PMID:19716835,https://www.ncbi.nlm.nih.gov/pubmed/19716835,19716835,NULL,NULL
603271,124219,CTD,Mollugin,C046245,rubimaillin,https://ctdbase.org/detail.go?type=chem&acc=C046245,890,CCNA2,https://ctdbase.org/detail.go?type=gene&acc=890,NULL,NULL,890,CCNA2,9606,Homo sapiens (human),Rubimaillin results in decreased expression of CCNA2 protein|glutathione inhibits the reaction [rubimaillin results in decreased expression of CCNA2 protein],NULL,NULL,PMID:35007525,https://www.ncbi.nlm.nih.gov/pubmed/35007525,35007525,NULL,NULL
603272,124219,CTD,Mollugin,C046245,rubimaillin,https://ctdbase.org/detail.go?type=chem&acc=C046245,1017,CDK2,https://ctdbase.org/detail.go?type=gene&acc=1017,NULL,NULL,1017,CDK2,9606,Homo sapiens (human),Glutathione inhibits the reaction [rubimaillin results in decreased expression of CDK2 protein]|rubimaillin results in decreased expression of CDK2 protein,NULL,NULL,PMID:35007525,https://www.ncbi.nlm.nih.gov/pubmed/35007525,35007525,NULL,NULL
603273,124219,CTD,Mollugin,C046245,rubimaillin,https://ctdbase.org/detail.go?type=chem&acc=C046245,8837,CFLAR,https://ctdbase.org/detail.go?type=gene&acc=8837,NULL,NULL,8837,CFLAR,9606,Homo sapiens (human),BCL2L1 protein inhibits the reaction [rubimaillin results in increased cleavage of CFLAR protein]|rubimaillin results in increased cleavage of CFLAR protein,NULL,NULL,PMID:19716835,https://www.ncbi.nlm.nih.gov/pubmed/19716835,19716835,NULL,NULL
603274,124219,CTD,Mollugin,C046245,rubimaillin,https://ctdbase.org/detail.go?type=chem&acc=C046245,1385,CREB1,https://ctdbase.org/detail.go?type=gene&acc=1385,NULL,NULL,1385,CREB1,9606,Homo sapiens (human),Rubimaillin results in decreased expression of CREB1 mrna|rubimaillin results in decreased phosphorylation of CREB1 protein,NULL,NULL,PMID:23466342,https://www.ncbi.nlm.nih.gov/pubmed/23466342,23466342,NULL,NULL
603275,124219,CTD,Mollugin,C046245,rubimaillin,https://ctdbase.org/detail.go?type=chem&acc=C046245,2932,GSK3B,https://ctdbase.org/detail.go?type=gene&acc=2932,NULL,NULL,2932,GSK3B,9606,Homo sapiens (human),Rubimaillin results in increased phosphorylation of GSK3B protein,NULL,NULL,PMID:23466342,https://www.ncbi.nlm.nih.gov/pubmed/23466342,23466342,NULL,NULL
603276,124219,CTD,Mollugin,C046245,rubimaillin,https://ctdbase.org/detail.go?type=chem&acc=C046245,3014,H2AX,https://ctdbase.org/detail.go?type=gene&acc=3014,NULL,NULL,3014,H2AX,9606,Homo sapiens (human),Glutathione inhibits the reaction [rubimaillin results in increased phosphorylation of H2AX protein]|rubimaillin results in increased phosphorylation of H2AX protein,NULL,NULL,PMID:35007525,https://www.ncbi.nlm.nih.gov/pubmed/35007525,35007525,NULL,NULL
603277,124219,CTD,Mollugin,C046245,rubimaillin,https://ctdbase.org/detail.go?type=chem&acc=C046245,4792,NFKBIA,https://ctdbase.org/detail.go?type=gene&acc=4792,NULL,NULL,4792,NFKBIA,9606,Homo sapiens (human),Rubimaillin results in increased phosphorylation of NFKBIA protein,NULL,NULL,PMID:23466342,https://www.ncbi.nlm.nih.gov/pubmed/23466342,23466342,NULL,NULL
603278,124219,CTD,Mollugin,C046245,rubimaillin,https://ctdbase.org/detail.go?type=chem&acc=C046245,142,PARP1,https://ctdbase.org/detail.go?type=gene&acc=142,NULL,NULL,142,PARP1,9606,Homo sapiens (human),BCL2L1 protein inhibits the reaction [rubimaillin results in increased degradation of PARP1 protein]|benzyloxycarbonyl-leucyl-glutamyl-histidyl-aspartic acid fluoromethyl ketone inhibits the reaction [rubimaillin results in increased degradation of PARP1 protein]|rubimaillin results in increased degradation of PARP1 protein,NULL,NULL,PMID:19716835,https://www.ncbi.nlm.nih.gov/pubmed/19716835,19716835,NULL,NULL
603279,124219,CTD,Mollugin,C046245,rubimaillin,https://ctdbase.org/detail.go?type=chem&acc=C046245,5743,PTGS2,https://ctdbase.org/detail.go?type=gene&acc=5743,NULL,NULL,5743,PTGS2,9606,Homo sapiens (human),Rubimaillin results in decreased expression of PTGS2 mrna|rubimaillin results in decreased expression of PTGS2 protein,NULL,NULL,PMID:23466342,https://www.ncbi.nlm.nih.gov/pubmed/23466342,23466342,NULL,NULL
603447,124219,CTD,Mollugin,C046245,rubimaillin,https://ctdbase.org/detail.go?type=chem&acc=C046245,5970,RELA,https://ctdbase.org/detail.go?type=gene&acc=5970,NULL,NULL,5970,RELA,9606,Homo sapiens (human),Rubimaillin inhibits the reaction [RELA protein results in increased expression of ABCB1 protein]|rubimaillin results in decreased expression of RELA protein,NULL,NULL,PMID:23466342,https://www.ncbi.nlm.nih.gov/pubmed/23466342,23466342,NULL,NULL
603448,124219,CTD,Mollugin,C046245,rubimaillin,https://ctdbase.org/detail.go?type=chem&acc=C046245,6794,STK11,https://ctdbase.org/detail.go?type=gene&acc=6794,NULL,NULL,6794,STK11,9606,Homo sapiens (human),Rubimaillin results in increased phosphorylation of STK11 protein,NULL,NULL,PMID:23466342,https://www.ncbi.nlm.nih.gov/pubmed/23466342,23466342,NULL,NULL
