﻿resolution,pdbid,title,expmethod,lignme,glytoucan,cids,protacxns,geneids,pmids,dois
   1.15,3R72,Apis mellifera odorant binding protein 5,X-RAY DIFFRACTION,NBB,NULL,19241,NULL,NULL,NULL,NULL
1.5,3CZ1,Dimeric crystal structure of a pheromone binding protein from Apis mellifera in complex with the n-butyl benzene sulfonamide at pH 7.0,X-RAY DIFFRACTION,NBB|GOL|CL|MG,NULL,312|753|19241|888,NULL,NULL,19481550,10.1016/j.jmb.2009.05.067
1.6,3BJH,Soft-SAD crystal structure of a pheromone binding protein from the honeybee Apis mellifera L.,X-RAY DIFFRACTION,NBB|GOL,NULL,753|19241,NULL,NULL,14594955,10.1074/jbc.m311212200
1.6,3D78,"Dimeric crystal structure of a pheromone binding protein mutant D35N, from apis mellifera, at pH 7.0",X-RAY DIFFRACTION,NBB|EDO,NULL,174|19241,NULL,NULL,19481550,10.1016/j.jmb.2009.05.067
1.7,3D77,"Crystal structure of a pheromone binding protein mutant D35N, from Apis mellifera, soaked at pH 4.0",X-RAY DIFFRACTION,NBB|EDO|NA,NULL,174|923|19241,NULL,NULL,19481550,10.1016/j.jmb.2009.05.067
1.9,3D76,"Crystal structure of a pheromone binding protein mutant D35N, from Apis mellifera, soaked at pH 7.0",X-RAY DIFFRACTION,NBB|EDO|NA,NULL,174|923|19241,NULL,NULL,19481550,10.1016/j.jmb.2009.05.067
2.03,3D73,"Crystal structure of a pheromone binding protein mutant D35A, from Apis mellifera, at pH 7.0",X-RAY DIFFRACTION,NBB,NULL,19241,NULL,NULL,19481550,10.1016/j.jmb.2009.05.067
2.1,3D74,"Crystal structure of a pheromone binding protein mutant D35A, from Apis mellifera, soaked at pH 5.5",X-RAY DIFFRACTION,NBB,NULL,19241,NULL,NULL,19481550,10.1016/j.jmb.2009.05.067
2.3,3D75,"Crystal structure of a pheromone binding protein mutant D35N, from Apis mellifera, at pH 5.5",X-RAY DIFFRACTION,NBB,NULL,19241,NULL,NULL,19481550,10.1016/j.jmb.2009.05.067
