﻿id,cid,dsn,cmpdname,srccmpd,srccmpdname,srccmpdurl,srctarget,srctargetname,srctargeturl,protacxn,protname,geneid,genename,taxid,taxname,action,actname,actvalue,evids,evurls,pmids,dois,citations
   612000,14982,DGIdb,Glycyrrhizic acid,NULL,GLYCYRRHIZIN,https://www.dgidb.org/drugs/GLYCYRRHIZIN,NULL,SLCO1B1,https://www.dgidb.org/genes/SLCO1B1,NULL,NULL,10599,SLCO1B1,9606,Homo sapiens (human),Inhibitor,NULL,NULL,NULL,NULL,NULL,NULL,NULL
756584,14982,CTD,Glycyrrhizic acid,D019695,Glycyrrhizic Acid,https://ctdbase.org/detail.go?type=chem&acc=D019695,8647,ABCB11,https://ctdbase.org/detail.go?type=gene&acc=8647,NULL,NULL,8647,ABCB11,9606,Homo sapiens (human),Glycyrrhizic acid results in decreased activity of ABCB11 protein|glycyrrhizic acid inhibits the reaction [ABCB11 protein results in increased transport of taurocholic acid],NULL,NULL,PMID:24014644,https://www.ncbi.nlm.nih.gov/pubmed/24014644,24014644,NULL,NULL
756585,14982,CTD,Glycyrrhizic acid,D019695,Glycyrrhizic Acid,https://ctdbase.org/detail.go?type=chem&acc=D019695,8714,ABCC3,https://ctdbase.org/detail.go?type=gene&acc=8714,NULL,NULL,8714,ABCC3,10090,Mus musculus (house mouse),Glycyrrhizic acid affects the reaction [1-naphthylisothiocyanate affects the expression of ABCC3 mrna],NULL,NULL,PMID:28549656,https://www.ncbi.nlm.nih.gov/pubmed/28549656,28549656,NULL,NULL
756586,14982,CTD,Glycyrrhizic acid,D019695,Glycyrrhizic Acid,https://ctdbase.org/detail.go?type=chem&acc=D019695,39,ACAT2,https://ctdbase.org/detail.go?type=gene&acc=39,NULL,NULL,39,ACAT2,10090,Mus musculus (house mouse),Glycyrrhizic acid affects the reaction [1-naphthylisothiocyanate affects the expression of ACAT2 mrna],NULL,NULL,PMID:28549656,https://www.ncbi.nlm.nih.gov/pubmed/28549656,28549656,NULL,NULL
756587,14982,CTD,Glycyrrhizic acid,D019695,Glycyrrhizic Acid,https://ctdbase.org/detail.go?type=chem&acc=D019695,43,ACHE,https://ctdbase.org/detail.go?type=gene&acc=43,NULL,NULL,43,ACHE,10116,Rattus norvegicus (Norway rat),Glycyrrhizic acid inhibits the reaction [fusaric acid results in decreased expression of ACHE protein],NULL,NULL,PMID:31150628,https://www.ncbi.nlm.nih.gov/pubmed/31150628,31150628,NULL,NULL
756742,14982,CTD,Glycyrrhizic acid,D019695,Glycyrrhizic Acid,https://ctdbase.org/detail.go?type=chem&acc=D019695,59,ACTA2,https://ctdbase.org/detail.go?type=gene&acc=59,NULL,NULL,59,ACTA2,9606,Homo sapiens (human),Glycyrrhizic acid results in decreased expression of ACTA2 protein,NULL,NULL,PMID:33522686,https://www.ncbi.nlm.nih.gov/pubmed/33522686,33522686,NULL,NULL
756743,14982,CTD,Glycyrrhizic acid,D019695,Glycyrrhizic Acid,https://ctdbase.org/detail.go?type=chem&acc=D019695,207,AKT1,https://ctdbase.org/detail.go?type=gene&acc=207,NULL,NULL,207,AKT1,10116,Rattus norvegicus (Norway rat),Glycyrrhizic acid inhibits the reaction [doxorubicin results in increased phosphorylation of AKT1 protein],NULL,NULL,PMID:32525084,https://www.ncbi.nlm.nih.gov/pubmed/32525084,32525084,NULL,NULL
756744,14982,CTD,Glycyrrhizic acid,D019695,Glycyrrhizic Acid,https://ctdbase.org/detail.go?type=chem&acc=D019695,213,ALB,https://ctdbase.org/detail.go?type=gene&acc=213,NULL,NULL,213,ALB,9606,Homo sapiens (human),ALB protein binds to and affects the transport of glycyrrhizic acid,NULL,NULL,PMID:8831264,https://www.ncbi.nlm.nih.gov/pubmed/8831264,8831264,NULL,NULL
756745,14982,CTD,Glycyrrhizic acid,D019695,Glycyrrhizic Acid,https://ctdbase.org/detail.go?type=chem&acc=D019695,359,AQP2,https://ctdbase.org/detail.go?type=gene&acc=359,NULL,NULL,359,AQP2,10116,Rattus norvegicus (Norway rat),Glycyrrhizic acid inhibits the reaction [gentamicins results in decreased expression of AQP2 protein],NULL,NULL,PMID:12969435,https://www.ncbi.nlm.nih.gov/pubmed/12969435,12969435,NULL,NULL
756746,14982,CTD,Glycyrrhizic acid,D019695,Glycyrrhizic Acid,https://ctdbase.org/detail.go?type=chem&acc=D019695,362,AQP5,https://ctdbase.org/detail.go?type=gene&acc=362,NULL,NULL,362,AQP5,9606,Homo sapiens (human),Glycyrrhizic acid inhibits the reaction [histamine results in decreased expression of AQP5 protein],NULL,NULL,PMID:29452068,https://www.ncbi.nlm.nih.gov/pubmed/29452068,29452068,NULL,NULL
756747,14982,CTD,Glycyrrhizic acid,D019695,Glycyrrhizic Acid,https://ctdbase.org/detail.go?type=chem&acc=D019695,367,AR,https://ctdbase.org/detail.go?type=gene&acc=367,NULL,NULL,367,AR,9606,Homo sapiens (human),Glycyrrhizic acid affects the localization of AR protein|glycyrrhizic acid binds to and results in increased activity of AR protein,NULL,NULL,PMID:28478275,https://www.ncbi.nlm.nih.gov/pubmed/28478275,28478275,NULL,NULL
756748,14982,CTD,Glycyrrhizic acid,D019695,Glycyrrhizic Acid,https://ctdbase.org/detail.go?type=chem&acc=D019695,627,BDNF,https://ctdbase.org/detail.go?type=gene&acc=627,NULL,NULL,627,BDNF,10116,Rattus norvegicus (Norway rat),Glycyrrhizic acid inhibits the reaction [fusaric acid results in decreased expression of BDNF protein],NULL,NULL,PMID:31150628,https://www.ncbi.nlm.nih.gov/pubmed/31150628,31150628,NULL,NULL
756749,14982,CTD,Glycyrrhizic acid,D019695,Glycyrrhizic Acid,https://ctdbase.org/detail.go?type=chem&acc=D019695,16333,INS1,https://ctdbase.org/detail.go?type=gene&acc=16333,NULL,NULL,16333,Ins1,10090,Mus musculus (house mouse),Glycyrrhizic acid inhibits the reaction [[dexamethasone co-treated with 1-methyl-3-isobutylxanthine co-treated with INS1 protein] results in increased expression of FABP4 mrna]|glycyrrhizic acid inhibits the reaction [[dexamethasone co-treated with 1-methyl-3-isobutylxanthine co-treated with INS1 protein] results in increased phosphorylation of MAPK1 protein]|glycyrrhizic acid inhibits the reaction [[dexamethasone co-treated with 1-methyl-3-isobutylxanthine co-treated with INS1 protein] results in increased expression of SCD1 mrna]|glycyrrhizic acid inhibits the reaction [[dexamethasone co-treated with 1-methyl-3-isobutylxanthine co-treated with INS1 protein] results in increased phosphorylation of MAPK3 protein]|glycyrrhizic acid inhibits the reaction [[dexamethasone co-treated with 1-methyl-3-isobutylxanthine co-treated with INS1 protein] results in increased expression of PPARG mrna]|glycyrrhizic acid inhibits the reaction [[dexamethasone co-treated with 1-methyl-3-isobutylxanthine co-treated with INS1 protein] results in increased expression of CEBPB mrna]|glycyrrhizic acid inhibits the reaction [[dexamethasone co-treated with 1-methyl-3-isobutylxanthine co-treated with INS1 protein] results in increased expression of CEBPD mrna]|glycyrrhizic acid inhibits the reaction [[dexamethasone co-treated with 1-methyl-3-isobutylxanthine co-treated with INS1 protein] results in increased expression of CEBPA mrna]|glycyrrhizic acid inhibits the reaction [[dexamethasone co-treated with 1-methyl-3-isobutylxanthine co-treated with INS1 protein] results in increased expression of LPL mrna]|glycyrrhizic acid inhibits the reaction [[dexamethasone co-treated with 1-methyl-3-isobutylxanthine co-treated with INS1 protein] results in increased expression of SLC2A4 mrna],NULL,NULL,PMID:34302803,https://www.ncbi.nlm.nih.gov/pubmed/34302803,34302803,NULL,NULL
756918,14982,CTD,Glycyrrhizic acid,D019695,Glycyrrhizic Acid,https://ctdbase.org/detail.go?type=chem&acc=D019695,4023,LPL,https://ctdbase.org/detail.go?type=gene&acc=4023,NULL,NULL,4023,LPL,10090,Mus musculus (house mouse),Glycyrrhizic acid inhibits the reaction [[dexamethasone co-treated with 1-methyl-3-isobutylxanthine co-treated with INS1 protein] results in increased expression of LPL mrna],NULL,NULL,PMID:34302803,https://www.ncbi.nlm.nih.gov/pubmed/34302803,34302803,NULL,NULL
756919,14982,CTD,Glycyrrhizic acid,D019695,Glycyrrhizic Acid,https://ctdbase.org/detail.go?type=chem&acc=D019695,81631,MAP1LC3B,https://ctdbase.org/detail.go?type=gene&acc=81631,NULL,NULL,81631,MAP1LC3B,10116,Rattus norvegicus (Norway rat),Glycyrrhizic acid inhibits the reaction [doxorubicin results in increased expression of and results in increased lipidation of MAP1LC3B protein]|glycyrrhizic acid inhibits the reaction [doxorubicin results in increased lipidation of MAP1LC3B protein]|[glycyrrhizic acid co-treated with bafilomycin A1] results in increased lipidation of MAP1LC3B protein,NULL,NULL,PMID:32525084,https://www.ncbi.nlm.nih.gov/pubmed/32525084,32525084,NULL,NULL
756920,14982,CTD,Glycyrrhizic acid,D019695,Glycyrrhizic Acid,https://ctdbase.org/detail.go?type=chem&acc=D019695,5594,MAPK1,https://ctdbase.org/detail.go?type=gene&acc=5594,NULL,NULL,5594,MAPK1,10090,Mus musculus (house mouse),Glycyrrhizic acid inhibits the reaction [[dexamethasone co-treated with 1-methyl-3-isobutylxanthine co-treated with INS1 protein] results in increased phosphorylation of MAPK1 protein],NULL,NULL,PMID:34302803,https://www.ncbi.nlm.nih.gov/pubmed/34302803,34302803,NULL,NULL
756921,14982,CTD,Glycyrrhizic acid,D019695,Glycyrrhizic Acid,https://ctdbase.org/detail.go?type=chem&acc=D019695,5595,MAPK3,https://ctdbase.org/detail.go?type=gene&acc=5595,NULL,NULL,5595,MAPK3,10090,Mus musculus (house mouse),Glycyrrhizic acid inhibits the reaction [[dexamethasone co-treated with 1-methyl-3-isobutylxanthine co-treated with INS1 protein] results in increased phosphorylation of MAPK3 protein],NULL,NULL,PMID:34302803,https://www.ncbi.nlm.nih.gov/pubmed/34302803,34302803,NULL,NULL
756922,14982,CTD,Glycyrrhizic acid,D019695,Glycyrrhizic Acid,https://ctdbase.org/detail.go?type=chem&acc=D019695,4313,MMP2,https://ctdbase.org/detail.go?type=gene&acc=4313,NULL,NULL,4313,MMP2,10090,Mus musculus (house mouse),Glycyrrhizic acid inhibits the reaction [picryl chloride results in increased secretion of MMP2 protein],NULL,NULL,PMID:16945185,https://www.ncbi.nlm.nih.gov/pubmed/16945185,16945185,NULL,NULL
756923,14982,CTD,Glycyrrhizic acid,D019695,Glycyrrhizic Acid,https://ctdbase.org/detail.go?type=chem&acc=D019695,2475,MTOR,https://ctdbase.org/detail.go?type=gene&acc=2475,NULL,NULL,2475,MTOR,10116,Rattus norvegicus (Norway rat),Glycyrrhizic acid inhibits the reaction [doxorubicin results in increased phosphorylation of MTOR protein],NULL,NULL,PMID:32525084,https://www.ncbi.nlm.nih.gov/pubmed/32525084,32525084,NULL,NULL
756924,14982,CTD,Glycyrrhizic acid,D019695,Glycyrrhizic Acid,https://ctdbase.org/detail.go?type=chem&acc=D019695,4547,MTTP,https://ctdbase.org/detail.go?type=gene&acc=4547,NULL,NULL,4547,MTTP,10090,Mus musculus (house mouse),Glycyrrhizic acid inhibits the reaction [1-naphthylisothiocyanate results in increased expression of MTTP mrna],NULL,NULL,PMID:28549656,https://www.ncbi.nlm.nih.gov/pubmed/28549656,28549656,NULL,NULL
756925,14982,CTD,Glycyrrhizic acid,D019695,Glycyrrhizic Acid,https://ctdbase.org/detail.go?type=chem&acc=D019695,4586,MUC5AC,https://ctdbase.org/detail.go?type=gene&acc=4586,NULL,NULL,4586,MUC5AC,9606,Homo sapiens (human),Glycyrrhizic acid inhibits the reaction [histamine results in increased expression of MUC5AC mrna]|glycyrrhizic acid inhibits the reaction [histamine results in increased secretion of MUC5AC protein],NULL,NULL,PMID:29452068,https://www.ncbi.nlm.nih.gov/pubmed/29452068,29452068,NULL,NULL
756926,14982,CTD,Glycyrrhizic acid,D019695,Glycyrrhizic Acid,https://ctdbase.org/detail.go?type=chem&acc=D019695,4790,NFKB1,https://ctdbase.org/detail.go?type=gene&acc=4790,NULL,NULL,4790,NFKB1,10090,Mus musculus (house mouse),[glycyrrhizic acid co-treated with lipopolysaccharides] results in increased activity of [NFKB1 protein binds to RELA protein],NULL,NULL,PMID:11412311,https://www.ncbi.nlm.nih.gov/pubmed/11412311,11412311,NULL,NULL
756927,14982,CTD,Glycyrrhizic acid,D019695,Glycyrrhizic Acid,https://ctdbase.org/detail.go?type=chem&acc=D019695,4792,NFKBIA,https://ctdbase.org/detail.go?type=gene&acc=4792,NULL,NULL,4792,NFKBIA,9606,Homo sapiens (human),Glycyrrhizic acid inhibits the reaction [histamine results in increased phosphorylation of NFKBIA protein],NULL,NULL,PMID:29452068,https://www.ncbi.nlm.nih.gov/pubmed/29452068,29452068,NULL,NULL
757082,14982,CTD,Glycyrrhizic acid,D019695,Glycyrrhizic Acid,https://ctdbase.org/detail.go?type=chem&acc=D019695,4843,NOS2,https://ctdbase.org/detail.go?type=gene&acc=4843,NULL,NULL,4843,NOS2,10090,Mus musculus (house mouse),Glycyrrhizic acid inhibits the reaction [carbon tetrachloride results in increased expression of NOS2 mrna]|glycyrrhizic acid inhibits the reaction [carbon tetrachloride results in increased expression of NOS2 protein],NULL,NULL,PMID:17917259,https://www.ncbi.nlm.nih.gov/pubmed/17917259,17917259,NULL,NULL
757083,14982,CTD,Glycyrrhizic acid,D019695,Glycyrrhizic Acid,https://ctdbase.org/detail.go?type=chem&acc=D019695,4843,NOS2,https://ctdbase.org/detail.go?type=gene&acc=4843,NULL,NULL,4843,NOS2,10090,Mus musculus (house mouse),"Glycyrrhizic acid inhibits the reaction [lipopolysaccharide, E coli O55-B5 results in increased expression of NOS2 mrna]",NULL,NULL,PMID:23373965,https://www.ncbi.nlm.nih.gov/pubmed/23373965,23373965,NULL,NULL
757084,14982,CTD,Glycyrrhizic acid,D019695,Glycyrrhizic Acid,https://ctdbase.org/detail.go?type=chem&acc=D019695,4843,NOS2,https://ctdbase.org/detail.go?type=gene&acc=4843,NULL,NULL,4843,NOS2,10090,Mus musculus (house mouse),"Glycyrrhizic acid inhibits the reaction [lipopolysaccharide, escherichia coli O111 B4 results in increased expression of NOS2 protein]|glycyrrhizic acid inhibits the reaction [lipopolysaccharide, escherichia coli O111 B4 results in increased expression of NOS2 mrna]",NULL,NULL,PMID:21644799,https://www.ncbi.nlm.nih.gov/pubmed/21644799,21644799,NULL,NULL
757085,14982,CTD,Glycyrrhizic acid,D019695,Glycyrrhizic Acid,https://ctdbase.org/detail.go?type=chem&acc=D019695,8856,NR1I2,https://ctdbase.org/detail.go?type=gene&acc=8856,NULL,NULL,8856,NR1I2,9606,Homo sapiens (human),Glycyrrhizic acid results in increased activity of NR1I2 protein|nr1i2 protein affects the reaction [glycyrrhizic acid results in increased expression of CYP3A4 mrna],NULL,NULL,PMID:22982774,https://www.ncbi.nlm.nih.gov/pubmed/22982774,22982774,NULL,NULL
757086,14982,CTD,Glycyrrhizic acid,D019695,Glycyrrhizic Acid,https://ctdbase.org/detail.go?type=chem&acc=D019695,5293,PIK3CD,https://ctdbase.org/detail.go?type=gene&acc=5293,NULL,NULL,5293,PIK3CD,10090,Mus musculus (house mouse),Glycyrrhizic acid results in decreased activity of PIK3CD protein,NULL,NULL,PMID:21644799,https://www.ncbi.nlm.nih.gov/pubmed/21644799,21644799,NULL,NULL
757087,14982,CTD,Glycyrrhizic acid,D019695,Glycyrrhizic Acid,https://ctdbase.org/detail.go?type=chem&acc=D019695,5294,PIK3CG,https://ctdbase.org/detail.go?type=gene&acc=5294,NULL,NULL,5294,PIK3CG,10090,Mus musculus (house mouse),Glycyrrhizic acid results in decreased activity of PIK3CG protein,NULL,NULL,PMID:21644799,https://www.ncbi.nlm.nih.gov/pubmed/21644799,21644799,NULL,NULL
757088,14982,CTD,Glycyrrhizic acid,D019695,Glycyrrhizic Acid,https://ctdbase.org/detail.go?type=chem&acc=D019695,5468,PPARG,https://ctdbase.org/detail.go?type=gene&acc=5468,NULL,NULL,5468,PPARG,10090,Mus musculus (house mouse),Glycyrrhizic acid inhibits the reaction [[dexamethasone co-treated with 1-methyl-3-isobutylxanthine co-treated with INS1 protein] results in increased expression of PPARG mrna],NULL,NULL,PMID:34302803,https://www.ncbi.nlm.nih.gov/pubmed/34302803,34302803,NULL,NULL
757089,14982,CTD,Glycyrrhizic acid,D019695,Glycyrrhizic Acid,https://ctdbase.org/detail.go?type=chem&acc=D019695,5743,PTGS2,https://ctdbase.org/detail.go?type=gene&acc=5743,NULL,NULL,5743,PTGS2,10090,Mus musculus (house mouse),Glycyrrhizic acid inhibits the reaction [carbon tetrachloride results in increased expression of PTGS2 protein]|glycyrrhizic acid inhibits the reaction [carbon tetrachloride results in increased expression of PTGS2 mrna],NULL,NULL,PMID:17917259,https://www.ncbi.nlm.nih.gov/pubmed/17917259,17917259,NULL,NULL
757090,14982,CTD,Glycyrrhizic acid,D019695,Glycyrrhizic Acid,https://ctdbase.org/detail.go?type=chem&acc=D019695,123264,SLC51B,https://ctdbase.org/detail.go?type=gene&acc=123264,NULL,NULL,123264,SLC51B,10090,Mus musculus (house mouse),Glycyrrhizic acid inhibits the reaction [1-naphthylisothiocyanate results in increased expression of SLC51B mrna],NULL,NULL,PMID:28549656,https://www.ncbi.nlm.nih.gov/pubmed/28549656,28549656,NULL,NULL
757091,14982,CTD,Glycyrrhizic acid,D019695,Glycyrrhizic Acid,https://ctdbase.org/detail.go?type=chem&acc=D019695,28250,SLCO1A4,https://ctdbase.org/detail.go?type=gene&acc=28250,NULL,NULL,28250,Slco1a4,10090,Mus musculus (house mouse),Glycyrrhizic acid inhibits the reaction [1-naphthylisothiocyanate results in increased expression of SLCO1A4 mrna],NULL,NULL,PMID:28549656,https://www.ncbi.nlm.nih.gov/pubmed/28549656,28549656,NULL,NULL
757242,14982,CTD,Glycyrrhizic acid,D019695,Glycyrrhizic Acid,https://ctdbase.org/detail.go?type=chem&acc=D019695,4089,SMAD4,https://ctdbase.org/detail.go?type=gene&acc=4089,NULL,NULL,4089,SMAD4,9606,Homo sapiens (human),Glycyrrhizic acid results in decreased expression of SMAD4 protein,NULL,NULL,PMID:33522686,https://www.ncbi.nlm.nih.gov/pubmed/33522686,33522686,NULL,NULL
757243,14982,CTD,Glycyrrhizic acid,D019695,Glycyrrhizic Acid,https://ctdbase.org/detail.go?type=chem&acc=D019695,6517,SLC2A4,https://ctdbase.org/detail.go?type=gene&acc=6517,NULL,NULL,6517,SLC2A4,10090,Mus musculus (house mouse),Glycyrrhizic acid inhibits the reaction [[dexamethasone co-treated with 1-methyl-3-isobutylxanthine co-treated with INS1 protein] results in increased expression of SLC2A4 mrna],NULL,NULL,PMID:34302803,https://www.ncbi.nlm.nih.gov/pubmed/34302803,34302803,NULL,NULL
757244,14982,CTD,Glycyrrhizic acid,D019695,Glycyrrhizic Acid,https://ctdbase.org/detail.go?type=chem&acc=D019695,836,CASP3,https://ctdbase.org/detail.go?type=gene&acc=836,NULL,NULL,836,CASP3,10116,Rattus norvegicus (Norway rat),Glycyrrhizic acid inhibits the reaction [fusaric acid results in decreased expression of CASP3 protein],NULL,NULL,PMID:31150628,https://www.ncbi.nlm.nih.gov/pubmed/31150628,31150628,NULL,NULL
757245,14982,CTD,Glycyrrhizic acid,D019695,Glycyrrhizic Acid,https://ctdbase.org/detail.go?type=chem&acc=D019695,839,CASP6,https://ctdbase.org/detail.go?type=gene&acc=839,NULL,NULL,839,CASP6,10116,Rattus norvegicus (Norway rat),Glycyrrhizic acid inhibits the reaction [benzo(a)pyrene results in increased activity of CASP6 protein],NULL,NULL,PMID:22051199,https://www.ncbi.nlm.nih.gov/pubmed/22051199,22051199,NULL,NULL
757246,14982,CTD,Glycyrrhizic acid,D019695,Glycyrrhizic Acid,https://ctdbase.org/detail.go?type=chem&acc=D019695,841,CASP8,https://ctdbase.org/detail.go?type=gene&acc=841,NULL,NULL,841,CASP8,10116,Rattus norvegicus (Norway rat),Glycyrrhizic acid inhibits the reaction [benzo(a)pyrene results in increased activity of CASP8 protein],NULL,NULL,PMID:22051199,https://www.ncbi.nlm.nih.gov/pubmed/22051199,22051199,NULL,NULL
764875,14982,Guide to PHARMACOLOGY,Glycyrrhizic acid,4688,glycyrrhizin,https://www.guidetopharmacology.org/GRAC/LigandDisplayForward?ligandId=4688,1221,OATP1B3,https://guidetopharmacology.org/GRAC/ObjectDisplayForward?objectId=1221,Q9NPD5,Solute carrier organic anion transporter family member 1B3,28234,SLCO1B3,9606,Homo sapiens (human),Inhibition,NULL,6.1,NULL,NULL,NULL,NULL,NULL
764876,14982,Guide to PHARMACOLOGY,Glycyrrhizic acid,4688,glycyrrhizin,https://www.guidetopharmacology.org/GRAC/LigandDisplayForward?ligandId=4688,1220,OATP1B1,https://guidetopharmacology.org/GRAC/ObjectDisplayForward?objectId=1220,Q9Y6L6,Solute carrier organic anion transporter family member 1B1,10599,SLCO1B1,9606,Homo sapiens (human),Inhibition,NULL,7.22,NULL,NULL,NULL,NULL,NULL
764877,14982,CTD,Glycyrrhizic acid,D019695,Glycyrrhizic Acid,https://ctdbase.org/detail.go?type=chem&acc=D019695,7082,TJP1,https://ctdbase.org/detail.go?type=gene&acc=7082,NULL,NULL,7082,TJP1,10090,Mus musculus (house mouse),Glycyrrhizic acid inhibits the reaction [glucose results in decreased expression of TJP1 protein],NULL,NULL,PMID:27783111,https://www.ncbi.nlm.nih.gov/pubmed/27783111,27783111,NULL,NULL
764878,14982,CTD,Glycyrrhizic acid,D019695,Glycyrrhizic Acid,https://ctdbase.org/detail.go?type=chem&acc=D019695,7082,TJP1,https://ctdbase.org/detail.go?type=gene&acc=7082,NULL,NULL,7082,TJP1,10090,Mus musculus (house mouse),Glycyrrhizic acid inhibits the reaction [palmitic acid results in decreased expression of TJP1 protein],NULL,NULL,PMID:27689324,https://www.ncbi.nlm.nih.gov/pubmed/27689324,27689324,NULL,NULL
764879,14982,CTD,Glycyrrhizic acid,D019695,Glycyrrhizic Acid,https://ctdbase.org/detail.go?type=chem&acc=D019695,8878,SQSTM1,https://ctdbase.org/detail.go?type=gene&acc=8878,NULL,NULL,8878,SQSTM1,10116,Rattus norvegicus (Norway rat),Glycyrrhizic acid affects the reaction [doxorubicin results in increased expression of SQSTM1 protein],NULL,NULL,PMID:32525084,https://www.ncbi.nlm.nih.gov/pubmed/32525084,32525084,NULL,NULL
764880,14982,CTD,Glycyrrhizic acid,D019695,Glycyrrhizic Acid,https://ctdbase.org/detail.go?type=chem&acc=D019695,7040,TGFB1,https://ctdbase.org/detail.go?type=gene&acc=7040,NULL,NULL,7040,TGFB1,10116,Rattus norvegicus (Norway rat),Glycyrrhizic acid inhibits the reaction [glucose results in increased expression of TGFB1 protein],NULL,NULL,PMID:25162824,https://www.ncbi.nlm.nih.gov/pubmed/25162824,25162824,NULL,NULL
764881,14982,CTD,Glycyrrhizic acid,D019695,Glycyrrhizic Acid,https://ctdbase.org/detail.go?type=chem&acc=D019695,7046,TGFBR1,https://ctdbase.org/detail.go?type=gene&acc=7046,NULL,NULL,7046,TGFBR1,9606,Homo sapiens (human),Glycyrrhizic acid results in decreased expression of TGFBR1 protein,NULL,NULL,PMID:33522686,https://www.ncbi.nlm.nih.gov/pubmed/33522686,33522686,NULL,NULL
764882,14982,CTD,Glycyrrhizic acid,D019695,Glycyrrhizic Acid,https://ctdbase.org/detail.go?type=chem&acc=D019695,4092,SMAD7,https://ctdbase.org/detail.go?type=gene&acc=4092,NULL,NULL,4092,SMAD7,9606,Homo sapiens (human),Glycyrrhizic acid results in increased expression of SMAD7 protein,NULL,NULL,PMID:33522686,https://www.ncbi.nlm.nih.gov/pubmed/33522686,33522686,NULL,NULL
764883,14982,CTD,Glycyrrhizic acid,D019695,Glycyrrhizic Acid,https://ctdbase.org/detail.go?type=chem&acc=D019695,6648,SOD2,https://ctdbase.org/detail.go?type=gene&acc=6648,NULL,NULL,6648,SOD2,10116,Rattus norvegicus (Norway rat),Glycyrrhizic acid inhibits the reaction [glucose results in decreased expression of SOD2 protein],NULL,NULL,PMID:25162824,https://www.ncbi.nlm.nih.gov/pubmed/25162824,25162824,NULL,NULL
764884,14982,CTD,Glycyrrhizic acid,D019695,Glycyrrhizic Acid,https://ctdbase.org/detail.go?type=chem&acc=D019695,3569,IL6,https://ctdbase.org/detail.go?type=gene&acc=3569,NULL,NULL,3569,IL6,10090,Mus musculus (house mouse),"Glycyrrhizic acid inhibits the reaction [lipopolysaccharide, escherichia coli O111 B4 results in increased secretion of IL6 protein]",NULL,NULL,PMID:21644799,https://www.ncbi.nlm.nih.gov/pubmed/21644799,21644799,NULL,NULL
765056,14982,CTD,Glycyrrhizic acid,D019695,Glycyrrhizic Acid,https://ctdbase.org/detail.go?type=chem&acc=D019695,3569,IL6,https://ctdbase.org/detail.go?type=gene&acc=3569,NULL,NULL,3569,IL6,10116,Rattus norvegicus (Norway rat),Glycyrrhizic acid inhibits the reaction [chlorpyrifos results in increased expression of IL6 protein]|glycyrrhizic acid inhibits the reaction [chlorpyrifos results in increased expression of IL6 mrna],NULL,NULL,PMID:26524701,https://www.ncbi.nlm.nih.gov/pubmed/26524701,26524701,NULL,NULL
765057,14982,CTD,Glycyrrhizic acid,D019695,Glycyrrhizic Acid,https://ctdbase.org/detail.go?type=chem&acc=D019695,7048,TGFBR2,https://ctdbase.org/detail.go?type=gene&acc=7048,NULL,NULL,7048,TGFBR2,9606,Homo sapiens (human),Glycyrrhizic acid results in decreased expression of TGFBR2 protein,NULL,NULL,PMID:33522686,https://www.ncbi.nlm.nih.gov/pubmed/33522686,33522686,NULL,NULL
765058,14982,CTD,Glycyrrhizic acid,D019695,Glycyrrhizic Acid,https://ctdbase.org/detail.go?type=chem&acc=D019695,999,CDH1,https://ctdbase.org/detail.go?type=gene&acc=999,NULL,NULL,999,CDH1,9606,Homo sapiens (human),Glycyrrhizic acid results in increased expression of CDH1 protein,NULL,NULL,PMID:33522686,https://www.ncbi.nlm.nih.gov/pubmed/33522686,33522686,NULL,NULL
765059,14982,CTD,Glycyrrhizic acid,D019695,Glycyrrhizic Acid,https://ctdbase.org/detail.go?type=chem&acc=D019695,1050,CEBPA,https://ctdbase.org/detail.go?type=gene&acc=1050,NULL,NULL,1050,CEBPA,10090,Mus musculus (house mouse),Glycyrrhizic acid inhibits the reaction [[dexamethasone co-treated with 1-methyl-3-isobutylxanthine co-treated with INS1 protein] results in increased expression of CEBPA mrna],NULL,NULL,PMID:34302803,https://www.ncbi.nlm.nih.gov/pubmed/34302803,34302803,NULL,NULL
765060,14982,CTD,Glycyrrhizic acid,D019695,Glycyrrhizic Acid,https://ctdbase.org/detail.go?type=chem&acc=D019695,1051,CEBPB,https://ctdbase.org/detail.go?type=gene&acc=1051,NULL,NULL,1051,CEBPB,10090,Mus musculus (house mouse),Glycyrrhizic acid inhibits the reaction [[dexamethasone co-treated with 1-methyl-3-isobutylxanthine co-treated with INS1 protein] results in increased expression of CEBPB mrna],NULL,NULL,PMID:34302803,https://www.ncbi.nlm.nih.gov/pubmed/34302803,34302803,NULL,NULL
765061,14982,CTD,Glycyrrhizic acid,D019695,Glycyrrhizic Acid,https://ctdbase.org/detail.go?type=chem&acc=D019695,1052,CEBPD,https://ctdbase.org/detail.go?type=gene&acc=1052,NULL,NULL,1052,CEBPD,10090,Mus musculus (house mouse),Glycyrrhizic acid inhibits the reaction [[dexamethasone co-treated with 1-methyl-3-isobutylxanthine co-treated with INS1 protein] results in increased expression of CEBPD mrna],NULL,NULL,PMID:34302803,https://www.ncbi.nlm.nih.gov/pubmed/34302803,34302803,NULL,NULL
765062,14982,CTD,Glycyrrhizic acid,D019695,Glycyrrhizic Acid,https://ctdbase.org/detail.go?type=chem&acc=D019695,2053,EPHX2,https://ctdbase.org/detail.go?type=gene&acc=2053,NULL,NULL,2053,EPHX2,10116,Rattus norvegicus (Norway rat),Glycyrrhizic acid inhibits the reaction [benzo(a)pyrene results in decreased activity of EPHX2 protein],NULL,NULL,PMID:22051199,https://www.ncbi.nlm.nih.gov/pubmed/22051199,22051199,NULL,NULL
765063,14982,CTD,Glycyrrhizic acid,D019695,Glycyrrhizic Acid,https://ctdbase.org/detail.go?type=chem&acc=D019695,2167,FABP4,https://ctdbase.org/detail.go?type=gene&acc=2167,NULL,NULL,2167,FABP4,10090,Mus musculus (house mouse),Glycyrrhizic acid inhibits the reaction [[dexamethasone co-treated with 1-methyl-3-isobutylxanthine co-treated with INS1 protein] results in increased expression of FABP4 mrna],NULL,NULL,PMID:34302803,https://www.ncbi.nlm.nih.gov/pubmed/34302803,34302803,NULL,NULL
765064,14982,CTD,Glycyrrhizic acid,D019695,Glycyrrhizic Acid,https://ctdbase.org/detail.go?type=chem&acc=D019695,2875,GPT,https://ctdbase.org/detail.go?type=gene&acc=2875,NULL,NULL,2875,GPT,10090,Mus musculus (house mouse),Glycyrrhizic acid inhibits the reaction [1-naphthylisothiocyanate results in increased activity of GPT protein],NULL,NULL,PMID:28549656,https://www.ncbi.nlm.nih.gov/pubmed/28549656,28549656,NULL,NULL
765065,14982,CTD,Glycyrrhizic acid,D019695,Glycyrrhizic Acid,https://ctdbase.org/detail.go?type=chem&acc=D019695,2875,GPT,https://ctdbase.org/detail.go?type=gene&acc=2875,NULL,NULL,2875,GPT,10116,Rattus norvegicus (Norway rat),"Glycyrrhizic acid inhibits the reaction [[lipopolysaccharide, E coli O55-B5 co-treated with BCG vaccine] results in increased activity of GPT protein]",NULL,NULL,PMID:19196740,https://www.ncbi.nlm.nih.gov/pubmed/19196740,19196740,NULL,NULL
765222,14982,CTD,Glycyrrhizic acid,D019695,Glycyrrhizic Acid,https://ctdbase.org/detail.go?type=chem&acc=D019695,3146,HMGB1,https://ctdbase.org/detail.go?type=gene&acc=3146,NULL,NULL,3146,HMGB1,10090,Mus musculus (house mouse),Glycyrrhizic acid results in decreased activity of HMGB1 protein,NULL,NULL,PMID:27689324|PMID:27783111,https://www.ncbi.nlm.nih.gov/pubmed/27689324|https://www.ncbi.nlm.nih.gov/pubmed/27783111,27689324|27783111,NULL,NULL
765223,14982,CTD,Glycyrrhizic acid,D019695,Glycyrrhizic Acid,https://ctdbase.org/detail.go?type=chem&acc=D019695,835,CASP2,https://ctdbase.org/detail.go?type=gene&acc=835,NULL,NULL,835,CASP2,10116,Rattus norvegicus (Norway rat),Glycyrrhizic acid inhibits the reaction [benzo(a)pyrene results in increased activity of CASP2 protein],NULL,NULL,PMID:22051199,https://www.ncbi.nlm.nih.gov/pubmed/22051199,22051199,NULL,NULL
765224,14982,CTD,Glycyrrhizic acid,D019695,Glycyrrhizic Acid,https://ctdbase.org/detail.go?type=chem&acc=D019695,836,CASP3,https://ctdbase.org/detail.go?type=gene&acc=836,NULL,NULL,836,CASP3,10116,Rattus norvegicus (Norway rat),Glycyrrhizic acid inhibits the reaction [benzo(a)pyrene results in increased activity of CASP3 protein],NULL,NULL,PMID:22051199,https://www.ncbi.nlm.nih.gov/pubmed/22051199,22051199,NULL,NULL
804069,14982,DGIdb,Glycyrrhizic acid,NULL,GLYCYRRHIZIN,https://www.dgidb.org/drugs/GLYCYRRHIZIN,NULL,SLCO1B3,https://www.dgidb.org/genes/SLCO1B3,NULL,NULL,28234,SLCO1B3,9606,Homo sapiens (human),Inhibitor,NULL,NULL,NULL,NULL,NULL,NULL,NULL
804243,14982,CTD,Glycyrrhizic acid,D019695,Glycyrrhizic Acid,https://ctdbase.org/detail.go?type=chem&acc=D019695,842,CASP9,https://ctdbase.org/detail.go?type=gene&acc=842,NULL,NULL,842,CASP9,10116,Rattus norvegicus (Norway rat),Glycyrrhizic acid inhibits the reaction [benzo(a)pyrene results in increased activity of CASP9 protein],NULL,NULL,PMID:22051199,https://www.ncbi.nlm.nih.gov/pubmed/22051199,22051199,NULL,NULL
804244,14982,CTD,Glycyrrhizic acid,D019695,Glycyrrhizic Acid,https://ctdbase.org/detail.go?type=chem&acc=D019695,6347,CCL2,https://ctdbase.org/detail.go?type=gene&acc=6347,NULL,NULL,6347,CCL2,10090,Mus musculus (house mouse),Glycyrrhizic acid inhibits the reaction [cyclosporine results in increased expression of CCL2 mrna],NULL,NULL,PMID:27585667,https://www.ncbi.nlm.nih.gov/pubmed/27585667,27585667,NULL,NULL
896008,14982,TTD,Glycyrrhizic acid,D0T8QB,GLYCYRRHIZIN,https://idrblab.net/ttd/data/drug/details/D0T8QB,T65200,Corticosteroid 11-beta-dehydrogenase 1 (HSD11B1),https://idrblab.net/ttd/data/target/details/T65200,P28845,Corticosteroid 11-beta-dehydrogenase isozyme 1,3290,HSD11B1,9606,Homo sapiens (human),Inhibitor,NULL,NULL,NULL,NULL,NULL,NULL,NULL
930259,14982,DGIdb,Glycyrrhizic acid,NULL,GLYCYRRHIZIN,https://www.dgidb.org/drugs/GLYCYRRHIZIN,NULL,AR,https://www.dgidb.org/genes/AR,NULL,NULL,367,AR,9606,Homo sapiens (human),NULL,NULL,NULL,NULL,NULL,NULL,NULL,NULL
1731178,14982,DGIdb,Glycyrrhizic acid,NULL,GLYCYRRHIZIN,https://www.dgidb.org/drugs/GLYCYRRHIZIN,NULL,HSD11B1,https://www.dgidb.org/genes/HSD11B1,NULL,NULL,3290,HSD11B1,9606,Homo sapiens (human),NULL,NULL,NULL,NULL,NULL,NULL,NULL,NULL
1731179,14982,CTD,Glycyrrhizic acid,D019695,Glycyrrhizic Acid,https://ctdbase.org/detail.go?type=chem&acc=D019695,1385,CREB1,https://ctdbase.org/detail.go?type=gene&acc=1385,NULL,NULL,1385,CREB1,9606,Homo sapiens (human),Glycyrrhizic acid inhibits the reaction [histamine results in decreased phosphorylation of CREB1 protein],NULL,NULL,PMID:29452068,https://www.ncbi.nlm.nih.gov/pubmed/29452068,29452068,NULL,NULL
1731180,14982,CTD,Glycyrrhizic acid,D019695,Glycyrrhizic Acid,https://ctdbase.org/detail.go?type=chem&acc=D019695,20309,CXCL15,https://ctdbase.org/detail.go?type=gene&acc=20309,NULL,NULL,20309,Cxcl15,10090,Mus musculus (house mouse),"Glycyrrhizic acid inhibits the reaction [lipopolysaccharide, escherichia coli O111 B4 results in increased secretion of CXCL15 protein]",NULL,NULL,PMID:21644799,https://www.ncbi.nlm.nih.gov/pubmed/21644799,21644799,NULL,NULL
1731181,14982,CTD,Glycyrrhizic acid,D019695,Glycyrrhizic Acid,https://ctdbase.org/detail.go?type=chem&acc=D019695,3576,CXCL8,https://ctdbase.org/detail.go?type=gene&acc=3576,NULL,NULL,3576,CXCL8,9606,Homo sapiens (human),Glycyrrhizic acid inhibits the reaction [histamine results in increased expression of CXCL8 mrna]|glycyrrhizic acid inhibits the reaction [histamine results in increased secretion of CXCL8 protein],NULL,NULL,PMID:29452068,https://www.ncbi.nlm.nih.gov/pubmed/29452068,29452068,NULL,NULL
1731182,14982,CTD,Glycyrrhizic acid,D019695,Glycyrrhizic Acid,https://ctdbase.org/detail.go?type=chem&acc=D019695,1585,CYP11B2,https://ctdbase.org/detail.go?type=gene&acc=1585,NULL,NULL,1585,CYP11B2,10116,Rattus norvegicus (Norway rat),Glycyrrhizic acid results in decreased expression of CYP11B2 mRNA,NULL,NULL,PMID:10474021|PMID:11798659,https://www.ncbi.nlm.nih.gov/pubmed/10474021|https://www.ncbi.nlm.nih.gov/pubmed/11798659,10474021|11798659,NULL,NULL
1731183,14982,CTD,Glycyrrhizic acid,D019695,Glycyrrhizic Acid,https://ctdbase.org/detail.go?type=chem&acc=D019695,13112,CYP3A11,https://ctdbase.org/detail.go?type=gene&acc=13112,NULL,NULL,13112,Cyp3a11,10090,Mus musculus (house mouse),Glycyrrhizic acid results in increased expression of CYP3A11 mRNA,NULL,NULL,PMID:22982774,https://www.ncbi.nlm.nih.gov/pubmed/22982774,22982774,NULL,NULL
1731184,14982,CTD,Glycyrrhizic acid,D019695,Glycyrrhizic Acid,https://ctdbase.org/detail.go?type=chem&acc=D019695,9414,TJP2,https://ctdbase.org/detail.go?type=gene&acc=9414,NULL,NULL,9414,TJP2,10090,Mus musculus (house mouse),Glycyrrhizic acid inhibits the reaction [glucose results in decreased expression of TJP2 protein],NULL,NULL,PMID:27783111,https://www.ncbi.nlm.nih.gov/pubmed/27783111,27783111,NULL,NULL
1731185,14982,CTD,Glycyrrhizic acid,D019695,Glycyrrhizic Acid,https://ctdbase.org/detail.go?type=chem&acc=D019695,9414,TJP2,https://ctdbase.org/detail.go?type=gene&acc=9414,NULL,NULL,9414,TJP2,10090,Mus musculus (house mouse),Glycyrrhizic acid inhibits the reaction [palmitic acid results in decreased expression of TJP2 protein],NULL,NULL,PMID:27689324,https://www.ncbi.nlm.nih.gov/pubmed/27689324,27689324,NULL,NULL
1731186,14982,CTD,Glycyrrhizic acid,D019695,Glycyrrhizic Acid,https://ctdbase.org/detail.go?type=chem&acc=D019695,1576,CYP3A4,https://ctdbase.org/detail.go?type=gene&acc=1576,NULL,NULL,1576,CYP3A4,9606,Homo sapiens (human),Glycyrrhizic acid results in increased expression of CYP3A4 protein|glycyrrhizic acid results in increased expression of CYP3A4 mrna|nr1i2 protein affects the reaction [glycyrrhizic acid results in increased expression of CYP3A4 mrna],NULL,NULL,PMID:22982774,https://www.ncbi.nlm.nih.gov/pubmed/22982774,22982774,NULL,NULL
1731187,14982,CTD,Glycyrrhizic acid,D019695,Glycyrrhizic Acid,https://ctdbase.org/detail.go?type=chem&acc=D019695,1581,CYP7A1,https://ctdbase.org/detail.go?type=gene&acc=1581,NULL,NULL,1581,CYP7A1,10090,Mus musculus (house mouse),Glycyrrhizic acid inhibits the reaction [1-naphthylisothiocyanate results in decreased expression of CYP7A1 mrna],NULL,NULL,PMID:28549656,https://www.ncbi.nlm.nih.gov/pubmed/28549656,28549656,NULL,NULL
1731188,14982,CTD,Glycyrrhizic acid,D019695,Glycyrrhizic Acid,https://ctdbase.org/detail.go?type=chem&acc=D019695,1581,CYP7A1,https://ctdbase.org/detail.go?type=gene&acc=1581,NULL,NULL,1581,CYP7A1,10090,Mus musculus (house mouse),Glycyrrhizic acid results in decreased expression of CYP7A1 mRNA,NULL,NULL,PMID:22982774,https://www.ncbi.nlm.nih.gov/pubmed/22982774,22982774,NULL,NULL
1731189,14982,CTD,Glycyrrhizic acid,D019695,Glycyrrhizic Acid,https://ctdbase.org/detail.go?type=chem&acc=D019695,3162,HMOX1,https://ctdbase.org/detail.go?type=gene&acc=3162,NULL,NULL,3162,HMOX1,10090,Mus musculus (house mouse),Glycyrrhizic acid promotes the reaction [carbon tetrachloride results in increased expression of HMOX1 mrna]|glycyrrhizic acid promotes the reaction [carbon tetrachloride results in increased expression of HMOX1 protein],NULL,NULL,PMID:17917259,https://www.ncbi.nlm.nih.gov/pubmed/17917259,17917259,NULL,NULL
1731190,14982,CTD,Glycyrrhizic acid,D019695,Glycyrrhizic Acid,https://ctdbase.org/detail.go?type=chem&acc=D019695,3146,HMGB1,https://ctdbase.org/detail.go?type=gene&acc=3146,NULL,NULL,3146,HMGB1,10090,Mus musculus (house mouse),Glycyrrhizic acid results in decreased secretion of HMGB1 protein,NULL,NULL,PMID:27585667,https://www.ncbi.nlm.nih.gov/pubmed/27585667,27585667,NULL,NULL
1731191,14982,CTD,Glycyrrhizic acid,D019695,Glycyrrhizic Acid,https://ctdbase.org/detail.go?type=chem&acc=D019695,3146,HMGB1,https://ctdbase.org/detail.go?type=gene&acc=3146,NULL,NULL,3146,HMGB1,10116,Rattus norvegicus (Norway rat),Glycyrrhizic acid inhibits the reaction [doxorubicin results in increased expression of HMGB1 protein],NULL,NULL,PMID:32525084,https://www.ncbi.nlm.nih.gov/pubmed/32525084,32525084,NULL,NULL
1731192,14982,CTD,Glycyrrhizic acid,D019695,Glycyrrhizic Acid,https://ctdbase.org/detail.go?type=chem&acc=D019695,3291,HSD11B2,https://ctdbase.org/detail.go?type=gene&acc=3291,NULL,NULL,3291,HSD11B2,10116,Rattus norvegicus (Norway rat),Glycyrrhizic acid results in decreased expression of HSD11B2 mRNA,NULL,NULL,PMID:10474021|PMID:11798659,https://www.ncbi.nlm.nih.gov/pubmed/10474021|https://www.ncbi.nlm.nih.gov/pubmed/11798659,10474021|11798659,NULL,NULL
1731193,14982,CTD,Glycyrrhizic acid,D019695,Glycyrrhizic Acid,https://ctdbase.org/detail.go?type=chem&acc=D019695,3458,IFNG,https://ctdbase.org/detail.go?type=gene&acc=3458,NULL,NULL,3458,IFNG,10090,Mus musculus (house mouse),Glycyrrhizic acid affects the expression of IFNG mRNA,NULL,NULL,PMID:16945185,https://www.ncbi.nlm.nih.gov/pubmed/16945185,16945185,NULL,NULL
1731194,14982,CTD,Glycyrrhizic acid,D019695,Glycyrrhizic Acid,https://ctdbase.org/detail.go?type=chem&acc=D019695,3592,IL12A,https://ctdbase.org/detail.go?type=gene&acc=3592,NULL,NULL,3592,IL12A,10090,Mus musculus (house mouse),[glycyrrhizic acid co-treated with lipopolysaccharides] results in increased expression of [IL12A protein binds to IL12B protein]|[glycyrrhizic acid co-treated with lipopolysaccharides] results in increased expression of IL12A mRNA,NULL,NULL,PMID:11412311,https://www.ncbi.nlm.nih.gov/pubmed/11412311,11412311,NULL,NULL
1731195,14982,CTD,Glycyrrhizic acid,D019695,Glycyrrhizic Acid,https://ctdbase.org/detail.go?type=chem&acc=D019695,3593,IL12B,https://ctdbase.org/detail.go?type=gene&acc=3593,NULL,NULL,3593,IL12B,10090,Mus musculus (house mouse),[glycyrrhizic acid co-treated with lipopolysaccharides] results in increased expression of IL12B mrna|[glycyrrhizic acid co-treated with lipopolysaccharides] results in increased expression of IL12B protein|[glycyrrhizic acid co-treated with lipopolysaccharides] results in increased expression of [IL12A protein binds to IL12B protein],NULL,NULL,PMID:11412311,https://www.ncbi.nlm.nih.gov/pubmed/11412311,11412311,NULL,NULL
1731196,14982,CTD,Glycyrrhizic acid,D019695,Glycyrrhizic Acid,https://ctdbase.org/detail.go?type=chem&acc=D019695,3569,IL6,https://ctdbase.org/detail.go?type=gene&acc=3569,NULL,NULL,3569,IL6,9606,Homo sapiens (human),Glycyrrhizic acid inhibits the reaction [histamine results in increased expression of IL6 mrna]|glycyrrhizic acid inhibits the reaction [histamine results in increased secretion of IL6 protein],NULL,NULL,PMID:29452068,https://www.ncbi.nlm.nih.gov/pubmed/29452068,29452068,NULL,NULL
1731266,14982,CTD,Glycyrrhizic acid,D019695,Glycyrrhizic Acid,https://ctdbase.org/detail.go?type=chem&acc=D019695,7124,TNF,https://ctdbase.org/detail.go?type=gene&acc=7124,NULL,NULL,7124,TNF,10090,Mus musculus (house mouse),Glycyrrhizic acid inhibits the reaction [carbon tetrachloride results in increased expression of TNF protein]|glycyrrhizic acid inhibits the reaction [carbon tetrachloride results in increased expression of TNF mrna],NULL,NULL,PMID:17917259,https://www.ncbi.nlm.nih.gov/pubmed/17917259,17917259,NULL,NULL
1731267,14982,CTD,Glycyrrhizic acid,D019695,Glycyrrhizic Acid,https://ctdbase.org/detail.go?type=chem&acc=D019695,7124,TNF,https://ctdbase.org/detail.go?type=gene&acc=7124,NULL,NULL,7124,TNF,10090,Mus musculus (house mouse),"Glycyrrhizic acid inhibits the reaction [lipopolysaccharide, escherichia coli O111 B4 results in increased secretion of TNF protein]",NULL,NULL,PMID:21644799,https://www.ncbi.nlm.nih.gov/pubmed/21644799,21644799,NULL,NULL
1731268,14982,CTD,Glycyrrhizic acid,D019695,Glycyrrhizic Acid,https://ctdbase.org/detail.go?type=chem&acc=D019695,7124,TNF,https://ctdbase.org/detail.go?type=gene&acc=7124,NULL,NULL,7124,TNF,10116,Rattus norvegicus (Norway rat),Glycyrrhizic acid inhibits the reaction [chlorpyrifos results in increased expression of TNF mrna]|glycyrrhizic acid inhibits the reaction [chlorpyrifos results in increased expression of TNF protein],NULL,NULL,PMID:26524701,https://www.ncbi.nlm.nih.gov/pubmed/26524701,26524701,NULL,NULL
1731269,14982,CTD,Glycyrrhizic acid,D019695,Glycyrrhizic Acid,https://ctdbase.org/detail.go?type=chem&acc=D019695,5743,PTGS2,https://ctdbase.org/detail.go?type=gene&acc=5743,NULL,NULL,5743,PTGS2,10090,Mus musculus (house mouse),"Glycyrrhizic acid inhibits the reaction [lipopolysaccharide, escherichia coli O111 B4 results in increased expression of PTGS2 mrna]|glycyrrhizic acid inhibits the reaction [lipopolysaccharide, escherichia coli O111 B4 results in increased expression of PTGS2 protein]",NULL,NULL,PMID:21644799,https://www.ncbi.nlm.nih.gov/pubmed/21644799,21644799,NULL,NULL
1731270,14982,CTD,Glycyrrhizic acid,D019695,Glycyrrhizic Acid,https://ctdbase.org/detail.go?type=chem&acc=D019695,5970,RELA,https://ctdbase.org/detail.go?type=gene&acc=5970,NULL,NULL,5970,RELA,9606,Homo sapiens (human),Glycyrrhizic acid inhibits the reaction [histamine results in increased phosphorylation of RELA protein],NULL,NULL,PMID:29452068,https://www.ncbi.nlm.nih.gov/pubmed/29452068,29452068,NULL,NULL
1731271,14982,CTD,Glycyrrhizic acid,D019695,Glycyrrhizic Acid,https://ctdbase.org/detail.go?type=chem&acc=D019695,5970,RELA,https://ctdbase.org/detail.go?type=gene&acc=5970,NULL,NULL,5970,RELA,10090,Mus musculus (house mouse),[glycyrrhizic acid co-treated with lipopolysaccharides] results in increased activity of [NFKB1 protein binds to RELA protein],NULL,NULL,PMID:11412311,https://www.ncbi.nlm.nih.gov/pubmed/11412311,11412311,NULL,NULL
1731272,14982,CTD,Glycyrrhizic acid,D019695,Glycyrrhizic Acid,https://ctdbase.org/detail.go?type=chem&acc=D019695,5970,RELA,https://ctdbase.org/detail.go?type=gene&acc=5970,NULL,NULL,5970,RELA,10116,Rattus norvegicus (Norway rat),Glycyrrhizic acid inhibits the reaction [benzo(a)pyrene affects the localization of RELA protein],NULL,NULL,PMID:22051199,https://www.ncbi.nlm.nih.gov/pubmed/22051199,22051199,NULL,NULL
1731273,14982,CTD,Glycyrrhizic acid,D019695,Glycyrrhizic Acid,https://ctdbase.org/detail.go?type=chem&acc=D019695,5970,RELA,https://ctdbase.org/detail.go?type=gene&acc=5970,NULL,NULL,5970,RELA,10116,Rattus norvegicus (Norway rat),Glycyrrhizic acid inhibits the reaction [chlorpyrifos results in increased phosphorylation of RELA protein],NULL,NULL,PMID:26524701,https://www.ncbi.nlm.nih.gov/pubmed/26524701,26524701,NULL,NULL
1731274,14982,CTD,Glycyrrhizic acid,D019695,Glycyrrhizic Acid,https://ctdbase.org/detail.go?type=chem&acc=D019695,29881,NPC1L1,https://ctdbase.org/detail.go?type=gene&acc=29881,NULL,NULL,29881,NPC1L1,10090,Mus musculus (house mouse),Glycyrrhizic acid inhibits the reaction [1-naphthylisothiocyanate results in increased expression of NPC1L1 mrna],NULL,NULL,PMID:28549656,https://www.ncbi.nlm.nih.gov/pubmed/28549656,28549656,NULL,NULL
1731275,14982,CTD,Glycyrrhizic acid,D019695,Glycyrrhizic Acid,https://ctdbase.org/detail.go?type=chem&acc=D019695,8431,NR0B2,https://ctdbase.org/detail.go?type=gene&acc=8431,NULL,NULL,8431,NR0B2,10090,Mus musculus (house mouse),Glycyrrhizic acid results in increased expression of NR0B2 mRNA,NULL,NULL,PMID:22982774,https://www.ncbi.nlm.nih.gov/pubmed/22982774,22982774,NULL,NULL
1731350,14982,CTD,Glycyrrhizic acid,D019695,Glycyrrhizic Acid,https://ctdbase.org/detail.go?type=chem&acc=D019695,5972,REN,https://ctdbase.org/detail.go?type=gene&acc=5972,NULL,NULL,5972,REN,9606,Homo sapiens (human),Glycyrrhizic acid results in decreased activity of REN protein,NULL,NULL,PMID:20460744,https://www.ncbi.nlm.nih.gov/pubmed/20460744,20460744,NULL,NULL
1731351,14982,CTD,Glycyrrhizic acid,D019695,Glycyrrhizic Acid,https://ctdbase.org/detail.go?type=chem&acc=D019695,20249,SCD1,https://ctdbase.org/detail.go?type=gene&acc=20249,NULL,NULL,20249,Scd1,10090,Mus musculus (house mouse),Glycyrrhizic acid inhibits the reaction [[dexamethasone co-treated with 1-methyl-3-isobutylxanthine co-treated with INS1 protein] results in increased expression of SCD1 mrna],NULL,NULL,PMID:34302803,https://www.ncbi.nlm.nih.gov/pubmed/34302803,34302803,NULL,NULL
1731352,14982,CTD,Glycyrrhizic acid,D019695,Glycyrrhizic Acid,https://ctdbase.org/detail.go?type=chem&acc=D019695,23411,SIRT1,https://ctdbase.org/detail.go?type=gene&acc=23411,NULL,NULL,23411,SIRT1,10116,Rattus norvegicus (Norway rat),Glycyrrhizic acid inhibits the reaction [glucose results in decreased expression of SIRT1 protein],NULL,NULL,PMID:25162824,https://www.ncbi.nlm.nih.gov/pubmed/25162824,25162824,NULL,NULL
1731353,14982,CTD,Glycyrrhizic acid,D019695,Glycyrrhizic Acid,https://ctdbase.org/detail.go?type=chem&acc=D019695,6582,SLC22A2,https://ctdbase.org/detail.go?type=gene&acc=6582,NULL,NULL,6582,SLC22A2,9606,Homo sapiens (human),Glycyrrhizic acid inhibits the reaction [SLC22A2 protein results in increased uptake of 4-(4-dimethylaminostyryl)-1-methylpyridinium],NULL,NULL,PMID:21599003,https://www.ncbi.nlm.nih.gov/pubmed/21599003,21599003,NULL,NULL
