﻿id,cid,dsn,cmpdname,srccmpd,srccmpdname,srccmpdurl,srctarget,srctargetname,srctargeturl,protacxn,protname,geneid,genename,taxid,taxname,action,actname,actvalue,evids,evurls,pmids,dois,citations
   1495625,5273755,CTD,Eupatilin,C045325,eupatilin,https://ctdbase.org/detail.go?type=chem&acc=C045325,6347,CCL2,https://ctdbase.org/detail.go?type=gene&acc=6347,NULL,NULL,6347,CCL2,10090,Mus musculus (house mouse),"Eupatilin inhibits the reaction [lipopolysaccharide, E. coli O26-B6 results in increased expression of CCL2 mrna]",NULL,NULL,PMID:21565208,https://www.ncbi.nlm.nih.gov/pubmed/21565208,21565208,NULL,NULL
1495626,5273755,CTD,Eupatilin,C045325,eupatilin,https://ctdbase.org/detail.go?type=chem&acc=C045325,1576,CYP3A4,https://ctdbase.org/detail.go?type=gene&acc=1576,NULL,NULL,1576,CYP3A4,9606,Homo sapiens (human),[[eupatilin results in increased activity of CYP3A4 protein] which results in increased metabolism of midazolam] which results in increased chemical synthesis of 1-hydroxymethylmidazolam|[eupatilin results in increased activity of CYP3A4 protein] which results in increased metabolism of midazolam|eupatilin results in increased activity of CYP3A4 protein,NULL,NULL,PMID:31756459,https://www.ncbi.nlm.nih.gov/pubmed/31756459,31756459,NULL,NULL
1495627,5273755,CTD,Eupatilin,C045325,eupatilin,https://ctdbase.org/detail.go?type=chem&acc=C045325,3162,HMOX1,https://ctdbase.org/detail.go?type=gene&acc=3162,NULL,NULL,3162,HMOX1,9685,Felis catus (domestic cat),2-(2-amino-3-methoxyphenyl)-4H-1-benzopyran-4-one inhibits the reaction [eupatilin results in increased expression of HMOX1 protein]|eupatilin results in increased expression of HMOX1 protein,NULL,NULL,PMID:18440740,https://www.ncbi.nlm.nih.gov/pubmed/18440740,18440740,NULL,NULL
1495628,5273755,CTD,Eupatilin,C045325,eupatilin,https://ctdbase.org/detail.go?type=chem&acc=C045325,3553,IL1B,https://ctdbase.org/detail.go?type=gene&acc=3553,NULL,NULL,3553,IL1B,10090,Mus musculus (house mouse),"Eupatilin inhibits the reaction [lipopolysaccharide, E. coli O26-B6 results in increased expression of IL1B mrna]",NULL,NULL,PMID:21565208,https://www.ncbi.nlm.nih.gov/pubmed/21565208,21565208,NULL,NULL
1495747,5273755,CTD,Eupatilin,C045325,eupatilin,https://ctdbase.org/detail.go?type=chem&acc=C045325,3569,IL6,https://ctdbase.org/detail.go?type=gene&acc=3569,NULL,NULL,3569,IL6,10090,Mus musculus (house mouse),"Eupatilin inhibits the reaction [lipopolysaccharide, E. coli O26-B6 results in increased expression of IL6 mrna]",NULL,NULL,PMID:21565208,https://www.ncbi.nlm.nih.gov/pubmed/21565208,21565208,NULL,NULL
1495748,5273755,CTD,Eupatilin,C045325,eupatilin,https://ctdbase.org/detail.go?type=chem&acc=C045325,4780,NFE2L2,https://ctdbase.org/detail.go?type=gene&acc=4780,NULL,NULL,4780,NFE2L2,9685,Felis catus (domestic cat),Eupatilin affects the localization of NFE2L2 protein|2-(2-amino-3-methoxyphenyl)-4H-1-benzopyran-4-one inhibits the reaction [eupatilin affects the localization of NFE2L2 protein],NULL,NULL,PMID:18440740,https://www.ncbi.nlm.nih.gov/pubmed/18440740,18440740,NULL,NULL
1495749,5273755,CTD,Eupatilin,C045325,eupatilin,https://ctdbase.org/detail.go?type=chem&acc=C045325,4792,NFKBIA,https://ctdbase.org/detail.go?type=gene&acc=4792,NULL,NULL,4792,NFKBIA,10090,Mus musculus (house mouse),"Eupatilin inhibits the reaction [lipopolysaccharide, E. coli O26-B6 results in increased phosphorylation of and results in increased degradation of NFKBIA protein]",NULL,NULL,PMID:21565208,https://www.ncbi.nlm.nih.gov/pubmed/21565208,21565208,NULL,NULL
1495750,5273755,CTD,Eupatilin,C045325,eupatilin,https://ctdbase.org/detail.go?type=chem&acc=C045325,4843,NOS2,https://ctdbase.org/detail.go?type=gene&acc=4843,NULL,NULL,4843,NOS2,10090,Mus musculus (house mouse),"Eupatilin inhibits the reaction [lipopolysaccharide, E. coli O26-B6 results in increased expression of NOS2 protein]|eupatilin inhibits the reaction [lipopolysaccharide, E. coli O26-B6 results in increased expression of NOS2 mrna]",NULL,NULL,PMID:21565208,https://www.ncbi.nlm.nih.gov/pubmed/21565208,21565208,NULL,NULL
1495751,5273755,CTD,Eupatilin,C045325,eupatilin,https://ctdbase.org/detail.go?type=chem&acc=C045325,5743,PTGS2,https://ctdbase.org/detail.go?type=gene&acc=5743,NULL,NULL,5743,PTGS2,10090,Mus musculus (house mouse),"Eupatilin inhibits the reaction [lipopolysaccharide, E. coli O26-B6 results in increased expression of PTGS2 protein]|eupatilin inhibits the reaction [lipopolysaccharide, E. coli O26-B6 results in increased expression of PTGS2 mrna]",NULL,NULL,PMID:21565208,https://www.ncbi.nlm.nih.gov/pubmed/21565208,21565208,NULL,NULL
1495752,5273755,CTD,Eupatilin,C045325,eupatilin,https://ctdbase.org/detail.go?type=chem&acc=C045325,5970,RELA,https://ctdbase.org/detail.go?type=gene&acc=5970,NULL,NULL,5970,RELA,10090,Mus musculus (house mouse),"Eupatilin inhibits the reaction [lipopolysaccharide, E. coli O26-B6 affects the localization of RELA protein]",NULL,NULL,PMID:21565208,https://www.ncbi.nlm.nih.gov/pubmed/21565208,21565208,NULL,NULL
1495753,5273755,CTD,Eupatilin,C045325,eupatilin,https://ctdbase.org/detail.go?type=chem&acc=C045325,7124,TNF,https://ctdbase.org/detail.go?type=gene&acc=7124,NULL,NULL,7124,TNF,10090,Mus musculus (house mouse),"Eupatilin inhibits the reaction [lipopolysaccharide, E. coli O26-B6 results in increased expression of TNF mrna]",NULL,NULL,PMID:21565208,https://www.ncbi.nlm.nih.gov/pubmed/21565208,21565208,NULL,NULL
