﻿id,cid,dsn,cmpdname,srccmpd,srccmpdname,srccmpdurl,srctarget,srctargetname,srctargeturl,protacxn,protname,geneid,genename,taxid,taxname,action,actname,actvalue,evids,evurls,pmids,dois,citations
   1468837,5355469,DGIdb,"2'-Hydroxy-4,4',6'-trimethoxychalcone",NULL,FLAVOKAWAIN A,https://www.dgidb.org/drugs/FLAVOKAWAIN A,NULL,ABCB1,https://www.dgidb.org/genes/ABCB1,NULL,NULL,5243,ABCB1,9606,Homo sapiens (human),NULL,NULL,NULL,PMID:22112540,https://www.ncbi.nlm.nih.gov/pubmed/22112540,22112540,NULL,NULL
1535915,5355469,CTD,"2'-Hydroxy-4,4',6'-trimethoxychalcone",C500809,flavokawain A,https://ctdbase.org/detail.go?type=chem&acc=C500809,2353,FOS,https://ctdbase.org/detail.go?type=gene&acc=2353,NULL,NULL,2353,FOS,10090,Mus musculus (house mouse),Flavokawain A inhibits the reaction [lipopolysaccharides affects the localization of [JUN protein binds to FOS protein]],NULL,NULL,PMID:23727179,https://www.ncbi.nlm.nih.gov/pubmed/23727179,23727179,NULL,NULL
1535916,5355469,CTD,"2'-Hydroxy-4,4',6'-trimethoxychalcone",C500809,flavokawain A,https://ctdbase.org/detail.go?type=chem&acc=C500809,3553,IL1B,https://ctdbase.org/detail.go?type=gene&acc=3553,NULL,NULL,3553,IL1B,10090,Mus musculus (house mouse),Flavokawain A inhibits the reaction [lipopolysaccharides results in increased expression of IL1B protein],NULL,NULL,PMID:23727179,https://www.ncbi.nlm.nih.gov/pubmed/23727179,23727179,NULL,NULL
1535917,5355469,CTD,"2'-Hydroxy-4,4',6'-trimethoxychalcone",C500809,flavokawain A,https://ctdbase.org/detail.go?type=chem&acc=C500809,3569,IL6,https://ctdbase.org/detail.go?type=gene&acc=3569,NULL,NULL,3569,IL6,10090,Mus musculus (house mouse),Flavokawain A inhibits the reaction [lipopolysaccharides results in increased expression of IL6 protein]|flavokawain A inhibits the reaction [lipopolysaccharides results in increased expression of IL6 mrna],NULL,NULL,PMID:23727179,https://www.ncbi.nlm.nih.gov/pubmed/23727179,23727179,NULL,NULL
1535918,5355469,CTD,"2'-Hydroxy-4,4',6'-trimethoxychalcone",C500809,flavokawain A,https://ctdbase.org/detail.go?type=chem&acc=C500809,3725,JUN,https://ctdbase.org/detail.go?type=gene&acc=3725,NULL,NULL,3725,JUN,10090,Mus musculus (house mouse),Flavokawain A inhibits the reaction [lipopolysaccharides results in increased phosphorylation of JUN protein]|flavokawain A inhibits the reaction [lipopolysaccharides affects the localization of [JUN protein binds to FOS protein]],NULL,NULL,PMID:23727179,https://www.ncbi.nlm.nih.gov/pubmed/23727179,23727179,NULL,NULL
1535919,5355469,CTD,"2'-Hydroxy-4,4',6'-trimethoxychalcone",C500809,flavokawain A,https://ctdbase.org/detail.go?type=chem&acc=C500809,4792,NFKBIA,https://ctdbase.org/detail.go?type=gene&acc=4792,NULL,NULL,4792,NFKBIA,10090,Mus musculus (house mouse),Flavokawain A inhibits the reaction [lipopolysaccharides results in increased degradation of NFKBIA protein],NULL,NULL,PMID:23727179,https://www.ncbi.nlm.nih.gov/pubmed/23727179,23727179,NULL,NULL
1535920,5355469,CTD,"2'-Hydroxy-4,4',6'-trimethoxychalcone",C500809,flavokawain A,https://ctdbase.org/detail.go?type=chem&acc=C500809,4843,NOS2,https://ctdbase.org/detail.go?type=gene&acc=4843,NULL,NULL,4843,NOS2,10090,Mus musculus (house mouse),Flavokawain A inhibits the reaction [lipopolysaccharides results in increased expression of NOS2 protein]|flavokawain A inhibits the reaction [lipopolysaccharides promotes the reaction [NOS2 protein results in increased chemical synthesis of nitric oxide]]|flavokawain A inhibits the reaction [lipopolysaccharides results in increased expression of NOS2 mrna],NULL,NULL,PMID:23727179,https://www.ncbi.nlm.nih.gov/pubmed/23727179,23727179,NULL,NULL
1535921,5355469,CTD,"2'-Hydroxy-4,4',6'-trimethoxychalcone",C500809,flavokawain A,https://ctdbase.org/detail.go?type=chem&acc=C500809,5743,PTGS2,https://ctdbase.org/detail.go?type=gene&acc=5743,NULL,NULL,5743,PTGS2,10090,Mus musculus (house mouse),Flavokawain A inhibits the reaction [lipopolysaccharides results in increased expression of PTGS2 protein]|flavokawain A inhibits the reaction [lipopolysaccharides results in increased expression of PTGS2 mrna]|flavokawain A inhibits the reaction [lipopolysaccharides promotes the reaction [PTGS2 protein results in increased chemical synthesis of dinoprostone]],NULL,NULL,PMID:23727179,https://www.ncbi.nlm.nih.gov/pubmed/23727179,23727179,NULL,NULL
1536046,5355469,CTD,"2'-Hydroxy-4,4',6'-trimethoxychalcone",C500809,flavokawain A,https://ctdbase.org/detail.go?type=chem&acc=C500809,5970,RELA,https://ctdbase.org/detail.go?type=gene&acc=5970,NULL,NULL,5970,RELA,10090,Mus musculus (house mouse),Flavokawain A inhibits the reaction [lipopolysaccharides results in increased phosphorylation of RELA protein]|flavokawain A inhibits the reaction [lipopolysaccharides affects the localization of RELA protein],NULL,NULL,PMID:23727179,https://www.ncbi.nlm.nih.gov/pubmed/23727179,23727179,NULL,NULL
1536047,5355469,CTD,"2'-Hydroxy-4,4',6'-trimethoxychalcone",C500809,flavokawain A,https://ctdbase.org/detail.go?type=chem&acc=C500809,7124,TNF,https://ctdbase.org/detail.go?type=gene&acc=7124,NULL,NULL,7124,TNF,10090,Mus musculus (house mouse),Flavokawain A inhibits the reaction [lipopolysaccharides results in increased expression of TNF mrna]|flavokawain A inhibits the reaction [lipopolysaccharides results in increased expression of TNF protein],NULL,NULL,PMID:23727179,https://www.ncbi.nlm.nih.gov/pubmed/23727179,23727179,NULL,NULL
