﻿id,cid,dsn,cmpdname,srccmpd,srccmpdname,srccmpdurl,srctarget,srctargetname,srctargeturl,protacxn,protname,geneid,genename,taxid,taxname,action,actname,actvalue,evids,evurls,pmids,dois,citations
   350273,3599,DGIdb,Miltefosine,NULL,MILTEFOSINE,https://www.dgidb.org/drugs/MILTEFOSINE,NULL,ABCB1,https://www.dgidb.org/genes/ABCB1,NULL,NULL,5243,ABCB1,9606,Homo sapiens (human),NULL,NULL,NULL,PMID:11355955,https://www.ncbi.nlm.nih.gov/pubmed/11355955,11355955,NULL,NULL
350274,3599,TTD,Miltefosine,D00FGR,Miltefosine,https://idrblab.net/ttd/data/drug/details/D00FGR,T31479,Phospholipase A2 (PLA2G1B),https://idrblab.net/ttd/data/target/details/T31479,P04054,Phospholipase A2,5319,PLA2G1B,9606,Homo sapiens (human),Inhibitor,NULL,NULL,NULL,NULL,NULL,NULL,NULL
350275,3599,CTD,Miltefosine,C039128,miltefosine,https://ctdbase.org/detail.go?type=chem&acc=C039128,5243,ABCB1,https://ctdbase.org/detail.go?type=gene&acc=5243,NULL,NULL,5243,ABCB1,9606,Homo sapiens (human),ABCB1 protein results in decreased susceptibility to miltefosine|miltefosine binds to and results in decreased activity of ABCB1 protein,NULL,NULL,PMID:11355955,https://www.ncbi.nlm.nih.gov/pubmed/11355955,11355955,NULL,NULL
350276,3599,CTD,Miltefosine,C039128,miltefosine,https://ctdbase.org/detail.go?type=chem&acc=C039128,5578,PRKCA,https://ctdbase.org/detail.go?type=gene&acc=5578,NULL,NULL,5578,PRKCA,9606,Homo sapiens (human),Miltefosine results in decreased phosphorylation of PRKCA protein,NULL,NULL,PMID:31265827,https://www.ncbi.nlm.nih.gov/pubmed/31265827,31265827,NULL,NULL
350277,3599,CTD,Miltefosine,C039128,miltefosine,https://ctdbase.org/detail.go?type=chem&acc=C039128,6647,SOD1,https://ctdbase.org/detail.go?type=gene&acc=6647,NULL,NULL,6647,SOD1,9606,Homo sapiens (human),Miltefosine inhibits the reaction [guanidine promotes the reaction [SOD1 protein mutant form binds to SOD1 protein mutant form]],NULL,NULL,PMID:27556028,https://www.ncbi.nlm.nih.gov/pubmed/27556028,27556028,NULL,NULL
354526,3599,DGIdb,Miltefosine,NULL,MILTEFOSINE,https://www.dgidb.org/drugs/MILTEFOSINE,NULL,TNF,https://www.dgidb.org/genes/TNF,NULL,NULL,7124,TNF,9606,Homo sapiens (human),NULL,NULL,NULL,PMID:7883777,https://www.ncbi.nlm.nih.gov/pubmed/7883777,7883777,NULL,NULL
369923,3599,DGIdb,Miltefosine,NULL,MILTEFOSINE,https://www.dgidb.org/drugs/MILTEFOSINE,NULL,PLA2G1B,https://www.dgidb.org/genes/PLA2G1B,NULL,NULL,5319,PLA2G1B,9606,Homo sapiens (human),NULL,NULL,NULL,NULL,NULL,NULL,NULL,NULL
369924,3599,DGIdb,Miltefosine,NULL,MILTEFOSINE,https://www.dgidb.org/drugs/MILTEFOSINE,NULL,PIK3CA,https://www.dgidb.org/genes/PIK3CA,NULL,NULL,5290,PIK3CA,9606,Homo sapiens (human),NULL,NULL,NULL,PMID:16752184,https://www.ncbi.nlm.nih.gov/pubmed/16752184,16752184,NULL,NULL
369925,3599,ChEMBL,Miltefosine,CHEMBL125,MILTEFOSINE,https://www.ebi.ac.uk/chembl/compound_report_card/CHEMBL125/,NULL,NULL,https://www.ebi.ac.uk/chembl/target_report_card//,NULL,NULL,NULL,NULL,NULL,NULL,Unknown,NULL,NULL,PMID:24614380,https://www.ncbi.nlm.nih.gov/pubmed/24614380,24614380,NULL,NULL
385814,3599,BindingDB,Miltefosine,50034220,"2-(((Hexadecyloxy)hydroxyphosphinyl)oxy)-N,N,N-trimethylethanaminium hydroxide",https://www.bindingdb.org/rwd/bind/chemsearch/marvin/MolStructure.jsp?monomerid=50034220,5154,Phosphoehtnaolamine Methyltransferases 2 (PMT2),https://www.bindingdb.org/rwd/jsp/dbsearch/PrimarySearch_ki.jsp?tag=pol&polymerid=5154,NULL,NULL,NULL,NULL,NULL,NULL,NULL,IC50 (nM),1.25e+4,PMID:21914812,https://www.ncbi.nlm.nih.gov/pubmed/21914812,21914812,NULL,NULL
385815,3599,BindingDB,Miltefosine,50034220,"2-(((Hexadecyloxy)hydroxyphosphinyl)oxy)-N,N,N-trimethylethanaminium hydroxide",https://www.bindingdb.org/rwd/bind/chemsearch/marvin/MolStructure.jsp?monomerid=50034220,5153,Phosphoehtnaolamine Methyltransferases 1 (PMT1),https://www.bindingdb.org/rwd/jsp/dbsearch/PrimarySearch_ki.jsp?tag=pol&polymerid=5153,NULL,NULL,NULL,NULL,NULL,NULL,NULL,IC50 (nM),1.252e+5,PMID:21914812,https://www.ncbi.nlm.nih.gov/pubmed/21914812,21914812,NULL,NULL
397649,3599,DrugBank,Miltefosine,DB09031,Miltefosine,https://www.drugbank.ca/drugs/DB09031,BE0001032,Multidrug resistance protein 1,https://www.drugbank.ca/bio_entities/BE0001032,P08183,ATP-dependent translocase ABCB1,5243,ABCB1,9606,Homo sapiens (human),NULL,NULL,NULL,PMID:11355955,https://www.ncbi.nlm.nih.gov/pubmed/11355955,11355955,NULL,"Rybczynska M, Liu R, Lu P, Sharom FJ, Steinfels E, Pietro AD, Spitaler M, Grunicke H, Hofmann J: MDR1 causes resistance to the antitumour drug miltefosine. Br J Cancer. 2001 May 18;84(10):1405-11."
397650,3599,DrugBank,Miltefosine,DB09031,Miltefosine,https://www.drugbank.ca/drugs/DB09031,BE0002181,Phospholipase D1,https://www.drugbank.ca/bio_entities/BE0002181,Q13393,Phospholipase D1,5337,PLD1,9606,Homo sapiens (human),Substrate,NULL,NULL,PMID:16730362,https://www.ncbi.nlm.nih.gov/pubmed/16730362,16730362,NULL,"Sindermann H, Engel J: Development of miltefosine as an oral treatment for leishmaniasis. Trans R Soc Trop Med Hyg. 2006 Dec;100 Suppl 1:S17-20. Epub 2006 May 26."
485142,3599,DGIdb,Miltefosine,NULL,MILTEFOSINE,https://www.dgidb.org/drugs/MILTEFOSINE,NULL,CSF2,https://www.dgidb.org/genes/CSF2,NULL,NULL,1437,CSF2,9606,Homo sapiens (human),NULL,NULL,NULL,PMID:1555249,https://www.ncbi.nlm.nih.gov/pubmed/1555249,1555249,NULL,NULL
1135958,3599,Guide to PHARMACOLOGY,Miltefosine,11355,miltefosine,https://www.guidetopharmacology.org/GRAC/LigandDisplayForward?ligandId=11355,1479,AKT serine/threonine kinase 1,https://guidetopharmacology.org/GRAC/ObjectDisplayForward?objectId=1479,P31749,RAC-alpha serine/threonine-protein kinase,207,AKT1,9606,Homo sapiens (human),Inhibition,pIC50,5.02,PMID:23415083,https://www.ncbi.nlm.nih.gov/pubmed/23415083,23415083,NULL,NULL
