﻿id,cid,dsn,cmpdname,srccmpd,srccmpdname,srccmpdurl,srctarget,srctargetname,srctargeturl,protacxn,protname,geneid,genename,taxid,taxname,action,actname,actvalue,evids,evurls,pmids,dois,citations
   1100229,72344,CTD,Nobiletin,C008661,nobiletin,https://ctdbase.org/detail.go?type=chem&acc=C008661,5243,ABCB1,https://ctdbase.org/detail.go?type=gene&acc=5243,NULL,NULL,5243,ABCB1,9606,Homo sapiens (human),Nobiletin inhibits the reaction [ABCB1 protein results in increased transport of digoxin],NULL,NULL,PMID:30790579,https://www.ncbi.nlm.nih.gov/pubmed/30790579,30790579,NULL,NULL
1100230,72344,CTD,Nobiletin,C008661,nobiletin,https://ctdbase.org/detail.go?type=chem&acc=C008661,5243,ABCB1,https://ctdbase.org/detail.go?type=gene&acc=5243,NULL,NULL,5243,ABCB1,9606,Homo sapiens (human),Nobiletin promotes the reaction [ABCB1 protein results in increased import of daunorubicin]|nobiletin promotes the reaction [ABCB1 protein results in increased hydrolysis of adenosine triphosphate],NULL,NULL,PMID:18955043,https://www.ncbi.nlm.nih.gov/pubmed/18955043,18955043,NULL,NULL
1100364,72344,CTD,Nobiletin,C008661,nobiletin,https://ctdbase.org/detail.go?type=chem&acc=C008661,4363,ABCC1,https://ctdbase.org/detail.go?type=gene&acc=4363,NULL,NULL,4363,ABCC1,9606,Homo sapiens (human),Nobiletin promotes the reaction [ABCC1 protein results in increased import of fluorexon]|nobiletin promotes the reaction [ABCC1 protein results in increased hydrolysis of adenosine triphosphate],NULL,NULL,PMID:18955043,https://www.ncbi.nlm.nih.gov/pubmed/18955043,18955043,NULL,NULL
1100365,72344,CTD,Nobiletin,C008661,nobiletin,https://ctdbase.org/detail.go?type=chem&acc=C008661,207,AKT1,https://ctdbase.org/detail.go?type=gene&acc=207,NULL,NULL,207,AKT1,9606,Homo sapiens (human),[nobiletin co-treated with hydrogen peroxide] results in increased phosphorylation of AKT1 protein,NULL,NULL,PMID:29687528,https://www.ncbi.nlm.nih.gov/pubmed/29687528,29687528,NULL,NULL
1100366,72344,CTD,Nobiletin,C008661,nobiletin,https://ctdbase.org/detail.go?type=chem&acc=C008661,207,AKT1,https://ctdbase.org/detail.go?type=gene&acc=207,NULL,NULL,207,AKT1,10116,Rattus norvegicus (Norway rat),[paeonol co-treated with icariin co-treated with nobiletin co-treated with ginsenosides co-treated with astragaloside A] results in decreased expression of AKT1 mrna|[paeonol co-treated with icariin co-treated with nobiletin co-treated with ginsenosides co-treated with astragaloside A] results in decreased expression of and results in decreased phosphorylation of AKT1 protein,NULL,NULL,PMID:32344236,https://www.ncbi.nlm.nih.gov/pubmed/32344236,32344236,NULL,NULL
1100367,72344,CTD,Nobiletin,C008661,nobiletin,https://ctdbase.org/detail.go?type=chem&acc=C008661,440,ASNS,https://ctdbase.org/detail.go?type=gene&acc=440,NULL,NULL,440,ASNS,9606,Homo sapiens (human),Nobiletin results in increased expression of ASNS mrna|nobiletin results in increased expression of ASNS protein,NULL,NULL,PMID:23321314,https://www.ncbi.nlm.nih.gov/pubmed/23321314,23321314,NULL,NULL
1100368,72344,CTD,Nobiletin,C008661,nobiletin,https://ctdbase.org/detail.go?type=chem&acc=C008661,581,BAX,https://ctdbase.org/detail.go?type=gene&acc=581,NULL,NULL,581,BAX,9606,Homo sapiens (human),Nobiletin inhibits the reaction [hydrogen peroxide results in increased expression of BAX protein],NULL,NULL,PMID:29687528,https://www.ncbi.nlm.nih.gov/pubmed/29687528,29687528,NULL,NULL
1100369,72344,CTD,Nobiletin,C008661,nobiletin,https://ctdbase.org/detail.go?type=chem&acc=C008661,596,BCL2,https://ctdbase.org/detail.go?type=gene&acc=596,NULL,NULL,596,BCL2,9606,Homo sapiens (human),Nobiletin inhibits the reaction [hydrogen peroxide results in decreased expression of BCL2 protein],NULL,NULL,PMID:29687528,https://www.ncbi.nlm.nih.gov/pubmed/29687528,29687528,NULL,NULL
1100370,72344,CTD,Nobiletin,C008661,nobiletin,https://ctdbase.org/detail.go?type=chem&acc=C008661,836,CASP3,https://ctdbase.org/detail.go?type=gene&acc=836,NULL,NULL,836,CASP3,9606,Homo sapiens (human),Nobiletin results in decreased expression of and results in increased cleavage of CASP3 protein|agn 193109 inhibits the reaction [nobiletin results in decreased expression of and results in increased cleavage of CASP3 protein],NULL,NULL,PMID:33058988,https://www.ncbi.nlm.nih.gov/pubmed/33058988,33058988,NULL,NULL
1100371,72344,CTD,Nobiletin,C008661,nobiletin,https://ctdbase.org/detail.go?type=chem&acc=C008661,841,CASP8,https://ctdbase.org/detail.go?type=gene&acc=841,NULL,NULL,841,CASP8,9606,Homo sapiens (human),Nobiletin results in increased cleavage of CASP8 protein|agn 193109 inhibits the reaction [nobiletin results in increased cleavage of CASP8 protein],NULL,NULL,PMID:33058988,https://www.ncbi.nlm.nih.gov/pubmed/33058988,33058988,NULL,NULL
1100372,72344,CTD,Nobiletin,C008661,nobiletin,https://ctdbase.org/detail.go?type=chem&acc=C008661,842,CASP9,https://ctdbase.org/detail.go?type=gene&acc=842,NULL,NULL,842,CASP9,9606,Homo sapiens (human),Nobiletin results in decreased expression of and results in increased cleavage of CASP9 protein|agn 193109 inhibits the reaction [nobiletin results in decreased expression of and results in increased cleavage of CASP9 protein],NULL,NULL,PMID:33058988,https://www.ncbi.nlm.nih.gov/pubmed/33058988,33058988,NULL,NULL
1100373,72344,CTD,Nobiletin,C008661,nobiletin,https://ctdbase.org/detail.go?type=chem&acc=C008661,1543,CYP1A1,https://ctdbase.org/detail.go?type=gene&acc=1543,NULL,NULL,1543,CYP1A1,9606,Homo sapiens (human),Nobiletin inhibits the reaction [DDT results in increased expression of CYP1A1 mrna]|nobiletin inhibits the reaction [tetrachlorodibenzodioxin results in increased expression of CYP1A1 mrna],NULL,NULL,PMID:20865247,https://www.ncbi.nlm.nih.gov/pubmed/20865247,20865247,NULL,NULL
1100500,72344,CTD,Nobiletin,C008661,nobiletin,https://ctdbase.org/detail.go?type=chem&acc=C008661,1544,CYP1A2,https://ctdbase.org/detail.go?type=gene&acc=1544,NULL,NULL,1544,CYP1A2,9606,Homo sapiens (human),CYP1A2 protein results in increased metabolism of nobiletin,NULL,NULL,PMID:22743247,https://www.ncbi.nlm.nih.gov/pubmed/22743247,22743247,NULL,NULL
1100501,72344,CTD,Nobiletin,C008661,nobiletin,https://ctdbase.org/detail.go?type=chem&acc=C008661,1545,CYP1B1,https://ctdbase.org/detail.go?type=gene&acc=1545,NULL,NULL,1545,CYP1B1,9606,Homo sapiens (human),Nobiletin results in increased expression of CYP1B1 mRNA,NULL,NULL,PMID:22743247,https://www.ncbi.nlm.nih.gov/pubmed/22743247,22743247,NULL,NULL
1100502,72344,CTD,Nobiletin,C008661,nobiletin,https://ctdbase.org/detail.go?type=chem&acc=C008661,1576,CYP3A4,https://ctdbase.org/detail.go?type=gene&acc=1576,NULL,NULL,1576,CYP3A4,9606,Homo sapiens (human),[nobiletin results in increased activity of CYP3A4 protein] which results in increased metabolism of midazolam|nobiletin results in increased activity of CYP3A4 protein|[[nobiletin results in increased activity of CYP3A4 protein] which results in increased metabolism of midazolam] which results in increased chemical synthesis of 1-hydroxymethylmidazolam,NULL,NULL,PMID:31756459,https://www.ncbi.nlm.nih.gov/pubmed/31756459,31756459,NULL,NULL
1100503,72344,CTD,Nobiletin,C008661,nobiletin,https://ctdbase.org/detail.go?type=chem&acc=C008661,1649,DDIT3,https://ctdbase.org/detail.go?type=gene&acc=1649,NULL,NULL,1649,DDIT3,9606,Homo sapiens (human),Nobiletin results in increased expression of DDIT3 protein|nobiletin results in increased expression of DDIT3 mRNA,NULL,NULL,PMID:23321314,https://www.ncbi.nlm.nih.gov/pubmed/23321314,23321314,NULL,NULL
1100504,72344,CTD,Nobiletin,C008661,nobiletin,https://ctdbase.org/detail.go?type=chem&acc=C008661,55635,DEPDC1,https://ctdbase.org/detail.go?type=gene&acc=55635,NULL,NULL,55635,DEPDC1,9606,Homo sapiens (human),Nobiletin results in decreased expression of DEPDC1 mRNA,NULL,NULL,PMID:23321314,https://www.ncbi.nlm.nih.gov/pubmed/23321314,23321314,NULL,NULL
1100505,72344,CTD,Nobiletin,C008661,nobiletin,https://ctdbase.org/detail.go?type=chem&acc=C008661,79733,E2F8,https://ctdbase.org/detail.go?type=gene&acc=79733,NULL,NULL,79733,E2F8,9606,Homo sapiens (human),Nobiletin results in decreased expression of E2F8 mRNA,NULL,NULL,PMID:23321314,https://www.ncbi.nlm.nih.gov/pubmed/23321314,23321314,NULL,NULL
1100506,72344,CTD,Nobiletin,C008661,nobiletin,https://ctdbase.org/detail.go?type=chem&acc=C008661,1956,EGFR,https://ctdbase.org/detail.go?type=gene&acc=1956,NULL,NULL,1956,EGFR,10116,Rattus norvegicus (Norway rat),[paeonol co-treated with icariin co-treated with nobiletin co-treated with ginsenosides co-treated with astragaloside A] results in decreased expression of EGFR mrna|[paeonol co-treated with icariin co-treated with nobiletin co-treated with ginsenosides co-treated with astragaloside A] results in decreased expression of and results in decreased phosphorylation of EGFR protein,NULL,NULL,PMID:32344236,https://www.ncbi.nlm.nih.gov/pubmed/32344236,32344236,NULL,NULL
1100507,72344,CTD,Nobiletin,C008661,nobiletin,https://ctdbase.org/detail.go?type=chem&acc=C008661,2353,FOS,https://ctdbase.org/detail.go?type=gene&acc=2353,NULL,NULL,2353,FOS,10116,Rattus norvegicus (Norway rat),Nobiletin results in increased expression of FOS mRNA,NULL,NULL,PMID:24964900,https://www.ncbi.nlm.nih.gov/pubmed/24964900,24964900,NULL,NULL
1100508,72344,CTD,Nobiletin,C008661,nobiletin,https://ctdbase.org/detail.go?type=chem&acc=C008661,2875,GPT,https://ctdbase.org/detail.go?type=gene&acc=2875,NULL,NULL,2875,GPT,10116,Rattus norvegicus (Norway rat),Nobiletin inhibits the reaction [acetaminophen results in increased expression of GPT protein],NULL,NULL,PMID:31777137,https://www.ncbi.nlm.nih.gov/pubmed/31777137,31777137,NULL,NULL
1100509,72344,CTD,Nobiletin,C008661,nobiletin,https://ctdbase.org/detail.go?type=chem&acc=C008661,2902,GRIN1,https://ctdbase.org/detail.go?type=gene&acc=2902,NULL,NULL,2902,GRIN1,10116,Rattus norvegicus (Norway rat),Nobiletin results in increased expression of GRIN1 mRNA,NULL,NULL,PMID:24964900,https://www.ncbi.nlm.nih.gov/pubmed/24964900,24964900,NULL,NULL
1100510,72344,CTD,Nobiletin,C008661,nobiletin,https://ctdbase.org/detail.go?type=chem&acc=C008661,2903,GRIN2A,https://ctdbase.org/detail.go?type=gene&acc=2903,NULL,NULL,2903,GRIN2A,10116,Rattus norvegicus (Norway rat),Nobiletin results in increased expression of GRIN2A mRNA,NULL,NULL,PMID:24964900,https://www.ncbi.nlm.nih.gov/pubmed/24964900,24964900,NULL,NULL
1100710,72344,CTD,Nobiletin,C008661,nobiletin,https://ctdbase.org/detail.go?type=chem&acc=C008661,2904,GRIN2B,https://ctdbase.org/detail.go?type=gene&acc=2904,NULL,NULL,2904,GRIN2B,10116,Rattus norvegicus (Norway rat),Nobiletin results in increased expression of GRIN2B mRNA,NULL,NULL,PMID:24964900,https://www.ncbi.nlm.nih.gov/pubmed/24964900,24964900,NULL,NULL
1100711,72344,CTD,Nobiletin,C008661,nobiletin,https://ctdbase.org/detail.go?type=chem&acc=C008661,3009,H1-5,https://ctdbase.org/detail.go?type=gene&acc=3009,NULL,NULL,3009,H1-5,9606,Homo sapiens (human),Nobiletin results in decreased expression of H1-5 mRNA,NULL,NULL,PMID:23321314,https://www.ncbi.nlm.nih.gov/pubmed/23321314,23321314,NULL,NULL
1100712,72344,CTD,Nobiletin,C008661,nobiletin,https://ctdbase.org/detail.go?type=chem&acc=C008661,56702,H1F5,https://ctdbase.org/detail.go?type=gene&acc=56702,NULL,NULL,56702,H1f5,10116,Rattus norvegicus (Norway rat),Nobiletin results in decreased expression of H1F5 mRNA,NULL,NULL,PMID:23321314,https://www.ncbi.nlm.nih.gov/pubmed/23321314,23321314,NULL,NULL
1100713,72344,CTD,Nobiletin,C008661,nobiletin,https://ctdbase.org/detail.go?type=chem&acc=C008661,3162,HMOX1,https://ctdbase.org/detail.go?type=gene&acc=3162,NULL,NULL,3162,HMOX1,10116,Rattus norvegicus (Norway rat),Nobiletin inhibits the reaction [acetaminophen results in decreased expression of HMOX1 protein],NULL,NULL,PMID:31777137,https://www.ncbi.nlm.nih.gov/pubmed/31777137,31777137,NULL,NULL
1100714,72344,CTD,Nobiletin,C008661,nobiletin,https://ctdbase.org/detail.go?type=chem&acc=C008661,3553,IL1B,https://ctdbase.org/detail.go?type=gene&acc=3553,NULL,NULL,3553,IL1B,10116,Rattus norvegicus (Norway rat),Nobiletin inhibits the reaction [acetaminophen results in increased expression of IL1B protein],NULL,NULL,PMID:31777137,https://www.ncbi.nlm.nih.gov/pubmed/31777137,31777137,NULL,NULL
1100715,72344,CTD,Nobiletin,C008661,nobiletin,https://ctdbase.org/detail.go?type=chem&acc=C008661,3553,IL1B,https://ctdbase.org/detail.go?type=gene&acc=3553,NULL,NULL,3553,IL1B,10116,Rattus norvegicus (Norway rat),[paeonol co-treated with icariin co-treated with nobiletin co-treated with ginsenosides co-treated with astragaloside A] results in decreased secretion of IL1B protein,NULL,NULL,PMID:32344236,https://www.ncbi.nlm.nih.gov/pubmed/32344236,32344236,NULL,NULL
1100716,72344,CTD,Nobiletin,C008661,nobiletin,https://ctdbase.org/detail.go?type=chem&acc=C008661,3569,IL6,https://ctdbase.org/detail.go?type=gene&acc=3569,NULL,NULL,3569,IL6,10116,Rattus norvegicus (Norway rat),Nobiletin inhibits the reaction [acetaminophen results in increased expression of IL6 protein],NULL,NULL,PMID:31777137,https://www.ncbi.nlm.nih.gov/pubmed/31777137,31777137,NULL,NULL
1100717,72344,CTD,Nobiletin,C008661,nobiletin,https://ctdbase.org/detail.go?type=chem&acc=C008661,3569,IL6,https://ctdbase.org/detail.go?type=gene&acc=3569,NULL,NULL,3569,IL6,10116,Rattus norvegicus (Norway rat),[paeonol co-treated with icariin co-treated with nobiletin co-treated with ginsenosides co-treated with astragaloside A] results in decreased secretion of IL6 protein,NULL,NULL,PMID:32344236,https://www.ncbi.nlm.nih.gov/pubmed/32344236,32344236,NULL,NULL
1100718,72344,CTD,Nobiletin,C008661,nobiletin,https://ctdbase.org/detail.go?type=chem&acc=C008661,3832,KIF11,https://ctdbase.org/detail.go?type=gene&acc=3832,NULL,NULL,3832,KIF11,9606,Homo sapiens (human),Nobiletin results in decreased expression of KIF11 mRNA,NULL,NULL,PMID:23321314,https://www.ncbi.nlm.nih.gov/pubmed/23321314,23321314,NULL,NULL
1100719,72344,CTD,Nobiletin,C008661,nobiletin,https://ctdbase.org/detail.go?type=chem&acc=C008661,4318,MMP9,https://ctdbase.org/detail.go?type=gene&acc=4318,NULL,NULL,4318,MMP9,10116,Rattus norvegicus (Norway rat),[paeonol co-treated with icariin co-treated with nobiletin co-treated with ginsenosides co-treated with astragaloside A] affects the secretion of MMP9 protein,NULL,NULL,PMID:32344236,https://www.ncbi.nlm.nih.gov/pubmed/32344236,32344236,NULL,NULL
1100720,72344,CTD,Nobiletin,C008661,nobiletin,https://ctdbase.org/detail.go?type=chem&acc=C008661,2475,MTOR,https://ctdbase.org/detail.go?type=gene&acc=2475,NULL,NULL,2475,MTOR,10116,Rattus norvegicus (Norway rat),[paeonol co-treated with icariin co-treated with nobiletin co-treated with ginsenosides co-treated with astragaloside A] results in decreased expression of MTOR mrna|[paeonol co-treated with icariin co-treated with nobiletin co-treated with ginsenosides co-treated with astragaloside A] results in decreased expression of and results in decreased phosphorylation of MTOR protein,NULL,NULL,PMID:32344236,https://www.ncbi.nlm.nih.gov/pubmed/32344236,32344236,NULL,NULL
1100878,72344,CTD,Nobiletin,C008661,nobiletin,https://ctdbase.org/detail.go?type=chem&acc=C008661,4586,MUC5AC,https://ctdbase.org/detail.go?type=gene&acc=4586,NULL,NULL,4586,MUC5AC,10116,Rattus norvegicus (Norway rat),[paeonol co-treated with icariin co-treated with nobiletin co-treated with ginsenosides co-treated with astragaloside A] results in decreased expression of MUC5AC mrna|[paeonol co-treated with icariin co-treated with nobiletin co-treated with ginsenosides co-treated with astragaloside A] results in decreased secretion of MUC5AC protein,NULL,NULL,PMID:32344236,https://www.ncbi.nlm.nih.gov/pubmed/32344236,32344236,NULL,NULL
1100879,72344,CTD,Nobiletin,C008661,nobiletin,https://ctdbase.org/detail.go?type=chem&acc=C008661,727897,MUC5B,https://ctdbase.org/detail.go?type=gene&acc=727897,NULL,NULL,727897,MUC5B,10116,Rattus norvegicus (Norway rat),[paeonol co-treated with icariin co-treated with nobiletin co-treated with ginsenosides co-treated with astragaloside A] results in decreased expression of MUC5B mRNA,NULL,NULL,PMID:32344236,https://www.ncbi.nlm.nih.gov/pubmed/32344236,32344236,NULL,NULL
1100880,72344,CTD,Nobiletin,C008661,nobiletin,https://ctdbase.org/detail.go?type=chem&acc=C008661,4780,NFE2L2,https://ctdbase.org/detail.go?type=gene&acc=4780,NULL,NULL,4780,NFE2L2,10116,Rattus norvegicus (Norway rat),Nobiletin inhibits the reaction [acetaminophen results in decreased expression of NFE2L2 protein],NULL,NULL,PMID:31777137,https://www.ncbi.nlm.nih.gov/pubmed/31777137,31777137,NULL,NULL
1100881,72344,CTD,Nobiletin,C008661,nobiletin,https://ctdbase.org/detail.go?type=chem&acc=C008661,142,PARP1,https://ctdbase.org/detail.go?type=gene&acc=142,NULL,NULL,142,PARP1,9606,Homo sapiens (human),AGN 193109 inhibits the reaction [nobiletin results in decreased expression of and results in increased cleavage of PARP1 protein]|nobiletin results in decreased expression of and results in increased cleavage of PARP1 protein,NULL,NULL,PMID:33058988,https://www.ncbi.nlm.nih.gov/pubmed/33058988,33058988,NULL,NULL
1100882,72344,CTD,Nobiletin,C008661,nobiletin,https://ctdbase.org/detail.go?type=chem&acc=C008661,5915,RARB,https://ctdbase.org/detail.go?type=gene&acc=5915,NULL,NULL,5915,RARB,9606,Homo sapiens (human),Nobiletin results in increased expression of RARB protein|nobiletin results in increased expression of RARB mrna|agn 193109 inhibits the reaction [nobiletin results in increased expression of RARB protein],NULL,NULL,PMID:33058988,https://www.ncbi.nlm.nih.gov/pubmed/33058988,33058988,NULL,NULL
1100883,72344,CTD,Nobiletin,C008661,nobiletin,https://ctdbase.org/detail.go?type=chem&acc=C008661,6536,SLC6A9,https://ctdbase.org/detail.go?type=gene&acc=6536,NULL,NULL,6536,SLC6A9,9606,Homo sapiens (human),Nobiletin results in increased expression of SLC6A9 mRNA,NULL,NULL,PMID:23321314,https://www.ncbi.nlm.nih.gov/pubmed/23321314,23321314,NULL,NULL
1100884,72344,CTD,Nobiletin,C008661,nobiletin,https://ctdbase.org/detail.go?type=chem&acc=C008661,7076,TIMP1,https://ctdbase.org/detail.go?type=gene&acc=7076,NULL,NULL,7076,TIMP1,10116,Rattus norvegicus (Norway rat),[paeonol co-treated with icariin co-treated with nobiletin co-treated with ginsenosides co-treated with astragaloside A] affects the secretion of TIMP1 protein,NULL,NULL,PMID:32344236,https://www.ncbi.nlm.nih.gov/pubmed/32344236,32344236,NULL,NULL
1100885,72344,CTD,Nobiletin,C008661,nobiletin,https://ctdbase.org/detail.go?type=chem&acc=C008661,89894,TMEM116,https://ctdbase.org/detail.go?type=gene&acc=89894,NULL,NULL,89894,TMEM116,9606,Homo sapiens (human),Nobiletin results in increased expression of TMEM116 mRNA,NULL,NULL,PMID:23321314,https://www.ncbi.nlm.nih.gov/pubmed/23321314,23321314,NULL,NULL
1100886,72344,CTD,Nobiletin,C008661,nobiletin,https://ctdbase.org/detail.go?type=chem&acc=C008661,7124,TNF,https://ctdbase.org/detail.go?type=gene&acc=7124,NULL,NULL,7124,TNF,10116,Rattus norvegicus (Norway rat),Nobiletin inhibits the reaction [acetaminophen results in increased expression of TNF protein],NULL,NULL,PMID:31777137,https://www.ncbi.nlm.nih.gov/pubmed/31777137,31777137,NULL,NULL
1100887,72344,CTD,Nobiletin,C008661,nobiletin,https://ctdbase.org/detail.go?type=chem&acc=C008661,7124,TNF,https://ctdbase.org/detail.go?type=gene&acc=7124,NULL,NULL,7124,TNF,10116,Rattus norvegicus (Norway rat),[paeonol co-treated with icariin co-treated with nobiletin co-treated with ginsenosides co-treated with astragaloside A] results in decreased secretion of TNF protein,NULL,NULL,PMID:32344236,https://www.ncbi.nlm.nih.gov/pubmed/32344236,32344236,NULL,NULL
1101055,72344,CTD,Nobiletin,C008661,nobiletin,https://ctdbase.org/detail.go?type=chem&acc=C008661,57761,TRIB3,https://ctdbase.org/detail.go?type=gene&acc=57761,NULL,NULL,57761,TRIB3,9606,Homo sapiens (human),Nobiletin results in increased expression of TRIB3 mRNA,NULL,NULL,PMID:23321314,https://www.ncbi.nlm.nih.gov/pubmed/23321314,23321314,NULL,NULL
1101056,72344,CTD,Nobiletin,C008661,nobiletin,https://ctdbase.org/detail.go?type=chem&acc=C008661,10628,TXNIP,https://ctdbase.org/detail.go?type=gene&acc=10628,NULL,NULL,10628,TXNIP,9606,Homo sapiens (human),Nobiletin results in decreased expression of TXNIP mrna|nobiletin results in decreased expression of TXNIP protein,NULL,NULL,PMID:23321314,https://www.ncbi.nlm.nih.gov/pubmed/23321314,23321314,NULL,NULL
1101057,72344,CTD,Nobiletin,C008661,nobiletin,https://ctdbase.org/detail.go?type=chem&acc=C008661,4316,MMP7,https://ctdbase.org/detail.go?type=gene&acc=4316,NULL,NULL,4316,MMP7,9606,Homo sapiens (human),Nobiletin results in decreased expression of MMP7 mrna|nobiletin results in decreased expression of MMP7 protein,NULL,NULL,PMID:15725655,https://www.ncbi.nlm.nih.gov/pubmed/15725655,15725655,NULL,NULL
1101058,72344,CTD,Nobiletin,C008661,nobiletin,https://ctdbase.org/detail.go?type=chem&acc=C008661,1543,CYP1A1,https://ctdbase.org/detail.go?type=gene&acc=1543,NULL,NULL,1543,CYP1A1,9606,Homo sapiens (human),CYP1A1 protein results in increased metabolism of nobiletin|nobiletin results in increased expression of CYP1A1 protein,NULL,NULL,PMID:22743247,https://www.ncbi.nlm.nih.gov/pubmed/22743247,22743247,NULL,NULL
1149607,72344,CTD,Nobiletin,C008661,nobiletin,https://ctdbase.org/detail.go?type=chem&acc=C008661,890,CCNA2,https://ctdbase.org/detail.go?type=gene&acc=890,NULL,NULL,890,CCNA2,9606,Homo sapiens (human),Nobiletin results in decreased expression of CCNA2 mRNA,NULL,NULL,PMID:23321314,https://www.ncbi.nlm.nih.gov/pubmed/23321314,23321314,NULL,NULL
1149608,72344,CTD,Nobiletin,C008661,nobiletin,https://ctdbase.org/detail.go?type=chem&acc=C008661,972,CD74,https://ctdbase.org/detail.go?type=gene&acc=972,NULL,NULL,972,CD74,9606,Homo sapiens (human),Nobiletin results in decreased expression of CD74 mRNA,NULL,NULL,PMID:18818744,https://www.ncbi.nlm.nih.gov/pubmed/18818744,18818744,NULL,NULL
1149609,72344,CTD,Nobiletin,C008661,nobiletin,https://ctdbase.org/detail.go?type=chem&acc=C008661,9134,CCNE2,https://ctdbase.org/detail.go?type=gene&acc=9134,NULL,NULL,9134,CCNE2,9606,Homo sapiens (human),Nobiletin results in decreased expression of CCNE2 mRNA,NULL,NULL,PMID:23321314,https://www.ncbi.nlm.nih.gov/pubmed/23321314,23321314,NULL,NULL
1236368,72344,DGIdb,Nobiletin,NULL,NOBILETIN,https://www.dgidb.org/drugs/NOBILETIN,NULL,CYP3A4,https://www.dgidb.org/genes/CYP3A4,NULL,NULL,1576,CYP3A4,9606,Homo sapiens (human),NULL,NULL,NULL,NULL,NULL,NULL,NULL,NULL
1811469,72344,TTD,Nobiletin,D4PG6A,Nobiletin,https://idrblab.net/ttd/data/drug/details/D4PG6A,T25307,Nuclear receptor ROR-gamma (RORG),https://idrblab.net/ttd/data/target/details/T25307,P51449,Nuclear receptor ROR-gamma,6097,RORC,9606,Homo sapiens (human),Agonist,NULL,NULL,NULL,NULL,NULL,NULL,NULL
