﻿id,cid,dsn,cmpdname,srccmpd,srccmpdname,srccmpdurl,srctarget,srctargetname,srctargeturl,protacxn,protname,geneid,genename,taxid,taxname,action,actname,actvalue,evids,evurls,pmids,dois,citations
   2012237,46887866,TTD,CID 46887866,D0J2PO,ARTOBILOXANTHONE,https://idrblab.net/ttd/data/drug/details/D0J2PO,T83145,Nuclear factor NF-kappa-B (NFKB),https://idrblab.net/ttd/data/target/details/T83145,P19838,Nuclear factor NF-kappa-B p105 subunit,4790,NFKB1,9606,Homo sapiens (human),Inhibitor,NULL,NULL,NULL,NULL,NULL,NULL,NULL
2012238,46887866,TTD,CID 46887866,D0J2PO,ARTOBILOXANTHONE,https://idrblab.net/ttd/data/drug/details/D0J2PO,T83145,Nuclear factor NF-kappa-B (NFKB),https://idrblab.net/ttd/data/target/details/T83145,Q00653,Nuclear factor NF-kappa-B p100 subunit ,4791,NFKB2,9606,Homo sapiens (human),Inhibitor,NULL,NULL,NULL,NULL,NULL,NULL,NULL
2012239,46887866,TTD,CID 46887866,D0J2PO,ARTOBILOXANTHONE,https://idrblab.net/ttd/data/drug/details/D0J2PO,T83145,Nuclear factor NF-kappa-B (NFKB),https://idrblab.net/ttd/data/target/details/T83145,Q04206,Transcription factor p65,5970,RELA,9606,Homo sapiens (human),Inhibitor,NULL,NULL,NULL,NULL,NULL,NULL,NULL
2012240,46887866,TTD,CID 46887866,D0J2PO,ARTOBILOXANTHONE,https://idrblab.net/ttd/data/drug/details/D0J2PO,T83145,Nuclear factor NF-kappa-B (NFKB),https://idrblab.net/ttd/data/target/details/T83145,Q01201,Transcription factor RelB,5971,RELB,9606,Homo sapiens (human),Inhibitor,NULL,NULL,NULL,NULL,NULL,NULL,NULL
2012241,46887866,TTD,CID 46887866,D0J2PO,ARTOBILOXANTHONE,https://idrblab.net/ttd/data/drug/details/D0J2PO,T83145,Nuclear factor NF-kappa-B (NFKB),https://idrblab.net/ttd/data/target/details/T83145,Q04864,Proto-oncogene c-Rel,5966,REL,9606,Homo sapiens (human),Inhibitor,NULL,NULL,NULL,NULL,NULL,NULL,NULL
