﻿id,cid,dsn,cmpdname,srccmpd,srccmpdname,srccmpdurl,srctarget,srctargetname,srctargeturl,protacxn,protname,geneid,genename,taxid,taxname,action,actname,actvalue,evids,evurls,pmids,dois,citations
   602936,124062,CTD,Rubiadin,C072500,rubiadin,https://ctdbase.org/detail.go?type=chem&acc=C072500,760,CA2,https://ctdbase.org/detail.go?type=gene&acc=760,NULL,NULL,760,CA2,10116,Rattus norvegicus (Norway rat),Rubiadin results in decreased expression of CA2 mRNA,NULL,NULL,PMID:21945525,https://www.ncbi.nlm.nih.gov/pubmed/21945525,21945525,NULL,NULL
602937,124062,CTD,Rubiadin,C072500,rubiadin,https://ctdbase.org/detail.go?type=chem&acc=C072500,799,CALCR,https://ctdbase.org/detail.go?type=gene&acc=799,NULL,NULL,799,CALCR,10116,Rattus norvegicus (Norway rat),Rubiadin results in decreased expression of CALCR mRNA,NULL,NULL,PMID:21945525,https://www.ncbi.nlm.nih.gov/pubmed/21945525,21945525,NULL,NULL
602938,124062,CTD,Rubiadin,C072500,rubiadin,https://ctdbase.org/detail.go?type=chem&acc=C072500,1513,CTSK,https://ctdbase.org/detail.go?type=gene&acc=1513,NULL,NULL,1513,CTSK,10116,Rattus norvegicus (Norway rat),Rubiadin results in increased activity of CTSK protein,NULL,NULL,PMID:21945525,https://www.ncbi.nlm.nih.gov/pubmed/21945525,21945525,NULL,NULL
602939,124062,CTD,Rubiadin,C072500,rubiadin,https://ctdbase.org/detail.go?type=chem&acc=C072500,4792,NFKBIA,https://ctdbase.org/detail.go?type=gene&acc=4792,NULL,NULL,4792,NFKBIA,10116,Rattus norvegicus (Norway rat),Rubiadin inhibits the reaction [TNFSF11 protein results in increased phosphorylation of NFKBIA protein],NULL,NULL,PMID:21945525,https://www.ncbi.nlm.nih.gov/pubmed/21945525,21945525,NULL,NULL
602940,124062,CTD,Rubiadin,C072500,rubiadin,https://ctdbase.org/detail.go?type=chem&acc=C072500,4982,TNFRSF11B,https://ctdbase.org/detail.go?type=gene&acc=4982,NULL,NULL,4982,TNFRSF11B,10116,Rattus norvegicus (Norway rat),Rubiadin results in increased expression of TNFRSF11B protein|rubiadin results in increased expression of TNFRSF11B mRNA,NULL,NULL,PMID:21945525,https://www.ncbi.nlm.nih.gov/pubmed/21945525,21945525,NULL,NULL
602941,124062,CTD,Rubiadin,C072500,rubiadin,https://ctdbase.org/detail.go?type=chem&acc=C072500,8600,TNFSF11,https://ctdbase.org/detail.go?type=gene&acc=8600,NULL,NULL,8600,TNFSF11,10116,Rattus norvegicus (Norway rat),Rubiadin results in decreased expression of TNFSF11 mrna|rubiadin results in decreased expression of TNFSF11 protein|rubiadin inhibits the reaction [TNFSF11 protein results in increased phosphorylation of NFKBIA protein],NULL,NULL,PMID:21945525,https://www.ncbi.nlm.nih.gov/pubmed/21945525,21945525,NULL,NULL
