﻿resolution,pdbid,title,expmethod,lignme,glytoucan,cids,protacxns,geneids,pmids,dois
   1,4GNR,1.0 Angstrom resolution crystal structure of the branched-chain amino acid transporter substrate binding protein LivJ from Streptococcus pneumoniae str. Canada MDR_19A in complex with Isoleucine,X-RAY DIFFRACTION,MG|CL|ILE,NULL,6306|312|888,NULL,NULL,NULL,NULL
1.156,6GHX,Alzheimer's Amyloid-Beta Peptide Fragment 31-35 in Complex with Cd-substituted Thermolysin,X-RAY DIFFRACTION,CA|DMS|ILE|CD,NULL,6306|31193|679|271,P43133,NULL,30403288,10.1002/1873-3468.13285
1.17,3B3T,Crystal structure of the D118N mutant of the aminopeptidase from Vibrio proteolyticus,X-RAY DIFFRACTION,SCN|ILE|NA|ZN,NULL,6306|923|32051|9322,Q01693|1CP6_A|3B3C_A|3B3W_A|1IGB_A|1TXR_A,NULL,18576673,10.1021/bi702188e
1.199,4OAT,The crystal structure of a solute-binding protein (N280D mutant) from Anabaena variabilis ATCC 29413 in complex with isoleucine.,X-RAY DIFFRACTION,MG|CL|ILE,NULL,6306|312|888,NULL,NULL,NULL,NULL
1.3,4XMR,Crystal structure of the sensory domain of the Campylobacter jejuni chemoreceptor Tlp3 (CcmL) with isoleucine bound.,X-RAY DIFFRACTION,SO4|ILE,NULL,6306|1117,NULL,NULL,26457436,10.1107/s139900471501384x
1.31,4FLG,HIV-1 protease mutant I47V complexed with reaction intermediate,X-RAY DIFFRACTION,CL|GLU|ILE|GOL|NA,NULL,753|33032|923|6306|312,P03367|2O4N_A|4FE6_A|2FDE_A|1SDT_A|1AJV_A|3PWM_A|2AZ9_A|2AZ8_A|1A94_A|1SGU_A|2F80_A|3T3C_A|2PYN_A|1LZQ_A|2R3T_A|1ZP8_A|2PYM_A|3VF7_A|2O4L_A|1SDU_A|2AZB_A|1MRX_A|2QHC_A|2AVS_A|1A30_A|1SDV_A|1IZI_A|2IEO_A|3VF5_A|2AZC_A|3VFB_A|3KDB_A|3BVA_A|3DJK_A|2P3B_B|1AAQ_A|3U7S_A|2Q63_A|2Q64_A|3GGU_A,NULL,22963370,10.1021/bi3008092
1.5,6LZN,Thermolysin,X-RAY DIFFRACTION,POL|ILE|ZN|LYS|CA|GOL,NULL,753|1031|641599|32051|271|6306,P00800|1Y3G_E|1Z9G_E|1OS0_A,NULL,33310458,10.1016/j.jinorgbio.2020.111319
1.54,5ECK,"Crystal Structure of FIN219-FIP1 complex with JA, Ile and ATP",X-RAY DIFFRACTION,ATP|JAA|GSH|ILE,NULL,6306|5281166|5957|124886,Q9SKE2|Q8L7C9,819244|844173,28223489,10.1073/pnas.1609980114
1.6,5EY0,Crystal structure of CodY from Staphylococcus aureus with GTP and Ile,X-RAY DIFFRACTION,GTP|ILE,NULL,6306|135398633,Q2FZ27,3920255,27596595,10.1093/nar/gkw775
1.68,5N0L,The structure of the cofactor binding GAF domain of the nutrient sensor CodY from Clostridium difficile,X-RAY DIFFRACTION,ILE,NULL,6306,NULL,NULL,30699117,10.1371/journal.pone.0206896
1.7,5B0W,Crystal structure of the 11-cis isomer of pharaonis halorhodopsin in the absence of halide ions,X-RAY DIFFRACTION,RET|BNG|22B|ILE|L3P,G71142DF,155448|131704198|6306|638015|64689,NULL,NULL,27352034,10.1021/acs.biochem.6b00277
1.75,2WHZ,Dipeptide Inhibitors of Thermolysin,X-RAY DIFFRACTION,TYR|ILE|ZN|PEG|CA,NULL,32051|8117|271|6057|6306,P00800|1Y3G_E|1Z9G_E|1OS0_A,NULL,NULL,NULL
1.79,7AAG,Crystal structure of human phosphodiesterase 4D2 catalytic domain with inhibitor NPD-617,X-RAY DIFFRACTION,EDO|PRO|DMS|EPE|QWT|MG|PEG|ILE|ZN,NULL,679|32051|145742|174|8117|71460703|888|6306|23830,Q08499|3SL5_A|1XOM_A|2QYN_A|3IAD_A|1ZKN_A|3G4I_A|1MKD_A|2FM0_A|1OYN_A|3G4G_A,5144,NULL,NULL
1.8,2B18,N-terminal GAF domain of transcriptional pleiotropic repressor CodY.,X-RAY DIFFRACTION,ILE,NULL,6306,P39779,50133528|64303509|936491,16488888,10.1074/jbc.m513015200
1.8,3JW7,Crystal structure of Dipeptide Epimerase from Enterococcus faecalis V583 complexed with Mg and dipeptide L-Ile-L-Tyr,X-RAY DIFFRACTION,TYR|MG|GOL|ILE,NULL,6306|888|753|6057,Q834W6,NULL,22392983,10.1073/pnas.1112081109
1.85,5ECL,"Crystal Structure of FIN219-FIP1 complex with JA, Ile and Mg",X-RAY DIFFRACTION,JAA|MG|GSH|ILE,NULL,6306|5281166|888|124886,Q9SKE2|Q8L7C9,819244|844173,28223489,10.1073/pnas.1609980114
1.9,1H74,CRYSTAL STRUCTURE OF HOMOSERINE KINASE COMPLEXED WITH ILE,X-RAY DIFFRACTION,ADP|AGS|ILE|MG,NULL,6306|440317|6022|888,Q58504,1452001,11535056,10.1021/bi010851z
1.9,2ZBC,"Crystal structure of STS042, a stand-alone RAM module protein, from hyperthermophilic archaeon Sulfolobus tokodaii strain7.",X-RAY DIFFRACTION,ILE,NULL,6306,NULL,NULL,18300246,10.1002/prot.21987
1.9,3TPI,"THE GEOMETRY OF THE REACTIVE SITE AND OF THE PEPTIDE GROUPS IN TRYPSIN, TRYPSINOGEN AND ITS COMPLEXES WITH INHIBITORS",X-RAY DIFFRACTION,VAL|CA|SO4|ILE,NULL,6306|6287|1117|271,P00974|P00760|1V2K_T|1V2T_T|1GI4_A|1F0T_A|1TNG_A|1V2Q_T|1PPH_E|1V2J_T|1G3B_A|1V2N_T|1V2S_T|1V2O_T|1ZZZ_A|1AQ7_A|1V2U_T|1UTN_A,615026|780933,NULL,NULL
1.9,6PY3,Crystal structure of ligand-binding domain of Pseudomonas fluorescens chemoreceptor CtaA in complex with L-isoleucine,X-RAY DIFFRACTION,ILE,NULL,6306,NULL,NULL,31909676,10.1094/mpmi-10-19-0277-r
1.95,2Z4P,Crystal structure of FFRP-DM1,X-RAY DIFFRACTION,ILE,NULL,6306,NULL,NULL,17937921,10.1016/j.str.2007.07.018
1.96,1Z17,Crystal structure analysis of periplasmic Leu/Ile/Val-binding protein with bound ligand isoleucine,X-RAY DIFFRACTION,MRD|ILE,NULL,5288845|6306,P0AD98|P0AD96,66672656|947971,15850393,10.1021/bi047302o
1.99,4AM8,Crystal structure of the R54G mutant of putrescine transcarbamylase from Enterococcus faecalis bound to a curing guanidinium ion,X-RAY DIFFRACTION,NI|TRS|PAO|GAI|ILE|GLN,NULL,934|5961|3520|3777159|6306|124992,Q837U7,60893028,NULL,NULL
2,3F6G,Crystal structure of the regulatory domain of LiCMS in complexed with isoleucine - type II,X-RAY DIFFRACTION,SO4|ILE|ZN,NULL,6306|1117|32051,Q8F3Q1|3F6G_A,NULL,19351325,10.1042/bj20090336
2,5EY1,Crystal structure of CodY from Staphylococcus aureus with GTP and Ile,X-RAY DIFFRACTION,GTP|ILE,NULL,6306|135398633,Q2FZ27,3920255,27596595,10.1093/nar/gkw775
2.001,7FBY,Crystal Structure of PH0140 from Pyrococcus horikosii OT3,X-RAY DIFFRACTION,EDO|ILE,NULL,174|6306,O57880,NULL,NULL,NULL
2.03,4IL5,Crystal structure of O-Acetyl Serine Sulfhydrylase from Entamoeba histolytica in complex with isoleucine,X-RAY DIFFRACTION,SO4|ILE,NULL,6306|1117,NULL,NULL,23747298,10.1016/j.bbagen.2013.05.041
2.1,2TPI,ON THE DISORDERED ACTIVATION DOMAIN IN TRYPSINOGEN. CHEMICAL LABELLING AND LOW-TEMPERATURE CRYSTALLOGRAPHY,X-RAY DIFFRACTION,VAL|HG|ILE,NULL,6306|6287|26623,P00974|P00760|1V2K_T|1V2T_T|1GI4_A|1F0T_A|1TNG_A|1V2Q_T|1PPH_E|1V2J_T|1G3B_A|1V2N_T|1V2S_T|1V2O_T|1ZZZ_A|1AQ7_A|1V2U_T|1UTN_A,615026|780933,NULL,NULL
2.14,6BV2,Crystal structure of porcine aminopeptidase-N with Isoleucine,X-RAY DIFFRACTION,NAG|SO4|ILE|ZN,G73541PI|G67334XY|G69137TZ,6306|24139|1117|32051,P15145,397520,28465619,10.1038/s41598-017-01542-5
2.2,5T65,LIGAND BINDING DOMAIN OF PSEUDOMONAS AERUGINOSA PAO1 AMINO ACID CHEMORECEPTOR PCTA IN COMPLEX WITH L-ILE,X-RAY DIFFRACTION,SO4|ACT|ILE,NULL,6306|1117|175,G3XD24,881565,NULL,NULL
2.2,6SEL,Multicrystal structure of Thermolysin at room temperature using a multilayer monochromator.,X-RAY DIFFRACTION,LYS|CA|ILE|ZN,NULL,6306|32051|271|641599,P00800|1Y3G_E|1Z9G_E|1OS0_A,NULL,NULL,NULL
2.2,6TH7,Structure of porcine pancreatic elastase in complex with tutuilamide,X-RAY DIFFRACTION,AA4|YNM|5XU|O4Q|ILE|VAL|CA|N9K|PHA|ABA,NULL,5287587|146018707|446207|448397|6287|68309|271|6306|80283,P00772|1INC_A|2CV3_A|1BMA_A,396766,31935054,10.1021/acschembio.9b00992
2.24,4OZ9,Crystal structure of MltF from Pseudomonas aeruginosa complexed with isoleucine,X-RAY DIFFRACTION,ILE,NULL,6306,Q9HXN1,880530,NULL,NULL
2.432,5YUM,Crystallographic structures of IlvN.Val/Ile complexes:Conformational selectivity for feedback inhibition of AHASs,X-RAY DIFFRACTION,CO|ILE,NULL,6306|104729,P0ADF8|P0ADG0,66672433|69473821|948183,30887800,10.1021/acs.biochem.9b00050
2.44,5YP3,Crystal structure of dipeptidyl peptidase IV (DPP IV) with Ile-Pro from Pseudoxanthomonas mexicana,X-RAY DIFFRACTION,GOL|PRO|ILE,NULL,6306|753|145742,Q6F3I7,NULL,29426867,10.1038/s41598-018-21056-y
2.46,5VJA,"Crystal Structure of human zipper-interacting protein kinase (ZIPK, alias DAPK3) in complex with a pyrazolo[3,4-d]pyrimidinone ligand (HS38)",X-RAY DIFFRACTION,ILE|DMS|DUK,NULL,6306|679|135567333,O43293,1613,30033129,10.1016/j.chembiol.2018.06.006
2.7,3F6H,Crystal structure of the regulatory domain of LiCMS in complexed with isoleucine - type III,X-RAY DIFFRACTION,ILE|ZN,NULL,6306|32051,Q8F3Q1|3F6G_A,NULL,19351325,10.1042/bj20090336
2.9,6LDK,Isoleucyl-tRNA synthetase from Candida albicans complexed with a isoleucyl-adenylate,X-RAY DIFFRACTION,AMP|ILE,NULL,6306|6083,NULL,NULL,32088946,10.14348/molcells.2020.2287
3,5LOE,Structure of full length Cody from Bacillus subtilis in complex with Ile,X-RAY DIFFRACTION,ILE,NULL,6306,P39779,50133528|64303509|936491,28011634,10.1074/jbc.m116.754309
3.1,6YU2,Crystal structure of MhsT in complex with L-isoleucine,X-RAY DIFFRACTION,BOG|ILE|NA,G71142DF,6306|62852|64689|923,NULL,NULL,33155685,10.15252/embj.2020105164
3.2,2AJI,Crystal structure of the editing domain of E. coli leucyl-tRNA synthetase complexes with isoleucine,X-RAY DIFFRACTION,ILE,NULL,6306,P07813,947497,16277600,10.1042/bj20051249
