﻿id,cid,dsn,cmpdname,srccmpd,srccmpdname,srccmpdurl,srctarget,srctargetname,srctargeturl,protacxn,protname,geneid,genename,taxid,taxname,action,actname,actvalue,evids,evurls,pmids,dois,citations
   1718578,12118082,CTD,Monascin,C517880,monascin,https://ctdbase.org/detail.go?type=chem&acc=C517880,5468,PPARG,https://ctdbase.org/detail.go?type=gene&acc=5468,NULL,NULL,5468,PPARG,9606,Homo sapiens (human),"PPARG mutant form inhibits the reaction [monascin inhibits the reaction [pyruvaldehyde results in increased expression of TNF protein]]|pparg protein results in increased susceptibility to monascin|monascin affects the localization of PPARG protein|pparg mutant form inhibits the reaction [monascin inhibits the reaction [pyruvaldehyde results in increased expression of IL1B protein]]|pparg mutant form inhibits the reaction [monascin results in increased expression of NFE2L2 mrna]|pparg mutant form inhibits the reaction [monascin inhibits the reaction [pyruvaldehyde results in decreased uptake of 2-(N-(7-nitrobenz-2-oxa-1,3-diazol-4-yl)amino)-2-deoxyglucose]]|monascin binds to and results in increased activity of PPARG protein",NULL,NULL,PMID:23954466,https://www.ncbi.nlm.nih.gov/pubmed/23954466,23954466,NULL,NULL
1718579,12118082,CTD,Monascin,C517880,monascin,https://ctdbase.org/detail.go?type=chem&acc=C517880,5468,PPARG,https://ctdbase.org/detail.go?type=gene&acc=5468,NULL,NULL,5468,PPARG,9606,Homo sapiens (human),Monascin results in increased expression of PPARG protein|monascin results in decreased phosphorylation of PPARG protein,NULL,NULL,PMID:22381257,https://www.ncbi.nlm.nih.gov/pubmed/22381257,22381257,NULL,NULL
1718580,12118082,CTD,Monascin,C517880,monascin,https://ctdbase.org/detail.go?type=chem&acc=C517880,10891,PPARGC1A,https://ctdbase.org/detail.go?type=gene&acc=10891,NULL,NULL,10891,PPARGC1A,10090,Mus musculus (house mouse),Monascin results in increased expression of PPARGC1A mRNA,NULL,NULL,PMID:24275089,https://www.ncbi.nlm.nih.gov/pubmed/24275089,24275089,NULL,NULL
1718581,12118082,CTD,Monascin,C517880,monascin,https://ctdbase.org/detail.go?type=chem&acc=C517880,5743,PTGS2,https://ctdbase.org/detail.go?type=gene&acc=5743,NULL,NULL,5743,PTGS2,9606,Homo sapiens (human),Monascin inhibits the reaction [ovalbumin results in increased expression of PTGS2 protein],NULL,NULL,PMID:22381257,https://www.ncbi.nlm.nih.gov/pubmed/22381257,22381257,NULL,NULL
1718582,12118082,CTD,Monascin,C517880,monascin,https://ctdbase.org/detail.go?type=chem&acc=C517880,6285,S100B,https://ctdbase.org/detail.go?type=gene&acc=6285,NULL,NULL,6285,S100B,9606,Homo sapiens (human),Monascin inhibits the reaction [S100B protein results in increased expression of IL1B protein]|nfe2l2 mutant form inhibits the reaction [monascin inhibits the reaction [S100B protein results in increased expression of IL1B protein]]|nfe2l2 mutant form inhibits the reaction [monascin inhibits the reaction [S100B protein results in increased expression of TNF protein]]|monascin inhibits the reaction [S100B protein results in increased expression of KEAP1 protein]|monascin inhibits the reaction [S100B protein results in decreased expression of HMOX1 mrna]|nfe2l2 mutant form inhibits the reaction [monascin inhibits the reaction [S100B protein results in decreased expression of GCLM mrna]]|monascin promotes the reaction [S100B protein affects the localization of NFE2L2 protein]|nfe2l2 mutant form inhibits the reaction [monascin inhibits the reaction [S100B protein results in decreased expression of HMOX1 mrna]]|monascin inhibits the reaction [S100B protein results in decreased expression of NFE2L2 protein]|monascin inhibits the reaction [S100B protein results in increased expression of TNF protein]|monascin inhibits the reaction [S100B protein results in increased expression of and affects the localization of NCF1 protein]|monascin inhibits the reaction [S100B protein results in decreased expression of GCLM mrna],NULL,NULL,PMID:23331247,https://www.ncbi.nlm.nih.gov/pubmed/23331247,23331247,NULL,NULL
1718583,12118082,CTD,Monascin,C517880,monascin,https://ctdbase.org/detail.go?type=chem&acc=C517880,7124,TNF,https://ctdbase.org/detail.go?type=gene&acc=7124,NULL,NULL,7124,TNF,9606,Homo sapiens (human),Monascin inhibits the reaction [ovalbumin results in increased secretion of TNF protein]|monascin inhibits the reaction [[ovalbumin co-treated with 2-chloro-5-nitrobenzanilide] results in increased expression of TNF protein]|monascin inhibits the reaction [ovalbumin results in increased expression of TNF mrna]|monascin inhibits the reaction [[ovalbumin co-treated with MK-886] results in increased expression of TNF protein]|monascin inhibits the reaction [ovalbumin results in increased expression of TNF protein],NULL,NULL,PMID:22381257,https://www.ncbi.nlm.nih.gov/pubmed/22381257,22381257,NULL,NULL
1718627,12118082,CTD,Monascin,C517880,monascin,https://ctdbase.org/detail.go?type=chem&acc=C517880,7124,TNF,https://ctdbase.org/detail.go?type=gene&acc=7124,NULL,NULL,7124,TNF,9606,Homo sapiens (human),NFE2L2 mutant form inhibits the reaction [monascin inhibits the reaction [S100B protein results in increased expression of TNF protein]]|monascin inhibits the reaction [S100B protein results in increased expression of TNF protein],NULL,NULL,PMID:23331247,https://www.ncbi.nlm.nih.gov/pubmed/23331247,23331247,NULL,NULL
1718628,12118082,CTD,Monascin,C517880,monascin,https://ctdbase.org/detail.go?type=chem&acc=C517880,7124,TNF,https://ctdbase.org/detail.go?type=gene&acc=7124,NULL,NULL,7124,TNF,10116,Rattus norvegicus (Norway rat),Monascin inhibits the reaction [pyruvaldehyde results in increased expression of TNF protein]|pparg mutant form inhibits the reaction [monascin inhibits the reaction [pyruvaldehyde results in increased expression of TNF protein]],NULL,NULL,PMID:23954466,https://www.ncbi.nlm.nih.gov/pubmed/23954466,23954466,NULL,NULL
1718629,12118082,CTD,Monascin,C517880,monascin,https://ctdbase.org/detail.go?type=chem&acc=C517880,2730,GCLM,https://ctdbase.org/detail.go?type=gene&acc=2730,NULL,NULL,2730,GCLM,9606,Homo sapiens (human),NFE2L2 mutant form inhibits the reaction [monascin inhibits the reaction [S100B protein results in decreased expression of GCLM mrna]]|monascin inhibits the reaction [S100B protein results in decreased expression of GCLM mrna],NULL,NULL,PMID:23331247,https://www.ncbi.nlm.nih.gov/pubmed/23331247,23331247,NULL,NULL
1718630,12118082,CTD,Monascin,C517880,monascin,https://ctdbase.org/detail.go?type=chem&acc=C517880,2739,GLO1,https://ctdbase.org/detail.go?type=gene&acc=2739,NULL,NULL,2739,GLO1,9606,Homo sapiens (human),Monascin results in increased expression of GLO1 protein,NULL,NULL,PMID:23954466,https://www.ncbi.nlm.nih.gov/pubmed/23954466,23954466,NULL,NULL
1718631,12118082,CTD,Monascin,C517880,monascin,https://ctdbase.org/detail.go?type=chem&acc=C517880,3162,HMOX1,https://ctdbase.org/detail.go?type=gene&acc=3162,NULL,NULL,3162,HMOX1,9606,Homo sapiens (human),NFE2L2 mutant form inhibits the reaction [monascin inhibits the reaction [S100B protein results in decreased expression of HMOX1 mrna]]|monascin inhibits the reaction [S100B protein results in decreased expression of HMOX1 mrna],NULL,NULL,PMID:23331247,https://www.ncbi.nlm.nih.gov/pubmed/23331247,23331247,NULL,NULL
1718632,12118082,CTD,Monascin,C517880,monascin,https://ctdbase.org/detail.go?type=chem&acc=C517880,3553,IL1B,https://ctdbase.org/detail.go?type=gene&acc=3553,NULL,NULL,3553,IL1B,9606,Homo sapiens (human),Monascin inhibits the reaction [S100B protein results in increased expression of IL1B protein]|nfe2l2 mutant form inhibits the reaction [monascin inhibits the reaction [S100B protein results in increased expression of IL1B protein]],NULL,NULL,PMID:23331247,https://www.ncbi.nlm.nih.gov/pubmed/23331247,23331247,NULL,NULL
1718633,12118082,CTD,Monascin,C517880,monascin,https://ctdbase.org/detail.go?type=chem&acc=C517880,3553,IL1B,https://ctdbase.org/detail.go?type=gene&acc=3553,NULL,NULL,3553,IL1B,10116,Rattus norvegicus (Norway rat),Monascin inhibits the reaction [pyruvaldehyde results in increased expression of IL1B protein]|pparg mutant form inhibits the reaction [monascin inhibits the reaction [pyruvaldehyde results in increased expression of IL1B protein]],NULL,NULL,PMID:23954466,https://www.ncbi.nlm.nih.gov/pubmed/23954466,23954466,NULL,NULL
1718634,12118082,CTD,Monascin,C517880,monascin,https://ctdbase.org/detail.go?type=chem&acc=C517880,3569,IL6,https://ctdbase.org/detail.go?type=gene&acc=3569,NULL,NULL,3569,IL6,9606,Homo sapiens (human),Monascin inhibits the reaction [ovalbumin results in increased expression of IL6 protein]|monascin inhibits the reaction [ovalbumin results in increased expression of IL6 mrna]|monascin inhibits the reaction [ovalbumin results in increased secretion of IL6 protein],NULL,NULL,PMID:22381257,https://www.ncbi.nlm.nih.gov/pubmed/22381257,22381257,NULL,NULL
1718635,12118082,CTD,Monascin,C517880,monascin,https://ctdbase.org/detail.go?type=chem&acc=C517880,9817,KEAP1,https://ctdbase.org/detail.go?type=gene&acc=9817,NULL,NULL,9817,KEAP1,9606,Homo sapiens (human),Monascin inhibits the reaction [S100B protein results in increased expression of KEAP1 protein],NULL,NULL,PMID:23331247,https://www.ncbi.nlm.nih.gov/pubmed/23331247,23331247,NULL,NULL
1718636,12118082,CTD,Monascin,C517880,monascin,https://ctdbase.org/detail.go?type=chem&acc=C517880,653361,NCF1,https://ctdbase.org/detail.go?type=gene&acc=653361,NULL,NULL,653361,NCF1,9606,Homo sapiens (human),Monascin inhibits the reaction [S100B protein results in increased expression of and affects the localization of NCF1 protein],NULL,NULL,PMID:23331247,https://www.ncbi.nlm.nih.gov/pubmed/23331247,23331247,NULL,NULL
1718679,12118082,CTD,Monascin,C517880,monascin,https://ctdbase.org/detail.go?type=chem&acc=C517880,4780,NFE2L2,https://ctdbase.org/detail.go?type=gene&acc=4780,NULL,NULL,4780,NFE2L2,9606,Homo sapiens (human),NFE2L2 mutant form inhibits the reaction [monascin inhibits the reaction [S100B protein results in increased expression of IL1B protein]]|monascin results in increased expression of NFE2L2 mrna|nfe2l2 mutant form inhibits the reaction [monascin inhibits the reaction [S100B protein results in increased expression of TNF protein]]|nfe2l2 mutant form inhibits the reaction [monascin inhibits the reaction [S100B protein results in decreased expression of GCLM mrna]]|monascin promotes the reaction [S100B protein affects the localization of NFE2L2 protein]|nfe2l2 mutant form inhibits the reaction [monascin inhibits the reaction [S100B protein results in decreased expression of HMOX1 mrna]]|monascin inhibits the reaction [S100B protein results in decreased expression of NFE2L2 protein]|monascin affects the localization of NFE2L2 protein,NULL,NULL,PMID:23331247,https://www.ncbi.nlm.nih.gov/pubmed/23331247,23331247,NULL,NULL
1718680,12118082,CTD,Monascin,C517880,monascin,https://ctdbase.org/detail.go?type=chem&acc=C517880,4780,NFE2L2,https://ctdbase.org/detail.go?type=gene&acc=4780,NULL,NULL,4780,NFE2L2,9606,Homo sapiens (human),Monascin results in increased phosphorylation of NFE2L2 protein|monascin results in increased expression of NFE2L2 mrna|pparg mutant form inhibits the reaction [monascin results in increased expression of NFE2L2 mrna]|2-chloro-5-nitrobenzanilide inhibits the reaction [monascin results in increased expression of NFE2L2 mrna],NULL,NULL,PMID:23954466,https://www.ncbi.nlm.nih.gov/pubmed/23954466,23954466,NULL,NULL
1718681,12118082,CTD,Monascin,C517880,monascin,https://ctdbase.org/detail.go?type=chem&acc=C517880,4843,NOS2,https://ctdbase.org/detail.go?type=gene&acc=4843,NULL,NULL,4843,NOS2,9606,Homo sapiens (human),Monascin inhibits the reaction [ovalbumin results in increased expression of NOS2 protein],NULL,NULL,PMID:22381257,https://www.ncbi.nlm.nih.gov/pubmed/22381257,22381257,NULL,NULL
1718682,12118082,CTD,Monascin,C517880,monascin,https://ctdbase.org/detail.go?type=chem&acc=C517880,9971,NR1H4,https://ctdbase.org/detail.go?type=gene&acc=9971,NULL,NULL,9971,NR1H4,10090,Mus musculus (house mouse),Monascin results in increased expression of NR1H4 mRNA,NULL,NULL,PMID:24275089,https://www.ncbi.nlm.nih.gov/pubmed/24275089,24275089,NULL,NULL
1718683,12118082,CTD,Monascin,C517880,monascin,https://ctdbase.org/detail.go?type=chem&acc=C517880,4899,NRF1,https://ctdbase.org/detail.go?type=gene&acc=4899,NULL,NULL,4899,NRF1,10116,Rattus norvegicus (Norway rat),Monascin inhibits the reaction [pyruvaldehyde results in increased expression of NRF1 mrna]|tretinoin inhibits the reaction [monascin inhibits the reaction [pyruvaldehyde results in increased expression of NRF1 mrna]],NULL,NULL,PMID:23331247,https://www.ncbi.nlm.nih.gov/pubmed/23331247,23331247,NULL,NULL
1718684,12118082,CTD,Monascin,C517880,monascin,https://ctdbase.org/detail.go?type=chem&acc=C517880,5465,PPARA,https://ctdbase.org/detail.go?type=gene&acc=5465,NULL,NULL,5465,PPARA,10090,Mus musculus (house mouse),Monascin results in increased expression of PPARA mrna|monascin affects the reaction [PPARA protein affects the oxidation of fatty acids]|monascin binds to and results in increased activity of PPARA protein,NULL,NULL,PMID:24275089,https://www.ncbi.nlm.nih.gov/pubmed/24275089,24275089,NULL,NULL
