﻿id,cid,dsn,cmpdname,srccmpd,srccmpdname,srccmpdurl,srctarget,srctargetname,srctargeturl,protacxn,protname,geneid,genename,taxid,taxname,action,actname,actvalue,evids,evurls,pmids,dois,citations
   613509,160254,DGIdb,Cryptotanshinone,NULL,CRYPTOTANSHINONE,https://www.dgidb.org/drugs/CRYPTOTANSHINONE,NULL,BAZ2B,https://www.dgidb.org/genes/BAZ2B,NULL,NULL,29994,BAZ2B,9606,Homo sapiens (human),NULL,NULL,NULL,NULL,NULL,NULL,NULL,NULL
613510,160254,DGIdb,Cryptotanshinone,NULL,CRYPTOTANSHINONE,https://www.dgidb.org/drugs/CRYPTOTANSHINONE,NULL,POLH,https://www.dgidb.org/genes/POLH,NULL,NULL,5429,POLH,9606,Homo sapiens (human),NULL,NULL,NULL,NULL,NULL,NULL,NULL,NULL
613511,160254,CTD,Cryptotanshinone,C037886,cryptotanshinone,https://ctdbase.org/detail.go?type=chem&acc=C037886,8647,ABCB11,https://ctdbase.org/detail.go?type=gene&acc=8647,NULL,NULL,8647,ABCB11,9606,Homo sapiens (human),Cryptotanshinone inhibits the reaction [ABCB11 protein results in increased transport of taurodeoxycholic acid],NULL,NULL,PMID:35101544,https://www.ncbi.nlm.nih.gov/pubmed/35101544,35101544,NULL,NULL
613692,160254,CTD,Cryptotanshinone,C037886,cryptotanshinone,https://ctdbase.org/detail.go?type=chem&acc=C037886,43,ACHE,https://ctdbase.org/detail.go?type=gene&acc=43,NULL,NULL,43,ACHE,9606,Homo sapiens (human),Cryptotanshinone binds to and results in decreased activity of ACHE protein,NULL,NULL,PMID:20350537,https://www.ncbi.nlm.nih.gov/pubmed/20350537,20350537,NULL,NULL
613693,160254,CTD,Cryptotanshinone,C037886,cryptotanshinone,https://ctdbase.org/detail.go?type=chem&acc=C037886,196,AHR,https://ctdbase.org/detail.go?type=gene&acc=196,NULL,NULL,196,AHR,9606,Homo sapiens (human),Cryptotanshinone promotes the reaction [beta-naphthoflavone results in increased expression of AHR mrna],NULL,NULL,PMID:21262253,https://www.ncbi.nlm.nih.gov/pubmed/21262253,21262253,NULL,NULL
613694,160254,CTD,Cryptotanshinone,C037886,cryptotanshinone,https://ctdbase.org/detail.go?type=chem&acc=C037886,590,BCHE,https://ctdbase.org/detail.go?type=gene&acc=590,NULL,NULL,590,BCHE,9606,Homo sapiens (human),Cryptotanshinone binds to and results in decreased activity of BCHE protein,NULL,NULL,PMID:20350537,https://www.ncbi.nlm.nih.gov/pubmed/20350537,20350537,NULL,NULL
613695,160254,CTD,Cryptotanshinone,C037886,cryptotanshinone,https://ctdbase.org/detail.go?type=chem&acc=C037886,836,CASP3,https://ctdbase.org/detail.go?type=gene&acc=836,NULL,NULL,836,CASP3,9606,Homo sapiens (human),Cryptotanshinone results in increased cleavage of CASP3 protein|benzyloxycarbonyl-valyl-alanyl-aspartic acid analog inhibits the reaction [cryptotanshinone results in increased cleavage of CASP3 protein],NULL,NULL,PMID:28600121,https://www.ncbi.nlm.nih.gov/pubmed/28600121,28600121,NULL,NULL
613696,160254,CTD,Cryptotanshinone,C037886,cryptotanshinone,https://ctdbase.org/detail.go?type=chem&acc=C037886,836,CASP3,https://ctdbase.org/detail.go?type=gene&acc=836,NULL,NULL,836,CASP3,9606,Homo sapiens (human),Cryptotanshinone results in increased activity of CASP3 protein,NULL,NULL,PMID:26564229,https://www.ncbi.nlm.nih.gov/pubmed/26564229,26564229,NULL,NULL
613697,160254,CTD,Cryptotanshinone,C037886,cryptotanshinone,https://ctdbase.org/detail.go?type=chem&acc=C037886,840,CASP7,https://ctdbase.org/detail.go?type=gene&acc=840,NULL,NULL,840,CASP7,9606,Homo sapiens (human),Cryptotanshinone results in increased activity of CASP7 protein,NULL,NULL,PMID:26564229,https://www.ncbi.nlm.nih.gov/pubmed/26564229,26564229,NULL,NULL
613698,160254,CTD,Cryptotanshinone,C037886,cryptotanshinone,https://ctdbase.org/detail.go?type=chem&acc=C037886,842,CASP9,https://ctdbase.org/detail.go?type=gene&acc=842,NULL,NULL,842,CASP9,9606,Homo sapiens (human),Cryptotanshinone results in increased activity of CASP9 protein,NULL,NULL,PMID:26564229,https://www.ncbi.nlm.nih.gov/pubmed/26564229,26564229,NULL,NULL
613699,160254,CTD,Cryptotanshinone,C037886,cryptotanshinone,https://ctdbase.org/detail.go?type=chem&acc=C037886,999,CDH1,https://ctdbase.org/detail.go?type=gene&acc=999,NULL,NULL,999,CDH1,9606,Homo sapiens (human),Cryptotanshinone inhibits the reaction [dinoprostone results in decreased expression of CDH1 protein],NULL,NULL,PMID:30208247,https://www.ncbi.nlm.nih.gov/pubmed/30208247,30208247,NULL,NULL
613700,160254,CTD,Cryptotanshinone,C037886,cryptotanshinone,https://ctdbase.org/detail.go?type=chem&acc=C037886,1499,CTNNB1,https://ctdbase.org/detail.go?type=gene&acc=1499,NULL,NULL,1499,CTNNB1,9606,Homo sapiens (human),Cryptotanshinone inhibits the reaction [dinoprostone results in increased expression of CTNNB1 protein],NULL,NULL,PMID:30208247,https://www.ncbi.nlm.nih.gov/pubmed/30208247,30208247,NULL,NULL
613701,160254,CTD,Cryptotanshinone,C037886,cryptotanshinone,https://ctdbase.org/detail.go?type=chem&acc=C037886,1543,CYP1A1,https://ctdbase.org/detail.go?type=gene&acc=1543,NULL,NULL,1543,CYP1A1,9606,Homo sapiens (human),Cryptotanshinone promotes the reaction [benzo(a)pyrene results in increased expression of CYP1A1 protein]|dactinomycin inhibits the reaction [cryptotanshinone results in increased expression of CYP1A1 mrna]|cryptotanshinone results in increased expression of CYP1A1 protein|cryptotanshinone results in increased expression of CYP1A1 mrna|resveratrol inhibits the reaction [cryptotanshinone results in increased expression of CYP1A1 mrna]|cryptotanshinone promotes the reaction [benzo(a)pyrene results in increased expression of CYP1A1 mrna],NULL,NULL,PMID:21262253,https://www.ncbi.nlm.nih.gov/pubmed/21262253,21262253,NULL,NULL
613878,160254,CTD,Cryptotanshinone,C037886,cryptotanshinone,https://ctdbase.org/detail.go?type=chem&acc=C037886,1544,CYP1A2,https://ctdbase.org/detail.go?type=gene&acc=1544,NULL,NULL,1544,CYP1A2,9606,Homo sapiens (human),Dactinomycin inhibits the reaction [cryptotanshinone results in increased expression of CYP1A2 mrna]|cryptotanshinone promotes the reaction [benzo(a)pyrene results in increased expression of CYP1A2 protein]|cryptotanshinone results in increased expression of CYP1A2 mrna|cryptotanshinone results in increased expression of CYP1A2 protein|cryptotanshinone promotes the reaction [benzo(a)pyrene results in increased expression of CYP1A2 mrna]|resveratrol inhibits the reaction [cryptotanshinone results in increased expression of CYP1A2 mrna],NULL,NULL,PMID:21262253,https://www.ncbi.nlm.nih.gov/pubmed/21262253,21262253,NULL,NULL
613879,160254,CTD,Cryptotanshinone,C037886,cryptotanshinone,https://ctdbase.org/detail.go?type=chem&acc=C037886,1576,CYP3A4,https://ctdbase.org/detail.go?type=gene&acc=1576,NULL,NULL,1576,CYP3A4,9606,Homo sapiens (human),Cryptotanshinone results in increased expression of CYP3A4 protein,NULL,NULL,PMID:18805405,https://www.ncbi.nlm.nih.gov/pubmed/18805405,18805405,NULL,NULL
613880,160254,CTD,Cryptotanshinone,C037886,cryptotanshinone,https://ctdbase.org/detail.go?type=chem&acc=C037886,1956,EGFR,https://ctdbase.org/detail.go?type=gene&acc=1956,NULL,NULL,1956,EGFR,9606,Homo sapiens (human),Cryptotanshinone inhibits the reaction [dinoprostone results in increased expression of EGFR protein modified form],NULL,NULL,PMID:30208247,https://www.ncbi.nlm.nih.gov/pubmed/30208247,30208247,NULL,NULL
613881,160254,CTD,Cryptotanshinone,C037886,cryptotanshinone,https://ctdbase.org/detail.go?type=chem&acc=C037886,2932,GSK3B,https://ctdbase.org/detail.go?type=gene&acc=2932,NULL,NULL,2932,GSK3B,9606,Homo sapiens (human),Cryptotanshinone inhibits the reaction [dinoprostone results in decreased expression of GSK3B protein],NULL,NULL,PMID:30208247,https://www.ncbi.nlm.nih.gov/pubmed/30208247,30208247,NULL,NULL
613882,160254,CTD,Cryptotanshinone,C037886,cryptotanshinone,https://ctdbase.org/detail.go?type=chem&acc=C037886,81631,MAP1LC3B,https://ctdbase.org/detail.go?type=gene&acc=81631,NULL,NULL,81631,MAP1LC3B,9606,Homo sapiens (human),Acetylcysteine inhibits the reaction [cryptotanshinone results in increased expression of MAP1LC3B protein]|benzyloxycarbonyl-valyl-alanyl-aspartic acid analog promotes the reaction [cryptotanshinone results in increased expression of MAP1LC3B protein]|cryptotanshinone results in increased expression of MAP1LC3B protein|cryptotanshinone promotes the reaction [chloroquine results in increased expression of MAP1LC3B protein],NULL,NULL,PMID:28600121,https://www.ncbi.nlm.nih.gov/pubmed/28600121,28600121,NULL,NULL
613883,160254,CTD,Cryptotanshinone,C037886,cryptotanshinone,https://ctdbase.org/detail.go?type=chem&acc=C037886,4792,NFKBIA,https://ctdbase.org/detail.go?type=gene&acc=4792,NULL,NULL,4792,NFKBIA,9606,Homo sapiens (human),Acetylcysteine inhibits the reaction [cryptotanshinone results in increased degradation of and results in increased phosphorylation of NFKBIA protein]|4-(4-fluorophenyl)-2-(4-hydroxyphenyl)-5-(4-pyridyl)imidazole inhibits the reaction [cryptotanshinone results in increased degradation of and results in increased phosphorylation of NFKBIA protein]|cryptotanshinone results in increased degradation of and results in increased phosphorylation of NFKBIA protein,NULL,NULL,PMID:28600121,https://www.ncbi.nlm.nih.gov/pubmed/28600121,28600121,NULL,NULL
613884,160254,CTD,Cryptotanshinone,C037886,cryptotanshinone,https://ctdbase.org/detail.go?type=chem&acc=C037886,8856,NR1I2,https://ctdbase.org/detail.go?type=gene&acc=8856,NULL,NULL,8856,NR1I2,9606,Homo sapiens (human),Cryptotanshinone results in increased activity of NR1I2 protein,NULL,NULL,PMID:18805405,https://www.ncbi.nlm.nih.gov/pubmed/18805405,18805405,NULL,NULL
613885,160254,CTD,Cryptotanshinone,C037886,cryptotanshinone,https://ctdbase.org/detail.go?type=chem&acc=C037886,142,PARP1,https://ctdbase.org/detail.go?type=gene&acc=142,NULL,NULL,142,PARP1,9606,Homo sapiens (human),Cryptotanshinone results in increased cleavage of PARP1 protein,NULL,NULL,PMID:26564229,https://www.ncbi.nlm.nih.gov/pubmed/26564229,26564229,NULL,NULL
613886,160254,CTD,Cryptotanshinone,C037886,cryptotanshinone,https://ctdbase.org/detail.go?type=chem&acc=C037886,5732,PTGER2,https://ctdbase.org/detail.go?type=gene&acc=5732,NULL,NULL,5732,PTGER2,9606,Homo sapiens (human),Cryptotanshinone inhibits the reaction [dinoprostone results in increased expression of PTGER2 protein],NULL,NULL,PMID:30208247,https://www.ncbi.nlm.nih.gov/pubmed/30208247,30208247,NULL,NULL
614033,160254,CTD,Cryptotanshinone,C037886,cryptotanshinone,https://ctdbase.org/detail.go?type=chem&acc=C037886,5734,PTGER4,https://ctdbase.org/detail.go?type=gene&acc=5734,NULL,NULL,5734,PTGER4,9606,Homo sapiens (human),Cryptotanshinone inhibits the reaction [dinoprostone results in increased expression of PTGER4 protein],NULL,NULL,PMID:30208247,https://www.ncbi.nlm.nih.gov/pubmed/30208247,30208247,NULL,NULL
614034,160254,CTD,Cryptotanshinone,C037886,cryptotanshinone,https://ctdbase.org/detail.go?type=chem&acc=C037886,5770,PTPN1,https://ctdbase.org/detail.go?type=gene&acc=5770,NULL,NULL,5770,PTPN1,9606,Homo sapiens (human),Cryptotanshinone results in decreased activity of PTPN1 protein,NULL,NULL,PMID:29031618,https://www.ncbi.nlm.nih.gov/pubmed/29031618,29031618,NULL,NULL
614035,160254,CTD,Cryptotanshinone,C037886,cryptotanshinone,https://ctdbase.org/detail.go?type=chem&acc=C037886,5970,RELA,https://ctdbase.org/detail.go?type=gene&acc=5970,NULL,NULL,5970,RELA,9606,Homo sapiens (human),Cryptotanshinone affects the localization of RELA protein|acetylcysteine inhibits the reaction [cryptotanshinone affects the localization of RELA protein]|4-(4-fluorophenyl)-2-(4-hydroxyphenyl)-5-(4-pyridyl)imidazole inhibits the reaction [cryptotanshinone affects the localization of RELA protein],NULL,NULL,PMID:28600121,https://www.ncbi.nlm.nih.gov/pubmed/28600121,28600121,NULL,NULL
614036,160254,CTD,Cryptotanshinone,C037886,cryptotanshinone,https://ctdbase.org/detail.go?type=chem&acc=C037886,5970,RELA,https://ctdbase.org/detail.go?type=gene&acc=5970,NULL,NULL,5970,RELA,9606,Homo sapiens (human),Cryptotanshinone inhibits the reaction [TNF protein affects the localization of RELA protein],NULL,NULL,PMID:26564229,https://www.ncbi.nlm.nih.gov/pubmed/26564229,26564229,NULL,NULL
614037,160254,CTD,Cryptotanshinone,C037886,cryptotanshinone,https://ctdbase.org/detail.go?type=chem&acc=C037886,8878,SQSTM1,https://ctdbase.org/detail.go?type=gene&acc=8878,NULL,NULL,8878,SQSTM1,9606,Homo sapiens (human),Chloroquine inhibits the reaction [cryptotanshinone results in decreased expression of SQSTM1 protein]|cryptotanshinone results in decreased expression of SQSTM1 protein,NULL,NULL,PMID:28600121,https://www.ncbi.nlm.nih.gov/pubmed/28600121,28600121,NULL,NULL
614038,160254,CTD,Cryptotanshinone,C037886,cryptotanshinone,https://ctdbase.org/detail.go?type=chem&acc=C037886,6774,STAT3,https://ctdbase.org/detail.go?type=gene&acc=6774,NULL,NULL,6774,STAT3,9606,Homo sapiens (human),Cryptotanshinone results in decreased phosphorylation of STAT3 protein,NULL,NULL,PMID:28578322,https://www.ncbi.nlm.nih.gov/pubmed/28578322,28578322,NULL,NULL
614039,160254,CTD,Cryptotanshinone,C037886,cryptotanshinone,https://ctdbase.org/detail.go?type=chem&acc=C037886,7124,TNF,https://ctdbase.org/detail.go?type=gene&acc=7124,NULL,NULL,7124,TNF,9606,Homo sapiens (human),Cryptotanshinone inhibits the reaction [TNF protein affects the localization of RELA protein],NULL,NULL,PMID:26564229,https://www.ncbi.nlm.nih.gov/pubmed/26564229,26564229,NULL,NULL
614040,160254,CTD,Cryptotanshinone,C037886,cryptotanshinone,https://ctdbase.org/detail.go?type=chem&acc=C037886,7153,TOP2A,https://ctdbase.org/detail.go?type=gene&acc=7153,NULL,NULL,7153,TOP2A,9606,Homo sapiens (human),Cryptotanshinone results in decreased expression of and results in decreased activity of TOP2A protein|cryptotanshinone results in decreased expression of TOP2A mRNA,NULL,NULL,PMID:28716507,https://www.ncbi.nlm.nih.gov/pubmed/28716507,28716507,NULL,NULL
614041,160254,CTD,Cryptotanshinone,C037886,cryptotanshinone,https://ctdbase.org/detail.go?type=chem&acc=C037886,7155,TOP2B,https://ctdbase.org/detail.go?type=gene&acc=7155,NULL,NULL,7155,TOP2B,9606,Homo sapiens (human),Cryptotanshinone results in decreased expression of TOP2B mRNA,NULL,NULL,PMID:28716507,https://www.ncbi.nlm.nih.gov/pubmed/28716507,28716507,NULL,NULL
865682,160254,DGIdb,Cryptotanshinone,NULL,CRYPTOTANSHINONE,https://www.dgidb.org/drugs/CRYPTOTANSHINONE,NULL,MAPT,https://www.dgidb.org/genes/MAPT,NULL,NULL,4137,MAPT,9606,Homo sapiens (human),NULL,NULL,NULL,NULL,NULL,NULL,NULL,NULL
1181383,160254,DGIdb,Cryptotanshinone,NULL,CRYPTOTANSHINONE,https://www.dgidb.org/drugs/CRYPTOTANSHINONE,NULL,SMAD3,https://www.dgidb.org/genes/SMAD3,NULL,NULL,4088,SMAD3,9606,Homo sapiens (human),NULL,NULL,NULL,NULL,NULL,NULL,NULL,NULL
1182345,160254,DGIdb,Cryptotanshinone,NULL,CRYPTOTANSHINONE,https://www.dgidb.org/drugs/CRYPTOTANSHINONE,NULL,PTPN11,https://www.dgidb.org/genes/PTPN11,NULL,NULL,5781,PTPN11,9606,Homo sapiens (human),NULL,NULL,NULL,PMID:23957426,https://www.ncbi.nlm.nih.gov/pubmed/23957426,23957426,NULL,NULL
1182346,160254,DGIdb,Cryptotanshinone,NULL,CRYPTOTANSHINONE,https://www.dgidb.org/drugs/CRYPTOTANSHINONE,NULL,PTPN11,https://www.dgidb.org/genes/PTPN11,NULL,NULL,5781,PTPN11,9606,Homo sapiens (human),NULL,NULL,NULL,PMID:23957426,https://www.ncbi.nlm.nih.gov/pubmed/23957426,23957426,NULL,NULL
1182347,160254,DGIdb,Cryptotanshinone,NULL,CRYPTOTANSHINONE,https://www.dgidb.org/drugs/CRYPTOTANSHINONE,NULL,VDR,https://www.dgidb.org/genes/VDR,NULL,NULL,7421,VDR,9606,Homo sapiens (human),NULL,NULL,NULL,NULL,NULL,NULL,NULL,NULL
1182348,160254,DGIdb,Cryptotanshinone,NULL,CRYPTOTANSHINONE,https://www.dgidb.org/drugs/CRYPTOTANSHINONE,NULL,GMNN,https://www.dgidb.org/genes/GMNN,NULL,NULL,51053,GMNN,9606,Homo sapiens (human),NULL,NULL,NULL,NULL,NULL,NULL,NULL,NULL
1192340,160254,DGIdb,Cryptotanshinone,NULL,CRYPTOTANSHINONE,https://www.dgidb.org/drugs/CRYPTOTANSHINONE,NULL,USP1,https://www.dgidb.org/genes/USP1,NULL,NULL,7398,USP1,9606,Homo sapiens (human),NULL,NULL,NULL,NULL,NULL,NULL,NULL,NULL
1204446,160254,BindingDB,Cryptotanshinone,57938,"(1R)-1,6,6-trimethyl-2,7,8,9-tetrahydro-1H-naphtho[1,2-g][1]benzofuran-10,11-dione",https://www.bindingdb.org/rwd/bind/chemsearch/marvin/MolStructure.jsp?monomerid=57938,4753,3C-like proteinase (3CL-PRO),https://www.bindingdb.org/rwd/jsp/dbsearch/PrimarySearch_ki.jsp?tag=pol&polymerid=4753,P0C6X7,Replicase polyprotein 1ab,1489680,ORF1ab,694009,Severe acute respiratory syndrome-related coronavirus,NULL,IC50 (nM),226700,PMID:34798775,https://www.ncbi.nlm.nih.gov/pubmed/34798775,34798775,NULL,NULL
1204447,160254,BindingDB,Cryptotanshinone,57938,"(1R)-1,6,6-trimethyl-2,7,8,9-tetrahydro-1H-naphtho[1,2-g][1]benzofuran-10,11-dione",https://www.bindingdb.org/rwd/bind/chemsearch/marvin/MolStructure.jsp?monomerid=57938,4753,3C-like proteinase (3CL-PRO),https://www.bindingdb.org/rwd/jsp/dbsearch/PrimarySearch_ki.jsp?tag=pol&polymerid=4753,P0C6X7,Replicase polyprotein 1ab,1489680,ORF1ab,694009,Severe acute respiratory syndrome-related coronavirus,NULL,Ki (nM),9000,PMID:34798775,https://www.ncbi.nlm.nih.gov/pubmed/34798775,34798775,NULL,NULL
1270423,160254,DGIdb,Cryptotanshinone,NULL,CRYPTOTANSHINONE,https://www.dgidb.org/drugs/CRYPTOTANSHINONE,NULL,POLB,https://www.dgidb.org/genes/POLB,NULL,NULL,5423,POLB,9606,Homo sapiens (human),NULL,NULL,NULL,NULL,NULL,NULL,NULL,NULL
1270424,160254,DGIdb,Cryptotanshinone,NULL,CRYPTOTANSHINONE,https://www.dgidb.org/drugs/CRYPTOTANSHINONE,NULL,KDM4A,https://www.dgidb.org/genes/KDM4A,NULL,NULL,9682,KDM4A,9606,Homo sapiens (human),NULL,NULL,NULL,NULL,NULL,NULL,NULL,NULL
1273089,160254,DGIdb,Cryptotanshinone,NULL,CRYPTOTANSHINONE,https://www.dgidb.org/drugs/CRYPTOTANSHINONE,NULL,RAPGEF3,https://www.dgidb.org/genes/RAPGEF3,NULL,NULL,10411,RAPGEF3,9606,Homo sapiens (human),NULL,NULL,NULL,NULL,NULL,NULL,NULL,NULL
1292082,160254,DGIdb,Cryptotanshinone,NULL,CRYPTOTANSHINONE,https://www.dgidb.org/drugs/CRYPTOTANSHINONE,NULL,ALDH1A1,https://www.dgidb.org/genes/ALDH1A1,NULL,NULL,216,ALDH1A1,9606,Homo sapiens (human),NULL,NULL,NULL,NULL,NULL,NULL,NULL,NULL
1860940,160254,DGIdb,Cryptotanshinone,NULL,CRYPTOTANSHINONE,https://www.dgidb.org/drugs/CRYPTOTANSHINONE,NULL,PLK1,https://www.dgidb.org/genes/PLK1,NULL,NULL,5347,PLK1,9606,Homo sapiens (human),NULL,NULL,NULL,NULL,NULL,NULL,NULL,NULL
1860941,160254,DGIdb,Cryptotanshinone,NULL,CRYPTOTANSHINONE,https://www.dgidb.org/drugs/CRYPTOTANSHINONE,NULL,POLI,https://www.dgidb.org/genes/POLI,NULL,NULL,11201,POLI,9606,Homo sapiens (human),NULL,NULL,NULL,NULL,NULL,NULL,NULL,NULL
