﻿id,cid,dsn,cmpdname,srccmpd,srccmpdname,srccmpdurl,srctarget,srctargetname,srctargeturl,protacxn,protname,geneid,genename,taxid,taxname,action,actname,actvalue,evids,evurls,pmids,dois,citations
   1242171,241903,T3DB,Vincaleukoblastine,T3D4017,Vinblastine,http://www.t3db.ca/toxins/T3D4017,BE0001040,Transcription factor AP-1,http://www.t3db.ca/biodb/bio_entities/BE0001040,P05412,Transcription factor AP-1,3725,JUN,9606,Homo sapiens (human),NULL,NULL,NULL,PMID:12907245|PMID:15498923|PMID:16111654|PMID:16555127|PMID:17126817,https://www.ncbi.nlm.nih.gov/pubmed/12907245|https://www.ncbi.nlm.nih.gov/pubmed/15498923|https://www.ncbi.nlm.nih.gov/pubmed/16111654|https://www.ncbi.nlm.nih.gov/pubmed/16555127|https://www.ncbi.nlm.nih.gov/pubmed/17126817,12907245|15498923|16111654|16555127|17126817,NULL,NULL
1242172,241903,T3DB,Vincaleukoblastine,T3D4017,Vinblastine,http://www.t3db.ca/toxins/T3D4017,BE0001340,Tubulin alpha-1A chain,http://www.t3db.ca/biodb/bio_entities/BE0001340,Q71U36,Tubulin alpha-1A chain,7846,TUBA1A,9606,Homo sapiens (human),NULL,NULL,NULL,PMID:18220533|PMID:1818332|PMID:9664292|PMID:15579115|PMID:14619954,https://www.ncbi.nlm.nih.gov/pubmed/18220533|https://www.ncbi.nlm.nih.gov/pubmed/1818332|https://www.ncbi.nlm.nih.gov/pubmed/9664292|https://www.ncbi.nlm.nih.gov/pubmed/15579115|https://www.ncbi.nlm.nih.gov/pubmed/14619954,18220533|1818332|9664292|15579115|14619954,NULL,NULL
1242173,241903,T3DB,Vincaleukoblastine,T3D4017,Vinblastine,http://www.t3db.ca/toxins/T3D4017,BE0000143,Tubulin beta chain,http://www.t3db.ca/biodb/bio_entities/BE0000143,P07437,Tubulin beta chain,203068,TUBB,9606,Homo sapiens (human),NULL,NULL,NULL,PMID:18220533|PMID:1818332|PMID:9664292|PMID:15579115|PMID:14619954,https://www.ncbi.nlm.nih.gov/pubmed/18220533|https://www.ncbi.nlm.nih.gov/pubmed/1818332|https://www.ncbi.nlm.nih.gov/pubmed/9664292|https://www.ncbi.nlm.nih.gov/pubmed/15579115|https://www.ncbi.nlm.nih.gov/pubmed/14619954,18220533|1818332|9664292|15579115|14619954,NULL,NULL
1242174,241903,T3DB,Vincaleukoblastine,T3D4017,Vinblastine,http://www.t3db.ca/toxins/T3D4017,BE0003711,Tubulin delta chain,http://www.t3db.ca/biodb/bio_entities/BE0003711,Q9UJT1,Tubulin delta chain,51174,TUBD1,9606,Homo sapiens (human),NULL,NULL,NULL,PMID:18220533|PMID:1818332|PMID:9664292|PMID:15579115|PMID:14619954,https://www.ncbi.nlm.nih.gov/pubmed/18220533|https://www.ncbi.nlm.nih.gov/pubmed/1818332|https://www.ncbi.nlm.nih.gov/pubmed/9664292|https://www.ncbi.nlm.nih.gov/pubmed/15579115|https://www.ncbi.nlm.nih.gov/pubmed/14619954,18220533|1818332|9664292|15579115|14619954,NULL,NULL
1242175,241903,T3DB,Vincaleukoblastine,T3D4017,Vinblastine,http://www.t3db.ca/toxins/T3D4017,BE0003712,Tubulin epsilon chain,http://www.t3db.ca/biodb/bio_entities/BE0003712,Q9UJT0,Tubulin epsilon chain,51175,TUBE1,9606,Homo sapiens (human),NULL,NULL,NULL,PMID:18220533|PMID:1818332|PMID:9664292|PMID:15579115|PMID:14619954,https://www.ncbi.nlm.nih.gov/pubmed/18220533|https://www.ncbi.nlm.nih.gov/pubmed/1818332|https://www.ncbi.nlm.nih.gov/pubmed/9664292|https://www.ncbi.nlm.nih.gov/pubmed/15579115|https://www.ncbi.nlm.nih.gov/pubmed/14619954,18220533|1818332|9664292|15579115|14619954,NULL,NULL
1242176,241903,T3DB,Vincaleukoblastine,T3D4017,Vinblastine,http://www.t3db.ca/toxins/T3D4017,BE0003713,Tubulin gamma-1 chain,http://www.t3db.ca/biodb/bio_entities/BE0003713,P23258,Tubulin gamma-1 chain,7283,TUBG1,9606,Homo sapiens (human),NULL,NULL,NULL,PMID:18220533|PMID:1818332|PMID:9664292|PMID:15579115|PMID:14619954,https://www.ncbi.nlm.nih.gov/pubmed/18220533|https://www.ncbi.nlm.nih.gov/pubmed/1818332|https://www.ncbi.nlm.nih.gov/pubmed/9664292|https://www.ncbi.nlm.nih.gov/pubmed/15579115|https://www.ncbi.nlm.nih.gov/pubmed/14619954,18220533|1818332|9664292|15579115|14619954,NULL,NULL
1341731,241903,BindingDB,Vincaleukoblastine,227643,Vinblastine,https://www.bindingdb.org/rwd/bind/chemsearch/marvin/MolStructure.jsp?monomerid=227643,50003653,P-gp nanodisc·BD-verapamil,https://www.bindingdb.org/jsp/dbsearch/PrimarySearch_ki.jsp?tag=com&complexid=50003653,P21447,ATP-dependent translocase ABCB1,18671,Abcb1a,10090,Mus musculus (house mouse),NULL,IC50 (nM),1.75e+4,PMID:28441502,https://www.ncbi.nlm.nih.gov/pubmed/28441502,28441502,NULL,NULL
1341732,241903,BindingDB,Vincaleukoblastine,227643,Vinblastine,https://www.bindingdb.org/rwd/bind/chemsearch/marvin/MolStructure.jsp?monomerid=227643,50003654,P-gp nanodisc·BD-vinblastine,https://www.bindingdb.org/jsp/dbsearch/PrimarySearch_ki.jsp?tag=com&complexid=50003654,P21447,ATP-dependent translocase ABCB1,18671,Abcb1a,10090,Mus musculus (house mouse),NULL,IC50 (nM),8.8e+3,PMID:28441502,https://www.ncbi.nlm.nih.gov/pubmed/28441502,28441502,NULL,NULL
