﻿id,cid,dsn,cmpdname,srccmpd,srccmpdname,srccmpdurl,srctarget,srctargetname,srctargeturl,protacxn,protname,geneid,genename,taxid,taxname,action,actname,actvalue,evids,evurls,pmids,dois,citations
   1157087,91520,CTD,Catalpol,C078040,catalpol,https://ctdbase.org/detail.go?type=chem&acc=C078040,2875,GPT,https://ctdbase.org/detail.go?type=gene&acc=2875,NULL,NULL,2875,GPT,9606,Homo sapiens (human),Catalpol inhibits the reaction [triptolide results in increased expression of GPT protein]|catalpol promotes the reaction [saponins inhibits the reaction [triptolide results in increased expression of GPT protein]]|saponins promotes the reaction [catalpol inhibits the reaction [triptolide results in increased expression of GPT protein]]|nfe2l2 protein affects the reaction [catalpol promotes the reaction [saponins inhibits the reaction [triptolide results in increased expression of GPT protein]]]|nfe2l2 protein affects the reaction [saponins promotes the reaction [catalpol inhibits the reaction [triptolide results in increased expression of GPT protein]]],NULL,NULL,PMID:30682494,https://www.ncbi.nlm.nih.gov/pubmed/30682494,30682494,NULL,NULL
1157088,91520,CTD,Catalpol,C078040,catalpol,https://ctdbase.org/detail.go?type=chem&acc=C078040,3162,HMOX1,https://ctdbase.org/detail.go?type=gene&acc=3162,NULL,NULL,3162,HMOX1,9606,Homo sapiens (human),[triptolide co-treated with catalpol] results in increased expression of HMOX1 protein|[triptolide co-treated with catalpol co-treated with saponins] results in increased expression of HMOX1 protein,NULL,NULL,PMID:30682494,https://www.ncbi.nlm.nih.gov/pubmed/30682494,30682494,NULL,NULL
1157089,91520,CTD,Catalpol,C078040,catalpol,https://ctdbase.org/detail.go?type=chem&acc=C078040,3458,IFNG,https://ctdbase.org/detail.go?type=gene&acc=3458,NULL,NULL,3458,IFNG,10090,Mus musculus (house mouse),Catalpol inhibits the reaction [[lipopolysaccharides co-treated with IFNG protein] results in increased chemical synthesis of nitric oxide]|catalpol inhibits the reaction [[lipopolysaccharides co-treated with IFNG protein] results in increased activity of NOS2 protein]|catalpol results in decreased susceptibility to [lipopolysaccharides co-treated with IFNG protein]|catalpol inhibits the reaction [[lipopolysaccharides co-treated with IFNG protein] results in increased expression of PTGS2 mrna]|catalpol inhibits the reaction [[lipopolysaccharides co-treated with IFNG protein] results in increased expression of TLR4 mrna]|catalpol inhibits the reaction [[lipopolysaccharides co-treated with IFNG protein] results in increased expression of NOS2 mrna]|catalpol inhibits the reaction [[lipopolysaccharides co-treated with IFNG protein] results in increased chemical synthesis of reactive oxygen species],NULL,NULL,PMID:23164921,https://www.ncbi.nlm.nih.gov/pubmed/23164921,23164921,NULL,NULL
1157090,91520,CTD,Catalpol,C078040,catalpol,https://ctdbase.org/detail.go?type=chem&acc=C078040,3553,IL1B,https://ctdbase.org/detail.go?type=gene&acc=3553,NULL,NULL,3553,IL1B,10090,Mus musculus (house mouse),Catalpol inhibits the reaction [galactose results in increased expression of IL1B protein],NULL,NULL,PMID:23612000,https://www.ncbi.nlm.nih.gov/pubmed/23612000,23612000,NULL,NULL
1157091,91520,CTD,Catalpol,C078040,catalpol,https://ctdbase.org/detail.go?type=chem&acc=C078040,4780,NFE2L2,https://ctdbase.org/detail.go?type=gene&acc=4780,NULL,NULL,4780,NFE2L2,9606,Homo sapiens (human),Catalpol inhibits the reaction [triptolide results in decreased expression of NFE2L2 mrna]|catalpol inhibits the reaction [saponins inhibits the reaction [triptolide results in decreased phosphorylation of NFE2L2 protein]]|[catalpol co-treated with triptolide] affects the localization of NFE2L2 protein|[triptolide co-treated with catalpol] results in increased expression of NFE2L2 protein|saponins promotes the reaction [[triptolide co-treated with catalpol] results in increased expression of NFE2L2 protein]|saponins promotes the reaction [catalpol inhibits the reaction [triptolide results in decreased expression of NFE2L2 mrna]]|[catalpol co-treated with saponins co-treated with triptolide] affects the localization of NFE2L2 protein|nfe2l2 protein affects the reaction [catalpol promotes the reaction [saponins inhibits the reaction [triptolide results in increased expression of GPT protein]]]|nfe2l2 protein affects the reaction [saponins promotes the reaction [catalpol inhibits the reaction [triptolide results in increased expression of GPT protein]]],NULL,NULL,PMID:30682494,https://www.ncbi.nlm.nih.gov/pubmed/30682494,30682494,NULL,NULL
1157261,91520,CTD,Catalpol,C078040,catalpol,https://ctdbase.org/detail.go?type=chem&acc=C078040,4843,NOS2,https://ctdbase.org/detail.go?type=gene&acc=4843,NULL,NULL,4843,NOS2,10090,Mus musculus (house mouse),Catalpol inhibits the reaction [[lipopolysaccharides co-treated with IFNG protein] results in increased activity of NOS2 protein]|catalpol inhibits the reaction [[lipopolysaccharides co-treated with IFNG protein] results in increased expression of NOS2 mrna],NULL,NULL,PMID:23164921,https://www.ncbi.nlm.nih.gov/pubmed/23164921,23164921,NULL,NULL
1157262,91520,CTD,Catalpol,C078040,catalpol,https://ctdbase.org/detail.go?type=chem&acc=C078040,1728,NQO1,https://ctdbase.org/detail.go?type=gene&acc=1728,NULL,NULL,1728,NQO1,9606,Homo sapiens (human),Saponins promotes the reaction [[triptolide co-treated with catalpol] results in increased expression of NQO1 protein]|[triptolide co-treated with catalpol] results in increased expression of NQO1 protein|catalpol promotes the reaction [[triptolide co-treated with saponins] results in increased expression of NQO1 protein],NULL,NULL,PMID:30682494,https://www.ncbi.nlm.nih.gov/pubmed/30682494,30682494,NULL,NULL
1157263,91520,CTD,Catalpol,C078040,catalpol,https://ctdbase.org/detail.go?type=chem&acc=C078040,5743,PTGS2,https://ctdbase.org/detail.go?type=gene&acc=5743,NULL,NULL,5743,PTGS2,10090,Mus musculus (house mouse),Catalpol inhibits the reaction [[lipopolysaccharides co-treated with IFNG protein] results in increased expression of PTGS2 mrna],NULL,NULL,PMID:23164921,https://www.ncbi.nlm.nih.gov/pubmed/23164921,23164921,NULL,NULL
1157264,91520,CTD,Catalpol,C078040,catalpol,https://ctdbase.org/detail.go?type=chem&acc=C078040,7099,TLR4,https://ctdbase.org/detail.go?type=gene&acc=7099,NULL,NULL,7099,TLR4,10090,Mus musculus (house mouse),Catalpol inhibits the reaction [[lipopolysaccharides co-treated with IFNG protein] results in increased expression of TLR4 mrna],NULL,NULL,PMID:23164921,https://www.ncbi.nlm.nih.gov/pubmed/23164921,23164921,NULL,NULL
1157265,91520,CTD,Catalpol,C078040,catalpol,https://ctdbase.org/detail.go?type=chem&acc=C078040,7124,TNF,https://ctdbase.org/detail.go?type=gene&acc=7124,NULL,NULL,7124,TNF,10090,Mus musculus (house mouse),Catalpol inhibits the reaction [galactose results in increased expression of TNF protein],NULL,NULL,PMID:23612000,https://www.ncbi.nlm.nih.gov/pubmed/23612000,23612000,NULL,NULL
1157266,91520,CTD,Catalpol,C078040,catalpol,https://ctdbase.org/detail.go?type=chem&acc=C078040,43,ACHE,https://ctdbase.org/detail.go?type=gene&acc=43,NULL,NULL,43,ACHE,10090,Mus musculus (house mouse),Catalpol inhibits the reaction [galactose results in increased activity of ACHE protein],NULL,NULL,PMID:23612000,https://www.ncbi.nlm.nih.gov/pubmed/23612000,23612000,NULL,NULL
1157267,91520,CTD,Catalpol,C078040,catalpol,https://ctdbase.org/detail.go?type=chem&acc=C078040,1103,CHAT,https://ctdbase.org/detail.go?type=gene&acc=1103,NULL,NULL,1103,CHAT,10090,Mus musculus (house mouse),Catalpol inhibits the reaction [galactose results in decreased activity of CHAT protein],NULL,NULL,PMID:23612000,https://www.ncbi.nlm.nih.gov/pubmed/23612000,23612000,NULL,NULL
1157268,91520,CTD,Catalpol,C078040,catalpol,https://ctdbase.org/detail.go?type=chem&acc=C078040,1128,CHRM1,https://ctdbase.org/detail.go?type=gene&acc=1128,NULL,NULL,1128,CHRM1,10090,Mus musculus (house mouse),Catalpol inhibits the reaction [galactose results in decreased expression of CHRM1 protein],NULL,NULL,PMID:23612000,https://www.ncbi.nlm.nih.gov/pubmed/23612000,23612000,NULL,NULL
