﻿id,cid,dsn,cmpdname,srccmpd,srccmpdname,srccmpdurl,srctarget,srctargetname,srctargeturl,protacxn,protname,geneid,genename,taxid,taxname,action,actname,actvalue,evids,evurls,pmids,dois,citations
   662419,378227,DGIdb,Hortiacine,NULL,CHEMBL85826,https://www.dgidb.org/drugs/CHEMBL85826,NULL,RELA,https://www.dgidb.org/genes/RELA,NULL,NULL,5970,RELA,9606,Homo sapiens (human),NULL,NULL,NULL,NULL,NULL,NULL,NULL,NULL
1223879,378227,DGIdb,Hortiacine,NULL,CHEMBL85826,https://www.dgidb.org/drugs/CHEMBL85826,NULL,RAB9A,https://www.dgidb.org/genes/RAB9A,NULL,NULL,9367,RAB9A,9606,Homo sapiens (human),NULL,NULL,NULL,NULL,NULL,NULL,NULL,NULL
1233514,378227,DGIdb,Hortiacine,NULL,CHEMBL85826,https://www.dgidb.org/drugs/CHEMBL85826,NULL,NPC1,https://www.dgidb.org/genes/NPC1,NULL,NULL,4864,NPC1,9606,Homo sapiens (human),NULL,NULL,NULL,NULL,NULL,NULL,NULL,NULL
1322713,378227,DGIdb,Hortiacine,NULL,CHEMBL85826,https://www.dgidb.org/drugs/CHEMBL85826,NULL,NFKB1,https://www.dgidb.org/genes/NFKB1,NULL,NULL,4790,NFKB1,9606,Homo sapiens (human),NULL,NULL,NULL,NULL,NULL,NULL,NULL,NULL
1322714,378227,DGIdb,Hortiacine,NULL,CHEMBL85826,https://www.dgidb.org/drugs/CHEMBL85826,NULL,NFKB2,https://www.dgidb.org/genes/NFKB2,NULL,NULL,4791,NFKB2,9606,Homo sapiens (human),NULL,NULL,NULL,NULL,NULL,NULL,NULL,NULL
1334891,378227,DGIdb,Hortiacine,NULL,CHEMBL85826,https://www.dgidb.org/drugs/CHEMBL85826,NULL,STAT1,https://www.dgidb.org/genes/STAT1,NULL,NULL,6772,STAT1,9606,Homo sapiens (human),NULL,NULL,NULL,NULL,NULL,NULL,NULL,NULL
1347443,378227,DGIdb,Hortiacine,NULL,CHEMBL85826,https://www.dgidb.org/drugs/CHEMBL85826,NULL,ESR1,https://www.dgidb.org/genes/ESR1,NULL,NULL,2099,ESR1,9606,Homo sapiens (human),NULL,NULL,NULL,NULL,NULL,NULL,NULL,NULL
1845451,378227,DGIdb,Hortiacine,NULL,CHEMBL85826,https://www.dgidb.org/drugs/CHEMBL85826,NULL,SMN1,https://www.dgidb.org/genes/SMN1,NULL,NULL,6606,SMN1,9606,Homo sapiens (human),NULL,NULL,NULL,NULL,NULL,NULL,NULL,NULL
1845452,378227,DGIdb,Hortiacine,NULL,CHEMBL85826,https://www.dgidb.org/drugs/CHEMBL85826,NULL,SMN2,https://www.dgidb.org/genes/SMN2,NULL,NULL,6607,SMN2,9606,Homo sapiens (human),NULL,NULL,NULL,NULL,NULL,NULL,NULL,NULL
