﻿taxname,pwacc,name,pwtype,category,url,source,srcid,externalid,extid,taxid,core,cids,geneids,protacxns,pmids,ecs,annotation
   NULL,BioCyc:META_PWY-6011,amygdalin and prunasin degradation,conserved,pathway,https://biocyc.org/META/NEW-IMAGE?object=PWY-6011,BioCyc,1,META_PWY-6011,PWY-6011,NULL,1,125|240|242|244|768|962|5793|119033|656516|9548674|24916955,NULL,NULL,12232341,NULL,NULL
NULL,BioCyc:META_PWY-7824,prunasin and amygdalin biosynthesis,conserved,pathway,https://biocyc.org/META/NEW-IMAGE?object=PWY-7824,BioCyc,1,META_PWY-7824,PWY-7824,NULL,1,280|962|977|1038|8794|119033|656516|5939523|6925665|9548674|9638853|16667346|20056717|45266743|46878439,NULL,B2XBQ5,10799553|25015725,2.4.1.354,NULL
NULL,PlantCyc:PLANT_PWY-6011,amygdalin and prunasin degradation,conserved,pathway,https://pmn.plantcyc.org/PLANT/new-image?object=PWY-6011,PlantCyc,12,PLANT_PWY-6011,PWY-6011,NULL,1,240|243|244|768|962|64689|119033|656516|9548674,NULL,NULL,12232341|16652959,NULL,NULL
NULL,PlantCyc:PLANT_PWY-7824,prunasin and amygdalin biosynthesis,conserved,pathway,https://pmn.plantcyc.org/PLANT/new-image?object=PWY-7824,PlantCyc,12,PLANT_PWY-7824,PWY-7824,NULL,1,280|962|977|1038|8794|119033|656516|5939523|6925665|9548674|9638853|16667346|20056717|45266743|46878439,NULL,NULL,25015725,NULL,NULL
