﻿id,cid,dsn,cmpdname,srccmpd,srccmpdname,srccmpdurl,srctarget,srctargetname,srctargeturl,protacxn,protname,geneid,genename,taxid,taxname,action,actname,actvalue,evids,evurls,pmids,dois,citations
   2019089,76336194,CTD,alisol A 24-acetate,C457233,alisol A 24-acetate,https://ctdbase.org/detail.go?type=chem&acc=C457233,31,ACACA,https://ctdbase.org/detail.go?type=gene&acc=31,NULL,NULL,31,ACACA,10090,Mus musculus (house mouse),"Pregna-4,17-diene-3,16-dione inhibits the reaction [alisol A 24-acetate inhibits the reaction [[methionine deficiency co-treated with choline deficiency] results in increased expression of ACACA protein]]|alisol A 24-acetate inhibits the reaction [[methionine deficiency co-treated with choline deficiency] results in increased expression of ACACA protein]",NULL,NULL,PMID:27773935,https://www.ncbi.nlm.nih.gov/pubmed/27773935,27773935,NULL,NULL
2019090,76336194,CTD,alisol A 24-acetate,C457233,alisol A 24-acetate,https://ctdbase.org/detail.go?type=chem&acc=C457233,35,ACADS,https://ctdbase.org/detail.go?type=gene&acc=35,NULL,NULL,35,ACADS,10090,Mus musculus (house mouse),"Pregna-4,17-diene-3,16-dione inhibits the reaction [alisol A 24-acetate inhibits the reaction [[methionine deficiency co-treated with choline deficiency] results in decreased expression of ACADS mrna]]|alisol A 24-acetate inhibits the reaction [[methionine deficiency co-treated with choline deficiency] results in decreased expression of ACADS mrna]",NULL,NULL,PMID:27773935,https://www.ncbi.nlm.nih.gov/pubmed/27773935,27773935,NULL,NULL
2019091,76336194,CTD,alisol A 24-acetate,C457233,alisol A 24-acetate,https://ctdbase.org/detail.go?type=chem&acc=C457233,59,ACTA2,https://ctdbase.org/detail.go?type=gene&acc=59,NULL,NULL,59,ACTA2,10090,Mus musculus (house mouse),Alisol A 24-acetate inhibits the reaction [[choline deficiency co-treated with methionine deficiency] results in increased expression of ACTA2 mrna]|alisol A 24-acetate inhibits the reaction [[choline deficiency co-treated with methionine deficiency] results in increased expression of ACTA2 protein],NULL,NULL,PMID:29883724,https://www.ncbi.nlm.nih.gov/pubmed/29883724,29883724,NULL,NULL
2019092,76336194,CTD,alisol A 24-acetate,C457233,alisol A 24-acetate,https://ctdbase.org/detail.go?type=chem&acc=C457233,59,ACTA2,https://ctdbase.org/detail.go?type=gene&acc=59,NULL,NULL,59,ACTA2,10090,Mus musculus (house mouse),Alisol A 24-acetate inhibits the reaction [[methionine deficiency co-treated with choline deficiency] results in increased expression of ACTA2 mrna],NULL,NULL,PMID:27773935,https://www.ncbi.nlm.nih.gov/pubmed/27773935,27773935,NULL,NULL
2019093,76336194,CTD,alisol A 24-acetate,C457233,alisol A 24-acetate,https://ctdbase.org/detail.go?type=chem&acc=C457233,345,APOC3,https://ctdbase.org/detail.go?type=gene&acc=345,NULL,NULL,345,APOC3,10090,Mus musculus (house mouse),Alisol A 24-acetate inhibits the reaction [[methionine deficiency co-treated with choline deficiency] results in increased expression of APOC3 mrna],NULL,NULL,PMID:27773935,https://www.ncbi.nlm.nih.gov/pubmed/27773935,27773935,NULL,NULL
2019094,76336194,CTD,alisol A 24-acetate,C457233,alisol A 24-acetate,https://ctdbase.org/detail.go?type=chem&acc=C457233,6347,CCL2,https://ctdbase.org/detail.go?type=gene&acc=6347,NULL,NULL,6347,CCL2,10090,Mus musculus (house mouse),Alisol A 24-acetate inhibits the reaction [[choline deficiency co-treated with methionine deficiency] results in increased expression of CCL2 mrna]|alisol A 24-acetate inhibits the reaction [[choline deficiency co-treated with methionine deficiency] results in increased expression of CCL2 protein]|chenodeoxycholic acid affects the reaction [alisol A 24-acetate inhibits the reaction [[choline deficiency co-treated with methionine deficiency] results in increased expression of CCL2 mrna]],NULL,NULL,PMID:29883724,https://www.ncbi.nlm.nih.gov/pubmed/29883724,29883724,NULL,NULL
2019095,76336194,CTD,alisol A 24-acetate,C457233,alisol A 24-acetate,https://ctdbase.org/detail.go?type=chem&acc=C457233,6347,CCL2,https://ctdbase.org/detail.go?type=gene&acc=6347,NULL,NULL,6347,CCL2,10090,Mus musculus (house mouse),Alisol A 24-acetate inhibits the reaction [[methionine deficiency co-treated with choline deficiency] results in increased expression of CCL2 mrna]|alisol A 24-acetate inhibits the reaction [[methionine deficiency co-treated with choline deficiency] results in increased expression of CCL2 protein],NULL,NULL,PMID:27773935,https://www.ncbi.nlm.nih.gov/pubmed/27773935,27773935,NULL,NULL
2019096,76336194,CTD,alisol A 24-acetate,C457233,alisol A 24-acetate,https://ctdbase.org/detail.go?type=chem&acc=C457233,1277,COL1A1,https://ctdbase.org/detail.go?type=gene&acc=1277,NULL,NULL,1277,COL1A1,10090,Mus musculus (house mouse),Alisol A 24-acetate inhibits the reaction [[methionine deficiency co-treated with choline deficiency] results in increased expression of COL1A1 mrna],NULL,NULL,PMID:27773935,https://www.ncbi.nlm.nih.gov/pubmed/27773935,27773935,NULL,NULL
2019097,76336194,CTD,alisol A 24-acetate,C457233,alisol A 24-acetate,https://ctdbase.org/detail.go?type=chem&acc=C457233,1278,COL1A2,https://ctdbase.org/detail.go?type=gene&acc=1278,NULL,NULL,1278,COL1A2,10090,Mus musculus (house mouse),Alisol A 24-acetate inhibits the reaction [[methionine deficiency co-treated with choline deficiency] results in increased expression of COL1A2 mrna],NULL,NULL,PMID:27773935,https://www.ncbi.nlm.nih.gov/pubmed/27773935,27773935,NULL,NULL
2019098,76336194,CTD,alisol A 24-acetate,C457233,alisol A 24-acetate,https://ctdbase.org/detail.go?type=chem&acc=C457233,1374,CPT1A,https://ctdbase.org/detail.go?type=gene&acc=1374,NULL,NULL,1374,CPT1A,10090,Mus musculus (house mouse),"Alisol A 24-acetate inhibits the reaction [[methionine deficiency co-treated with choline deficiency] results in decreased expression of CPT1A mrna]|pregna-4,17-diene-3,16-dione inhibits the reaction [alisol A 24-acetate inhibits the reaction [[methionine deficiency co-treated with choline deficiency] results in decreased expression of CPT1A mrna]]",NULL,NULL,PMID:27773935,https://www.ncbi.nlm.nih.gov/pubmed/27773935,27773935,NULL,NULL
2019099,76336194,CTD,alisol A 24-acetate,C457233,alisol A 24-acetate,https://ctdbase.org/detail.go?type=chem&acc=C457233,2919,CXCL1,https://ctdbase.org/detail.go?type=gene&acc=2919,NULL,NULL,2919,CXCL1,10090,Mus musculus (house mouse),Alisol A 24-acetate inhibits the reaction [[methionine deficiency co-treated with choline deficiency] results in increased expression of CXCL1 protein],NULL,NULL,PMID:27773935,https://www.ncbi.nlm.nih.gov/pubmed/27773935,27773935,NULL,NULL
2019100,76336194,CTD,alisol A 24-acetate,C457233,alisol A 24-acetate,https://ctdbase.org/detail.go?type=chem&acc=C457233,2194,FASN,https://ctdbase.org/detail.go?type=gene&acc=2194,NULL,NULL,2194,FASN,10090,Mus musculus (house mouse),"Alisol A 24-acetate inhibits the reaction [[methionine deficiency co-treated with choline deficiency] results in increased expression of FASN protein]|pregna-4,17-diene-3,16-dione inhibits the reaction [alisol A 24-acetate inhibits the reaction [[methionine deficiency co-treated with choline deficiency] results in increased expression of FASN protein]]",NULL,NULL,PMID:27773935,https://www.ncbi.nlm.nih.gov/pubmed/27773935,27773935,NULL,NULL
2019101,76336194,CTD,alisol A 24-acetate,C457233,alisol A 24-acetate,https://ctdbase.org/detail.go?type=chem&acc=C457233,2875,GPT,https://ctdbase.org/detail.go?type=gene&acc=2875,NULL,NULL,2875,GPT,10090,Mus musculus (house mouse),Alisol A 24-acetate inhibits the reaction [[methionine deficiency co-treated with choline deficiency] results in increased expression of GPT protein],NULL,NULL,PMID:27773935,https://www.ncbi.nlm.nih.gov/pubmed/27773935,27773935,NULL,NULL
2019102,76336194,CTD,alisol A 24-acetate,C457233,alisol A 24-acetate,https://ctdbase.org/detail.go?type=chem&acc=C457233,3553,IL1B,https://ctdbase.org/detail.go?type=gene&acc=3553,NULL,NULL,3553,IL1B,10090,Mus musculus (house mouse),Alisol A 24-acetate inhibits the reaction [[choline deficiency co-treated with methionine deficiency] results in increased expression of IL1B protein]|alisol A 24-acetate inhibits the reaction [[choline deficiency co-treated with methionine deficiency] results in increased expression of IL1B mrna]|chenodeoxycholic acid affects the reaction [alisol A 24-acetate inhibits the reaction [[choline deficiency co-treated with methionine deficiency] results in increased expression of IL1B mrna]],NULL,NULL,PMID:29883724,https://www.ncbi.nlm.nih.gov/pubmed/29883724,29883724,NULL,NULL
2019103,76336194,CTD,alisol A 24-acetate,C457233,alisol A 24-acetate,https://ctdbase.org/detail.go?type=chem&acc=C457233,3569,IL6,https://ctdbase.org/detail.go?type=gene&acc=3569,NULL,NULL,3569,IL6,10090,Mus musculus (house mouse),Alisol A 24-acetate inhibits the reaction [[choline deficiency co-treated with methionine deficiency] results in increased expression of IL6 mrna],NULL,NULL,PMID:29883724,https://www.ncbi.nlm.nih.gov/pubmed/29883724,29883724,NULL,NULL
2019104,76336194,CTD,alisol A 24-acetate,C457233,alisol A 24-acetate,https://ctdbase.org/detail.go?type=chem&acc=C457233,4023,LPL,https://ctdbase.org/detail.go?type=gene&acc=4023,NULL,NULL,4023,LPL,10090,Mus musculus (house mouse),"Alisol A 24-acetate inhibits the reaction [[methionine deficiency co-treated with choline deficiency] results in decreased expression of LPL mrna]|pregna-4,17-diene-3,16-dione inhibits the reaction [alisol A 24-acetate inhibits the reaction [[methionine deficiency co-treated with choline deficiency] results in decreased expression of LPL mrna]]",NULL,NULL,PMID:27773935,https://www.ncbi.nlm.nih.gov/pubmed/27773935,27773935,NULL,NULL
2019105,76336194,CTD,alisol A 24-acetate,C457233,alisol A 24-acetate,https://ctdbase.org/detail.go?type=chem&acc=C457233,4313,MMP2,https://ctdbase.org/detail.go?type=gene&acc=4313,NULL,NULL,4313,MMP2,10090,Mus musculus (house mouse),Alisol A 24-acetate inhibits the reaction [[methionine deficiency co-treated with choline deficiency] results in increased expression of MMP2 mrna],NULL,NULL,PMID:27773935,https://www.ncbi.nlm.nih.gov/pubmed/27773935,27773935,NULL,NULL
2019106,76336194,CTD,alisol A 24-acetate,C457233,alisol A 24-acetate,https://ctdbase.org/detail.go?type=chem&acc=C457233,5465,PPARA,https://ctdbase.org/detail.go?type=gene&acc=5465,NULL,NULL,5465,PPARA,10090,Mus musculus (house mouse),"Alisol A 24-acetate inhibits the reaction [[methionine deficiency co-treated with choline deficiency] results in decreased expression of PPARA mrna]|pregna-4,17-diene-3,16-dione inhibits the reaction [alisol A 24-acetate inhibits the reaction [[methionine deficiency co-treated with choline deficiency] results in decreased expression of PPARA mrna]]",NULL,NULL,PMID:27773935,https://www.ncbi.nlm.nih.gov/pubmed/27773935,27773935,NULL,NULL
2019107,76336194,CTD,alisol A 24-acetate,C457233,alisol A 24-acetate,https://ctdbase.org/detail.go?type=chem&acc=C457233,20249,SCD1,https://ctdbase.org/detail.go?type=gene&acc=20249,NULL,NULL,20249,Scd1,10090,Mus musculus (house mouse),"Alisol A 24-acetate inhibits the reaction [[methionine deficiency co-treated with choline deficiency] results in increased expression of SCD1 protein]|pregna-4,17-diene-3,16-dione inhibits the reaction [alisol A 24-acetate inhibits the reaction [[methionine deficiency co-treated with choline deficiency] results in increased expression of SCD1 protein]]",NULL,NULL,PMID:27773935,https://www.ncbi.nlm.nih.gov/pubmed/27773935,27773935,NULL,NULL
2019108,76336194,CTD,alisol A 24-acetate,C457233,alisol A 24-acetate,https://ctdbase.org/detail.go?type=chem&acc=C457233,6720,SREBF1,https://ctdbase.org/detail.go?type=gene&acc=6720,NULL,NULL,6720,SREBF1,10090,Mus musculus (house mouse),"Pregna-4,17-diene-3,16-dione inhibits the reaction [alisol A 24-acetate inhibits the reaction [[methionine deficiency co-treated with choline deficiency] results in increased expression of SREBF1 protein]]|alisol A 24-acetate inhibits the reaction [[methionine deficiency co-treated with choline deficiency] results in increased expression of SREBF1 protein]",NULL,NULL,PMID:27773935,https://www.ncbi.nlm.nih.gov/pubmed/27773935,27773935,NULL,NULL
2019109,76336194,CTD,alisol A 24-acetate,C457233,alisol A 24-acetate,https://ctdbase.org/detail.go?type=chem&acc=C457233,7040,TGFB1,https://ctdbase.org/detail.go?type=gene&acc=7040,NULL,NULL,7040,TGFB1,10090,Mus musculus (house mouse),Alisol A 24-acetate inhibits the reaction [[choline deficiency co-treated with methionine deficiency] results in increased expression of TGFB1 mrna]|chenodeoxycholic acid inhibits the reaction [alisol A 24-acetate inhibits the reaction [[choline deficiency co-treated with methionine deficiency] results in increased expression of TGFB1 mrna]]|alisol A 24-acetate inhibits the reaction [[choline deficiency co-treated with methionine deficiency] results in increased expression of TGFB1 protein],NULL,NULL,PMID:29883724,https://www.ncbi.nlm.nih.gov/pubmed/29883724,29883724,NULL,NULL
2019110,76336194,CTD,alisol A 24-acetate,C457233,alisol A 24-acetate,https://ctdbase.org/detail.go?type=chem&acc=C457233,7040,TGFB1,https://ctdbase.org/detail.go?type=gene&acc=7040,NULL,NULL,7040,TGFB1,10090,Mus musculus (house mouse),Alisol A 24-acetate inhibits the reaction [[methionine deficiency co-treated with choline deficiency] results in increased expression of TGFB1 mrna],NULL,NULL,PMID:27773935,https://www.ncbi.nlm.nih.gov/pubmed/27773935,27773935,NULL,NULL
2019111,76336194,CTD,alisol A 24-acetate,C457233,alisol A 24-acetate,https://ctdbase.org/detail.go?type=chem&acc=C457233,7076,TIMP1,https://ctdbase.org/detail.go?type=gene&acc=7076,NULL,NULL,7076,TIMP1,10090,Mus musculus (house mouse),Chenodeoxycholic acid affects the reaction [alisol A 24-acetate inhibits the reaction [[choline deficiency co-treated with methionine deficiency] results in increased expression of TIMP1 mrna]]|alisol A 24-acetate inhibits the reaction [[choline deficiency co-treated with methionine deficiency] results in increased expression of TIMP1 mrna],NULL,NULL,PMID:29883724,https://www.ncbi.nlm.nih.gov/pubmed/29883724,29883724,NULL,NULL
2019112,76336194,CTD,alisol A 24-acetate,C457233,alisol A 24-acetate,https://ctdbase.org/detail.go?type=chem&acc=C457233,7076,TIMP1,https://ctdbase.org/detail.go?type=gene&acc=7076,NULL,NULL,7076,TIMP1,10090,Mus musculus (house mouse),Alisol A 24-acetate inhibits the reaction [[methionine deficiency co-treated with choline deficiency] results in increased expression of TIMP1 mrna],NULL,NULL,PMID:27773935,https://www.ncbi.nlm.nih.gov/pubmed/27773935,27773935,NULL,NULL
