﻿id,cid,dsn,cmpdname,srccmpd,srccmpdname,srccmpdurl,srctarget,srctargetname,srctargeturl,protacxn,protname,geneid,genename,taxid,taxname,action,actname,actvalue,evids,evurls,pmids,dois,citations
   656889,257278,DGIdb,Coronopilin,NULL,CORONOPILIN,https://www.dgidb.org/drugs/CORONOPILIN,NULL,GMNN,https://www.dgidb.org/genes/GMNN,NULL,NULL,51053,GMNN,9606,Homo sapiens (human),NULL,NULL,NULL,NULL,NULL,NULL,NULL,NULL
1152188,257278,DGIdb,Coronopilin,NULL,CORONOPILIN,https://www.dgidb.org/drugs/CORONOPILIN,NULL,PAX8,https://www.dgidb.org/genes/PAX8,NULL,NULL,7849,PAX8,9606,Homo sapiens (human),NULL,NULL,NULL,NULL,NULL,NULL,NULL,NULL
1227367,257278,DGIdb,Coronopilin,NULL,CORONOPILIN,https://www.dgidb.org/drugs/CORONOPILIN,NULL,CXCL8,https://www.dgidb.org/genes/CXCL8,NULL,NULL,3576,CXCL8,9606,Homo sapiens (human),NULL,NULL,NULL,NULL,NULL,NULL,NULL,NULL
1317297,257278,DGIdb,Coronopilin,NULL,CORONOPILIN,https://www.dgidb.org/drugs/CORONOPILIN,NULL,GLP1R,https://www.dgidb.org/genes/GLP1R,NULL,NULL,2740,GLP1R,9606,Homo sapiens (human),NULL,NULL,NULL,NULL,NULL,NULL,NULL,NULL
