﻿id,cid,dsn,cmpdname,srccmpd,srccmpdname,srccmpdurl,srctarget,srctargetname,srctargeturl,protacxn,protname,geneid,genename,taxid,taxname,action,actname,actvalue,evids,evurls,pmids,dois,citations
   542223,6199,TTD,Psoralen,D00VUI,Psoralen,https://idrblab.net/ttd/data/drug/details/D00VUI,T83011,Monoamine oxidase type B (MAO-B),https://idrblab.net/ttd/data/target/details/T83011,P27338,Amine oxidase [flavin-containing] B,4129,MAOB,9606,Homo sapiens (human),Inhibitor,NULL,NULL,NULL,NULL,NULL,NULL,NULL
542224,6199,TTD,Psoralen,D00VUI,Psoralen,https://idrblab.net/ttd/data/drug/details/D00VUI,T83875,Monoamine oxidase type A (MAO-A),https://idrblab.net/ttd/data/target/details/T83875,P21397,Amine oxidase [flavin-containing] A,4128,MAOA,9606,Homo sapiens (human),Inhibitor,NULL,NULL,NULL,NULL,NULL,NULL,NULL
555091,6199,DGIdb,Psoralen,NULL,PSORALEN,https://www.dgidb.org/drugs/PSORALEN,NULL,CYP2D6,https://www.dgidb.org/genes/CYP2D6,NULL,NULL,1565,CYP2D6,9606,Homo sapiens (human),NULL,NULL,NULL,NULL,NULL,NULL,NULL,NULL
555092,6199,BindingDB,Psoralen,50331544,"7H-furo[3,2-g]chromen-7-one",https://www.bindingdb.org/rwd/bind/chemsearch/marvin/MolStructure.jsp?monomerid=50331544,10768,Papain-like protease (PLpro),https://www.bindingdb.org/rwd/jsp/dbsearch/PrimarySearch_ki.jsp?tag=pol&polymerid=10768,P0C6U8,Replicase polyprotein 1a,NULL,NULL,694009,Severe acute respiratory syndrome-related coronavirus,NULL,IC50 (nM),>1.50e+5,PMID:23323951,https://www.ncbi.nlm.nih.gov/pubmed/23323951,23323951,NULL,NULL
631889,6199,DGIdb,Psoralen,NULL,PSORALEN,https://www.dgidb.org/drugs/PSORALEN,NULL,MAOB,https://www.dgidb.org/genes/MAOB,NULL,NULL,4129,MAOB,9606,Homo sapiens (human),NULL,NULL,NULL,NULL,NULL,NULL,NULL,NULL
631890,6199,T3DB,Psoralen,T3D0825,Psoralen,http://www.t3db.ca/toxins/T3D0825,BE0001086,Nuclear factor NF-kappa-B p105 subunit,http://www.t3db.ca/biodb/bio_entities/BE0001086,P19838,Nuclear factor NF-kappa-B p105 subunit,4790,NFKB1,9606,Homo sapiens (human),NULL,NULL,NULL,PMID:20980154,https://www.ncbi.nlm.nih.gov/pubmed/20980154,20980154,NULL,NULL
631891,6199,T3DB,Psoralen,T3D0825,Psoralen,http://www.t3db.ca/toxins/T3D0825,BE0002793,Cytochrome P450 2C9,http://www.t3db.ca/biodb/bio_entities/BE0002793,P11712,Cytochrome P450 2C9 ,1559,CYP2C9,9606,Homo sapiens (human),NULL,NULL,NULL,PMID:17995595,https://www.ncbi.nlm.nih.gov/pubmed/17995595,17995595,NULL,NULL
631892,6199,T3DB,Psoralen,T3D0825,Psoralen,http://www.t3db.ca/toxins/T3D0825,BE0002638,Cytochrome P450 3A4,http://www.t3db.ca/biodb/bio_entities/BE0002638,P08684,Cytochrome P450 3A4,1576,CYP3A4,9606,Homo sapiens (human),NULL,NULL,NULL,PMID:17995595,https://www.ncbi.nlm.nih.gov/pubmed/17995595,17995595,NULL,NULL
635852,6199,DGIdb,Psoralen,NULL,PSORALEN,https://www.dgidb.org/drugs/PSORALEN,NULL,HSD17B10,https://www.dgidb.org/genes/HSD17B10,NULL,NULL,3028,HSD17B10,9606,Homo sapiens (human),NULL,NULL,NULL,NULL,NULL,NULL,NULL,NULL
691087,6199,DGIdb,Psoralen,NULL,PSORALEN,https://www.dgidb.org/drugs/PSORALEN,NULL,MAOA,https://www.dgidb.org/genes/MAOA,NULL,NULL,4128,MAOA,9606,Homo sapiens (human),NULL,NULL,NULL,NULL,NULL,NULL,NULL,NULL
734461,6199,DGIdb,Psoralen,NULL,PSORALEN,https://www.dgidb.org/drugs/PSORALEN,NULL,MPO,https://www.dgidb.org/genes/MPO,NULL,NULL,4353,MPO,9606,Homo sapiens (human),NULL,NULL,NULL,PMID:15865234,https://www.ncbi.nlm.nih.gov/pubmed/15865234,15865234,NULL,NULL
1552895,6199,CTD,Psoralen,D011564,Furocoumarins,https://ctdbase.org/detail.go?type=chem&acc=D011564,1576,CYP3A4,https://ctdbase.org/detail.go?type=gene&acc=1576,NULL,NULL,1576,CYP3A4,9606,Homo sapiens (human),Furocoumarins results in decreased activity of CYP3A4 protein,NULL,NULL,PMID:15969491,https://www.ncbi.nlm.nih.gov/pubmed/15969491,15969491,NULL,NULL
1595139,6199,DGIdb,Psoralen,NULL,PSORALEN,https://www.dgidb.org/drugs/PSORALEN,NULL,CYP2C19,https://www.dgidb.org/genes/CYP2C19,NULL,NULL,1557,CYP2C19,9606,Homo sapiens (human),NULL,NULL,NULL,NULL,NULL,NULL,NULL,NULL
1595140,6199,DGIdb,Psoralen,NULL,PSORALEN,https://www.dgidb.org/drugs/PSORALEN,NULL,CYP2C9,https://www.dgidb.org/genes/CYP2C9,NULL,NULL,1559,CYP2C9,9606,Homo sapiens (human),NULL,NULL,NULL,NULL,NULL,NULL,NULL,NULL
1598745,6199,CTD,Psoralen,D005363,Ficusin,https://ctdbase.org/detail.go?type=chem&acc=D005363,8647,ABCB11,https://ctdbase.org/detail.go?type=gene&acc=8647,NULL,NULL,8647,ABCB11,10116,Rattus norvegicus (Norway rat),Ficusin results in decreased expression of ABCB11 mrna|ficusin results in decreased expression of ABCB11 protein,NULL,NULL,PMID:30597224,https://www.ncbi.nlm.nih.gov/pubmed/30597224,30597224,NULL,NULL
1598746,6199,CTD,Psoralen,D005363,Ficusin,https://ctdbase.org/detail.go?type=chem&acc=D005363,1244,ABCC2,https://ctdbase.org/detail.go?type=gene&acc=1244,NULL,NULL,1244,ABCC2,10116,Rattus norvegicus (Norway rat),Ficusin results in decreased expression of ABCC2 mrna|ficusin results in decreased expression of ABCC2 protein,NULL,NULL,PMID:30597224,https://www.ncbi.nlm.nih.gov/pubmed/30597224,30597224,NULL,NULL
1598747,6199,CTD,Psoralen,D005363,Ficusin,https://ctdbase.org/detail.go?type=chem&acc=D005363,8714,ABCC3,https://ctdbase.org/detail.go?type=gene&acc=8714,NULL,NULL,8714,ABCC3,10116,Rattus norvegicus (Norway rat),Ficusin results in increased expression of ABCC3 protein|ficusin results in increased expression of ABCC3 mRNA,NULL,NULL,PMID:30597224,https://www.ncbi.nlm.nih.gov/pubmed/30597224,30597224,NULL,NULL
1598748,6199,CTD,Psoralen,D005363,Ficusin,https://ctdbase.org/detail.go?type=chem&acc=D005363,10257,ABCC4,https://ctdbase.org/detail.go?type=gene&acc=10257,NULL,NULL,10257,ABCC4,10090,Mus musculus (house mouse),Ficusin results in increased expression of ABCC4 protein|ficusin results in increased expression of ABCC4 mRNA,NULL,NULL,PMID:22173200,https://www.ncbi.nlm.nih.gov/pubmed/22173200,22173200,NULL,NULL
1598749,6199,CTD,Psoralen,D005363,Ficusin,https://ctdbase.org/detail.go?type=chem&acc=D005363,25,ABL1,https://ctdbase.org/detail.go?type=gene&acc=25,NULL,NULL,25,ABL1,9606,Homo sapiens (human),Ficusin binds to ABL1 protein,NULL,NULL,PMID:35597499,https://www.ncbi.nlm.nih.gov/pubmed/35597499,35597499,NULL,NULL
1598750,6199,CTD,Psoralen,D005363,Ficusin,https://ctdbase.org/detail.go?type=chem&acc=D005363,43,ACHE,https://ctdbase.org/detail.go?type=gene&acc=43,NULL,NULL,43,ACHE,9606,Homo sapiens (human),Ficusin results in decreased activity of ACHE protein,NULL,NULL,PMID:17318785,https://www.ncbi.nlm.nih.gov/pubmed/17318785,17318785,NULL,NULL
1599047,6199,CTD,Psoralen,D005363,Ficusin,https://ctdbase.org/detail.go?type=chem&acc=D005363,847,CAT,https://ctdbase.org/detail.go?type=gene&acc=847,NULL,NULL,847,CAT,10116,Rattus norvegicus (Norway rat),Ficusin inhibits the reaction [[streptozocin co-treated with dietary fats] results in decreased activity of CAT protein],NULL,NULL,PMID:27350165,https://www.ncbi.nlm.nih.gov/pubmed/27350165,27350165,NULL,NULL
1599048,6199,CTD,Psoralen,D005363,Ficusin,https://ctdbase.org/detail.go?type=chem&acc=D005363,847,CAT,https://ctdbase.org/detail.go?type=gene&acc=847,NULL,NULL,847,CAT,9606,Homo sapiens (human),CAT protein inhibits the reaction [ficusin results in decreased activity of CYP2B6 protein],NULL,NULL,PMID:26335194,https://www.ncbi.nlm.nih.gov/pubmed/26335194,26335194,NULL,NULL
1599049,6199,CTD,Psoralen,D005363,Ficusin,https://ctdbase.org/detail.go?type=chem&acc=D005363,1555,CYP2B6,https://ctdbase.org/detail.go?type=gene&acc=1555,NULL,NULL,1555,CYP2B6,9606,Homo sapiens (human),Ticlopidine inhibits the reaction [ficusin results in decreased activity of CYP2B6 protein]|cat protein inhibits the reaction [ficusin results in decreased activity of CYP2B6 protein]|ficusin results in decreased activity of CYP2B6 protein|glutathione inhibits the reaction [ficusin results in decreased activity of CYP2B6 protein],NULL,NULL,PMID:26335194,https://www.ncbi.nlm.nih.gov/pubmed/26335194,26335194,NULL,NULL
1599050,6199,CTD,Psoralen,D005363,Ficusin,https://ctdbase.org/detail.go?type=chem&acc=D005363,1571,CYP2E1,https://ctdbase.org/detail.go?type=gene&acc=1571,NULL,NULL,1571,CYP2E1,10090,Mus musculus (house mouse),Ficusin results in decreased expression of CYP2E1 protein,NULL,NULL,PMID:22173200,https://www.ncbi.nlm.nih.gov/pubmed/22173200,22173200,NULL,NULL
1599051,6199,CTD,Psoralen,D005363,Ficusin,https://ctdbase.org/detail.go?type=chem&acc=D005363,13112,CYP3A11,https://ctdbase.org/detail.go?type=gene&acc=13112,NULL,NULL,13112,Cyp3a11,10090,Mus musculus (house mouse),Ficusin results in increased expression of CYP3A11 protein,NULL,NULL,PMID:22173200,https://www.ncbi.nlm.nih.gov/pubmed/22173200,22173200,NULL,NULL
1599052,6199,CTD,Psoralen,D005363,Ficusin,https://ctdbase.org/detail.go?type=chem&acc=D005363,1581,CYP7A1,https://ctdbase.org/detail.go?type=gene&acc=1581,NULL,NULL,1581,CYP7A1,10116,Rattus norvegicus (Norway rat),Ficusin results in decreased expression of CYP7A1 protein|ficusin results in decreased expression of CYP7A1 mRNA,NULL,NULL,PMID:30597224,https://www.ncbi.nlm.nih.gov/pubmed/30597224,30597224,NULL,NULL
1599053,6199,CTD,Psoralen,D005363,Ficusin,https://ctdbase.org/detail.go?type=chem&acc=D005363,2875,GPT,https://ctdbase.org/detail.go?type=gene&acc=2875,NULL,NULL,2875,GPT,10116,Rattus norvegicus (Norway rat),Ficusin inhibits the reaction [[streptozocin co-treated with dietary fats] results in increased activity of GPT protein],NULL,NULL,PMID:27350165,https://www.ncbi.nlm.nih.gov/pubmed/27350165,27350165,NULL,NULL
1599054,6199,CTD,Psoralen,D005363,Ficusin,https://ctdbase.org/detail.go?type=chem&acc=D005363,2875,GPT,https://ctdbase.org/detail.go?type=gene&acc=2875,NULL,NULL,2875,GPT,10116,Rattus norvegicus (Norway rat),Ficusin results in increased expression of GPT protein,NULL,NULL,PMID:30597224,https://www.ncbi.nlm.nih.gov/pubmed/30597224,30597224,NULL,NULL
1599055,6199,CTD,Psoralen,D005363,Ficusin,https://ctdbase.org/detail.go?type=chem&acc=D005363,16333,INS1,https://ctdbase.org/detail.go?type=gene&acc=16333,NULL,NULL,16333,Ins1,10116,Rattus norvegicus (Norway rat),Ficusin inhibits the reaction [[streptozocin co-treated with dietary fats] results in increased expression of INS1 protein],NULL,NULL,PMID:27350165,https://www.ncbi.nlm.nih.gov/pubmed/27350165,27350165,NULL,NULL
1599056,6199,CTD,Psoralen,D005363,Ficusin,https://ctdbase.org/detail.go?type=chem&acc=D005363,2475,MTOR,https://ctdbase.org/detail.go?type=gene&acc=2475,NULL,NULL,2475,MTOR,9606,Homo sapiens (human),"Ficusin results in decreased expression of MTOR protein|[imatinib mesylate co-treated with ficusin] results in decreased expression of MTOR protein|5-(3-(4-fluorophenyl)-1-phenyl-1H-pyrazol-4-yl)-2,4-imidazolidinedione inhibits the reaction [ficusin results in decreased expression of MTOR protein]",NULL,NULL,PMID:35597499,https://www.ncbi.nlm.nih.gov/pubmed/35597499,35597499,NULL,NULL
1599362,6199,CTD,Psoralen,D005363,Ficusin,https://ctdbase.org/detail.go?type=chem&acc=D005363,4780,NFE2L2,https://ctdbase.org/detail.go?type=gene&acc=4780,NULL,NULL,4780,NFE2L2,9606,Homo sapiens (human),"[imatinib mesylate co-treated with ficusin] results in decreased expression of NFE2L2 protein|ficusin results in decreased expression of NFE2L2 protein|5-(3-(4-fluorophenyl)-1-phenyl-1H-pyrazol-4-yl)-2,4-imidazolidinedione inhibits the reaction [ficusin results in decreased expression of NFE2L2 protein]",NULL,NULL,PMID:35597499,https://www.ncbi.nlm.nih.gov/pubmed/35597499,35597499,NULL,NULL
1599363,6199,CTD,Psoralen,D005363,Ficusin,https://ctdbase.org/detail.go?type=chem&acc=D005363,9971,NR1H4,https://ctdbase.org/detail.go?type=gene&acc=9971,NULL,NULL,9971,NR1H4,10116,Rattus norvegicus (Norway rat),Ficusin results in increased expression of NR1H4 mrna|ficusin results in increased expression of NR1H4 protein,NULL,NULL,PMID:30597224,https://www.ncbi.nlm.nih.gov/pubmed/30597224,30597224,NULL,NULL
1599364,6199,CTD,Psoralen,D005363,Ficusin,https://ctdbase.org/detail.go?type=chem&acc=D005363,5468,PPARG,https://ctdbase.org/detail.go?type=gene&acc=5468,NULL,NULL,5468,PPARG,10116,Rattus norvegicus (Norway rat),Ficusin inhibits the reaction [[streptozocin co-treated with dietary fats] results in decreased expression of PPARG mrna],NULL,NULL,PMID:27350165,https://www.ncbi.nlm.nih.gov/pubmed/27350165,27350165,NULL,NULL
1599365,6199,CTD,Psoralen,D005363,Ficusin,https://ctdbase.org/detail.go?type=chem&acc=D005363,6580,SLC22A1,https://ctdbase.org/detail.go?type=gene&acc=6580,NULL,NULL,6580,SLC22A1,10090,Mus musculus (house mouse),Ficusin results in increased expression of SLC22A1 protein|ficusin results in decreased expression of SLC22A1 mRNA,NULL,NULL,PMID:22173200,https://www.ncbi.nlm.nih.gov/pubmed/22173200,22173200,NULL,NULL
1599366,6199,CTD,Psoralen,D005363,Ficusin,https://ctdbase.org/detail.go?type=chem&acc=D005363,116085,SLC22A12,https://ctdbase.org/detail.go?type=gene&acc=116085,NULL,NULL,116085,SLC22A12,10090,Mus musculus (house mouse),Ficusin results in decreased expression of SLC22A12 protein,NULL,NULL,PMID:22173200,https://www.ncbi.nlm.nih.gov/pubmed/22173200,22173200,NULL,NULL
1599367,6199,CTD,Psoralen,D005363,Ficusin,https://ctdbase.org/detail.go?type=chem&acc=D005363,6582,SLC22A2,https://ctdbase.org/detail.go?type=gene&acc=6582,NULL,NULL,6582,SLC22A2,10090,Mus musculus (house mouse),Ficusin results in increased expression of SLC22A2 mrna|ficusin results in increased expression of SLC22A2 protein,NULL,NULL,PMID:22173200,https://www.ncbi.nlm.nih.gov/pubmed/22173200,22173200,NULL,NULL
1599368,6199,CTD,Psoralen,D005363,Ficusin,https://ctdbase.org/detail.go?type=chem&acc=D005363,6583,SLC22A4,https://ctdbase.org/detail.go?type=gene&acc=6583,NULL,NULL,6583,SLC22A4,10090,Mus musculus (house mouse),Ficusin results in decreased expression of SLC22A4 mRNA,NULL,NULL,PMID:22173200,https://www.ncbi.nlm.nih.gov/pubmed/22173200,22173200,NULL,NULL
1599369,6199,CTD,Psoralen,D005363,Ficusin,https://ctdbase.org/detail.go?type=chem&acc=D005363,6584,SLC22A5,https://ctdbase.org/detail.go?type=gene&acc=6584,NULL,NULL,6584,SLC22A5,10090,Mus musculus (house mouse),Ficusin results in increased expression of SLC22A5 protein,NULL,NULL,PMID:22173200,https://www.ncbi.nlm.nih.gov/pubmed/22173200,22173200,NULL,NULL
1599370,6199,CTD,Psoralen,D005363,Ficusin,https://ctdbase.org/detail.go?type=chem&acc=D005363,9376,SLC22A8,https://ctdbase.org/detail.go?type=gene&acc=9376,NULL,NULL,9376,SLC22A8,10090,Mus musculus (house mouse),Ficusin results in decreased expression of SLC22A8 mrna|ficusin results in increased expression of SLC22A8 protein,NULL,NULL,PMID:22173200,https://www.ncbi.nlm.nih.gov/pubmed/22173200,22173200,NULL,NULL
1599371,6199,CTD,Psoralen,D005363,Ficusin,https://ctdbase.org/detail.go?type=chem&acc=D005363,6517,SLC2A4,https://ctdbase.org/detail.go?type=gene&acc=6517,NULL,NULL,6517,SLC2A4,10116,Rattus norvegicus (Norway rat),Ficusin inhibits the reaction [[streptozocin co-treated with dietary fats] results in decreased expression of SLC2A4 mrna],NULL,NULL,PMID:27350165,https://www.ncbi.nlm.nih.gov/pubmed/27350165,27350165,NULL,NULL
1599372,6199,CTD,Psoralen,D005363,Ficusin,https://ctdbase.org/detail.go?type=chem&acc=D005363,56606,SLC2A9,https://ctdbase.org/detail.go?type=gene&acc=56606,NULL,NULL,56606,SLC2A9,10090,Mus musculus (house mouse),Ficusin results in increased expression of SLC2A9 mRNA,NULL,NULL,PMID:22173200,https://www.ncbi.nlm.nih.gov/pubmed/22173200,22173200,NULL,NULL
1599683,6199,CTD,Psoralen,D005363,Ficusin,https://ctdbase.org/detail.go?type=chem&acc=D005363,6822,SULT2A1,https://ctdbase.org/detail.go?type=gene&acc=6822,NULL,NULL,6822,SULT2A1,10116,Rattus norvegicus (Norway rat),Ficusin results in decreased expression of SULT2A1 protein|ficusin results in decreased expression of SULT2A1 mRNA,NULL,NULL,PMID:30597224,https://www.ncbi.nlm.nih.gov/pubmed/30597224,30597224,NULL,NULL
1621915,6199,DGIdb,Psoralen,NULL,PSORALEN,https://www.dgidb.org/drugs/PSORALEN,NULL,CYP3A4,https://www.dgidb.org/genes/CYP3A4,NULL,NULL,1576,CYP3A4,9606,Homo sapiens (human),NULL,NULL,NULL,NULL,NULL,NULL,NULL,NULL
