﻿id,cid,dsn,cmpdname,srccmpd,srccmpdname,srccmpdurl,srctarget,srctargetname,srctargeturl,protacxn,protname,geneid,genename,taxid,taxname,action,actname,actvalue,evids,evurls,pmids,dois,citations
   1079368,5282102,DGIdb,Astragalin,NULL,ASTRAGALIN,https://www.dgidb.org/drugs/ASTRAGALIN,NULL,P4HB,https://www.dgidb.org/genes/P4HB,NULL,NULL,5034,P4HB,9606,Homo sapiens (human),NULL,NULL,NULL,NULL,NULL,NULL,NULL,NULL
1440316,5282102,CTD,Astragalin,C001579,astragalin,https://ctdbase.org/detail.go?type=chem&acc=C001579,351,APP,https://ctdbase.org/detail.go?type=gene&acc=351,NULL,NULL,351,APP,10090,Mus musculus (house mouse),Astragalin inhibits the reaction [[galactose co-treated with aluminum chloride] results in decreased expression of APP protein],NULL,NULL,PMID:35537655,https://www.ncbi.nlm.nih.gov/pubmed/35537655,35537655,NULL,NULL
1440317,5282102,CTD,Astragalin,C001579,astragalin,https://ctdbase.org/detail.go?type=chem&acc=C001579,847,CAT,https://ctdbase.org/detail.go?type=gene&acc=847,NULL,NULL,847,CAT,10090,Mus musculus (house mouse),Astragalin inhibits the reaction [[galactose co-treated with aluminum chloride] results in decreased expression of CAT protein],NULL,NULL,PMID:35537655,https://www.ncbi.nlm.nih.gov/pubmed/35537655,35537655,NULL,NULL
1440318,5282102,CTD,Astragalin,C001579,astragalin,https://ctdbase.org/detail.go?type=chem&acc=C001579,6347,CCL2,https://ctdbase.org/detail.go?type=gene&acc=6347,NULL,NULL,6347,CCL2,10090,Mus musculus (house mouse),Astragalin inhibits the reaction [lipopolysaccharides results in increased expression of CCL2 mrna],NULL,NULL,PMID:22210036,https://www.ncbi.nlm.nih.gov/pubmed/22210036,22210036,NULL,NULL
1440319,5282102,CTD,Astragalin,C001579,astragalin,https://ctdbase.org/detail.go?type=chem&acc=C001579,6348,CCL3,https://ctdbase.org/detail.go?type=gene&acc=6348,NULL,NULL,6348,CCL3,10090,Mus musculus (house mouse),Astragalin inhibits the reaction [lipopolysaccharides results in increased expression of CCL3 mrna],NULL,NULL,PMID:22210036,https://www.ncbi.nlm.nih.gov/pubmed/22210036,22210036,NULL,NULL
1440320,5282102,CTD,Astragalin,C001579,astragalin,https://ctdbase.org/detail.go?type=chem&acc=C001579,3280,HES1,https://ctdbase.org/detail.go?type=gene&acc=3280,NULL,NULL,3280,HES1,10090,Mus musculus (house mouse),Astragalin inhibits the reaction [[galactose co-treated with aluminum chloride] results in increased expression of HES1 protein],NULL,NULL,PMID:35537655,https://www.ncbi.nlm.nih.gov/pubmed/35537655,35537655,NULL,NULL
1440321,5282102,CTD,Astragalin,C001579,astragalin,https://ctdbase.org/detail.go?type=chem&acc=C001579,3586,IL10,https://ctdbase.org/detail.go?type=gene&acc=3586,NULL,NULL,3586,IL10,10090,Mus musculus (house mouse),Astragalin inhibits the reaction [[galactose co-treated with aluminum chloride] results in decreased expression of IL10 protein],NULL,NULL,PMID:35537655,https://www.ncbi.nlm.nih.gov/pubmed/35537655,35537655,NULL,NULL
1440443,5282102,CTD,Astragalin,C001579,astragalin,https://ctdbase.org/detail.go?type=chem&acc=C001579,3553,IL1B,https://ctdbase.org/detail.go?type=gene&acc=3553,NULL,NULL,3553,IL1B,10090,Mus musculus (house mouse),Astragalin inhibits the reaction [[galactose co-treated with aluminum chloride] results in increased expression of IL1B protein],NULL,NULL,PMID:35537655,https://www.ncbi.nlm.nih.gov/pubmed/35537655,35537655,NULL,NULL
1440444,5282102,CTD,Astragalin,C001579,astragalin,https://ctdbase.org/detail.go?type=chem&acc=C001579,3553,IL1B,https://ctdbase.org/detail.go?type=gene&acc=3553,NULL,NULL,3553,IL1B,10090,Mus musculus (house mouse),Astragalin inhibits the reaction [lipopolysaccharides results in increased expression of IL1B mrna],NULL,NULL,PMID:22210036,https://www.ncbi.nlm.nih.gov/pubmed/22210036,22210036,NULL,NULL
1440445,5282102,CTD,Astragalin,C001579,astragalin,https://ctdbase.org/detail.go?type=chem&acc=C001579,3569,IL6,https://ctdbase.org/detail.go?type=gene&acc=3569,NULL,NULL,3569,IL6,10090,Mus musculus (house mouse),Astragalin inhibits the reaction [[galactose co-treated with aluminum chloride] results in increased expression of IL6 protein],NULL,NULL,PMID:35537655,https://www.ncbi.nlm.nih.gov/pubmed/35537655,35537655,NULL,NULL
1440446,5282102,CTD,Astragalin,C001579,astragalin,https://ctdbase.org/detail.go?type=chem&acc=C001579,3569,IL6,https://ctdbase.org/detail.go?type=gene&acc=3569,NULL,NULL,3569,IL6,10090,Mus musculus (house mouse),Astragalin inhibits the reaction [lipopolysaccharides results in increased expression of IL6 mrna],NULL,NULL,PMID:22210036,https://www.ncbi.nlm.nih.gov/pubmed/22210036,22210036,NULL,NULL
1440447,5282102,CTD,Astragalin,C001579,astragalin,https://ctdbase.org/detail.go?type=chem&acc=C001579,4792,NFKBIA,https://ctdbase.org/detail.go?type=gene&acc=4792,NULL,NULL,4792,NFKBIA,10090,Mus musculus (house mouse),Astragalin inhibits the reaction [lipopolysaccharides results in increased degradation of NFKBIA protein],NULL,NULL,PMID:22210036,https://www.ncbi.nlm.nih.gov/pubmed/22210036,22210036,NULL,NULL
1440448,5282102,CTD,Astragalin,C001579,astragalin,https://ctdbase.org/detail.go?type=chem&acc=C001579,4843,NOS2,https://ctdbase.org/detail.go?type=gene&acc=4843,NULL,NULL,4843,NOS2,10090,Mus musculus (house mouse),Astragalin inhibits the reaction [lipopolysaccharides results in increased expression of NOS2 protein]|astragalin inhibits the reaction [lipopolysaccharides results in increased expression of NOS2 mrna],NULL,NULL,PMID:22210036,https://www.ncbi.nlm.nih.gov/pubmed/22210036,22210036,NULL,NULL
1440449,5282102,CTD,Astragalin,C001579,astragalin,https://ctdbase.org/detail.go?type=chem&acc=C001579,4851,NOTCH1,https://ctdbase.org/detail.go?type=gene&acc=4851,NULL,NULL,4851,NOTCH1,10090,Mus musculus (house mouse),Astragalin inhibits the reaction [[galactose co-treated with aluminum chloride] results in increased expression of NOTCH1 protein],NULL,NULL,PMID:35537655,https://www.ncbi.nlm.nih.gov/pubmed/35537655,35537655,NULL,NULL
1440450,5282102,CTD,Astragalin,C001579,astragalin,https://ctdbase.org/detail.go?type=chem&acc=C001579,5743,PTGS2,https://ctdbase.org/detail.go?type=gene&acc=5743,NULL,NULL,5743,PTGS2,10090,Mus musculus (house mouse),Astragalin inhibits the reaction [lipopolysaccharides results in increased expression of PTGS2 protein]|astragalin inhibits the reaction [lipopolysaccharides results in increased expression of PTGS2 mrna],NULL,NULL,PMID:22210036,https://www.ncbi.nlm.nih.gov/pubmed/22210036,22210036,NULL,NULL
1440451,5282102,CTD,Astragalin,C001579,astragalin,https://ctdbase.org/detail.go?type=chem&acc=C001579,3516,RBPJ,https://ctdbase.org/detail.go?type=gene&acc=3516,NULL,NULL,3516,RBPJ,10090,Mus musculus (house mouse),Astragalin inhibits the reaction [[galactose co-treated with aluminum chloride] results in increased expression of RBPJ protein],NULL,NULL,PMID:35537655,https://www.ncbi.nlm.nih.gov/pubmed/35537655,35537655,NULL,NULL
1440452,5282102,CTD,Astragalin,C001579,astragalin,https://ctdbase.org/detail.go?type=chem&acc=C001579,5970,RELA,https://ctdbase.org/detail.go?type=gene&acc=5970,NULL,NULL,5970,RELA,10090,Mus musculus (house mouse),Astragalin inhibits the reaction [[galactose co-treated with aluminum chloride] results in increased expression of and results in increased phosphorylation of RELA protein],NULL,NULL,PMID:35537655,https://www.ncbi.nlm.nih.gov/pubmed/35537655,35537655,NULL,NULL
1440550,5282102,CTD,Astragalin,C001579,astragalin,https://ctdbase.org/detail.go?type=chem&acc=C001579,5970,RELA,https://ctdbase.org/detail.go?type=gene&acc=5970,NULL,NULL,5970,RELA,10090,Mus musculus (house mouse),Astragalin inhibits the reaction [lipopolysaccharides results in increased localization of RELA protein],NULL,NULL,PMID:22210036,https://www.ncbi.nlm.nih.gov/pubmed/22210036,22210036,NULL,NULL
1440551,5282102,CTD,Astragalin,C001579,astragalin,https://ctdbase.org/detail.go?type=chem&acc=C001579,7124,TNF,https://ctdbase.org/detail.go?type=gene&acc=7124,NULL,NULL,7124,TNF,10090,Mus musculus (house mouse),Astragalin inhibits the reaction [[galactose co-treated with aluminum chloride] results in increased expression of TNF protein],NULL,NULL,PMID:35537655,https://www.ncbi.nlm.nih.gov/pubmed/35537655,35537655,NULL,NULL
1440552,5282102,CTD,Astragalin,C001579,astragalin,https://ctdbase.org/detail.go?type=chem&acc=C001579,7124,TNF,https://ctdbase.org/detail.go?type=gene&acc=7124,NULL,NULL,7124,TNF,10090,Mus musculus (house mouse),Astragalin inhibits the reaction [lipopolysaccharides results in increased expression of TNF mrna],NULL,NULL,PMID:22210036,https://www.ncbi.nlm.nih.gov/pubmed/22210036,22210036,NULL,NULL
1505617,5282102,TTD,Astragalin,D08BFU,ASTRAGALIN,https://idrblab.net/ttd/data/drug/details/D08BFU,T82577,Angiotensin-converting enzyme (ACE),https://idrblab.net/ttd/data/target/details/T82577,P12821,Angiotensin-converting enzyme ,1636,ACE,9606,Homo sapiens (human),Inhibitor,NULL,NULL,NULL,NULL,NULL,NULL,NULL
1505618,5282102,TTD,Astragalin,D08BFU,ASTRAGALIN,https://idrblab.net/ttd/data/drug/details/D08BFU,T26623,Aldose reductase (AKR1B1),https://idrblab.net/ttd/data/target/details/T26623,P15121,Aldo-keto reductase family 1 member B1,231,AKR1B1,9606,Homo sapiens (human),Inhibitor,NULL,NULL,NULL,NULL,NULL,NULL,NULL
1507270,5282102,BindingDB,Astragalin,226182,Kaempferol 3-O-&#946;-D-glucoside (6),https://www.bindingdb.org/rwd/bind/chemsearch/marvin/MolStructure.jsp?monomerid=226182,3619,Acetylcholinesterase,https://www.bindingdb.org/rwd/jsp/dbsearch/PrimarySearch_ki.jsp?tag=pol&polymerid=3619,P22303,Acetylcholinesterase,43,ACHE,9606,Homo sapiens (human),NULL,IC50 (nM),89610,NULL,NULL,NULL,NULL,NULL
1507271,5282102,BindingDB,Astragalin,226182,Kaempferol 3-O-&#946;-D-glucoside (6),https://www.bindingdb.org/rwd/bind/chemsearch/marvin/MolStructure.jsp?monomerid=226182,2622,Protein-tyrosine phosphatase 1B,https://www.bindingdb.org/rwd/jsp/dbsearch/PrimarySearch_ki.jsp?tag=pol&polymerid=2622,P18031,Tyrosine-protein phosphatase non-receptor type 1,5770,PTPN1,9606,Homo sapiens (human),NULL,IC50 (nM),60700,NULL,NULL,NULL,NULL,NULL
