﻿taxname,pwacc,name,pwtype,category,url,source,srcid,externalid,extid,taxid,core,cids,geneids,protacxns,pmids,ecs,annotation
   NULL,BioCyc:META_PWY-7615,"pterocarpan phytoalexins modification (maackiain, medicarpin, pisatin, phaseollin)",conserved,pathway,https://biocyc.org/META/NEW-IMAGE?object=PWY-7615,BioCyc,1,META_PWY-7615,PWY-7615,NULL,1,712|962|977|1038|6197|91510|91572|97583|101689|101795|119268|182259|336327|440593|9543463|15938972|15983949|46906035|91820006|91820058|91820221|91820368|91820462|91820592,NULL,P38364|Q01446|Q12645|Q6RX91,1521768|3065148|8071365|8076822|8208242|8709942|9683653|11485199|16348671|16348672|20214490|22066900,1.14.-.-,NULL
NULL,BioCyc:META_PWY-2561,medicarpin conjugates interconversion,conserved,pathway,https://biocyc.org/META/NEW-IMAGE?object=PWY-2561,BioCyc,1,META_PWY-2561,PWY-2561,NULL,1,962|1038|5793|9084|26623|31348|160419|336327|3647458|5459771|5459792|16667346|20056717|23724664|25113190|45266608|90659120,NULL,NULL,11413204,NULL,NULL
NULL,BioCyc:META_PWY-2463,(-)-medicarpin biosynthesis,conserved,pathway,https://biocyc.org/META/NEW-IMAGE?object=PWY-2463,BioCyc,1,META_PWY-2463,PWY-2463,NULL,1,962|977|1038|336327|439310|5280378|5280551|15938972|15983949|25202196,NULL,P52575|Q40316,7625843|7805842|7866024|8071365,1.1.1.348|1.3.1.45,NULL
NULL,BioCyc:META_PWY-5729,vestitol and sativan biosynthesis,conserved,pathway,https://biocyc.org/META/NEW-IMAGE?object=PWY-5729,BioCyc,1,META_PWY-5729,PWY-5729,NULL,1,1038|177149|336327|15938972|15983949|24762165|25246222|90658537,NULL,NULL,16996502,NULL,NULL
NULL,BioCyc:META_PWY-2229,superpathway of pterocarpan biosynthesis (via formononetin),conserved,pathway,https://biocyc.org/META/NEW-IMAGE?object=PWY-2229,BioCyc,1,META_PWY-2229,PWY-2229,NULL,1,962|977|1038|3806|10205|47576|91510|91690|101689|158331|161298|225936|336327|439310|5280378|5280448|5280551|5281708|5281805|5460705|9543463|11459958|15938972|15983949|21226146|23724666|23724668|24762165|25202196|25246222|85605044|90659191|91820072|129320486,NULL,P52575|Q40316|Q9ZPK2,4452353|7625843|7805842|8071365|9349277|12610212|16504226|16667069|17067644|17172354|24332213,1.1.1.348|1.3.1.45,NULL
NULL,BioCyc:META_PWY-5717,superpathway of formononetin derivative biosynthesis,conserved,pathway,https://biocyc.org/META/NEW-IMAGE?object=PWY-5717,BioCyc,1,META_PWY-5717,PWY-5717,NULL,1,962|977|1038|3806|5793|9084|10205|26623|31348|47576|91510|91690|158331|160419|336327|439310|442813|3647458|5280378|5280448|5280551|5281805|5459771|15938972|15983949|16667346|20056717|23724666|23724668|25113190|25202196|45266608|90657319|91820072,NULL,P52575|Q40316,7805842|8071365,1.1.1.348|1.3.1.45,NULL
NULL,PlantCyc:PLANT_PWY-5729,vestitol and sativan biosynthesis,conserved,pathway,https://pmn.plantcyc.org/PLANT/new-image?object=PWY-5729,PlantCyc,12,PLANT_PWY-5729,PWY-5729,NULL,1,1038|177149|336327|596401|15938972|15983949|24762165|25246222,NULL,NULL,16996502,NULL,NULL
NULL,PlantCyc:PLANT_PWY-2561,medicarpin conjugates interconversion,conserved,pathway,https://pmn.plantcyc.org/PLANT/new-image?object=PWY-2561,PlantCyc,12,PLANT_PWY-2561,PWY-2561,NULL,1,962|1038|9084|26623|31348|64689|160419|336327|3647458|5459792|16667346|20056717|25113190|44257429|45266608,NULL,NULL,11413204,NULL,NULL
NULL,PlantCyc:PLANT_PWY-2229,superpathway of pterocarpan biosynthesis (via formononetin),conserved,pathway,https://pmn.plantcyc.org/PLANT/new-image?object=PWY-2229,PlantCyc,12,PLANT_PWY-2229,PWY-2229,NULL,1,962|977|1038|3806|10205|47576|91690|158331|161298|225936|336327|363863|439310|4484953|5280378|5280448|5280551|5281708|5281805|5460705|11954208|15938972|15983949|21226146|23724666|23724668|24762165|25202196|25246222|44257487|90659191,NULL,NULL,7625843|7805842|8071365|12610212,NULL,NULL
NULL,PlantCyc:PLANT_PWY-2463,(-)-medicarpin biosynthesis,conserved,pathway,https://pmn.plantcyc.org/PLANT/new-image?object=PWY-2463,PlantCyc,12,PLANT_PWY-2463,PWY-2463,NULL,1,962|977|1038|336327|439310|5280378|5280551|15938972|15983949|25202196,NULL,NULL,7625843|7805842|7866024|8071365,NULL,NULL
NULL,PlantCyc:PLANT_PWY-5717,superpathway of formononetin derivative biosynthesis,conserved,pathway,https://pmn.plantcyc.org/PLANT/new-image?object=PWY-5717,PlantCyc,12,PLANT_PWY-5717,PWY-5717,NULL,1,962|977|1038|3806|9084|10205|26623|31348|47576|64689|91690|158331|160419|336327|363863|439310|3647458|5280378|5280448|5280551|5281805|15938972|15983949|16667346|20056717|23724666|23724668|25113190|25202196|44257215|45266608,NULL,NULL,6639051|7805842|7866024|11730862,NULL,NULL
Oryza sativa (Asian cultivated rice),Plant Reactome:R-OSA-1119453,Medicarpin biosynthesis,organism_specific,pathway,http://plantreactome.gramene.org/content/detail/R-OSA-1119453,Plant Reactome,8,R-OSA-1119453,R-OSA-1119453,4530,1,962|977|1038|5884|5886|336327|439310|5280378|5280551|23724655,NULL,NULL,NULL,NULL,NULL
