﻿id,cid,dsn,cmpdname,srccmpd,srccmpdname,srccmpdurl,srctarget,srctargetname,srctargeturl,protacxn,protname,geneid,genename,taxid,taxname,action,actname,actvalue,evids,evurls,pmids,dois,citations
   1259352,96539,DGIdb,Gardenin B,NULL,GARDENIN B,https://www.dgidb.org/drugs/GARDENIN B,NULL,ALDH1A1,https://www.dgidb.org/genes/ALDH1A1,NULL,NULL,216,ALDH1A1,9606,Homo sapiens (human),NULL,NULL,NULL,NULL,NULL,NULL,NULL,NULL
1855606,96539,CTD,Gardenin B,C000591222,gardenin B,https://ctdbase.org/detail.go?type=chem&acc=C000591222,596,BCL2,https://ctdbase.org/detail.go?type=gene&acc=596,NULL,NULL,596,BCL2,9606,Homo sapiens (human),Gardenin B results in decreased expression of BCL2 protein,NULL,NULL,PMID:27423764,https://www.ncbi.nlm.nih.gov/pubmed/27423764,27423764,NULL,NULL
1855607,96539,CTD,Gardenin B,C000591222,gardenin B,https://ctdbase.org/detail.go?type=chem&acc=C000591222,835,CASP2,https://ctdbase.org/detail.go?type=gene&acc=835,NULL,NULL,835,CASP2,9606,Homo sapiens (human),Gardenin B results in increased cleavage of and results in increased activity of CASP2 protein,NULL,NULL,PMID:27423764,https://www.ncbi.nlm.nih.gov/pubmed/27423764,27423764,NULL,NULL
1855608,96539,CTD,Gardenin B,C000591222,gardenin B,https://ctdbase.org/detail.go?type=chem&acc=C000591222,836,CASP3,https://ctdbase.org/detail.go?type=gene&acc=836,NULL,NULL,836,CASP3,9606,Homo sapiens (human),Gardenin B results in increased cleavage of and results in increased activity of CASP3 protein,NULL,NULL,PMID:27423764,https://www.ncbi.nlm.nih.gov/pubmed/27423764,27423764,NULL,NULL
1855609,96539,CTD,Gardenin B,C000591222,gardenin B,https://ctdbase.org/detail.go?type=chem&acc=C000591222,841,CASP8,https://ctdbase.org/detail.go?type=gene&acc=841,NULL,NULL,841,CASP8,9606,Homo sapiens (human),Gardenin B results in increased cleavage of and results in increased activity of CASP8 protein,NULL,NULL,PMID:27423764,https://www.ncbi.nlm.nih.gov/pubmed/27423764,27423764,NULL,NULL
1855610,96539,CTD,Gardenin B,C000591222,gardenin B,https://ctdbase.org/detail.go?type=chem&acc=C000591222,842,CASP9,https://ctdbase.org/detail.go?type=gene&acc=842,NULL,NULL,842,CASP9,9606,Homo sapiens (human),Gardenin B results in increased cleavage of and results in increased activity of CASP9 protein,NULL,NULL,PMID:27423764,https://www.ncbi.nlm.nih.gov/pubmed/27423764,27423764,NULL,NULL
1855611,96539,CTD,Gardenin B,C000591222,gardenin B,https://ctdbase.org/detail.go?type=chem&acc=C000591222,142,PARP1,https://ctdbase.org/detail.go?type=gene&acc=142,NULL,NULL,142,PARP1,9606,Homo sapiens (human),Gardenin B results in increased cleavage of PARP1 protein,NULL,NULL,PMID:27423764,https://www.ncbi.nlm.nih.gov/pubmed/27423764,27423764,NULL,NULL
