﻿resolution,pdbid,title,expmethod,lignme,glytoucan,cids,protacxns,geneids,pmids,dois
   0,7QIW,Specific features and methylation sites of a plant ribosome. 60S ribosomal subunit.,ELECTRON MICROSCOPY,MG|SPD|SPM|ZN|K,NULL,813|1102|1103|32051|888,P29766|P46291,544287,35643637,10.1016/j.xplc.2022.100342
1,293D,INTERACTION BETWEEN THE LEFT-HANDED Z-DNA AND POLYAMINE-2: THE CRYSTAL STRUCTURE OF THE D(CG)3 AND SPERMIDINE COMPLEX,X-RAY DIFFRACTION,MG|SPD|NA,NULL,923|1102|888,NULL,NULL,8706905,10.1016/0014-5793(96)00723-5
1,2ELG,The rare crystallographic structure of d(CGCGCG)2: The natural spermidine molecule bound to the minor groove of left-handed Z-DNA d(CGCGCG)2 at 10 degree celsius,X-RAY DIFFRACTION,MG|SPD|NA,NULL,923|1102|888,NULL,NULL,17467661,10.1016/j.bbrc.2007.04.026
1.2,7XIH,"Crystal structure of the aminopropyltransferase, SpeE from hyperthermophilic crenarchaeon, Pyrobaculum calidifontis in complex with 5'-methylthioadenosine (MTA) and spermidine",X-RAY DIFFRACTION,SPD|MTA,NULL,1102|439176,A3MU81,NULL,NULL,NULL
1.26,6DY5,Crystal structure of double-stranded DNA AGGGATCCCT in complex with Zn2+,X-RAY DIFFRACTION,SPD|ZN,NULL,1102|32051,NULL,NULL,NULL,NULL
1.28,7OYW,E.coli's putrescine receptor variant PotF/D (4JDF) with mutations E39D F88L S247D in complex with spermidine,X-RAY DIFFRACTION,3IE|ONT|ONW|SPD|JFN|CL,NULL,7021536|1102|28154431|10313069|155295715|312,NULL,NULL,34801550,10.1016/j.jbc.2021.101419
1.36,7OYY,E.coli's putrescine receptor variant PotF/D (4JDF) with mutation S247D in complex with spermidine,X-RAY DIFFRACTION,PEG|GOL|SPD|CL|EDO,NULL,1102|753|8117|174|312,P31133|1A99_A,66670872|945480,34801550,10.1016/j.jbc.2021.101419
1.37,7OYX,E.coli's putrescine receptor variant PotF/D (4JDF) with mutations E39D Y87S F88Y S247D in complex with spermidine,X-RAY DIFFRACTION,3IE|ONT|4SW|3IK|SPD|4RH|CL,NULL,7021536|157049299|1102|28154429|28154431|157049293|312,P31133|1A99_A,66670872|945480,34801550,10.1016/j.jbc.2021.101419
1.41,6XXJ,Crystal Structure of Human Deoxyhypusine Synthase in complex with spermidine and NAD,X-RAY DIFFRACTION,BME|PGE|MRD|NAD|ACT|SPD|FMT|EDO|OXM,NULL,284|1102|1567|5288845|174|8172|5892|175|974,P49366,1725,32235505,10.3390/biom10040522
1.49,7OYZ,E.coli's putrescine receptor variant PotF/D in complex with spermidine,X-RAY DIFFRACTION,SPD|CL|EDO,NULL,174|312|1102,P31133|1A99_A,66670872|945480,34801550,10.1016/j.jbc.2021.101419
1.5,6YE8,E.coli's Putrescine receptor PotF complexed with Spermidine,X-RAY DIFFRACTION,ONT|SO4|CL|SPD|JFN,NULL,1102|28154431|10313069|312|1117,P31133|1A99_A,66670872|945480,33406388,10.1016/j.str.2020.12.005
1.57,7OYS,E.coli's putrescine receptor variant PotF/D (4JDF) with mutations E39D Y87S in complex with spermidine,X-RAY DIFFRACTION,PEG|GOL|SPD|CL|EDO,NULL,1102|753|8117|174|312,NULL,NULL,34801550,10.1016/j.jbc.2021.101419
1.6,7OYT,E.coli's putrescine receptor variant PotF/D (4JDF) with mutations E39D F88L in complex with spermidine,X-RAY DIFFRACTION,PEG|PGE|GOL|SPD|ACT|CL|EDO,NULL,1102|753|8117|174|8172|312|175,P31133|1A99_A,66670872|945480,34801550,10.1016/j.jbc.2021.101419
1.64,6V1R,Crystal structure of iAChSnFR Fluorescent Acetylcholine Sensor precursor binding protein,X-RAY DIFFRACTION,PEG|SPD|ACH|NHE,NULL,8117|66898|1102|187,NULL,NULL,NULL,NULL
1.65,3LS3,Padron0.9-ON (fluorescent state),X-RAY DIFFRACTION,GOL|SPD|EPE,NULL,1102|753|23830,NULL,NULL,20236929,10.1074/jbc.m109.086314
1.65,4QF8,Crystal Structure of the Complex of Phospholipase A2 with Spermidine at 1.65 A Resolution,X-RAY DIFFRACTION,SO4|SPD,NULL,1117|1102,P59071|1FV0_A|3H1X_A|1JQ8_A,NULL,25541253,10.1016/j.bbapap.2014.12.017
1.65,6XXK,Crystal Structure of Human Deoxyhypusine Synthase in complex with spermidine,X-RAY DIFFRACTION,BME|MRD|ACT|SPD|FMT|EDO,NULL,284|1102|1567|5288845|174|175,P49366,1725,32235505,10.3390/biom10040522
1.66,7A6T,Crystal Structure of Asn173Ser variant of Human Deoxyhypusine Synthase in complex with NAD and spermidine,X-RAY DIFFRACTION,EDO|NAD|OXM|BME|SPD,NULL,1102|1567|174|5892|974,P49366,1725,NULL,NULL
1.69,4JDF,Crystal structure of a PotF mutant complexed with spermidine,X-RAY DIFFRACTION,SPD,NULL,1102,P31133|1A99_A,66670872|945480,23792166,10.1016/j.jsb.2013.06.002
1.75,4CXM,Crystal Structure of Plasmodium Falciparum Spermidine Synthase in Complex with METHYLTHIOADENOSIN AND SPERMIDINE after catalysis in crystal,X-RAY DIFFRACTION,MTA|SPD,NULL,1102|439176,NULL,NULL,25760598,10.1107/s1399004714027011
1.79,3LSA,Padron0.9-OFF (non-fluorescent state),X-RAY DIFFRACTION,EPE|GOL|SPD|SO4,NULL,1117|753|1102|23830,NULL,NULL,20236929,10.1074/jbc.m109.086314
1.8,1POT,SPERMIDINE/PUTRESCINE-BINDING PROTEIN COMPLEXED WITH SPERMIDINE (MONOMER FORM),X-RAY DIFFRACTION,SPD,NULL,1102,P0AFL0|P0AFK9|1POT_A,66670610|945682,8897598,10.1002/pro.5560051004
1.8,2P18,Crystal structure of the Leishmania infantum glyoxalase II,X-RAY DIFFRACTION,ACY|SPD|ZN,NULL,176|32051|1102,NULL,NULL,18052346,10.1021/bi700989m
1.85,3GK7,Crystal structure of 4-hydroxybutyrate CoA-Transferase from Clostridium aminobutyricum,X-RAY DIFFRACTION,TRS|SPD,NULL,1102|3777159,NULL,NULL,19804364,10.1515/bc.2009.147
1.89,2O07,Human spermidine synthase,X-RAY DIFFRACTION,MTA|SPD,NULL,1102|439176,P19623|3RW9_A,6723,17585781,10.1021/bi602498k
1.89,7PT0,SCO3201 with putative ligand,X-RAY DIFFRACTION,SPD,NULL,1102,NULL,NULL,NULL,NULL
1.899,2HMP,Uncomplexed actin cleaved with protease ECP32,X-RAY DIFFRACTION,211|ATP|SR|SPD|EDO,NULL,1102|104798|5957|174|7618,P68135|2FXU_A,NULL,16893553,10.1016/j.jmb.2006.07.001
1.9,2P1E,Crystal structure of the Leishmania infantum glyoxalase II with D-Lactate at the active site,X-RAY DIFFRACTION,SPD|LAC|ZN,NULL,32051|1102|61503,NULL,NULL,18052346,10.1021/bi700989m
1.9,7OYV,E.coli's putrescine receptor variant PotF/D (4JDF) with mutations E39D F88A S247D in complex with spermidine,X-RAY DIFFRACTION,3IE|SPD|3IZ|JFN|CL,NULL,7021536|1102|157049295|10313069|312,NULL,NULL,34801550,10.1016/j.jbc.2021.101419
1.95,3C6K,Crystal structure of human spermine synthase in complex with spermidine and 5-methylthioadenosine,X-RAY DIFFRACTION,MTA|SPD,NULL,1102|439176,P52788,6611,18367445,10.1074/jbc.m710323200
1.95,5XNH,Crystal structure of the branched-chain polyamine synthase (BpsA) in complex with spermidine,X-RAY DIFFRACTION,FE|SPD,NULL,1102|29936,Q5JIZ3,3234997,28881427,10.1111/febs.14262
1.95,6BQ7,Crystal structure of Medicago truncatula Thermospermine Synthase (MtTSPS) in complex with spermidine,X-RAY DIFFRACTION,SPD,NULL,1102,NULL,NULL,29367265,10.1042/bcj20170900
1.95,7OYU,E.coli's putrescine receptor variant PotF/D (4JDF) with mutations E39D Y87S F88Y in complex with spermidine,X-RAY DIFFRACTION,SPD|PEG|PGE|EDO,NULL,8117|1102|8172|174,P31133|1A99_A,66670872|945480,34801550,10.1016/j.jbc.2021.101419
1.98,4LRO,Crystal structure of spermidine inhibited Ribosome inactivating protein from Momordica balsamina,X-RAY DIFFRACTION,NAG|GOL|SPD,G67334XY,24139|1102|753,NULL,NULL,NULL,NULL
1.98,7K00,Structure of the Bacterial Ribosome at 2 Angstrom Resolution,ELECTRON MICROSCOPY,MG|SPM|SPD|PAR|ZN,NULL,1103|1102|32051|165580|888,P60422|B7MGC4|B7MAS6|B7MIU7|P0A7L8|B7MCS9|P02358,60371122|67415358|69620283|947820|72531240|67462539|72533835|67414073|66672913|945190|72531654|948723,32924932,10.7554/elife.60482
1.99,4FBL,"LipS and LipT, two metagenome-derived lipolytic enzymes increase the diversity of known lipase and esterase families",X-RAY DIFFRACTION,CL|SPD,NULL,312|1102,NULL,NULL,23112831,10.1371/journal.pone.0047665
2,3TTN,Crystal structures of polyamine receptors SpuD and SpuE from Pseudomonas aeruginosa,X-RAY DIFFRACTION,SPD,NULL,1102,Q9I6J0|3TTN_A,877626,22300763,10.1016/j.jmb.2012.01.010
2,4C0Z,The N-terminal domain of the Streptococcus pyogenes pilus tip adhesin Cpa,X-RAY DIFFRACTION,SPD|GOL|PO4|CL,NULL,1061|312|1102|753,S5FV19,NULL,24220033,10.1074/jbc.m113.523761
2,7OBZ,Structure of RsLOV D109G,X-RAY DIFFRACTION,FMN|NA|CL|SPD,NULL,923|312|643976|1102,NULL,NULL,34146595,10.1016/j.jmb.2021.167107
2.1,2PWP,Crystal structure of spermidine synthase from Plasmodium falciparum in complex with spermidine,X-RAY DIFFRACTION,GOL|SPD|SO4,NULL,1117|1102|753,NULL,NULL,NULL,NULL
2.1,4YBB,High-resolution structure of the Escherichia coli ribosome,X-RAY DIFFRACTION,1PE|PG4|PGE|TRS|PUT|MPD|ACY|MG|SPD|GUN|ZN|PEG|EDO,NULL,62551|1102|135398634|3777159|32051|8117|174|5288834|8172|888|176|1045|8200,P68679|P0A7M6|P0AG51|P60422|P0ADZ4|P0ADY7|P0AG44|P0A7V3|P61175|P0A7M2|P0AG63|P0A7W1|P0A7Q1|P68919|P60624|P0A7S3|P0A7T3|P0A7T7|P0A7J7|P0AG59|P02359|P0A7L3|P0A7S9|P60723|P0A7J3|P0A7L8|P0A7X3|P02413|P0A7R5|P0A7U7|P60438|P0A7W7|P0A7N4|P0AG55|P0A7V8|P0A7P5|P0A7Q6|P0ADY3|P0A7K6|P0A7N9|P02358|P62399|P0AA10|P0AG48|P0A7R1|P0A7R9|P0ADZ0|Q31VV8|P0C018|P0A7U3|P0A7V0,947577|9732014|67415353|947807|67415343|69475430|947797|60371122|67415358|69620283|947820|66672933|947686|67415354|69475419|947806|67463958|72531674|947784|72531654|947814|60373126|67415356|69620285|947813|64292959|67417639|69473774|946941|60371752|67415352|69475421|947808|69733388|947795|64336986|67415577|72533836|946349|67414531|945618|64293236|67415350|69753151|947810|67463992|72531640|947845|67414073|947103|948721|9735149|67415316|69475358|948484|67415348|69475425|947801|947846|67462539|72533835|945152|67415339|69475434|947791|67463983|72531649|947818|67415314|69475360|948490|66672913|945190|60373613|64293309|67415938|69753235|949000|947798|67415362|69475411|947816|66671687|944759|67415361|69475412|947817|67415347|69620294|947802|67414282|69616003|945657|67415346|69475427|947803|67415337|69475436|947793|72531240|948216|72531669|947805|67415351|69475422|947809|67414076|69475165|947096|8913847|946318|948723|64293237|67415349|69753152|947800|66672873|947828|67415980|69473963|949057|67414822|69472824|948720|67415338|69620303|947792|67415359|69475414|947819|64338599|72408392|947804|67463980|72531652|947811|67416245|69474083|947874,25775265,10.1038/nsmb.2994
2.14,7XIF,"Crystal structure of the aminopropyltransferase, SpeE from hyperthermophilic crenarchaeon, Pyrobaculum calidifontis in complex with 5'-methylthioadenosine (MTA) alone or together with spermidine or thermospermine",X-RAY DIFFRACTION,SPD|MTA|TER,NULL,1102|439176|194365,A3MU81,NULL,NULL,NULL
2.18,6QMM,"Crystal structure of Synecochoccus Spermidine Synthase in complex with putrescine, spermidine and MTA",X-RAY DIFFRACTION,PXN|PUT|MTA|SPD,NULL,45489525|1102|1045|439176,Q5N3N4|Q31QK9,NULL,30877192,10.1042/bcj20180811
2.2,7O7Y,Rabbit 80S ribosome stalled close to the mutated SARS-CoV-2 slippery site by a pseudoknot (high resolution),ELECTRON MICROSCOPY,SPM|ZN|MG|SPD|UNX,NULL,1103|32051|888|1102,Q3T0W9|P0DTD1,510615|43740578,34029205,10.1126/science.abf3546
2.201,4OGE,Crystal structure of the Type II-C Cas9 enzyme from Actinomyces naeslundii,X-RAY DIFFRACTION,MG|SPD|ZN,NULL,1102|32051|888,J3F2B0,NULL,24505130,10.1126/science.1247997
2.21,5FOI,Crystal structure of mycinamicin VIII C21 methyl hydroxylase MycCI from Micromonospora griseorubida bound to mycinamicin VIII,X-RAY DIFFRACTION,GOL|SPD|MY8|HEM,NULL,1102|753|137349770,Q83WF5,NULL,27420774,10.1021/acschembio.6b00479
2.21,7QI4,Human mitochondrial ribosome at 2.2 A resolution,ELECTRON MICROSCOPY,MG|GDP|SPD|FES|SPM|ZN|ATP|PUT|NAD|VAL|K,NULL,813|1103|1102|5957|32051|6287|888|5892|135398619|1045,P82663|Q9BQC6|Q9BYD2|Q9BYD6|Q9Y2R5|P82673|Q9Y3D5|P49406|Q9NWU5|Q9BYN8|Q9NX20|Q9Y2R9|O60783|Q13084|P82930|P82664|Q8TAE8|Q8IXM3|Q92552|Q9H2W6|Q92665|Q9HD33|Q9P015|Q9Y291|Q7Z7F7|Q9NZE8|Q96DV4|Q9Y3D9|Q9Y3D3|Q8N5N7|Q9P0M9|Q86TS9|Q9Y6G3|Q9BQ48|P82675|Q9BYD1|O15235|Q6P1L8|Q7Z2W9|P51398|Q9NRX2|P82932|O75394|Q13405|Q9BZE1|Q9H0U6|Q9Y3B7|Q9Y676|Q9NWT8|Q16540|Q9NYK5|Q8TCC3|P82650|Q9BYC9|Q9NVS2|Q14197|Q8N983|P82914|Q5T653|Q96EY7|Q9Y2Q9|P52815|Q9H9J2|P82912|P82933|Q96BP2|Q9BYC8|Q9BYD3|Q4U2R6|Q9BRJ2|Q9NP92|Q96EL3|Q6P161|P09001|Q96A35|Q7Z7H8|Q9P0J6|Q9Y399|Q96GC5|Q9NQ50|Q96EL2,64432|78988|65005|65008|51373|60488|51023|9801|29093|64949|54948|51081|63931|10573|65993|55173|90480|64975|23107|26589|10240|57129|29088|51650|128308|51318|64978|51649|51021|54534|51264|122704|28977|64981|64969|28998|6183|64928|219927|7818|63875|64968|9553|740|51253|29074|65003|28973|54998|6150|54148|51263|56945|55052|55168|3396|84545|64960|51069|55037|28957|6182|65080|64963|64965|118487|64983|51073|51258|10884|116540|116541|11222|79590|124995|64979|51116|51642|64976|64951,NULL,NULL
2.222,2YGP,"WIF domain-EGF-like domain 1 Met77Trp of human Wnt inhibitory factor 1 in complex with 1,2-dipalmitoylphosphatidylcholine",X-RAY DIFFRACTION,SPD|NAG|PCF|CA,G67334XY,24139|1102|271|452110,Q9Y5W5,11197,21743455,10.1038/nsmb.2081
2.25,3A76,The crystal structure of LinA,X-RAY DIFFRACTION,GOL|SPD,NULL,1102|753,P59767|P51697,NULL,20813114,10.1016/j.jmb.2010.08.043
2.297,6LPV,structure of Spermidine hydroxycinnamoyl transferases from Arabidopsis thaliana,X-RAY DIFFRACTION,SPD|COA,NULL,1102|87642,O64470,816424,33519864,10.3389/fpls.2020.610118
2.3,1BO4,CRYSTAL STRUCTURE OF A GCN5-RELATED N-ACETYLTRANSFERASE: SERRATIA MARESCENS AMINOGLYCOSIDE 3-N-ACETYLTRANSFERASE,X-RAY DIFFRACTION,SPD|COA,NULL,1102|87642,NULL,NULL,9727487,10.1016/s0092-8674(00)81585-8
2.3,7CI1,Crystal structure of AcrVA2,X-RAY DIFFRACTION,EDO|SPD,NULL,174|1102,NULL,NULL,NULL,NULL
2.32,4MHD,Crystal structure of spermidine N-acetyltransferase from Vibrio cholerae in complex with spermidine,X-RAY DIFFRACTION,SPD,NULL,1102,Q9KL03,69721661,25623305,10.1016/j.jmb.2015.01.009
2.32,7PZY,Structure of the vacant Candida albicans 80S ribosome,ELECTRON MICROSCOPY,MG|PUT|ZN|SPD,NULL,32051|1102|1045|888,P83774|P40910|O42817|Q96W54|O59931,30515006|30515048|30515273|3636573|30515386|3645907|3635194|30515338|3642934|3647558|3645439|30514975|3641025|30515120|30515014|3636924|30515007|30515049|3641174|3643678|3635701|30515109|30514969|30515000|3640568|3635257|3635198|30515082|30515062|3638438|3647299|3645565|30515349|30515044|3637057|3640195|30515429|3643347|3639515|30515127|3643489|30515041|3637400|3635156|30515208|30515232|3647719|3639338|3636850|3642071|3635787|3640242|30514981|3639551|3638348|30515053|30515301|3636841|3637700|30515328|30515149|30515072|30515390|30515442|3646972|30515207|30515205|3635615|30515267|30515319|30515104|30514961|30515335|3637953|30514974,NULL,NULL
2.33,7N1P,Elongating 70S ribosome complex in a classical pre-translocation (PRE-C) conformation,ELECTRON MICROSCOPY,MG|SPD|ATP|PUT|ZN,NULL,1102|5957|32051|888|1045,P0A7R5|P68679|P60438|P0A7Q1|P0AG55|P02358|P0A7N4|P0ADZ0|Q31VV8|P0ADZ4|P0A7J3|P0A7L3|P0A7V0|P0A7K6|P0A7N9|P0A7L8|P68919|P02359|P0A7M2|P0A7T7|P0C018|P0A7U7|P60624|P0A7M9|P0A7Q6|P0A7T3|P0A7J7|P0A7R1|P0A7W1|P0A7W7|P0ADY7|P61175|P0AG63|P62399|P0A7X3|P0AA10|P60422|P60723|P0A7V3|P0AG44|P02413|P0AG48|P0A7U3|P0A7R9|P0A7P5|P0A7S9|P0AG59|P0A7V8|P0A7M6|P0ADY3|P0AG51,67415362|69475411|947816|947577|9732014|67415361|69475412|947817|64336986|67415577|72533836|946349|67415346|69475427|947803|948723|67414282|69616003|945657|67415359|69475414|947819|66672933|947686|67415314|69475360|948490|67462539|72533835|945152|67416245|69474083|947874|67414076|69475165|947096|8913847|946318|66672913|945190|67414531|945618|947846|64292959|67417639|69473774|946941|948721|9735149|64338599|72408392|947804|66671687|944759|64293236|67415350|69753151|947810|66672156|948425|72531669|947805|67414073|947103|67415316|69475358|948484|67414822|69472824|948720|69733388|947795|67415347|69620294|947802|67415354|69475419|947806|60373126|67415356|69620285|947813|60371752|67415352|69475421|947808|64293237|67415349|69753152|947800|60373613|64293309|67415938|69753235|949000|66672873|947828|60371122|67415358|69620283|947820|67463983|72531649|947818|72531654|947814|67463958|72531674|947784|947798|67415980|69473963|949057|67463980|72531652|947811|67415338|69620303|947792|72531240|948216|67415339|69475434|947791|67415348|69475425|947801|67415337|69475436|947793|67415353|947807|67415351|69475422|947809|67415343|69475430|947797,NULL,NULL
2.38,7QIZ,Specific features and methylation sites of a plant 80S ribosome,ELECTRON MICROSCOPY,PUT|K|MG|SPD|BGC|SPM|ZN,NULL,813|1102|1103|32051|1045|888|64689,P49215|P46291|P29766,544221|544287,NULL,NULL
2.399,6YQ4,Crystal structure of Fusobacterium nucleatum tannase,X-RAY DIFFRACTION,MG|SPD|GOL,NULL,1102|753|888,NULL,NULL,33336898,10.1111/1751-7915.13732
2.4,1I2X,"2.4 A STRUCTURE OF A-DUPLEX WITH BULGED ADENOSINE, SPERMIDINE FORM",X-RAY DIFFRACTION,SPD,NULL,1102,NULL,NULL,11333021,10.1017/s1355838201001935
2.4,3CN8,Crystal structure of fms1 in complex with spermidine,X-RAY DIFFRACTION,SPD|FAD,NULL,1102|643975,P50264,855034,NULL,NULL
2.4,6BU5,"Crystal structure of the Deinococcus radiodurans Nramp/MntH divalent transition metal transporter in the outward-open, manganese-bound conformation",X-RAY DIFFRACTION,MN|SPD|OLC,NULL,11451146|27854|1102,Q9RTP8,69517946,30714568,10.7554/elife.41124
2.4,7O7Z,Rabbit 80S ribosome stalled close to the mutated SARS-CoV-2 slippery site by a pseudoknot (classified for pseudoknot),ELECTRON MICROSCOPY,SPM|ZN|MG|SPD|UNX,NULL,1103|32051|888|1102,Q3T0W9|P0DTD1,510615|43740578,34029205,10.1126/science.abf3546
2.4,7ZW0,FAP-80S Complex - Rotated state,ELECTRON MICROSCOPY,MG|ZN|SPD,NULL,1102|32051|888,P26321|P40449|P05749|P0CX29|P0CX30|P0CX87|P0CX86|P25443|P0CX44|P0CX43|P05744|P0CX48|P0CX47|P26786|P02407|Q3E792|P48589|P0CX42|P0CX41|P0C2H8|P0CX27|P0CX28|P0C0V8|P0CX51|P0CX52|Q08745|P0CX36|P05740|P05748|Q02753|P32905|P26784|P41805|P14126|P05747|P17076|P05745|P0C0W9|P04650|P0CX39|P0CX40|Q3E7X9|Q12690|P07280|P0CX33|P0CX34|P33442|P0CX45|P0CX46|P05743|P0CX26|P0CX25|P14120|P05739|P0CX85|P0CX84|P38701|P05759|P38011|P0CX55|P0CX56|P05738|P05750|P05756|P87262|P0CH08|P0CH09|Q01855|P35997|P41057|O13516|P0CX24|P0CX23|P0CX38|P0C0W1|P0CX31|P0CX32|P39938|P38061|P26783|P10664|P06367|P49167|P49166|P05737|P36105|P04449|P0CX82|P0CX83|P0CX50|P0CX49|P02406|P20081|P0C2H6|P04456,855972|854645|850750|853015|856250|851344|851422|852754|852742|855881|855960|851589|852337|854263|854984|852911|854551|852191|856853|851484|855560|856544|853931|851476|855174|854468|853610|856610|853674|850716|852489|853128|854673|850764|854229|850592|856352|855232|856217|853250|852206|856839|854338|851477|854028|850994|854354|851162|850590|854794|851058|853557|856156|852853|851169|851336|851419|856371|850864|855143|852061|854982|852730|855543|851636|856784|853969|854658|854117|853700|851104|856024|854489|855283|852479|856015|853249|854741|856805|852686|852185|853587|852319|850397|851035|850882|852804|853864|852852|852254|852379|854029|855415|852775|855587|856401|853993,36113412,10.1016/j.molcel.2022.08.018
2.401,6LPW,Structure of Spermidine disinapoyl transferases(SDT) from Arabidopsis thaliana,X-RAY DIFFRACTION,SPD,NULL,1102,O80467,816883,33519864,10.3389/fpls.2020.610118
2.5,1POY,SPERMIDINE/PUTRESCINE-BINDING PROTEIN COMPLEXED WITH SPERMIDINE (DIMER FORM),X-RAY DIFFRACTION,SPD,NULL,1102,P0AFL0|P0AFK9|1POT_A,66670610|945682,8621624,10.1074/jbc.271.16.9519
2.5,3WR7,Crystal Structure of Spermidine Acetyltransferase from Escherichia coli,X-RAY DIFFRACTION,SPD|COA,NULL,1102|87642,NULL,NULL,27163532,10.1016/j.biocel.2016.05.003
2.53,7N2U,Elongating 70S ribosome complex in a hybrid-H1 pre-translocation (PRE-H1) conformation,ELECTRON MICROSCOPY,MG|SPD|ATP|PUT|ZN,NULL,1102|5957|32051|888|1045,P0A7R5|P68679|P60438|P0A7Q1|P0AG55|P02358|P0A7N4|P0ADZ0|Q31VV8|P0ADZ4|P0A7L3|P0A7V0|P0A7K6|P0A7N9|P0A7L8|P68919|P02359|P0A7M2|P0A7T7|P0C018|P0A7U7|P60624|P0A7M9|P0A7Q6|P0A7T3|P0A7R1|P0A7W1|P0A7W7|P0ADY7|P61175|P0AG63|P62399|P0A7X3|P0AA10|P60422|P60723|P0A7V3|P0AG44|P02413|P0AG48|P0A7U3|P0A7R9|P0A7P5|P0A7S9|P0AG59|P0A7V8|P0A7M6|P0ADY3|P0AG51,67415362|69475411|947816|947577|9732014|67415361|69475412|947817|64336986|67415577|72533836|946349|67415346|69475427|947803|948723|67414282|69616003|945657|67415359|69475414|947819|66672933|947686|67462539|72533835|945152|67416245|69474083|947874|67414076|69475165|947096|8913847|946318|66672913|945190|67414531|945618|947846|64292959|67417639|69473774|946941|948721|9735149|64338599|72408392|947804|66671687|944759|64293236|67415350|69753151|947810|66672156|948425|72531669|947805|67414073|947103|67414822|69472824|948720|69733388|947795|67415347|69620294|947802|67415354|69475419|947806|60373126|67415356|69620285|947813|60371752|67415352|69475421|947808|64293237|67415349|69753152|947800|60373613|64293309|67415938|69753235|949000|66672873|947828|60371122|67415358|69620283|947820|67463983|72531649|947818|72531654|947814|67463958|72531674|947784|947798|67415980|69473963|949057|67463980|72531652|947811|67415338|69620303|947792|72531240|948216|67415339|69475434|947791|67415348|69475425|947801|67415337|69475436|947793|67415353|947807|67415351|69475422|947809|67415343|69475430|947797,NULL,NULL
2.54,7N2V,"Elongating 70S ribosome complex in a spectinomycin-stalled intermediate state of translocation bound to EF-G in an active, GTP conformation (INT1)",ELECTRON MICROSCOPY,SCM|GTP|MG|SPD|ATP|PUT|ZN,NULL,1102|15541|135398633|5957|32051|888|1045,P0A7R5|P68679|P60438|P0A7Q1|P0AG55|P02358|P0A7N4|P0ADZ0|Q31VV8|P0ADZ4|P0A7J3|P0A7L3|P0A7V0|P0A7K6|P0A7N9|P0A7L8|P68919|P02359|P0A7M2|P0A7T7|P0C018|P0A7U7|P60624|P0A7M9|P0A7Q6|P0A7T3|P0A7J7|P0A7R1|P0A7W1|P0A7W7|P0ADY7|P61175|P0AG63|P62399|P0A7X3|P0AA10|P60422|P60723|P0A7V3|P0AG44|P02413|P0AG48|P0A7U3|P0A7R9|P0A7P5|P0A7S9|P0AG59|P0A7V8|P0A7M6|P0ADY3|P0AG51,67415362|69475411|947816|947577|9732014|67415361|69475412|947817|64336986|67415577|72533836|946349|67415346|69475427|947803|948723|67414282|69616003|945657|67415359|69475414|947819|66672933|947686|67415314|69475360|948490|67462539|72533835|945152|67416245|69474083|947874|67414076|69475165|947096|8913847|946318|66672913|945190|67414531|945618|947846|64292959|67417639|69473774|946941|948721|9735149|64338599|72408392|947804|66671687|944759|64293236|67415350|69753151|947810|66672156|948425|72531669|947805|67414073|947103|67415316|69475358|948484|67414822|69472824|948720|69733388|947795|67415347|69620294|947802|67415354|69475419|947806|60373126|67415356|69620285|947813|60371752|67415352|69475421|947808|64293237|67415349|69753152|947800|60373613|64293309|67415938|69753235|949000|66672873|947828|60371122|67415358|69620283|947820|67463983|72531649|947818|72531654|947814|67463958|72531674|947784|947798|67415980|69473963|949057|67463980|72531652|947811|67415338|69620303|947792|72531240|948216|67415339|69475434|947791|67415348|69475425|947801|67415337|69475436|947793|67415353|947807|67415351|69475422|947809|67415343|69475430|947797,NULL,NULL
2.56,7Q08,Structure of Candida albicans 80S ribosome in complex with cycloheximide,ELECTRON MICROSCOPY,ZN|3HE|SPD,NULL,1102|6197|32051,P83774|P40910|O42817|Q96W54|O59931,30515006|30515048|30515273|3636573|30515386|3645907|3635194|30515338|3642934|3647558|3645439|30514975|3641025|30515120|30515014|3636924|30515007|30515049|3641174|3643678|3635701|30515109|30514969|30515000|3640568|3635257|3635198|30515082|30515062|3638438|3647299|3645565|30515349|30515044|3637057|3640195|30515429|3643347|3639515|30515127|3643489|30515041|3637400|3635156|30515208|30515232|3647719|3639338|3636850|3642071|3635787|3640242|30514981|3639551|3638348|30515053|30515301|3636841|3637700|30515328|30515149|30515072|30515390|30515442|3646972|30515207|30515205|3635615|30515267|30515319|30515104|30514961|30515335|3637953|30514974,NULL,NULL
2.58,7UG7,70S ribosome complex in an intermediate state of translocation bound to EF-G(GDP) stalled by Argyrin B,ELECTRON MICROSCOPY,PUT|FME|MG|ZN|SPD|GDP|PHE,NULL,1102|32051|888|439750|135398619|6140|1045,P0A7S3|P0A7W1|B7MIU7|B7MCR3|B7MAS6|P0A7M9|B7MIX0|P0A6M8|B7MCS9|P60422|P0ADY7|P60438|P0A7L8|P0A7J3|B7MGC4|P02358|P61175|P0A7J7|P0A7V8|P0A7Q1|P02359,67463992|72531640|947845|69733388|947795|67414073|67415338|69620303|67462539|72533835|66672156|948425|66672105|67416971|69473413|947847|72531654|60371122|67415358|69620283|947820|67415354|69475419|947806|67415361|69475412|947817|66672913|945190|67415314|69475360|948490|72531240|948723|60373126|67415356|69620285|947813|67415316|69475358|948484|67415337|69475436|947793|64336986|67415577|72533836|946349|947846,35500116,10.1073/pnas.2114214119
2.64,7Q0F,Structure of Candida albicans 80S ribosome in complex with phyllanthoside,ELECTRON MICROSCOPY,3K5|ZN|SPD,NULL,6436218|1102|32051,P83774|P40910|O42817|Q96W54|O59931,30515006|30515048|30515273|3636573|30515386|3645907|3635194|30515338|3642934|3647558|3645439|30514975|3641025|30515120|30515014|3636924|30515007|30515049|3641174|3643678|3635701|30515109|30514969|30515000|3640568|3635257|3635198|30515082|30515062|3638438|3647299|3645565|30515349|30515044|3637057|3640195|30515429|3643347|3639515|30515127|3643489|30515041|3637400|3635156|30515208|30515232|3647719|3639338|3636850|3642071|3635787|3640242|30514981|3639551|3638348|30515053|30515301|3636841|3637700|30515328|30515149|30515072|30515390|30515442|3646972|30515207|30515205|3635615|30515267|30515319|30515104|30514961|30515335|3637953|30514974,NULL,NULL
2.66,7N30,Elongating 70S ribosome complex in a hybrid-H2* pre-translocation (PRE-H2*) conformation,ELECTRON MICROSCOPY,MG|SPD|ATP|PUT|ZN,NULL,1102|5957|32051|888|1045,P0A7R5|P68679|P60438|P0A7Q1|P0AG55|P02358|P0A7N4|P0ADZ0|Q31VV8|P0ADZ4|P0A7L3|P0A7V0|P0A7K6|P0A7N9|P0A7L8|P68919|P02359|P0A7M2|P0A7T7|P0C018|P0A7U7|P60624|P0A7M9|P0A7Q6|P0A7T3|P0A7R1|P0A7W1|P0A7W7|P0ADY7|P61175|P0AG63|P62399|P0A7X3|P0AA10|P60422|P60723|P0A7V3|P0AG44|P02413|P0AG48|P0A7U3|P0A7R9|P0A7P5|P0A7S9|P0AG59|P0A7V8|P0A7M6|P0ADY3|P0AG51,67415362|69475411|947816|947577|9732014|67415361|69475412|947817|64336986|67415577|72533836|946349|67415346|69475427|947803|948723|67414282|69616003|945657|67415359|69475414|947819|66672933|947686|67462539|72533835|945152|67416245|69474083|947874|67414076|69475165|947096|8913847|946318|66672913|945190|67414531|945618|947846|64292959|67417639|69473774|946941|948721|9735149|64338599|72408392|947804|66671687|944759|64293236|67415350|69753151|947810|66672156|948425|72531669|947805|67414073|947103|67414822|69472824|948720|69733388|947795|67415347|69620294|947802|67415354|69475419|947806|60373126|67415356|69620285|947813|60371752|67415352|69475421|947808|64293237|67415349|69753152|947800|60373613|64293309|67415938|69753235|949000|66672873|947828|60371122|67415358|69620283|947820|67463983|72531649|947818|72531654|947814|67463958|72531674|947784|947798|67415980|69473963|949057|67463980|72531652|947811|67415338|69620303|947792|72531240|948216|67415339|69475434|947791|67415348|69475425|947801|67415337|69475436|947793|67415353|947807|67415351|69475422|947809|67415343|69475430|947797,NULL,NULL
2.67,7Q0R,Structure of the Candida albicans 80S ribosome in complex with blasticidin s,ELECTRON MICROSCOPY,ZN|BLS|SPD,NULL,170012|1102|32051,P83774|P40910|O42817|Q96W54|O59931,30515006|30515048|30515273|3636573|30515386|3645907|3635194|30515338|3642934|3647558|3645439|30514975|3641025|30515120|30515014|3636924|30515007|30515049|3641174|3643678|3635701|30515109|30514969|30515000|3640568|3635257|3635198|30515082|30515062|3638438|3647299|3645565|30515349|30515044|3637057|3640195|30515429|3643347|3639515|30515127|3643489|30515041|3637400|3635156|30515208|30515232|3647719|3639338|3636850|3642071|3635787|3640242|30514981|3639551|3638348|30515053|30515301|3636841|3637700|30515328|30515149|30515072|30515390|30515442|3646972|30515207|30515205|3635615|30515267|30515319|30515104|30514961|30515335|3637953|30514974,NULL,NULL
2.69,7N31,Elongating 70S ribosome complex in a post-translocation (POST) conformation,ELECTRON MICROSCOPY,MG|SPD|ATP|PUT|ZN,NULL,1102|5957|32051|888|1045,P0A7R5|P68679|P60438|P0A7Q1|P0AG55|P02358|P0A7N4|P0ADZ0|Q31VV8|P0ADZ4|P0A7L3|P0A7V0|P0A7K6|P0A7N9|P0A7L8|P68919|P02359|P0A7M2|P0A7T7|P0C018|P0A7U7|P60624|P0A7M9|P0A7Q6|P0A7T3|P0A7R1|P0A7W1|P0A7W7|P0ADY7|P61175|P0AG63|P62399|P0A7X3|P0AA10|P60422|P60723|P0A7V3|P0AG44|P02413|P0AG48|P0A7U3|P0A7R9|P0A7P5|P0A7S9|P0AG59|P0A7V8|P0A7M6|P0ADY3|P0AG51,67415362|69475411|947816|947577|9732014|67415361|69475412|947817|64336986|67415577|72533836|946349|67415346|69475427|947803|948723|67414282|69616003|945657|67415359|69475414|947819|66672933|947686|67462539|72533835|945152|67416245|69474083|947874|67414076|69475165|947096|8913847|946318|66672913|945190|67414531|945618|947846|64292959|67417639|69473774|946941|948721|9735149|64338599|72408392|947804|66671687|944759|64293236|67415350|69753151|947810|66672156|948425|72531669|947805|67414073|947103|67414822|69472824|948720|69733388|947795|67415347|69620294|947802|67415354|69475419|947806|60373126|67415356|69620285|947813|60371752|67415352|69475421|947808|64293237|67415349|69753152|947800|60373613|64293309|67415938|69753235|949000|66672873|947828|60371122|67415358|69620283|947820|67463983|72531649|947818|72531654|947814|67463958|72531674|947784|947798|67415980|69473963|949057|67463980|72531652|947811|67415338|69620303|947792|72531240|948216|67415339|69475434|947791|67415348|69475425|947801|67415337|69475436|947793|67415353|947807|67415351|69475422|947809|67415343|69475430|947797,NULL,NULL
2.7,7R81,Structure of the translating Neurospora crassa ribosome arrested by cycloheximide,ELECTRON MICROSCOPY,3HE|SPD|MG,NULL,1102|6197|888,Q9C2B9|Q8X034|Q7SC06|Q01369|Q7SFJ9|Q9C2P2|P21772|P27770|Q7RXY1|Q7S6W5|Q7SDU2|Q7RV75|Q871N9|P08978|O43105|P14799|Q7SBD5|O93798|P59671|O59953|Q01291|Q7RVN0|Q9HE25|Q9HE74|Q7S7F1|Q7RVN2|Q7RVI1,3877494|3873305|3879379|3876201|3880988|3877589|3872091|3877983|3872930|3876676|3880348|3873491|3872112|3877355|3873891|3872092|3879098|3880995|3879466|3876725|3872987|3881790|3877643|3872393|3876935|3881915|3879378,34815343,10.1073/pnas.2111862118
2.7,7QEP,Cryo-EM structure of the ribosome from Encephalitozoon cuniculi,ELECTRON MICROSCOPY,ZN|SPD|AMP,NULL,1102|32051|6083,Q8SQS8|Q8SRY0|Q8SQP8|Q8STD9|Q8SS72|Q8ST62|Q8SRB9|Q8SRB3|Q8SRA7|Q8SRP2|O62581|Q8SS60|Q8SRY5|Q8SSA6|Q8SQX3|Q8SSF9|Q8SSM6|Q8SR65|Q8SQM3|Q8SR18|Q8SSG9|Q8SS49|Q8SWQ4|Q8SSA2|Q8SS18|Q8SSG1|Q8SRH5|Q8SRW8|Q8SRW6|Q8SRN2|Q8SS93|Q8SS05|Q8SR96|Q8SRP1|Q8SSC8|Q8SQI3,860122|859074|860376|859656|859659|858846|859543|859769|859639|859658|859668|859292|859863|858876|859067|858738|860037|858593|860204|859804|860461|859895|858578|858905|860199|858744|858963|858591|859504|859099|859101|859328|858766|859028|859707|859293|858696|858792|860439,NULL,NULL
2.72,7N2C,Elongating 70S ribosome complex in a fusidic acid-stalled intermediate state of translocation bound to EF-G(GDP) (INT2),ELECTRON MICROSCOPY,MG|SPD|ATP|PUT|ZN|FUA|GDP,NULL,1102|3000226|5957|32051|888|135398619|1045,P0A7R5|P68679|P60438|P0A7Q1|P0AG55|P02358|P0A7N4|P0ADZ0|Q31VV8|P0ADZ4|P0A7J3|P0A7L3|P0A7V0|P0A7K6|P0A7N9|P0A7L8|P68919|P02359|P0A7M2|P0A7T7|P0C018|P0A7K2|P0A7U7|P60624|P0A7M9|P0A7Q6|P0A7T3|P0A7J7|P0A7R1|P0A7W1|P0A7W7|P0ADY7|P0A6M8|P61175|P0AG63|P62399|P0A7X3|P0AA10|P60422|P60723|P0A7V3|P0AG44|P02413|P0AG48|P0A7U3|P0A7R9|P0A7P5|P0A7S9|P0AG59|P0A7V8|P0A7M6|P0ADY3|P0AG51,67415362|69475411|947816|947577|9732014|67415361|69475412|947817|64336986|67415577|72533836|946349|67415346|69475427|947803|948723|67414282|69616003|945657|67415359|69475414|947819|66672933|947686|67415314|69475360|948490|67462539|72533835|945152|67416245|69474083|947874|67414076|69475165|947096|8913847|946318|66672913|945190|67414531|945618|947846|64292959|67417639|69473774|946941|948721|9735149|64338599|72408392|947804|67415313|69475361|948489|66671687|944759|64293236|67415350|69753151|947810|66672156|948425|72531669|947805|67414073|947103|67415316|69475358|948484|67414822|69472824|948720|69733388|947795|67415347|69620294|947802|67415354|69475419|947806|67416971|69473413|947847|60373126|67415356|69620285|947813|60371752|67415352|69475421|947808|64293237|67415349|69753152|947800|60373613|64293309|67415938|69753235|949000|66672873|947828|60371122|67415358|69620283|947820|67463983|72531649|947818|72531654|947814|67463958|72531674|947784|947798|67415980|69473963|949057|67463980|72531652|947811|67415338|69620303|947792|72531240|948216|67415339|69475434|947791|67415348|69475425|947801|67415337|69475436|947793|67415353|947807|67415351|69475422|947809|67415343|69475430|947797,NULL,NULL
2.77,7Q0P,Structure of the Candida albicans 80S ribosome in complex with anisomycin,ELECTRON MICROSCOPY,ANM|ZN|SPD,NULL,1102|32051|253602,P83774|P40910|O42817|Q96W54|P0CU35|O59931,30515006|30515048|30515273|3636573|30515386|3645907|3635194|30515338|3642934|3647558|3645439|30514975|3641025|30515120|30515014|3636924|30515007|30515049|3641174|3643678|3635701|30515109|30514981|3639551|30514969|30515000|3640568|3635257|3635198|30515082|30515062|3638438|3647299|3645565|30515349|30515044|3637057|3640195|30515429|3643347|3639515|30515127|3643489|30515041|3637400|3635156|30515208|30515232|3647719|3639338|3636850|3642071|3635787|3640242|3638348|30515053|30515301|3636841|3637700|30515328|30515149|30515072|30515390|30515442|3646972|30515207|30515205|3635615|30515267|30515319|30515104|30514961|30515335|3637953|30514974,NULL,NULL
2.8,1TYP,SUBSTRATE INTERACTIONS BETWEEN TRYPANOTHIONE REDUCTASE AND N1-GLUTATHIONYLSPERMIDINE DISULPHIDE AT 0.28-NM RESOLUTION,X-RAY DIFFRACTION,GSH|NAP|SPD|FAD,NULL,124886|1102|643975|5885,P39040,NULL,8477734,10.1111/j.1432-1033.1993.tb17734.x
2.8,3ICE,Rho transcription termination factor bound to RNA and ADP-BeF3,X-RAY DIFFRACTION,ADP|SPD|BEF|MG,NULL,6022|1102|888|152255,P0AG33|P0AG30,67414430|948297,19879839,10.1016/j.cell.2009.08.043
2.8,4OGC,Crystal structure of the Type II-C Cas9 enzyme from Actinomyces naeslundii,X-RAY DIFFRACTION,MN|MG|ACT|SPD|ZN,NULL,1102|27854|32051|888|175,J3F2B0,NULL,24505130,10.1126/science.1247997
2.8,5J5B,Structure of the WT E coli ribosome bound to tetracycline,X-RAY DIFFRACTION,1PE|PG4|PGE|TRS|PUT|MPD|ACY|MG|SPD|GUN|ZN|PEG|TAC|EDO,NULL,62551|1102|135398634|3777159|32051|8117|174|5288834|8172|888|176|1045|8200,P68679|P0A7M6|P0AG51|P60422|P0ADZ4|P0ADY7|P0AG44|P0A7V3|P61175|P0A7M2|P0AG63|P0A7W1|P0A7Q1|P68919|P60624|P0A7S3|P0A7T3|P0A7T7|P0A7J7|P0AG59|P02359|P0A7L3|P0A7S9|P60723|P0A7J3|P0A7L8|P0A7X3|P02413|P0A7R5|P0A7U7|P60438|P0A7W7|P0A7N4|P0AG55|P0A7V8|P0A7P5|P0A7Q6|P0ADY3|P0A7K6|P0A7N9|P02358|P62399|P0AA10|P0AG48|P0A7R1|P0A7R9|P0ADZ0|Q31VV8|P0C018|P0A7U3|P0A7V0,947577|9732014|67415353|947807|67415343|69475430|947797|60371122|67415358|69620283|947820|66672933|947686|67415354|69475419|947806|67463958|72531674|947784|72531654|947814|60373126|67415356|69620285|947813|64292959|67417639|69473774|946941|60371752|67415352|69475421|947808|69733388|947795|64336986|67415577|72533836|946349|67414531|945618|64293236|67415350|69753151|947810|67463992|72531640|947845|67414073|947103|948721|9735149|67415316|69475358|948484|67415348|69475425|947801|947846|67462539|72533835|945152|67415339|69475434|947791|67463983|72531649|947818|67415314|69475360|948490|66672913|945190|60373613|64293309|67415938|69753235|949000|947798|67415362|69475411|947816|66671687|944759|67415361|69475412|947817|67415347|69620294|947802|67414282|69616003|945657|67415346|69475427|947803|67415337|69475436|947793|72531240|948216|72531669|947805|67415351|69475422|947809|67414076|69475165|947096|8913847|946318|948723|64293237|67415349|69753152|947800|66672873|947828|67415980|69473963|949057|67414822|69472824|948720|67415338|69620303|947792|67415359|69475414|947819|64338599|72408392|947804|67463980|72531652|947811|67416245|69474083|947874,27382179,10.1073/pnas.1605127113
2.8,6SGC,Rabbit 80S ribosome stalled on a poly(A) tail,ELECTRON MICROSCOPY,MG|SPD|ZN,NULL,1102|32051|888,NULL,NULL,31768042,10.1038/s41594-019-0331-x
2.8,6TB3,yeast 80S ribosome in complex with the Not5 subunit of the CCR4-NOT complex,ELECTRON MICROSCOPY,MG|SPD|ZN,NULL,1102|32051|888,P0CX87|P14127|P32905|Q3E792|Q12690|P0CX33|P0CX34|P0CX29|P0CX30|P0C0W1|P33442|P0CX31|P0CX32|P05738|P05747|P0CX85|P0CX84|P26784|P05759|P0CX45|P0CX46|P14126|P26321|P05749|P0CX48|P0CX47|P38011|P04650|P05744|P0CX50|P0CX49|P48589|P0CX38|P0CX37|P87262|P49167|P39939|P14120|P41805|P25443|P05739|P05740|P0C0V8|Q3E7X9|P10664|Q02753|P04449|Q08745|Q3E757|P02406|P07280|P0CX44|P0CX43|P41057|P38701|Q01855|P0CX24|P0CX23|O13516|P39516|P0CX26|P0CX25|P0CX55|P0CX56|P0C2H8|P04456|P0C2H6|P05745|P0CX82|P0CX83|P05748|P05756|P36105|P49166|Q12514|P17076|P05743|P05737|P35997|P0CH08|P0CH09|P0CX36|P0CX35|P05750|P0CX42|P0CX41|P26786|P38061|P0CX51|P0CX52|P0CX27|P0CX28,851344|851422|852058|853128|852911|851477|850994|854354|853015|856250|853249|851162|854741|856805|852730|850592|851336|851419|854673|850864|850590|854794|854229|855972|850750|851589|852337|855143|853250|855960|854029|855415|854551|852479|856015|856784|851035|856868|852853|850764|852754|851169|853674|853931|854338|852319|852489|852852|854468|852976|852775|854028|852742|855881|851104|856371|854117|854489|855283|856024|853248|853557|856156|852061|854982|851484|853993|856401|855232|852254|852379|850716|851636|853864|850882|856186|856352|851058|852804|853700|853969|854658|853610|856610|855543|852191|856853|854263|852185|851476|855174|855560|856544,32299921,10.1126/science.aay6912
2.89,7JNH,Crystal structure of a double-ENE RNA stability element in complex with a 28-mer poly(A) RNA,X-RAY DIFFRACTION,SR|MG|NCO|SPD,NULL,104798|1102|888,NULL,NULL,33414189,10.1126/science.abe6523
2.9,6I7V,Ribosomal protein paralogs bL31 and bL36,X-RAY DIFFRACTION,1PE|PG4|PGE|PUT|MPD|MG|SPD|GUN|ACY|EDO|PEG,NULL,62551|1102|135398634|174|8117|5288834|8172|888|176|1045|8200,P68679|P0A7M6|P0AG51|P60422|P0ADY7|P0AG44|P0A7V3|P61175|P0A7M2|P0AG63|P0A7W1|P0A7Q1|P68919|P60624|P0A7S3|P0A7T3|P0A7T7|P0A7J7|P0AG59|P02359|P0A7L3|P0A7S9|P60723|P0A7L8|P0A7X3|P02413|P0A7R5|P0A7N1|P0A7U7|Q2EEQ2|P60438|P0A7W7|P0A7N4|P0AG55|P0A7V8|P0A7P5|P0ADY3|P0A7K6|P0A7N9|P02358|P62399|P0AA10|P0AG48|P0A7R1|P0A7R9|P0ADZ0|Q31VV8|P0C018|P0A7U3|P0A7V0,947577|9732014|67415353|947807|67415343|69475430|947797|60371122|67415358|69620283|947820|67415354|69475419|947806|67463958|72531674|947784|72531654|947814|60373126|67415356|69620285|947813|64292959|67417639|69473774|946941|60371752|67415352|69475421|947808|69733388|947795|64336986|67415577|72533836|946349|67414531|945618|64293236|67415350|69753151|947810|67463992|72531640|947845|67414073|947103|948721|9735149|67415316|69475358|948484|67415348|69475425|947801|947846|67462539|72533835|945152|67415339|69475434|947791|67463983|72531649|947818|66672913|945190|60373613|64293309|67415938|69753235|949000|947798|67415362|69475411|947816|944960|66671687|944759|1450238|66671409|69475014|67415361|69475412|947817|67415347|69620294|947802|67414282|69616003|945657|67415346|69475427|947803|67415337|69475436|947793|72531240|948216|67415351|69475422|947809|67414076|69475165|947096|8913847|946318|948723|64293237|67415349|69753152|947800|66672873|947828|67415980|69473963|949057|67414822|69472824|948720|67415338|69620303|947792|67415359|69475414|947819|64338599|72408392|947804|67463980|72531652|947811|67416245|69474083|947874,30359641,10.1016/j.biochi.2018.10.013
2.9,7NHN,"VgaL, an antibiotic resistance ABCF, in complex with 70S ribosome from Listeria monocytogenes",ELECTRON MICROSCOPY,MG|K|SPD|ZN|ATP,NULL,813|1102|5957|32051|888,P66219|Q92C24|P66330|P66290|Q8Y444|P66383|P66611|P61055|Q8Y440|P66166|Q8Y699|P0A491|Q8Y443|P66548|Q71YN5|P66103|Q8Y459|Q8Y6M6|Q8Y446|Q8Y445|Q927L7|P66461|Q8Y441|Q927M5|P60426|P66401|P66503|P0A485|P66125|O53083|P66248|Q8YAR9|Q927L6|Q927L2|Q927L9|Q8Y6T6|P66352|P66623|P66484|Q8Y447|P66372|Q8Y450|Q8Y6Y9|P66207|Q71XW7|Q8Y458|P66144|Q927L4,61189227|72458081|987719|61189222|72458076|987711|61190507|72458892|987179|61190483|72458916|985422|987196|72458917|984551|61190528|987165|72458894|987182|72458893|987181|61190498|72458901|987188|57076781|61189717|72459268|985931|61189706|72459283|985946|69674490|987191|61190500|72458899|987185|61189705|72459284|985949|32489035|987216|72458429|985326|57077555|61190489|72458910|987198|57077556|61190490|72458909|987197|61190496|72458903|987190|61187920|72458626|985537|32488625|984375|72458911|987199|72458896|985132|61190493|72458906|987193|72458250|986932|72459340|987268|61189430|69674838|987815|32488891|72459278|985943|61190701|72458670|986371|69674200|985454|61190497|987189|61190501|72458898|985550|61190494|72458905|987192|985744|61190481|72458918|985385|61190492|72458907|987195|61190502|984385|72458912|987200|61190529|72458864|987164|32490732|72458920|987205|57076480|72458314|987770|72459034|984819|61190471|984622|61189736|72459249|985895|61190499|72458900|985437,NULL,NULL
2.9,7O80,Rabbit 80S ribosome in complex with eRF1 and ABCE1 stalled at the STOP codon in the mutated SARS-CoV-2 slippery site,ELECTRON MICROSCOPY,GTP|SF4|ZN|MG|SPD|UNX,NULL,888|32051|135398633|1102,Q3T0W9|P62497|P0DTD1,510615|100009553|43740578,34029205,10.1126/science.abf3546
2.9,7OTC,Cryo-EM structure of an Escherichia coli 70S ribosome in complex with elongation factor G and the antibiotic Argyrin B,ELECTRON MICROSCOPY,ATP|1I7|SPD|ZN|MG|PUT|GDP,NULL,9940787|1102|5957|32051|888|135398619|1045,NULL,NULL,35500116,10.1073/pnas.2114214119
2.96,5J91,Structure of the Wild-type 70S E coli ribosome bound to Tigecycline,X-RAY DIFFRACTION,1PE|PG4|PGE|TRS|PUT|MPD|ACY|MG|SPD|GUN|ZN|PEG|T1C|EDO,NULL,62551|1102|135398634|3777159|32051|8117|174|5288834|8172|888|176|1045|8200,P68679|P0A7M6|P0AG51|P60422|P0ADZ4|P0ADY7|P0AG44|P0A7V3|P61175|P0A7M2|P0AG63|P0A7W1|P0A7Q1|P68919|P60624|P0A7S3|P0A7T3|P0A7T7|P0A7J7|P0AG59|P02359|P0A7L3|P0A7S9|P60723|P0A7J3|P0A7L8|P0A7X3|P02413|P0A7R5|P0A7U7|P60438|P0A7W7|P0A7N4|P0AG55|P0A7V8|P0A7P5|P0A7Q6|P0ADY3|P0A7K6|P0A7N9|P02358|P62399|P0AA10|P0AG48|P0A7R1|P0A7R9|P0ADZ0|Q31VV8|P0C018|P0A7U3|P0A7V0,947577|9732014|67415353|947807|67415343|69475430|947797|60371122|67415358|69620283|947820|66672933|947686|67415354|69475419|947806|67463958|72531674|947784|72531654|947814|60373126|67415356|69620285|947813|64292959|67417639|69473774|946941|60371752|67415352|69475421|947808|69733388|947795|64336986|67415577|72533836|946349|67414531|945618|64293236|67415350|69753151|947810|67463992|72531640|947845|67414073|947103|948721|9735149|67415316|69475358|948484|67415348|69475425|947801|947846|67462539|72533835|945152|67415339|69475434|947791|67463983|72531649|947818|67415314|69475360|948490|66672913|945190|60373613|64293309|67415938|69753235|949000|947798|67415362|69475411|947816|66671687|944759|67415361|69475412|947817|67415347|69620294|947802|67414282|69616003|945657|67415346|69475427|947803|67415337|69475436|947793|72531240|948216|72531669|947805|67415351|69475422|947809|67414076|69475165|947096|8913847|946318|948723|64293237|67415349|69753152|947800|66672873|947828|67415980|69473963|949057|67414822|69472824|948720|67415338|69620303|947792|67415359|69475414|947819|64338599|72408392|947804|67463980|72531652|947811|67416245|69474083|947874,27382179,10.1073/pnas.1605127113
3,3BXZ,Crystal structure of the isolated DEAD motor domains from Escherichia coli SecA,X-RAY DIFFRACTION,ADP|MG|SPD,NULL,6022|1102|888,P10408|3BXZ_A,66671612|944821,18761349,10.1016/j.jmb.2008.08.022
3,5J7L,Structure of the 70S E coli ribosome with the U1052G mutation in the 16S rRNA bound to tetracycline,X-RAY DIFFRACTION,1PE|PG4|PGE|TRS|PUT|MPD|ACY|MG|SPD|GUN|ZN|PEG|TAC|EDO,NULL,62551|1102|135398634|3777159|32051|8117|174|5288834|8172|888|176|1045|8200,P68679|P0A7M6|P0AG51|P60422|P0ADZ4|P0ADY7|P0AG44|P0A7V3|P61175|P0A7M2|P0AG63|P0A7W1|P0A7Q1|P68919|P60624|P0A7S3|P0A7T3|P0A7T7|P0A7J7|P0AG59|P02359|P0A7L3|P0A7S9|P60723|P0A7J3|P0A7L8|P0A7X3|P02413|P0A7R5|P0A7U7|P60438|P0A7W7|P0A7N4|P0AG55|P0A7V8|P0A7P5|P0A7Q6|P0ADY3|P0A7K6|P0A7N9|P02358|P62399|P0AA10|P0AG48|P0A7R1|P0A7R9|P0ADZ0|Q31VV8|P0C018|P0A7U3|P0A7V0,947577|9732014|67415353|947807|67415343|69475430|947797|60371122|67415358|69620283|947820|66672933|947686|67415354|69475419|947806|67463958|72531674|947784|72531654|947814|60373126|67415356|69620285|947813|64292959|67417639|69473774|946941|60371752|67415352|69475421|947808|69733388|947795|64336986|67415577|72533836|946349|67414531|945618|64293236|67415350|69753151|947810|67463992|72531640|947845|67414073|947103|948721|9735149|67415316|69475358|948484|67415348|69475425|947801|947846|67462539|72533835|945152|67415339|69475434|947791|67463983|72531649|947818|67415314|69475360|948490|66672913|945190|60373613|64293309|67415938|69753235|949000|947798|67415362|69475411|947816|66671687|944759|67415361|69475412|947817|67415347|69620294|947802|67414282|69616003|945657|67415346|69475427|947803|67415337|69475436|947793|72531240|948216|72531669|947805|67415351|69475422|947809|67414076|69475165|947096|8913847|946318|948723|64293237|67415349|69753152|947800|66672873|947828|67415980|69473963|949057|67414822|69472824|948720|67415338|69620303|947792|67415359|69475414|947819|64338599|72408392|947804|67463980|72531652|947811|67416245|69474083|947874,27382179,10.1073/pnas.1605127113
3.03,5JC9,Structure of the Escherichia coli ribosome with the U1052G mutation in the 16S rRNA,X-RAY DIFFRACTION,1PE|PG4|PGE|TRS|PUT|MPD|ACY|MG|SPD|GUN|ZN|PEG|EDO,NULL,62551|1102|135398634|3777159|32051|8117|174|5288834|8172|888|176|1045|8200,P68679|P0A7M6|P0AG51|P60422|P0ADZ4|P0ADY7|P0AG44|P0A7V3|P61175|P0A7M2|P0AG63|P0A7W1|P0A7Q1|P68919|P60624|P0A7S3|P0A7T3|P0A7T7|P0A7J7|P0AG59|P02359|P0A7L3|P0A7S9|P60723|P0A7J3|P0A7L8|P0A7X3|P02413|P0A7R5|P0A7U7|P60438|P0A7W7|P0A7N4|P0AG55|P0A7V8|P0A7P5|P0A7Q6|P0ADY3|P0A7K6|P0A7N9|P02358|P62399|P0AA10|P0AG48|P0A7R1|P0A7R9|P0ADZ0|Q31VV8|P0C018|P0A7U3|P0A7V0,947577|9732014|67415353|947807|67415343|69475430|947797|60371122|67415358|69620283|947820|66672933|947686|67415354|69475419|947806|67463958|72531674|947784|72531654|947814|60373126|67415356|69620285|947813|64292959|67417639|69473774|946941|60371752|67415352|69475421|947808|69733388|947795|64336986|67415577|72533836|946349|67414531|945618|64293236|67415350|69753151|947810|67463992|72531640|947845|67414073|947103|948721|9735149|67415316|69475358|948484|67415348|69475425|947801|947846|67462539|72533835|945152|67415339|69475434|947791|67463983|72531649|947818|67415314|69475360|948490|66672913|945190|60373613|64293309|67415938|69753235|949000|947798|67415362|69475411|947816|66671687|944759|67415361|69475412|947817|67415347|69620294|947802|67414282|69616003|945657|67415346|69475427|947803|67415337|69475436|947793|72531240|948216|72531669|947805|67415351|69475422|947809|67414076|69475165|947096|8913847|946318|948723|64293237|67415349|69753152|947800|66672873|947828|67415980|69473963|949057|67414822|69472824|948720|67415338|69620303|947792|67415359|69475414|947819|64338599|72408392|947804|67463980|72531652|947811|67416245|69474083|947874,27382179,10.1073/pnas.1605127113
3.08,6HIZ,Cryo-EM structure of the Trypanosoma brucei mitochondrial ribosome - This entry contains the head of the small mitoribosomal subunit,ELECTRON MICROSCOPY,MG|SPD|GTP|UTP,NULL,6133|135398633|1102|888,NULL,NULL,30213880,10.1126/science.aau7735
3.1,5J8A,Structure of the E coli 70S ribosome with the U1052G mutation in 16S rRNA bound to tigecycline,X-RAY DIFFRACTION,1PE|PG4|PGE|TRS|PUT|MPD|ACY|MG|SPD|GUN|ZN|PEG|T1C|EDO,NULL,62551|1102|135398634|3777159|32051|8117|174|5288834|8172|888|176|1045|8200,P68679|P0A7M6|P0AG51|P60422|P0ADZ4|P0ADY7|P0AG44|P0A7V3|P61175|P0A7M2|P0AG63|P0A7W1|P0A7Q1|P68919|P60624|P0A7S3|P0A7T3|P0A7T7|P0A7J7|P0AG59|P02359|P0A7L3|P0A7S9|P60723|P0A7J3|P0A7L8|P0A7X3|P02413|P0A7R5|P0A7U7|P60438|P0A7W7|P0A7N4|P0AG55|P0A7V8|P0A7P5|P0A7Q6|P0ADY3|P0A7K6|P0A7N9|P02358|P62399|P0AA10|P0AG48|P0A7R1|P0A7R9|P0ADZ0|Q31VV8|P0C018|P0A7U3|P0A7V0,947577|9732014|67415353|947807|67415343|69475430|947797|60371122|67415358|69620283|947820|66672933|947686|67415354|69475419|947806|67463958|72531674|947784|72531654|947814|60373126|67415356|69620285|947813|64292959|67417639|69473774|946941|60371752|67415352|69475421|947808|69733388|947795|64336986|67415577|72533836|946349|67414531|945618|64293236|67415350|69753151|947810|67463992|72531640|947845|67414073|947103|948721|9735149|67415316|69475358|948484|67415348|69475425|947801|947846|67462539|72533835|945152|67415339|69475434|947791|67463983|72531649|947818|67415314|69475360|948490|66672913|945190|60373613|64293309|67415938|69753235|949000|947798|67415362|69475411|947816|66671687|944759|67415361|69475412|947817|67415347|69620294|947802|67414282|69616003|945657|67415346|69475427|947803|67415337|69475436|947793|72531240|948216|72531669|947805|67415351|69475422|947809|67414076|69475165|947096|8913847|946318|948723|64293237|67415349|69753152|947800|66672873|947828|67415980|69473963|949057|67414822|69472824|948720|67415338|69620303|947792|67415359|69475414|947819|64338599|72408392|947804|67463980|72531652|947811|67416245|69474083|947874,27382179,10.1073/pnas.1605127113
3.1,5XDO,Crystal structure of human voltage-dependent anion channel 1 (hVDAC1) in C222 space group,X-RAY DIFFRACTION,HEX|OCT|SPD|LNK,NULL,1102|356|8003|8058,P21796,7416,28608415,10.1002/pro.3211
3.1,7O81,Rabbit 80S ribosome colliding in another ribosome stalled by the SARS-CoV-2 pseudoknot,ELECTRON MICROSCOPY,SPD|MG|ZN|UNX,NULL,1102|32051|888,Q3T0W9|P0DTD1,510615|43740578,34029205,10.1126/science.abf3546
3.1,6TNU,Yeast 80S ribosome in complex with eIF5A and decoding A-site and P-site tRNAs.,ELECTRON MICROSCOPY,3HE|SPD|ZN,NULL,1102|6197|32051,P14127|Q3E792|Q12690|P0CX33|P0CX34|P0CX29|P0CX30|P0C0W1|P0CX31|P0CX32|P05738|P05747|P0CX85|P0CX84|P26784|P05759|P0CX45|P0CX46|P14126|P26321|P05749|P0CX48|P0CX47|P38011|P04650|P05744|P0CX50|P0CX49|P48589|P0CX38|P0CX37|P87262|P49167|P39939|P14120|B3RHV0|P41805|P25443|P05739|P05740|P0C0V8|Q3E7X9|P10664|Q02753|P04449|Q08745|Q3E757|P02406|P07280|P41057|P38701|Q01855|P0CX24|P0CX23|O13516|B3LI22|P39516|P0CX26|P0CX25|P0CX55|P0CX56|P0C2H8|P04456|P0C2H6|P05745|P0CX82|P0CX83|P05748|P05756|P23301|P36105|P49166|P17076|P05743|P05737|P35997|P0CH08|P0CH09|P0CX36|P0CX35|P05750|P0CX42|P0CX41|P26786|P38061|P0CX51|P0CX52|P0CX27|P0CX28,852058|852911|851477|850994|854354|853015|856250|853249|854741|856805|852730|850592|851336|851419|854673|850864|850590|854794|854229|855972|850750|851589|852337|855143|853250|855960|854029|855415|854551|852479|856015|856784|851035|856868|852853|850764|852754|851169|853674|853931|854338|852319|852489|852852|854468|852976|852775|854028|851104|856371|854117|854489|855283|856024|853248|853557|856156|852061|854982|851484|853993|856401|855232|852254|852379|850716|851636|856677|853864|850882|856352|851058|852804|853700|853969|854658|853610|856610|855543|852191|856853|854263|852185|851476|855174|855560|856544,32299921,10.1126/science.aay6912
3.1,6YXY,State B of the Trypanosoma brucei mitoribosomal large subunit assembly intermediate,ELECTRON MICROSCOPY,GTP|NAD|ATP|MG|SPD|ZN|NA|PM8,NULL,1102|135398633|923|5957|32051|888|5892,NULL,NULL,32679035,10.1016/j.molcel.2020.06.030
3.12,5IT8,High-resolution structure of the Escherichia coli ribosome,X-RAY DIFFRACTION,1PE|PG4|PGE|TRS|PUT|MPD|ACY|MG|SPD|GUN|ZN|PEG|EDO,NULL,62551|1102|135398634|3777159|32051|8117|174|5288834|8172|888|176|1045|8200,P68679|P0A7M6|P0AG51|P60422|P0ADZ4|P0ADY7|P0AG44|P0A7V3|P61175|P0A7M2|P0AG63|P0A7W1|P0A7Q1|P68919|P60624|P0A7S3|P0A7T3|P0A7T7|P0A7J7|P0AG59|P02359|P0A7L3|P0A7S9|P60723|P0A7J3|P0A7L8|A8APV6|P0A7X3|P02413|P0A7R5|P0A7U7|P60438|P0A7W7|P0A7N4|P0AG55|P0A7V8|P0A7P5|P0A7Q6|P0ADY3|P0A7K6|P0A7N9|P02358|P62399|P0AA10|P0AG48|P0A7R1|P0A7R9|P0ADZ0|Q31VV8|P0C018|P0A7U3|P0A7V0,947577|9732014|67415353|947807|67415343|69475430|947797|60371122|67415358|69620283|947820|66672933|947686|67415354|69475419|947806|67463958|72531674|947784|72531654|947814|60373126|67415356|69620285|947813|64292959|67417639|69473774|946941|60371752|67415352|69475421|947808|69733388|947795|64336986|67415577|72533836|946349|67414531|945618|64293236|67415350|69753151|947810|67463992|72531640|947845|67414073|947103|948721|9735149|67415316|69475358|948484|67415348|69475425|947801|947846|67462539|72533835|945152|67415339|69475434|947791|67463983|72531649|947818|67415314|69475360|948490|66672913|945190|60373613|64293309|67415938|69753235|949000|947798|67415362|69475411|947816|66671687|944759|67415361|69475412|947817|67415347|69620294|947802|67414282|69616003|945657|67415346|69475427|947803|67415337|69475436|947793|72531240|948216|72531669|947805|67415351|69475422|947809|67414076|69475165|947096|8913847|946318|948723|64293237|67415349|69753152|947800|66672873|947828|67415980|69473963|949057|67414822|69472824|948720|67415338|69620303|947792|67415359|69475414|947819|64338599|72408392|947804|67463980|72531652|947811|67416245|69474083|947874,27382179,10.1073/pnas.1605127113
3.2,3L1R,X-ray structure of the mutant lys300met of polyamine oxidase from zea mays in complex with spermidine,X-RAY DIFFRACTION,SO4|CL|SPD|NAG|FAD,G73541PI|G67334XY,1102|643975|24139|312|1117,O64411,541983,NULL,NULL
3.22,7A0S,50S Deinococcus radiodurans ribosome bounded with mycinamicin I,X-RAY DIFFRACTION,QU2|K|MPD|EOH|MG|SPD|CA|NA,NULL,813|1102|923|271|5288834|888|53297410|702,Q9RSL3|Q9RXK2|Q9RXY1|Q9RXJ9|Q9RSJ5|Q9RWB4|Q9RSW6|Q9RSL2|Q9RXJ5|Q9RSL0|Q9RXK1|Q9RY65|P49228|Q9RY64|Q9RXJ1|Q9RSW7|Q9RXJ0|Q9RRG8|Q9RXK0|Q9RXJ7|Q9RSS4|Q9RX88|Q9RXJ2|Q9RSH2|Q9RXJ4|Q9RSK9,69518353|69516543|69516546|69518371|69517000|69518242|69518354|59165585|69516550|59163716|69518356|69516544|69516316|69518616|69516317|59163835|69518241|69516555|69518777|69516545|69516548|69518288|69516659|69516553|59163680|69518393|69516551|69518357,NULL,NULL
3.27,6HIY,Cryo-EM structure of the Trypanosoma brucei mitochondrial ribosome - This entry contains the body of the small mitoribosomal subunit in complex with mt-IF-3,ELECTRON MICROSCOPY,MG|SPM|SPD|ZN,NULL,1103|32051|888|1102,NULL,NULL,30213880,10.1126/science.aau7735
3.32,5J88,Structure of the E coli 70S ribosome with the U1060A mutation in 16S rRNA,X-RAY DIFFRACTION,1PE|PG4|PGE|TRS|PUT|MPD|ACY|MG|SPD|GUN|ZN|PEG|EDO,NULL,62551|1102|135398634|3777159|32051|8117|174|5288834|8172|888|176|1045|8200,P68679|P0A7M6|P0AG51|P60422|P0ADZ4|P0ADY7|P0AG44|P0A7V3|P61175|P0A7M2|P0AG63|P0A7W1|P0A7Q1|P68919|P60624|P0A7S3|P0A7T3|P0A7T7|P0A7J7|P0AG59|P02359|P0A7L3|P0A7S9|P60723|P0A7J3|P0A7L8|P0A7X3|P02413|P0A7R5|P0A7U7|P60438|P0A7W7|P0A7N4|P0AG55|P0A7V8|P0A7P5|P0A7Q6|P0ADY3|P0A7K6|P0A7N9|P02358|P62399|P0AA10|P0AG48|P0A7R1|P0A7R9|P0ADZ0|Q31VV8|P0C018|P0A7U3|P0A7V0,947577|9732014|67415353|947807|67415343|69475430|947797|60371122|67415358|69620283|947820|66672933|947686|67415354|69475419|947806|67463958|72531674|947784|72531654|947814|60373126|67415356|69620285|947813|64292959|67417639|69473774|946941|60371752|67415352|69475421|947808|69733388|947795|64336986|67415577|72533836|946349|67414531|945618|64293236|67415350|69753151|947810|67463992|72531640|947845|67414073|947103|948721|9735149|67415316|69475358|948484|67415348|69475425|947801|947846|67462539|72533835|945152|67415339|69475434|947791|67463983|72531649|947818|67415314|69475360|948490|66672913|945190|60373613|64293309|67415938|69753235|949000|947798|67415362|69475411|947816|66671687|944759|67415361|69475412|947817|67415347|69620294|947802|67414282|69616003|945657|67415346|69475427|947803|67415337|69475436|947793|72531240|948216|72531669|947805|67415351|69475422|947809|67414076|69475165|947096|8913847|946318|948723|64293237|67415349|69753152|947800|66672873|947828|67415980|69473963|949057|67414822|69472824|948720|67415338|69620303|947792|67415359|69475414|947819|64338599|72408392|947804|67463980|72531652|947811|67416245|69474083|947874,27382179,10.1073/pnas.1605127113
3.35,2QBY,Crystal structure of a heterodimer of Cdc6/Orc1 initiators bound to origin DNA (from S. solfataricus),X-RAY DIFFRACTION,ADP|K|MG|SPD,NULL,813|6022|1102|888,Q980N4|Q97WM8,44129226|44127920,17761879,10.1126/science.1143690
3.37,6HIW,Cryo-EM structure of the Trypanosoma brucei mitochondrial ribosome - This entry contains the complete small mitoribosomal subunit in complex with mt-IF-3,ELECTRON MICROSCOPY,GTP|MG|SPD|SPM|ZN|UTP,NULL,6133|1103|1102|135398633|32051|888,NULL,NULL,30213880,10.1126/science.aau7735
3.392,4WFA,The crystal structure of the large ribosomal subunit of Staphylococcus aureus in complex with linezolid,X-RAY DIFFRACTION,EPE|MPD|MN|MG|EOH|SPD|ZLD|NA,NULL,1102|923|27854|441401|5288834|888|23830|702,Q2FW21|Q2FZ42|P0A0F8|Q2FZ60|Q2FXQ0|Q99WA2|Q2FJE0|P60430|Q2FW08|Q2FW29|Q2FXQ1|Q2FXS8|Q2FW22|Q2FW38|Q2FXT0|Q2FW07|Q2FW33|Q2FW14|Q2FW17|Q2FW16|Q2FW13|P0A0G2|Q2FW11|Q2FW18|Q2FW06|Q2FZF1|Q2FUQ0,3920873|3919477|66839433|3920869|66840443|3919324|61498368|66839416|3920427|66839859|66838782|3920885|66840459|3920886|3920865|72469726|3920426|66839858|3920555|66839833|3920872|3920856|66840430|3920553|66839831|3920887|3920861|66840435|3920880|60544554|62692405|72469711|3920877|3920878|66840452|3920881|66840455|3920870|3920883|58091471|66840457|3920876|3920888|66840462|3921318|60546316|62694172|72469080,26464510,10.1073/pnas.1517952112
3.398,6IKM,Crystal structure of SpuE-Spermidine in complex with ScFv5,X-RAY DIFFRACTION,SO4|SPD,NULL,1117|1102,Q9I6J0|3TTN_A,877626,31682834,10.1016/j.jmb.2019.10.026
3.4,7A18,50S Deinococcus radiodurans ribosome bounded with mycinamicin IV,X-RAY DIFFRACTION,MIV|SPD|MG,NULL,1102|6447311|888,Q9RSJ5|Q9RSH2|Q9RXJ5|Q9RX88|P49228|Q9RSL0|Q9RSW6|Q9RSL2|Q9RXJ1|Q9RRG8|Q9RXJ9|Q9RXK2|Q9RY65|Q9RY64|Q9RXJ7|Q9RSS4|Q9RSK9|Q9RWB4|Q9RXJ0|Q9RXJ4|Q9RXK1|Q9RXJ2|Q9RSL3|Q9RXK0|Q9RSW7|Q9RXY1,69518371|59163680|69518393|59165585|69516550|69516659|69518616|59163716|69518356|69518242|69518354|69518777|69516546|69516543|69516316|69516317|69516548|69518288|69518357|69517000|69516555|69516551|69516544|69516553|69518353|69516545|59163835|69518241,NULL,NULL
3.427,4WF9,The crystal structure of the large ribosomal subunit of Staphylococcus aureus in complex with telithromycin,X-RAY DIFFRACTION,EPE|MPD|MN|MG|EOH|SPD|TEL,NULL,3002190|1102|27854|5288834|888|23830|702,Q2FW21|Q2FZ42|P0A0F8|Q2FXQ0|Q99WA2|Q2FJE0|P60430|Q2FW08|Q2FXQ1|Q2FXS8|Q2FW22|Q2FW38|Q2FXT0|Q2FW07|Q2FW33|Q2FW14|Q2FW17|Q2FW16|Q2FW13|P0A0G2|Q2FW11|Q2FW18|Q2FW06|Q2FZF1|Q2FUQ0,3920873|3919477|66839433|3920869|66840443|3920427|66839859|66838782|3920885|66840459|3920886|3920426|66839858|3920555|66839833|3920872|3920856|66840430|3920553|66839831|3920887|3920861|66840435|3920880|60544554|62692405|72469711|3920877|3920878|66840452|3920881|66840455|3920870|3920883|58091471|66840457|3920876|3920888|66840462|3921318|60546316|62694172|72469080,26464510,10.1073/pnas.1517952112
3.428,5JVG,The large ribosomal subunit from Deinococcus radiodurans in complex with avilamycin,X-RAY DIFFRACTION,6NO|MG|SPD|MPD,NULL,76959299|1102|5288834|888,Q9RSW7|Q9RXJ2|Q9RXJ4|Q9RSK9|Q9RSL0|Q9RSS7|Q9RSH2|Q9RWB4|Q9RXK0|Q9RX88|Q9RSL3|Q9RXY1|Q9RXK1|Q9RY64|Q9RXJ5|Q9RY65|Q9RSS4|Q9RSL2|Q9RXJ1|Q9RXJ0|Q9RXK2|P49228|Q9RXJ7|Q9R1E6|Q9RSW6|Q9RXJ9|Q9RSJ5|Q9RRG8,59163835|69518241|69516553|69516551|69518357|59163716|69518356|69518285|59163680|69518393|69517000|69516545|69516659|69518353|69516544|69516317|59165585|69516550|69516316|69518288|69518354|69516555|69516543|69518616|69516548|18606|69518242|69516546|69518371|69518777,27791159,10.1073/pnas.1614297113
3.43,4WFB,The crystal structure of the large ribosomal subunit of Staphylococcus aureus in complex with BC-3205,X-RAY DIFFRACTION,3LK|EPE|MPD|MN|MG|EOH|SPD,NULL,1102|137348156|27854|5288834|888|23830|702,Q2FW21|Q2FZ42|P0A0F8|Q2FZ60|Q2FXQ0|Q99WA2|Q2FJE0|P60430|Q2FW08|Q2FW29|Q2FXQ1|Q2FXS8|Q2FW22|Q2FW38|Q2FXT0|Q2FW07|Q2FW33|Q2FW14|Q2FW17|Q2FW16|Q2FW13|P0A0G2|Q2FW11|Q2FW18|Q2FW06|Q2FZF1|Q2FUQ0,3920873|3919477|66839433|3920869|66840443|3919324|61498368|66839416|3920427|66839859|66838782|3920885|66840459|3920886|3920865|72469726|3920426|66839858|3920555|66839833|3920872|3920856|66840430|3920553|66839831|3920887|3920861|66840435|3920880|60544554|62692405|72469711|3920877|3920878|66840452|3920881|66840455|3920870|3920883|58091471|66840457|3920876|3920888|66840462|3921318|60546316|62694172|72469080,26464510,10.1073/pnas.1517952112
3.442,5NRG,The crystal structure of the large ribosomal subunit of Staphylococcus aureus in complex with RB02,X-RAY DIFFRACTION,EPE|MPD|95H|MN|MG|SPD,NULL,1102|27854|5288834|888|23830|129316476,Q2FW21|Q2FZ42|P0A0F8|Q2FXQ0|P60430|Q2FW08|Q2FXQ1|Q2FXS8|Q2FW22|Q2FW38|Q2FXT0|Q2FW07|Q2FW33|Q2FW14|Q2FW17|Q2FW16|Q2FW13|P0A0G2|Q2FW11|Q2FW18|Q2FW06|Q2FZF1|Q2FUQ0,3920873|3919477|66839433|3920869|66840443|3920427|66839859|3920885|66840459|3920886|3920426|66839858|3920555|66839833|3920872|3920856|66840430|3920553|66839831|3920887|3920861|66840435|3920880|60544554|62692405|72469711|3920877|3920878|66840452|3920881|66840455|3920870|3920883|58091471|66840457|3920876|3920888|66840462|3921318|60546316|62694172|72469080,28973455,10.1093/nar/gkx658
3.526,4WCE,The crystal structure of the large ribosomal subunit of Staphylococcus aureus,X-RAY DIFFRACTION,EPE|MPD|MN|MG|EOH|SPD,NULL,1102|27854|5288834|888|23830|702,Q2FW21|Q2FZ42|P0A0F8|Q2FZ60|Q2FXQ0|Q99WA2|Q2FJE0|P60430|Q2FW08|Q2FW29|Q2FXQ1|Q2FXS8|Q2FW22|Q2FW38|Q2FXT0|Q2FW07|Q2FW33|Q2FW14|Q2YYP6|Q2FW17|Q2FW16|Q2FW13|P0A0G2|Q2FW11|Q2FW18|Q2FW06|Q2FZF1|Q2FUQ0,3920873|3919477|66839433|3920869|66840443|3919324|61498368|66839416|3920427|66839859|66838782|3920885|66840459|3920886|3920865|72469726|3920426|66839858|3920555|66839833|3920872|3920856|66840430|3920553|66839831|3920887|3920861|66840435|3920880|60544554|62692405|72469711|66840462|3920877|3920878|66840452|3920881|66840455|3920870|3920883|58091471|66840457|3920876|3920888|3921318|60546316|62694172|72469080,26464510,10.1073/pnas.1517952112
3.55,5HL7,The crystal structure of the large ribosomal subunit of Staphylococcus aureus in complex with lefamulin,X-RAY DIFFRACTION,EPE|MPD|62B|MN|MG|SPD|EOH,NULL,1102|27854|25185057|5288834|888|23830|702,Q2FW21|Q2FZ42|P0A0F8|Q2FZ60|Q2FXQ0|P60430|Q2FW08|Q2FW29|Q2FXQ1|Q2FXS8|Q2FW22|Q2FW38|Q2FXT0|Q2FW07|Q2FW33|Q2FW14|Q2FW17|Q2FW16|Q2FW13|P0A0G2|Q2FW11|Q2FW18|Q2FW06|Q2FZF1|Q2FUQ0,3920873|3919477|66839433|3920869|66840443|3919324|61498368|66839416|3920427|66839859|3920885|66840459|3920886|3920865|72469726|3920426|66839858|3920555|66839833|3920872|3920856|66840430|3920553|66839831|3920887|3920861|66840435|3920880|60544554|62692405|72469711|3920877|3920878|66840452|3920881|66840455|3920870|3920883|58091471|66840457|3920876|3920888|66840462|3921318|60546316|62694172|72469080,27958389,10.1038/srep39004
3.66,5HKV,The crystal structure of the large ribosomal subunit of Staphylococcus aureus in complex with lincomycin,X-RAY DIFFRACTION,MPD|MN|MG|EOH|SPD|CA|3QB,NULL,1102|27854|3000540|271|5288834|888|702,Q2FW21|Q2FZ42|P0A0F8|Q2FZ60|Q2FXQ0|Q99WA2|Q2FJE0|P60430|Q2FW08|Q2FXQ1|Q2FXS8|Q2FW22|Q2FW38|Q2FXT0|Q2FW07|Q2FW33|Q2FW14|Q2FW17|Q2FW16|Q2FW13|P0A0G2|Q2FW11|Q2FW18|Q2FW06|Q2FZF1|Q2FUQ0,3920873|3919477|66839433|3920869|66840443|3919324|61498368|66839416|3920427|66839859|66838782|3920885|66840459|3920886|3920426|66839858|3920555|66839833|3920872|3920856|66840430|3920553|66839831|3920887|3920861|66840435|3920880|60544554|62692405|72469711|3920877|3920878|66840452|3920881|66840455|3920870|3920883|58091471|66840457|3920876|3920888|66840462|3921318|60546316|62694172|72469080,28973455,10.1093/nar/gkx658
3.7,7A5K,Structure of the human mitoribosome in the post translocation state bound to mtEF-G1,ELECTRON MICROSCOPY,UNK|GDP|MG|GCP|SPD|ZN,NULL,1102|32051|888|135398731|80283|135398619,Q9NQ50|Q92552|Q5T653|Q9BYD1|Q14197|Q9BYN8|Q9P0J6|Q9Y2R9|Q9Y291|Q9BYD2|O15235|Q96A35|Q96EY7|Q7Z7F7|Q9P0M9|Q9BYC9|P82930|Q96EL3|P82664|Q9BRJ2|P82932|P82663|Q9BYD3|Q96GC5|Q9BZE1|Q9Y3D3|O75394|Q9NX20|P82675|Q9Y399|Q9NP92|Q16540|Q9Y2Q9|Q9Y3B7|Q8N983|P82914|P82912|P82650|P09001|Q9NWT8|O60783|Q13405|Q8IXM3|Q96RP9|Q9Y676|Q9H2W6|Q9Y2R5|Q96DV4|Q9BQ48|Q9Y6G3|Q9NYK5|Q6P1L8|Q4U2R6|Q96BP2|Q9NVS2|Q9P015|Q9BYC8|Q92665|Q6P161|Q96EL2|Q9Y3D5|Q8N5N7|Q9H9J2|Q8TCC3|Q9BQC6|Q8TAE8|P82673|Q13084|Q9BYD6|Q9Y3D9|P82933|Q9NRX2|Q7Z2W9|P82921|P51398|P49406|Q9HD33|Q9NZE8|Q7Z7H8,64976|23107|51069|28998|3396|64949|64979|51081|51650|65005|6183|79590|55037|128308|51264|55052|65993|116540|55173|64968|64432|51073|51642|51253|51021|9553|54948|64969|51116|10884|6150|28957|65003|84545|64960|64963|56945|11222|54998|63931|740|64975|85476|28973|26589|51373|64978|64981|28977|54148|64928|51258|118487|55168|29088|64983|10240|116541|64951|51023|54534|65080|51263|78988|90480|60488|10573|65008|51649|64965|63875|219927|54460|7818|9801|57129|51318|124995,33243891,10.1126/science.abc7782
4.33,7A5G,Structure of the elongating human mitoribosome bound to mtEF-Tu.GMPPCP and A/T mt-tRNA,ELECTRON MICROSCOPY,GDP|SO4|MLI|CL|MG|GCP|SPD|ZN|NA,NULL,1102|923|32051|9084|135398619|888|135398731|312|1117,Q9NQ50|Q9NWU5|Q92552|Q5T653|Q9BYD1|Q14197|Q9BYN8|Q9P0J6|Q9Y2R9|Q9Y291|Q9BYD2|O15235|Q96A35|Q96EY7|P49411|Q7Z7F7|Q9P0M9|Q9BYC9|P82930|Q86TS9|Q96EL3|P82664|Q9BRJ2|P82932|P82663|Q9BYD3|Q96GC5|Q9BZE1|Q9Y3D3|O75394|Q9H0U6|Q9NX20|P82675|Q9Y399|Q9NP92|Q16540|Q9Y2Q9|Q9Y3B7|Q8N983|P82914|P82912|P82650|P09001|Q9NWT8|O60783|Q13405|Q8IXM3|Q9Y676|Q9H2W6|Q9Y2R5|Q96DV4|Q9BQ48|Q9Y6G3|Q9NYK5|Q6P1L8|Q4U2R6|Q96BP2|Q9NVS2|Q9P015|Q9BYC8|Q92665|Q6P161|Q96EL2|Q9Y3D5|Q8N5N7|Q9H9J2|Q8TCC3|Q9BQC6|Q8TAE8|P82673|Q13084|Q9Y3D9|Q72GV9|P82933|Q9NRX2|Q7Z2W9|P82921|P51398|P49406|Q9HD33|Q9NZE8|Q7Z7H8,64976|29093|23107|51069|28998|3396|64949|64979|51081|51650|65005|6183|79590|55037|7284|128308|51264|55052|65993|122704|116540|55173|64968|64432|51073|51642|51253|51021|9553|29074|54948|64969|51116|10884|6150|28957|65003|84545|64960|64963|56945|11222|54998|63931|740|64975|28973|26589|51373|64978|64981|28977|54148|64928|51258|118487|55168|29088|64983|10240|116541|64951|51023|54534|65080|51263|78988|90480|60488|10573|51649|64965|63875|219927|54460|7818|9801|57129|51318|124995,33243891,10.1126/science.abc7782
7.8,6HIV,Cryo-EM structure of the Trypanosoma brucei mitochondrial ribosome - This entry contains the complete mitoribosome,ELECTRON MICROSCOPY,GTP|NAD|MG|SPD|SPM|ZN|SER|UTP,NULL,6133|1103|1102|135398633|32051|5951|888|5892,NULL,NULL,30213880,10.1126/science.aau7735
