﻿id,cid,dsn,cmpdname,srccmpd,srccmpdname,srccmpdurl,srctarget,srctargetname,srctargeturl,protacxn,protname,geneid,genename,taxid,taxname,action,actname,actvalue,evids,evurls,pmids,dois,citations
   1281855,480764,CTD,8-Prenylnaringenin,C119737,8-prenylnaringenin,https://ctdbase.org/detail.go?type=chem&acc=C119737,5241,PGR,https://ctdbase.org/detail.go?type=gene&acc=5241,NULL,NULL,5241,PGR,10116,Rattus norvegicus (Norway rat),8-prenylnaringenin results in increased expression of PGR protein,NULL,NULL,PMID:16837889,https://www.ncbi.nlm.nih.gov/pubmed/16837889,16837889,NULL,NULL
1281856,480764,CTD,8-Prenylnaringenin,C119737,8-prenylnaringenin,https://ctdbase.org/detail.go?type=chem&acc=C119737,5241,PGR,https://ctdbase.org/detail.go?type=gene&acc=5241,NULL,NULL,5241,PGR,10116,Rattus norvegicus (Norway rat),Fulvestrant inhibits the reaction [8-prenylnaringenin results in increased expression of PGR mrna],NULL,NULL,PMID:34848279,https://www.ncbi.nlm.nih.gov/pubmed/34848279,34848279,NULL,NULL
1281963,480764,CTD,8-Prenylnaringenin,C119737,8-prenylnaringenin,https://ctdbase.org/detail.go?type=chem&acc=C119737,249,ALPL,https://ctdbase.org/detail.go?type=gene&acc=249,NULL,NULL,249,ALPL,9606,Homo sapiens (human),[8-prenylnaringenin binds to ESR1 protein] which results in increased activity of ALPL protein|fulvestrant inhibits the reaction [[8-prenylnaringenin binds to ESR1 protein] which results in increased activity of ALPL protein],NULL,NULL,PMID:12650720,https://www.ncbi.nlm.nih.gov/pubmed/12650720,12650720,NULL,NULL
1281964,480764,CTD,8-Prenylnaringenin,C119737,8-prenylnaringenin,https://ctdbase.org/detail.go?type=chem&acc=C119737,249,ALPL,https://ctdbase.org/detail.go?type=gene&acc=249,NULL,NULL,249,ALPL,9606,Homo sapiens (human),8-prenylnaringenin results in increased expression of ALPL mrna|8-prenylnaringenin results in increased activity of ALPL protein,NULL,NULL,PMID:16019205,https://www.ncbi.nlm.nih.gov/pubmed/16019205,16019205,NULL,NULL
1281965,480764,CTD,8-Prenylnaringenin,C119737,8-prenylnaringenin,https://ctdbase.org/detail.go?type=chem&acc=C119737,718,C3,https://ctdbase.org/detail.go?type=gene&acc=718,NULL,NULL,718,C3,10116,Rattus norvegicus (Norway rat),8-prenylnaringenin results in increased expression of C3 mRNA,NULL,NULL,PMID:16522720,https://www.ncbi.nlm.nih.gov/pubmed/16522720,16522720,NULL,NULL
1281966,480764,CTD,8-Prenylnaringenin,C119737,8-prenylnaringenin,https://ctdbase.org/detail.go?type=chem&acc=C119737,873,CBR1,https://ctdbase.org/detail.go?type=gene&acc=873,NULL,NULL,873,CBR1,9606,Homo sapiens (human),"8-prenylnaringenin inhibits the reaction [CBR1 protein results in increased metabolism of daunorubicin]|8-prenylnaringenin inhibits the reaction [CBR1 protein results in increased reduction of 2,3-hexanedione]",NULL,NULL,PMID:30849340,https://www.ncbi.nlm.nih.gov/pubmed/30849340,30849340,NULL,NULL
1281967,480764,CTD,8-Prenylnaringenin,C119737,8-prenylnaringenin,https://ctdbase.org/detail.go?type=chem&acc=C119737,1081,CGA,https://ctdbase.org/detail.go?type=gene&acc=1081,NULL,NULL,1081,CGA,10116,Rattus norvegicus (Norway rat),8-prenylnaringenin results in decreased expression of CGA mRNA,NULL,NULL,PMID:16522720,https://www.ncbi.nlm.nih.gov/pubmed/16522720,16522720,NULL,NULL
1281968,480764,CTD,8-Prenylnaringenin,C119737,8-prenylnaringenin,https://ctdbase.org/detail.go?type=chem&acc=C119737,1447,CSN2,https://ctdbase.org/detail.go?type=gene&acc=1447,NULL,NULL,1447,CSN2,10116,Rattus norvegicus (Norway rat),Methylcholanthrene inhibits the reaction [8-prenylnaringenin results in increased expression of CSN2 mrna]|8-prenylnaringenin results in increased expression of CSN2 mRNA,NULL,NULL,PMID:26372666,https://www.ncbi.nlm.nih.gov/pubmed/26372666,26372666,NULL,NULL
1281969,480764,CTD,8-Prenylnaringenin,C119737,8-prenylnaringenin,https://ctdbase.org/detail.go?type=chem&acc=C119737,1588,CYP19A1,https://ctdbase.org/detail.go?type=gene&acc=1588,NULL,NULL,1588,CYP19A1,9606,Homo sapiens (human),8-prenylnaringenin results in decreased activity of CYP19A1 protein,NULL,NULL,PMID:30608650,https://www.ncbi.nlm.nih.gov/pubmed/30608650,30608650,NULL,NULL
1281970,480764,CTD,8-Prenylnaringenin,C119737,8-prenylnaringenin,https://ctdbase.org/detail.go?type=chem&acc=C119737,1543,CYP1A1,https://ctdbase.org/detail.go?type=gene&acc=1543,NULL,NULL,1543,CYP1A1,9606,Homo sapiens (human),8-prenylnaringenin results in decreased activity of CYP1A1 protein,NULL,NULL,PMID:19770484,https://www.ncbi.nlm.nih.gov/pubmed/19770484,19770484,NULL,NULL
1281971,480764,CTD,8-Prenylnaringenin,C119737,8-prenylnaringenin,https://ctdbase.org/detail.go?type=chem&acc=C119737,1543,CYP1A1,https://ctdbase.org/detail.go?type=gene&acc=1543,NULL,NULL,1543,CYP1A1,9606,Homo sapiens (human),8-prenylnaringenin results in decreased expression of CYP1A1 mRNA,NULL,NULL,PMID:32986415,https://www.ncbi.nlm.nih.gov/pubmed/32986415,32986415,NULL,NULL
1281972,480764,CTD,8-Prenylnaringenin,C119737,8-prenylnaringenin,https://ctdbase.org/detail.go?type=chem&acc=C119737,1544,CYP1A2,https://ctdbase.org/detail.go?type=gene&acc=1544,NULL,NULL,1544,CYP1A2,9606,Homo sapiens (human),8-prenylnaringenin results in decreased activity of CYP1A2 protein,NULL,NULL,PMID:19770484,https://www.ncbi.nlm.nih.gov/pubmed/19770484,19770484,NULL,NULL
1282097,480764,CTD,8-Prenylnaringenin,C119737,8-prenylnaringenin,https://ctdbase.org/detail.go?type=chem&acc=C119737,1544,CYP1A2,https://ctdbase.org/detail.go?type=gene&acc=1544,NULL,NULL,1544,CYP1A2,9606,Homo sapiens (human),8-prenylnaringenin results in increased expression of CYP1A2 mRNA,NULL,NULL,PMID:15672752,https://www.ncbi.nlm.nih.gov/pubmed/15672752,15672752,NULL,NULL
1282098,480764,CTD,8-Prenylnaringenin,C119737,8-prenylnaringenin,https://ctdbase.org/detail.go?type=chem&acc=C119737,1576,CYP3A4,https://ctdbase.org/detail.go?type=gene&acc=1576,NULL,NULL,1576,CYP3A4,9606,Homo sapiens (human),8-prenylnaringenin results in decreased activity of CYP3A4 protein,NULL,NULL,PMID:19770484,https://www.ncbi.nlm.nih.gov/pubmed/19770484,19770484,NULL,NULL
1282099,480764,CTD,8-Prenylnaringenin,C119737,8-prenylnaringenin,https://ctdbase.org/detail.go?type=chem&acc=C119737,2099,ESR1,https://ctdbase.org/detail.go?type=gene&acc=2099,NULL,NULL,2099,ESR1,9606,Homo sapiens (human),8-prenylnaringenin analog binds to and results in increased activity of ESR1 protein,NULL,NULL,PMID:17149865,https://www.ncbi.nlm.nih.gov/pubmed/17149865,17149865,NULL,NULL
1282100,480764,CTD,8-Prenylnaringenin,C119737,8-prenylnaringenin,https://ctdbase.org/detail.go?type=chem&acc=C119737,2099,ESR1,https://ctdbase.org/detail.go?type=gene&acc=2099,NULL,NULL,2099,ESR1,9606,Homo sapiens (human),8-prenylnaringenin binds to and results in increased activity of ESR1 protein,NULL,NULL,PMID:15876408|PMID:16076101,https://www.ncbi.nlm.nih.gov/pubmed/15876408|https://www.ncbi.nlm.nih.gov/pubmed/16076101,15876408|16076101,NULL,NULL
1282101,480764,CTD,8-Prenylnaringenin,C119737,8-prenylnaringenin,https://ctdbase.org/detail.go?type=chem&acc=C119737,2099,ESR1,https://ctdbase.org/detail.go?type=gene&acc=2099,NULL,NULL,2099,ESR1,9606,Homo sapiens (human),[8-prenylnaringenin binds to ESR1 protein] which results in increased activity of ALPL protein|fulvestrant inhibits the reaction [[8-prenylnaringenin binds to ESR1 protein] which results in increased activity of ALPL protein],NULL,NULL,PMID:12650720,https://www.ncbi.nlm.nih.gov/pubmed/12650720,12650720,NULL,NULL
1282102,480764,CTD,8-Prenylnaringenin,C119737,8-prenylnaringenin,https://ctdbase.org/detail.go?type=chem&acc=C119737,7031,TFF1,https://ctdbase.org/detail.go?type=gene&acc=7031,NULL,NULL,7031,TFF1,9606,Homo sapiens (human),8-prenylnaringenin results in increased expression of TFF1 mRNA,NULL,NULL,PMID:16019205,https://www.ncbi.nlm.nih.gov/pubmed/16019205,16019205,NULL,NULL
1282103,480764,CTD,8-Prenylnaringenin,C119737,8-prenylnaringenin,https://ctdbase.org/detail.go?type=chem&acc=C119737,2099,ESR1,https://ctdbase.org/detail.go?type=gene&acc=2099,NULL,NULL,2099,ESR1,9606,Homo sapiens (human),8-prenylnaringenin results in decreased expression of ESR1 protein|benzyloxycarbonylleucyl-leucyl-leucine aldehyde inhibits the reaction [8-prenylnaringenin results in decreased expression of ESR1 protein],NULL,NULL,PMID:32986415,https://www.ncbi.nlm.nih.gov/pubmed/32986415,32986415,NULL,NULL
1282104,480764,CTD,8-Prenylnaringenin,C119737,8-prenylnaringenin,https://ctdbase.org/detail.go?type=chem&acc=C119737,2099,ESR1,https://ctdbase.org/detail.go?type=gene&acc=2099,NULL,NULL,2099,ESR1,9606,Homo sapiens (human),8-prenylnaringenin results in increased activity of ESR1 protein,NULL,NULL,PMID:12623674|PMID:17716812,https://www.ncbi.nlm.nih.gov/pubmed/12623674|https://www.ncbi.nlm.nih.gov/pubmed/17716812,12623674|17716812,NULL,NULL
1282105,480764,CTD,8-Prenylnaringenin,C119737,8-prenylnaringenin,https://ctdbase.org/detail.go?type=chem&acc=C119737,2099,ESR1,https://ctdbase.org/detail.go?type=gene&acc=2099,NULL,NULL,2099,ESR1,10116,Rattus norvegicus (Norway rat),8-prenylnaringenin promotes the reaction [ESR1 protein binds to ESR1 protein]|[fulvestrant co-treated with 8-prenylnaringenin] results in increased expression of ESR1 mrna|8-prenylnaringenin results in decreased expression of ESR1 protein|8-prenylnaringenin results in increased expression of ESR1 mrna|fulvestrant inhibits the reaction [8-prenylnaringenin results in decreased expression of ESR1 protein],NULL,NULL,PMID:34848279,https://www.ncbi.nlm.nih.gov/pubmed/34848279,34848279,NULL,NULL
1282106,480764,CTD,8-Prenylnaringenin,C119737,8-prenylnaringenin,https://ctdbase.org/detail.go?type=chem&acc=C119737,2100,ESR2,https://ctdbase.org/detail.go?type=gene&acc=2100,NULL,NULL,2100,ESR2,9606,Homo sapiens (human),8-prenylnaringenin analog binds to and results in decreased activity of ESR2 protein,NULL,NULL,PMID:17149865,https://www.ncbi.nlm.nih.gov/pubmed/17149865,17149865,NULL,NULL
1282234,480764,CTD,8-Prenylnaringenin,C119737,8-prenylnaringenin,https://ctdbase.org/detail.go?type=chem&acc=C119737,2100,ESR2,https://ctdbase.org/detail.go?type=gene&acc=2100,NULL,NULL,2100,ESR2,9606,Homo sapiens (human),8-prenylnaringenin binds to and results in increased activity of ESR2 protein,NULL,NULL,PMID:16076101,https://www.ncbi.nlm.nih.gov/pubmed/16076101,16076101,NULL,NULL
1282235,480764,CTD,8-Prenylnaringenin,C119737,8-prenylnaringenin,https://ctdbase.org/detail.go?type=chem&acc=C119737,2100,ESR2,https://ctdbase.org/detail.go?type=gene&acc=2100,NULL,NULL,2100,ESR2,9606,Homo sapiens (human),8-prenylnaringenin results in increased activity of ESR2 protein,NULL,NULL,PMID:17716812,https://www.ncbi.nlm.nih.gov/pubmed/17716812,17716812,NULL,NULL
1282236,480764,CTD,8-Prenylnaringenin,C119737,8-prenylnaringenin,https://ctdbase.org/detail.go?type=chem&acc=C119737,2100,ESR2,https://ctdbase.org/detail.go?type=gene&acc=2100,NULL,NULL,2100,ESR2,10116,Rattus norvegicus (Norway rat),8-prenylnaringenin results in decreased expression of ESR2 mRNA,NULL,NULL,PMID:16522720,https://www.ncbi.nlm.nih.gov/pubmed/16522720,16522720,NULL,NULL
1282237,480764,CTD,8-Prenylnaringenin,C119737,8-prenylnaringenin,https://ctdbase.org/detail.go?type=chem&acc=C119737,2100,ESR2,https://ctdbase.org/detail.go?type=gene&acc=2100,NULL,NULL,2100,ESR2,10116,Rattus norvegicus (Norway rat),8-prenylnaringenin results in increased expression of ESR2 mrna|[fulvestrant co-treated with 8-prenylnaringenin] results in increased expression of ESR2 mRNA,NULL,NULL,PMID:34848279,https://www.ncbi.nlm.nih.gov/pubmed/34848279,34848279,NULL,NULL
1282238,480764,CTD,8-Prenylnaringenin,C119737,8-prenylnaringenin,https://ctdbase.org/detail.go?type=chem&acc=C119737,2488,FSHB,https://ctdbase.org/detail.go?type=gene&acc=2488,NULL,NULL,2488,FSHB,10116,Rattus norvegicus (Norway rat),8-prenylnaringenin results in decreased expression of FSHB protein,NULL,NULL,PMID:16522720,https://www.ncbi.nlm.nih.gov/pubmed/16522720,16522720,NULL,NULL
1282239,480764,CTD,8-Prenylnaringenin,C119737,8-prenylnaringenin,https://ctdbase.org/detail.go?type=chem&acc=C119737,2798,GNRHR,https://ctdbase.org/detail.go?type=gene&acc=2798,NULL,NULL,2798,GNRHR,10116,Rattus norvegicus (Norway rat),8-prenylnaringenin results in decreased expression of GNRHR mRNA,NULL,NULL,PMID:16522720,https://www.ncbi.nlm.nih.gov/pubmed/16522720,16522720,NULL,NULL
1282240,480764,CTD,8-Prenylnaringenin,C119737,8-prenylnaringenin,https://ctdbase.org/detail.go?type=chem&acc=C119737,3479,IGF1,https://ctdbase.org/detail.go?type=gene&acc=3479,NULL,NULL,3479,IGF1,10116,Rattus norvegicus (Norway rat),[fulvestrant co-treated with 8-prenylnaringenin] results in decreased expression of IGF1 mRNA,NULL,NULL,PMID:34848279,https://www.ncbi.nlm.nih.gov/pubmed/34848279,34848279,NULL,NULL
1282241,480764,CTD,8-Prenylnaringenin,C119737,8-prenylnaringenin,https://ctdbase.org/detail.go?type=chem&acc=C119737,3480,IGF1R,https://ctdbase.org/detail.go?type=gene&acc=3480,NULL,NULL,3480,IGF1R,10116,Rattus norvegicus (Norway rat),8-prenylnaringenin results in increased expression of IGF1R mRNA,NULL,NULL,PMID:16522720,https://www.ncbi.nlm.nih.gov/pubmed/16522720,16522720,NULL,NULL
1282242,480764,CTD,8-Prenylnaringenin,C119737,8-prenylnaringenin,https://ctdbase.org/detail.go?type=chem&acc=C119737,3569,IL6,https://ctdbase.org/detail.go?type=gene&acc=3569,NULL,NULL,3569,IL6,9606,Homo sapiens (human),8-prenylnaringenin results in decreased expression of IL6 mRNA,NULL,NULL,PMID:16019205,https://www.ncbi.nlm.nih.gov/pubmed/16019205,16019205,NULL,NULL
1282243,480764,CTD,8-Prenylnaringenin,C119737,8-prenylnaringenin,https://ctdbase.org/detail.go?type=chem&acc=C119737,3832,KIF11,https://ctdbase.org/detail.go?type=gene&acc=3832,NULL,NULL,3832,KIF11,10116,Rattus norvegicus (Norway rat),Methylcholanthrene inhibits the reaction [8-prenylnaringenin results in increased expression of KIF11 mrna]|8-prenylnaringenin results in increased expression of KIF11 mRNA,NULL,NULL,PMID:26372666,https://www.ncbi.nlm.nih.gov/pubmed/26372666,26372666,NULL,NULL
1282244,480764,CTD,8-Prenylnaringenin,C119737,8-prenylnaringenin,https://ctdbase.org/detail.go?type=chem&acc=C119737,81930,KIF18A,https://ctdbase.org/detail.go?type=gene&acc=81930,NULL,NULL,81930,KIF18A,10116,Rattus norvegicus (Norway rat),Methylcholanthrene inhibits the reaction [8-prenylnaringenin results in increased expression of KIF18A mrna]|8-prenylnaringenin results in increased expression of KIF18A mRNA,NULL,NULL,PMID:26372666,https://www.ncbi.nlm.nih.gov/pubmed/26372666,26372666,NULL,NULL
1282391,480764,CTD,8-Prenylnaringenin,C119737,8-prenylnaringenin,https://ctdbase.org/detail.go?type=chem&acc=C119737,11004,KIF2C,https://ctdbase.org/detail.go?type=gene&acc=11004,NULL,NULL,11004,KIF2C,10116,Rattus norvegicus (Norway rat),8-prenylnaringenin results in increased expression of KIF2C mRNA,NULL,NULL,PMID:26372666,https://www.ncbi.nlm.nih.gov/pubmed/26372666,26372666,NULL,NULL
1282392,480764,CTD,8-Prenylnaringenin,C119737,8-prenylnaringenin,https://ctdbase.org/detail.go?type=chem&acc=C119737,3972,LHB,https://ctdbase.org/detail.go?type=gene&acc=3972,NULL,NULL,3972,LHB,10116,Rattus norvegicus (Norway rat),8-prenylnaringenin results in decreased expression of LHB protein|8-prenylnaringenin results in decreased expression of LHB mRNA,NULL,NULL,PMID:16522720,https://www.ncbi.nlm.nih.gov/pubmed/16522720,16522720,NULL,NULL
1282393,480764,CTD,8-Prenylnaringenin,C119737,8-prenylnaringenin,https://ctdbase.org/detail.go?type=chem&acc=C119737,4288,MKI67,https://ctdbase.org/detail.go?type=gene&acc=4288,NULL,NULL,4288,MKI67,10116,Rattus norvegicus (Norway rat),8-prenylnaringenin results in decreased expression of MKI67 mRNA,NULL,NULL,PMID:26372666,https://www.ncbi.nlm.nih.gov/pubmed/26372666,26372666,NULL,NULL
1282394,480764,CTD,8-Prenylnaringenin,C119737,8-prenylnaringenin,https://ctdbase.org/detail.go?type=chem&acc=C119737,5241,PGR,https://ctdbase.org/detail.go?type=gene&acc=5241,NULL,NULL,5241,PGR,9606,Homo sapiens (human),8-prenylnaringenin results in increased expression of PGR mRNA,NULL,NULL,PMID:16076101,https://www.ncbi.nlm.nih.gov/pubmed/16076101,16076101,NULL,NULL
1282395,480764,CTD,8-Prenylnaringenin,C119737,8-prenylnaringenin,https://ctdbase.org/detail.go?type=chem&acc=C119737,5241,PGR,https://ctdbase.org/detail.go?type=gene&acc=5241,NULL,NULL,5241,PGR,10116,Rattus norvegicus (Norway rat),8-prenylnaringenin results in increased expression of PGR mRNA,NULL,NULL,PMID:16522720|PMID:34848279,https://www.ncbi.nlm.nih.gov/pubmed/16522720|https://www.ncbi.nlm.nih.gov/pubmed/34848279,16522720|34848279,NULL,NULL
1282396,480764,CTD,8-Prenylnaringenin,C119737,8-prenylnaringenin,https://ctdbase.org/detail.go?type=chem&acc=C119737,7450,VWF,https://ctdbase.org/detail.go?type=gene&acc=7450,NULL,NULL,7450,VWF,9606,Homo sapiens (human),8-prenylnaringenin results in increased expression of VWF mRNA,NULL,NULL,PMID:16019205,https://www.ncbi.nlm.nih.gov/pubmed/16019205,16019205,NULL,NULL
1282397,480764,CTD,8-Prenylnaringenin,C119737,8-prenylnaringenin,https://ctdbase.org/detail.go?type=chem&acc=C119737,5617,PRL,https://ctdbase.org/detail.go?type=gene&acc=5617,NULL,NULL,5617,PRL,10116,Rattus norvegicus (Norway rat),8-prenylnaringenin results in increased expression of PRL protein,NULL,NULL,PMID:16522720,https://www.ncbi.nlm.nih.gov/pubmed/16522720,16522720,NULL,NULL
1899831,480764,BindingDB,8-Prenylnaringenin,19460,"(2S)-5,7-dihydroxy-2-(4-hydroxyphenyl)-8-(3-methylbut-2-en-1-yl)-3,4-dihydro-2H-1-benzopyran-4-one",https://www.bindingdb.org/rwd/bind/chemsearch/marvin/MolStructure.jsp?monomerid=19460,369,Estrogen receptor,https://www.bindingdb.org/rwd/jsp/dbsearch/PrimarySearch_ki.jsp?tag=pol&polymerid=369,P03372,Estrogen receptor,2099,ESR1,9606,Homo sapiens (human),NULL,IC50 (nM),57,PMID:17149865,https://www.ncbi.nlm.nih.gov/pubmed/17149865,17149865,NULL,NULL
1899832,480764,BindingDB,8-Prenylnaringenin,19460,"(2S)-5,7-dihydroxy-2-(4-hydroxyphenyl)-8-(3-methylbut-2-en-1-yl)-3,4-dihydro-2H-1-benzopyran-4-one",https://www.bindingdb.org/rwd/bind/chemsearch/marvin/MolStructure.jsp?monomerid=19460,370,Estradiol receptor beta (ER&#946;),https://www.bindingdb.org/rwd/jsp/dbsearch/PrimarySearch_ki.jsp?tag=pol&polymerid=370,Q92731,Estrogen receptor beta,2100,ESR2,9606,Homo sapiens (human),NULL,IC50 (nM),68,PMID:17149865,https://www.ncbi.nlm.nih.gov/pubmed/17149865,17149865,NULL,NULL
