﻿id,cid,dsn,cmpdname,srccmpd,srccmpdname,srccmpdurl,srctarget,srctargetname,srctargeturl,protacxn,protname,geneid,genename,taxid,taxname,action,actname,actvalue,evids,evurls,pmids,dois,citations
   1023055,5281319,CTD,Cucurbitacin E,C102326,cucurbitacin E,https://ctdbase.org/detail.go?type=chem&acc=C102326,59,ACTA2,https://ctdbase.org/detail.go?type=gene&acc=59,NULL,NULL,59,ACTA2,10090,Mus musculus (house mouse),Cucurbitacin E results in decreased expression of ACTA2 protein|cucurbitacin E results in decreased expression of ACTA2 mrna|cucurbitacin E inhibits the reaction [thioacetamide results in increased expression of ACTA2 protein],NULL,NULL,PMID:27363783,https://www.ncbi.nlm.nih.gov/pubmed/27363783,27363783,NULL,NULL
1023056,5281319,CTD,Cucurbitacin E,C102326,cucurbitacin E,https://ctdbase.org/detail.go?type=chem&acc=C102326,207,AKT1,https://ctdbase.org/detail.go?type=gene&acc=207,NULL,NULL,207,AKT1,9606,Homo sapiens (human),Cucurbitacin E affects the phosphorylation of AKT1 protein|acetylcysteine inhibits the reaction [cucurbitacin E affects the phosphorylation of AKT1 protein],NULL,NULL,PMID:27106530,https://www.ncbi.nlm.nih.gov/pubmed/27106530,27106530,NULL,NULL
1023057,5281319,CTD,Cucurbitacin E,C102326,cucurbitacin E,https://ctdbase.org/detail.go?type=chem&acc=C102326,581,BAX,https://ctdbase.org/detail.go?type=gene&acc=581,NULL,NULL,581,BAX,9606,Homo sapiens (human),Cucurbitacin E results in increased expression of BAX protein,NULL,NULL,PMID:27106530,https://www.ncbi.nlm.nih.gov/pubmed/27106530,27106530,NULL,NULL
1023058,5281319,CTD,Cucurbitacin E,C102326,cucurbitacin E,https://ctdbase.org/detail.go?type=chem&acc=C102326,581,BAX,https://ctdbase.org/detail.go?type=gene&acc=581,NULL,NULL,581,BAX,10116,Rattus norvegicus (Norway rat),Cucurbitacin E results in increased expression of BAX protein,NULL,NULL,PMID:27363783,https://www.ncbi.nlm.nih.gov/pubmed/27363783,27363783,NULL,NULL
1023059,5281319,CTD,Cucurbitacin E,C102326,cucurbitacin E,https://ctdbase.org/detail.go?type=chem&acc=C102326,596,BCL2,https://ctdbase.org/detail.go?type=gene&acc=596,NULL,NULL,596,BCL2,9606,Homo sapiens (human),Cucurbitacin E results in decreased expression of BCL2 protein,NULL,NULL,PMID:27106530,https://www.ncbi.nlm.nih.gov/pubmed/27106530,27106530,NULL,NULL
1023060,5281319,CTD,Cucurbitacin E,C102326,cucurbitacin E,https://ctdbase.org/detail.go?type=chem&acc=C102326,596,BCL2,https://ctdbase.org/detail.go?type=gene&acc=596,NULL,NULL,596,BCL2,10116,Rattus norvegicus (Norway rat),Cucurbitacin E results in decreased expression of BCL2 protein,NULL,NULL,PMID:27363783,https://www.ncbi.nlm.nih.gov/pubmed/27363783,27363783,NULL,NULL
1023061,5281319,CTD,Cucurbitacin E,C102326,cucurbitacin E,https://ctdbase.org/detail.go?type=chem&acc=C102326,598,BCL2L1,https://ctdbase.org/detail.go?type=gene&acc=598,NULL,NULL,598,BCL2L1,9606,Homo sapiens (human),Cucurbitacin E results in decreased expression of BCL2L1 protein,NULL,NULL,PMID:27106530,https://www.ncbi.nlm.nih.gov/pubmed/27106530,27106530,NULL,NULL
1023062,5281319,CTD,Cucurbitacin E,C102326,cucurbitacin E,https://ctdbase.org/detail.go?type=chem&acc=C102326,8678,BECN1,https://ctdbase.org/detail.go?type=gene&acc=8678,NULL,NULL,8678,BECN1,9606,Homo sapiens (human),Acetylcysteine inhibits the reaction [cucurbitacin E results in increased expression of and results in increased phosphorylation of BECN1 protein]|cucurbitacin E results in increased expression of and results in increased phosphorylation of BECN1 protein,NULL,NULL,PMID:27106530,https://www.ncbi.nlm.nih.gov/pubmed/27106530,27106530,NULL,NULL
1023063,5281319,CTD,Cucurbitacin E,C102326,cucurbitacin E,https://ctdbase.org/detail.go?type=chem&acc=C102326,836,CASP3,https://ctdbase.org/detail.go?type=gene&acc=836,NULL,NULL,836,CASP3,9606,Homo sapiens (human),Acetyl-aspartyl-glutamyl-valyl-aspartal inhibits the reaction [cucurbitacin E results in increased cleavage of CASP3 protein]|cucurbitacin E results in increased cleavage of CASP3 protein|acetylcysteine inhibits the reaction [cucurbitacin E results in increased cleavage of CASP3 protein],NULL,NULL,PMID:27106530,https://www.ncbi.nlm.nih.gov/pubmed/27106530,27106530,NULL,NULL
1023205,5281319,CTD,Cucurbitacin E,C102326,cucurbitacin E,https://ctdbase.org/detail.go?type=chem&acc=C102326,836,CASP3,https://ctdbase.org/detail.go?type=gene&acc=836,NULL,NULL,836,CASP3,10116,Rattus norvegicus (Norway rat),Cucurbitacin E results in increased cleavage of CASP3 protein,NULL,NULL,PMID:27363783,https://www.ncbi.nlm.nih.gov/pubmed/27363783,27363783,NULL,NULL
1023206,5281319,CTD,Cucurbitacin E,C102326,cucurbitacin E,https://ctdbase.org/detail.go?type=chem&acc=C102326,840,CASP7,https://ctdbase.org/detail.go?type=gene&acc=840,NULL,NULL,840,CASP7,9606,Homo sapiens (human),Acetylcysteine inhibits the reaction [cucurbitacin E results in increased cleavage of CASP7 protein]|cucurbitacin E results in increased cleavage of CASP7 protein|acetyl-aspartyl-glutamyl-valyl-aspartal inhibits the reaction [cucurbitacin E results in increased cleavage of CASP7 protein],NULL,NULL,PMID:27106530,https://www.ncbi.nlm.nih.gov/pubmed/27106530,27106530,NULL,NULL
1023207,5281319,CTD,Cucurbitacin E,C102326,cucurbitacin E,https://ctdbase.org/detail.go?type=chem&acc=C102326,842,CASP9,https://ctdbase.org/detail.go?type=gene&acc=842,NULL,NULL,842,CASP9,9606,Homo sapiens (human),Cucurbitacin E results in increased cleavage of CASP9 protein,NULL,NULL,PMID:27106530,https://www.ncbi.nlm.nih.gov/pubmed/27106530,27106530,NULL,NULL
1023208,5281319,CTD,Cucurbitacin E,C102326,cucurbitacin E,https://ctdbase.org/detail.go?type=chem&acc=C102326,1277,COL1A1,https://ctdbase.org/detail.go?type=gene&acc=1277,NULL,NULL,1277,COL1A1,10116,Rattus norvegicus (Norway rat),Cucurbitacin E results in decreased expression of COL1A1 mRNA,NULL,NULL,PMID:27363783,https://www.ncbi.nlm.nih.gov/pubmed/27363783,27363783,NULL,NULL
1023209,5281319,CTD,Cucurbitacin E,C102326,cucurbitacin E,https://ctdbase.org/detail.go?type=chem&acc=C102326,5594,MAPK1,https://ctdbase.org/detail.go?type=gene&acc=5594,NULL,NULL,5594,MAPK1,10116,Rattus norvegicus (Norway rat),Cucurbitacin E results in decreased phosphorylation of MAPK1 protein,NULL,NULL,PMID:27363783,https://www.ncbi.nlm.nih.gov/pubmed/27363783,27363783,NULL,NULL
1023210,5281319,CTD,Cucurbitacin E,C102326,cucurbitacin E,https://ctdbase.org/detail.go?type=chem&acc=C102326,5595,MAPK3,https://ctdbase.org/detail.go?type=gene&acc=5595,NULL,NULL,5595,MAPK3,10116,Rattus norvegicus (Norway rat),Cucurbitacin E results in decreased phosphorylation of MAPK3 protein,NULL,NULL,PMID:27363783,https://www.ncbi.nlm.nih.gov/pubmed/27363783,27363783,NULL,NULL
1023211,5281319,CTD,Cucurbitacin E,C102326,cucurbitacin E,https://ctdbase.org/detail.go?type=chem&acc=C102326,2475,MTOR,https://ctdbase.org/detail.go?type=gene&acc=2475,NULL,NULL,2475,MTOR,9606,Homo sapiens (human),Cucurbitacin E results in decreased phosphorylation of MTOR protein|acetylcysteine inhibits the reaction [cucurbitacin E results in decreased phosphorylation of MTOR protein],NULL,NULL,PMID:27106530,https://www.ncbi.nlm.nih.gov/pubmed/27106530,27106530,NULL,NULL
1023212,5281319,CTD,Cucurbitacin E,C102326,cucurbitacin E,https://ctdbase.org/detail.go?type=chem&acc=C102326,2475,MTOR,https://ctdbase.org/detail.go?type=gene&acc=2475,NULL,NULL,2475,MTOR,10090,Mus musculus (house mouse),Cucurbitacin E inhibits the reaction [thioacetamide results in increased phosphorylation of MTOR protein]|cucurbitacin E results in decreased phosphorylation of MTOR protein,NULL,NULL,PMID:27363783,https://www.ncbi.nlm.nih.gov/pubmed/27363783,27363783,NULL,NULL
1023213,5281319,CTD,Cucurbitacin E,C102326,cucurbitacin E,https://ctdbase.org/detail.go?type=chem&acc=C102326,142,PARP1,https://ctdbase.org/detail.go?type=gene&acc=142,NULL,NULL,142,PARP1,9606,Homo sapiens (human),Acetyl-aspartyl-glutamyl-valyl-aspartal inhibits the reaction [cucurbitacin E results in increased cleavage of PARP1 protein]|cucurbitacin E results in increased cleavage of PARP1 protein|acetylcysteine inhibits the reaction [cucurbitacin E results in increased cleavage of PARP1 protein],NULL,NULL,PMID:27106530,https://www.ncbi.nlm.nih.gov/pubmed/27106530,27106530,NULL,NULL
1023214,5281319,CTD,Cucurbitacin E,C102326,cucurbitacin E,https://ctdbase.org/detail.go?type=chem&acc=C102326,142,PARP1,https://ctdbase.org/detail.go?type=gene&acc=142,NULL,NULL,142,PARP1,10116,Rattus norvegicus (Norway rat),Cucurbitacin E results in increased cleavage of PARP1 protein,NULL,NULL,PMID:27363783,https://www.ncbi.nlm.nih.gov/pubmed/27363783,27363783,NULL,NULL
1023359,5281319,CTD,Cucurbitacin E,C102326,cucurbitacin E,https://ctdbase.org/detail.go?type=chem&acc=C102326,5728,PTEN,https://ctdbase.org/detail.go?type=gene&acc=5728,NULL,NULL,5728,PTEN,9606,Homo sapiens (human),Cucurbitacin E results in increased expression of and results in increased phosphorylation of PTEN protein,NULL,NULL,PMID:27106530,https://www.ncbi.nlm.nih.gov/pubmed/27106530,27106530,NULL,NULL
1023360,5281319,CTD,Cucurbitacin E,C102326,cucurbitacin E,https://ctdbase.org/detail.go?type=chem&acc=C102326,6198,RPS6KB1,https://ctdbase.org/detail.go?type=gene&acc=6198,NULL,NULL,6198,RPS6KB1,10090,Mus musculus (house mouse),Cucurbitacin E inhibits the reaction [thioacetamide results in increased phosphorylation of RPS6KB1 protein]|cucurbitacin E results in decreased phosphorylation of RPS6KB1 protein,NULL,NULL,PMID:27363783,https://www.ncbi.nlm.nih.gov/pubmed/27363783,27363783,NULL,NULL
1023361,5281319,CTD,Cucurbitacin E,C102326,cucurbitacin E,https://ctdbase.org/detail.go?type=chem&acc=C102326,8878,SQSTM1,https://ctdbase.org/detail.go?type=gene&acc=8878,NULL,NULL,8878,SQSTM1,9606,Homo sapiens (human),Cucurbitacin E results in increased expression of SQSTM1 protein|acetylcysteine inhibits the reaction [cucurbitacin E results in increased expression of SQSTM1 protein],NULL,NULL,PMID:27106530,https://www.ncbi.nlm.nih.gov/pubmed/27106530,27106530,NULL,NULL
1023362,5281319,CTD,Cucurbitacin E,C102326,cucurbitacin E,https://ctdbase.org/detail.go?type=chem&acc=C102326,7076,TIMP1,https://ctdbase.org/detail.go?type=gene&acc=7076,NULL,NULL,7076,TIMP1,10090,Mus musculus (house mouse),Cucurbitacin E results in decreased expression of TIMP1 protein|cucurbitacin E results in decreased expression of TIMP1 mrna|cucurbitacin E inhibits the reaction [thioacetamide results in increased expression of TIMP1 protein],NULL,NULL,PMID:27363783,https://www.ncbi.nlm.nih.gov/pubmed/27363783,27363783,NULL,NULL
1023363,5281319,CTD,Cucurbitacin E,C102326,cucurbitacin E,https://ctdbase.org/detail.go?type=chem&acc=C102326,8408,ULK1,https://ctdbase.org/detail.go?type=gene&acc=8408,NULL,NULL,8408,ULK1,9606,Homo sapiens (human),Acetylcysteine inhibits the reaction [cucurbitacin E results in decreased expression of and results in decreased phosphorylation of ULK1 protein]|cucurbitacin E results in decreased expression of and results in decreased phosphorylation of ULK1 protein,NULL,NULL,PMID:27106530,https://www.ncbi.nlm.nih.gov/pubmed/27106530,27106530,NULL,NULL
1436492,5281319,DGIdb,Cucurbitacin E,NULL,CUCURBITACIN E,https://www.dgidb.org/drugs/CUCURBITACIN E,NULL,STAT3,https://www.dgidb.org/genes/STAT3,NULL,NULL,6774,STAT3,9606,Homo sapiens (human),NULL,NULL,NULL,PMID:20347305,https://www.ncbi.nlm.nih.gov/pubmed/20347305,20347305,NULL,NULL
