﻿id,cid,dsn,cmpdname,srccmpd,srccmpdname,srccmpdurl,srctarget,srctargetname,srctargeturl,protacxn,protname,geneid,genename,taxid,taxname,action,actname,actvalue,evids,evurls,pmids,dois,citations
   1269404,107848,CTD,Geniposide,C007835,geniposide,https://ctdbase.org/detail.go?type=chem&acc=C007835,207,AKT1,https://ctdbase.org/detail.go?type=gene&acc=207,NULL,NULL,207,AKT1,10116,Rattus norvegicus (Norway rat),Geniposide inhibits the reaction [palmitic acid results in decreased phosphorylation of AKT1 protein],NULL,NULL,PMID:22819839,https://www.ncbi.nlm.nih.gov/pubmed/22819839,22819839,NULL,NULL
1269405,107848,CTD,Geniposide,C007835,geniposide,https://ctdbase.org/detail.go?type=chem&acc=C007835,581,BAX,https://ctdbase.org/detail.go?type=gene&acc=581,NULL,NULL,581,BAX,9606,Homo sapiens (human),Geniposide metabolite results in increased expression of BAX protein|geniposide metabolite results in increased expression of BAX mRNA,NULL,NULL,PMID:22245672,https://www.ncbi.nlm.nih.gov/pubmed/22245672,22245672,NULL,NULL
1269406,107848,CTD,Geniposide,C007835,geniposide,https://ctdbase.org/detail.go?type=chem&acc=C007835,596,BCL2,https://ctdbase.org/detail.go?type=gene&acc=596,NULL,NULL,596,BCL2,9606,Homo sapiens (human),Geniposide metabolite results in decreased expression of BCL2 protein|geniposide metabolite results in decreased expression of BCL2 mRNA,NULL,NULL,PMID:22245672,https://www.ncbi.nlm.nih.gov/pubmed/22245672,22245672,NULL,NULL
1269407,107848,CTD,Geniposide,C007835,geniposide,https://ctdbase.org/detail.go?type=chem&acc=C007835,836,CASP3,https://ctdbase.org/detail.go?type=gene&acc=836,NULL,NULL,836,CASP3,9606,Homo sapiens (human),Geniposide metabolite results in increased activity of CASP3 protein|geniposide metabolite results in increased expression of CASP3 protein,NULL,NULL,PMID:22245672,https://www.ncbi.nlm.nih.gov/pubmed/22245672,22245672,NULL,NULL
1269408,107848,CTD,Geniposide,C007835,geniposide,https://ctdbase.org/detail.go?type=chem&acc=C007835,836,CASP3,https://ctdbase.org/detail.go?type=gene&acc=836,NULL,NULL,836,CASP3,10116,Rattus norvegicus (Norway rat),Geniposide inhibits the reaction [palmitic acid results in increased expression of and results in increased activity of CASP3 protein],NULL,NULL,PMID:22819839,https://www.ncbi.nlm.nih.gov/pubmed/22819839,22819839,NULL,NULL
1269533,107848,CTD,Geniposide,C007835,geniposide,https://ctdbase.org/detail.go?type=chem&acc=C007835,847,CAT,https://ctdbase.org/detail.go?type=gene&acc=847,NULL,NULL,847,CAT,10090,Mus musculus (house mouse),Geniposide inhibits the reaction [glycosides results in decreased activity of CAT protein]|geniposide inhibits the reaction [lei gong teng analog results in decreased activity of CAT protein],NULL,NULL,PMID:26763404,https://www.ncbi.nlm.nih.gov/pubmed/26763404,26763404,NULL,NULL
1269534,107848,CTD,Geniposide,C007835,geniposide,https://ctdbase.org/detail.go?type=chem&acc=C007835,1149,CIDEA,https://ctdbase.org/detail.go?type=gene&acc=1149,NULL,NULL,1149,CIDEA,10090,Mus musculus (house mouse),Geniposide results in decreased expression of CIDEA mRNA,NULL,NULL,PMID:34718029,https://www.ncbi.nlm.nih.gov/pubmed/34718029,34718029,NULL,NULL
1269535,107848,CTD,Geniposide,C007835,geniposide,https://ctdbase.org/detail.go?type=chem&acc=C007835,3651,PDX1,https://ctdbase.org/detail.go?type=gene&acc=3651,NULL,NULL,3651,PDX1,10116,Rattus norvegicus (Norway rat),Geniposide inhibits the reaction [palmitic acid results in decreased expression of PDX1 protein],NULL,NULL,PMID:22819839,https://www.ncbi.nlm.nih.gov/pubmed/22819839,22819839,NULL,NULL
1269536,107848,CTD,Geniposide,C007835,geniposide,https://ctdbase.org/detail.go?type=chem&acc=C007835,10891,PPARGC1A,https://ctdbase.org/detail.go?type=gene&acc=10891,NULL,NULL,10891,PPARGC1A,10090,Mus musculus (house mouse),Geniposide results in decreased expression of PPARGC1A mRNA,NULL,NULL,PMID:34718029,https://www.ncbi.nlm.nih.gov/pubmed/34718029,34718029,NULL,NULL
1269537,107848,CTD,Geniposide,C007835,geniposide,https://ctdbase.org/detail.go?type=chem&acc=C007835,63976,PRDM16,https://ctdbase.org/detail.go?type=gene&acc=63976,NULL,NULL,63976,PRDM16,10090,Mus musculus (house mouse),Geniposide results in decreased expression of PRDM16 protein|geniposide results in decreased expression of PRDM16 mRNA,NULL,NULL,PMID:34718029,https://www.ncbi.nlm.nih.gov/pubmed/34718029,34718029,NULL,NULL
1269538,107848,CTD,Geniposide,C007835,geniposide,https://ctdbase.org/detail.go?type=chem&acc=C007835,6899,TBX1,https://ctdbase.org/detail.go?type=gene&acc=6899,NULL,NULL,6899,TBX1,10090,Mus musculus (house mouse),Geniposide results in decreased expression of TBX1 mRNA,NULL,NULL,PMID:34718029,https://www.ncbi.nlm.nih.gov/pubmed/34718029,34718029,NULL,NULL
1269539,107848,CTD,Geniposide,C007835,geniposide,https://ctdbase.org/detail.go?type=chem&acc=C007835,1280,COL2A1,https://ctdbase.org/detail.go?type=gene&acc=1280,NULL,NULL,1280,COL2A1,10116,Rattus norvegicus (Norway rat),[geniposide co-treated with phellodendrine co-treated with magnoflorine co-treated with chlorogenic acid co-treated with crocin co-treated with flavonoids co-treated with berberine alkaloids] inhibits the reaction [[COL2A1 protein co-treated with freund's adjuvant] results in increased abundance of amino acids]|[geniposide co-treated with phellodendrine co-treated with magnoflorine co-treated with chlorogenic acid co-treated with crocin co-treated with flavonoids co-treated with berberine alkaloids] inhibits the reaction [[COL2A1 protein co-treated with freund's adjuvant] results in increased abundance of allantoin]|[geniposide co-treated with phellodendrine co-treated with magnoflorine co-treated with chlorogenic acid co-treated with crocin co-treated with flavonoids co-treated with berberine alkaloids] inhibits the reaction [[COL2A1 protein co-treated with freund's adjuvant] results in increased abundance of carnitine]|[geniposide co-treated with phellodendrine co-treated with magnoflorine co-treated with chlorogenic acid co-treated with crocin co-treated with flavonoids co-treated with berberine alkaloids] inhibits the reaction [[COL2A1 protein co-treated with freund's adjuvant] results in decreased abundance of pantothenic acid]|[geniposide co-treated with phellodendrine co-treated with magnoflorine co-treated with chlorogenic acid co-treated with crocin co-treated with flavonoids co-treated with berberine alkaloids] inhibits the reaction [[COL2A1 protein co-treated with freund's adjuvant] results in increased abundance of succinic acid]|[geniposide co-treated with phellodendrine co-treated with magnoflorine co-treated with chlorogenic acid co-treated with crocin co-treated with flavonoids co-treated with berberine alkaloids] inhibits the reaction [[COL2A1 protein co-treated with freund's adjuvant] results in decreased abundance of amino acids]|[geniposide co-treated with phellodendrine co-treated with magnoflorine co-treated with chlorogenic acid co-treated with crocin co-treated with flavonoids co-treated with berberine alkaloids] inhibits the reaction [[COL2A1 protein co-treated with freund's adjuvant] results in decreased abundance of phenylpyruvic acid]|[geniposide co-treated with phellodendrine co-treated with magnoflorine co-treated with chlorogenic acid co-treated with crocin co-treated with flavonoids co-treated with berberine alkaloids] inhibits the reaction [[COL2A1 protein co-treated with freund's adjuvant] results in increased abundance of creatine]|[geniposide co-treated with phellodendrine co-treated with magnoflorine co-treated with chlorogenic acid co-treated with crocin co-treated with flavonoids co-treated with berberine alkaloids] inhibits the reaction [[COL2A1 protein co-treated with freund's adjuvant] results in increased abundance of creatinine]|[geniposide co-treated with phellodendrine co-treated with magnoflorine co-treated with chlorogenic acid co-treated with crocin co-treated with flavonoids co-treated with berberine alkaloids] inhibits the reaction [[COL2A1 protein co-treated with freund's adjuvant] results in increased abundance of uridine]|[geniposide co-treated with phellodendrine co-treated with magnoflorine co-treated with chlorogenic acid co-treated with crocin co-treated with flavonoids co-treated with berberine alkaloids] inhibits the reaction [[COL2A1 protein co-treated with freund's adjuvant] results in increased abundance of citric acid]|[geniposide co-treated with phellodendrine co-treated with magnoflorine co-treated with chlorogenic acid co-treated with crocin co-treated with flavonoids co-treated with berberine alkaloids] inhibits the reaction [[COL2A1 protein co-treated with freund's adjuvant] results in increased abundance of uric acid]|[geniposide co-treated with phellodendrine co-treated with magnoflorine co-treated with chlorogenic acid co-treated with crocin co-treated with flavonoids co-treated with berberine alkaloids] inhibits the reaction [[COL2A1 protein co-treated with freund's adjuvant] results in increased abundance of phenylacetylglycine]|[geniposide co-treated with phellodendrine co-treated with magnoflorine co-treated with chlorogenic acid co-treated with crocin co-treated with flavonoids co-treated with berberine alkaloids] inhibits the reaction [[COL2A1 protein co-treated with freund's adjuvant] results in increased secretion of IL1B protein],NULL,NULL,PMID:24709313,https://www.ncbi.nlm.nih.gov/pubmed/24709313,24709313,NULL,NULL
1269703,107848,CTD,Geniposide,C007835,geniposide,https://ctdbase.org/detail.go?type=chem&acc=C007835,1734,DIO2,https://ctdbase.org/detail.go?type=gene&acc=1734,NULL,NULL,1734,DIO2,10090,Mus musculus (house mouse),Geniposide results in decreased expression of DIO2 mRNA,NULL,NULL,PMID:34718029,https://www.ncbi.nlm.nih.gov/pubmed/34718029,34718029,NULL,NULL
1269704,107848,CTD,Geniposide,C007835,geniposide,https://ctdbase.org/detail.go?type=chem&acc=C007835,83401,ELOVL3,https://ctdbase.org/detail.go?type=gene&acc=83401,NULL,NULL,83401,ELOVL3,10090,Mus musculus (house mouse),Geniposide results in decreased expression of ELOVL3 mRNA,NULL,NULL,PMID:34718029,https://www.ncbi.nlm.nih.gov/pubmed/34718029,34718029,NULL,NULL
1269705,107848,CTD,Geniposide,C007835,geniposide,https://ctdbase.org/detail.go?type=chem&acc=C007835,2308,FOXO1,https://ctdbase.org/detail.go?type=gene&acc=2308,NULL,NULL,2308,FOXO1,10116,Rattus norvegicus (Norway rat),Geniposide inhibits the reaction [palmitic acid results in decreased phosphorylation of FOXO1 protein],NULL,NULL,PMID:22819839,https://www.ncbi.nlm.nih.gov/pubmed/22819839,22819839,NULL,NULL
1269706,107848,CTD,Geniposide,C007835,geniposide,https://ctdbase.org/detail.go?type=chem&acc=C007835,2875,GPT,https://ctdbase.org/detail.go?type=gene&acc=2875,NULL,NULL,2875,GPT,10090,Mus musculus (house mouse),Geniposide inhibits the reaction [lei gong teng analog results in increased activity of GPT protein]|geniposide inhibits the reaction [glycosides results in increased activity of GPT protein],NULL,NULL,PMID:26763404,https://www.ncbi.nlm.nih.gov/pubmed/26763404,26763404,NULL,NULL
1269707,107848,CTD,Geniposide,C007835,geniposide,https://ctdbase.org/detail.go?type=chem&acc=C007835,2944,GSTM1,https://ctdbase.org/detail.go?type=gene&acc=2944,NULL,NULL,2944,GSTM1,10116,Rattus norvegicus (Norway rat),Geniposide results in increased expression of GSTM1 mrna|geniposide results in increased expression of GSTM1 protein,NULL,NULL,PMID:14646352,https://www.ncbi.nlm.nih.gov/pubmed/14646352,14646352,NULL,NULL
1269708,107848,CTD,Geniposide,C007835,geniposide,https://ctdbase.org/detail.go?type=chem&acc=C007835,2946,GSTM2,https://ctdbase.org/detail.go?type=gene&acc=2946,NULL,NULL,2946,GSTM2,10116,Rattus norvegicus (Norway rat),Geniposide results in increased expression of GSTM2 protein|geniposide results in increased expression of GSTM2 mRNA,NULL,NULL,PMID:14646352,https://www.ncbi.nlm.nih.gov/pubmed/14646352,14646352,NULL,NULL
1269709,107848,CTD,Geniposide,C007835,geniposide,https://ctdbase.org/detail.go?type=chem&acc=C007835,3586,IL10,https://ctdbase.org/detail.go?type=gene&acc=3586,NULL,NULL,3586,IL10,10090,Mus musculus (house mouse),Geniposide inhibits the reaction [lei gong teng analog results in decreased expression of IL10 protein]|geniposide inhibits the reaction [glycosides results in decreased expression of IL10 protein],NULL,NULL,PMID:26763404,https://www.ncbi.nlm.nih.gov/pubmed/26763404,26763404,NULL,NULL
1269710,107848,CTD,Geniposide,C007835,geniposide,https://ctdbase.org/detail.go?type=chem&acc=C007835,3553,IL1B,https://ctdbase.org/detail.go?type=gene&acc=3553,NULL,NULL,3553,IL1B,10116,Rattus norvegicus (Norway rat),[geniposide co-treated with phellodendrine co-treated with magnoflorine co-treated with chlorogenic acid co-treated with crocin co-treated with flavonoids co-treated with berberine alkaloids] inhibits the reaction [[COL2A1 protein co-treated with freund's adjuvant] results in increased secretion of IL1B protein],NULL,NULL,PMID:24709313,https://www.ncbi.nlm.nih.gov/pubmed/24709313,24709313,NULL,NULL
1269711,107848,CTD,Geniposide,C007835,geniposide,https://ctdbase.org/detail.go?type=chem&acc=C007835,7040,TGFB1,https://ctdbase.org/detail.go?type=gene&acc=7040,NULL,NULL,7040,TGFB1,10090,Mus musculus (house mouse),Geniposide inhibits the reaction [glycosides results in decreased expression of TGFB1 mrna]|geniposide inhibits the reaction [lei gong teng analog results in decreased expression of TGFB1 mrna],NULL,NULL,PMID:26763404,https://www.ncbi.nlm.nih.gov/pubmed/26763404,26763404,NULL,NULL
1269712,107848,CTD,Geniposide,C007835,geniposide,https://ctdbase.org/detail.go?type=chem&acc=C007835,219623,TMEM26,https://ctdbase.org/detail.go?type=gene&acc=219623,NULL,NULL,219623,TMEM26,10090,Mus musculus (house mouse),Geniposide results in decreased expression of TMEM26 mRNA,NULL,NULL,PMID:34718029,https://www.ncbi.nlm.nih.gov/pubmed/34718029,34718029,NULL,NULL
1269846,107848,CTD,Geniposide,C007835,geniposide,https://ctdbase.org/detail.go?type=chem&acc=C007835,7124,TNF,https://ctdbase.org/detail.go?type=gene&acc=7124,NULL,NULL,7124,TNF,10090,Mus musculus (house mouse),Geniposide inhibits the reaction [lei gong teng analog results in increased expression of TNF protein]|geniposide inhibits the reaction [glycosides results in increased expression of TNF protein],NULL,NULL,PMID:26763404,https://www.ncbi.nlm.nih.gov/pubmed/26763404,26763404,NULL,NULL
1269847,107848,CTD,Geniposide,C007835,geniposide,https://ctdbase.org/detail.go?type=chem&acc=C007835,3604,TNFRSF9,https://ctdbase.org/detail.go?type=gene&acc=3604,NULL,NULL,3604,TNFRSF9,10090,Mus musculus (house mouse),Geniposide results in decreased expression of TNFRSF9 mRNA,NULL,NULL,PMID:34718029,https://www.ncbi.nlm.nih.gov/pubmed/34718029,34718029,NULL,NULL
1269848,107848,CTD,Geniposide,C007835,geniposide,https://ctdbase.org/detail.go?type=chem&acc=C007835,7350,UCP1,https://ctdbase.org/detail.go?type=gene&acc=7350,NULL,NULL,7350,UCP1,10090,Mus musculus (house mouse),Colforsin inhibits the reaction [geniposide results in decreased expression of UCP1 mrna]|geniposide results in decreased stability of UCP1 protein|geniposide results in decreased expression of UCP1 protein|colforsin inhibits the reaction [geniposide results in decreased expression of UCP1 protein]|geniposide results in decreased expression of UCP1 mRNA,NULL,NULL,PMID:34718029,https://www.ncbi.nlm.nih.gov/pubmed/34718029,34718029,NULL,NULL
