﻿resolution,pdbid,title,expmethod,lignme,glytoucan,cids,protacxns,geneids,pmids,dois
   1.6,1XIC,MODES OF BINDING SUBSTRATES AND THEIR ANALOGUES TO THE ENZYME D-XYLOSE ISOMERASE,X-RAY DIFFRACTION,XLS|MN,G01550VL,27854|644160,P24300,NULL,15299449,10.1107/s0907444993009345
1.6,3XIS,A METAL-MEDIATED HYDRIDE SHIFT MECHANISM FOR XYLOSE ISOMERASE BASED ON THE 1.6 ANGSTROMS STREPTOMYCES RUBIGINOSUS STRUCTURES WITH XYLITOL AND D-XYLOSE,X-RAY DIFFRACTION,XLS|XYS|MG,G01550VL|G03144EF,6027|644160|888,P24300,NULL,2006134,10.1002/prot.340090302
1.6,4XIS,A METAL-MEDIATED HYDRIDE SHIFT MECHANISM FOR XYLOSE ISOMERASE BASED ON THE 1.6 ANGSTROMS STREPTOMYCES RUBIGINOSUS STRUCTURES WITH XYLITOL AND D-XYLOSE,X-RAY DIFFRACTION,XLS|MN|XYS,G01550VL|G03144EF,6027|27854|644160,P24300,NULL,2006134,10.1002/prot.340090302
1.78,2QW5,CRYSTAL STRUCTURE OF A PUTATIVE SUGAR PHOSPHATE ISOMERASE/EPIMERASE (AVA4194) FROM ANABAENA VARIABILIS ATCC 29413 AT 1.78 A RESOLUTION,X-RAY DIFFRACTION,XLS|GOL|CL|ZN,G01550VL,312|32051|753|644160,NULL,NULL,NULL,NULL
1.8,5NHD,Crystal structure of xylose isomerase from Piromyces E2 in complex with 2 Ni2+ ions and xylose,X-RAY DIFFRACTION,SO4|NI|XYP|XLS|XYS,G03144EF|G01550VL|G16579HJ,934|644160|6027|1117|125409,NULL,NULL,29045784,10.1021/acs.biochem.7b00777
1.86,5NH8,Crystal structure of xylose isomerase from Piromyces E2 in complex with two Ca2+ ions and xylose,X-RAY DIFFRACTION,XLS|CA|SO4|XYP,G16579HJ|G01550VL,1117|271|644160|125409,NULL,NULL,29045784,10.1021/acs.biochem.7b00777
1.86,5NHE,Crystal structure of xylose isomerase from Piromyces E2 in complex with two Cd2+ ions and xylose,X-RAY DIFFRACTION,SO4|CD|XYP|XLS|XYS,G16579HJ|G03144EF|G01550VL,644160|31193|6027|1117|125409,NULL,NULL,29045784,10.1021/acs.biochem.7b00777
1.86,6T8E,"Crystal structure of native xylose isomerase from Piromyces E2 grown in yeast, in complex with xylose",X-RAY DIFFRACTION,SO4|XYP|XLS|XYS|CA,G03144EF|G16579HJ|G01550VL,644160|271|6027|1117|125409,NULL,NULL,NULL,NULL
1.9,5NH7,Crystal structure of xylose isomerase from Piromyces E2 in complex with two Mg2+ ions and xylose,X-RAY DIFFRACTION,SO4|XYP|XLS|MG|XYS,G16579HJ|G03144EF|G01550VL,644160|888|6027|1117|125409,NULL,NULL,29045784,10.1021/acs.biochem.7b00777
1.9,8XIA,X-RAY ANALYSIS OF D-XYLOSE ISOMERASE AT 1.9 ANGSTROMS: NATIVE ENZYME IN COMPLEX WITH SUBSTRATE AND WITH A MECHANISM-DESIGNED INACTIVATOR,X-RAY DIFFRACTION,XLS|MN,G01550VL,27854|644160,P24300,NULL,2734296,10.1073/pnas.86.12.4440
2,2BRP,Crystal structure of S. pneumoniae hyaluronate lyase in complex with W249b,X-RAY DIFFRACTION,XLS|SO4|SIE,G01550VL|G47203JO,1117|6540269|644160|5460291,Q54873|1F9G_A,NULL,16638841,10.1093/glycob/cwj116
2,6T8F,"Crystal structure of mutant xylose isomerase (V270A/A273G) from Piromyces E2 grown in yeast, in complex with xylose",X-RAY DIFFRACTION,SO4|XYP|XLS|XYS|CA,G03144EF|G16579HJ|G01550VL,644160|271|6027|1117|125409,NULL,NULL,NULL,NULL
2.08,5NH9,Crystal structure of xylose isomerase from Piromyces E2 in complex with two Mn2+ ions and xylose,X-RAY DIFFRACTION,XLS|MN|SO4|XYP,G16579HJ|G01550VL,1117|27854|644160|125409,NULL,NULL,29045784,10.1021/acs.biochem.7b00777
2.3,5XIN,PROTEIN ENGINEERING OF XYLOSE (GLUCOSE) ISOMERASE FROM ACTINOPLANES MISSOURIENSIS. 1. CRYSTALLOGRAPHY AND SITE-DIRECTED MUTAGENESIS OF METAL BINDING SITES,X-RAY DIFFRACTION,XLS|MG,G01550VL,644160|888,P12851,NULL,1610791,10.1021/bi00139a005
2.4,8XIM,PROTEIN ENGINEERING OF XYLOSE (GLUCOSE) ISOMERASE FROM ACTINOPLANES MISSOURIENSIS. 1. CRYSTALLOGRAPHY AND SITE-DIRECTED MUTAGENESIS OF METAL BINDING SITES,X-RAY DIFFRACTION,XLS|MG,G01550VL,644160|888,P12851,NULL,1610791,10.1021/bi00139a005
2.4,9XIM,PROTEIN ENGINEERING OF XYLOSE (GLUCOSE) ISOMERASE FROM ACTINOPLANES MISSOURIENSIS. 1. CRYSTALLOGRAPHY AND SITE-DIRECTED MUTAGENESIS OF METAL BINDING SITES,X-RAY DIFFRACTION,XLS|MN,G01550VL,27854|644160,P12851,NULL,1610791,10.1021/bi00139a005
2.49,3MXG,Structure of Shiga Toxin type 2 (Stx2) B Pentamer Mutant Q40L,X-RAY DIFFRACTION,XLS,G01550VL,644160,NULL,NULL,21203383,10.1371/journal.pone.0015153
2.5,6XIM,PROTEIN ENGINEERING OF XYLOSE (GLUCOSE) ISOMERASE FROM ACTINOPLANES MISSOURIENSIS. 1. CRYSTALLOGRAPHY AND SITE-DIRECTED MUTAGENESIS OF METAL BINDING SITES,X-RAY DIFFRACTION,XLS|MG,G01550VL,644160|888,P12851,NULL,1610791,10.1021/bi00139a005
