﻿taxname,pwacc,name,pwtype,category,url,source,srcid,externalid,extid,taxid,core,cids,geneids,protacxns,pmids,ecs,annotation
   NULL,BioCyc:META_PWY-5479,6-methoxypodophyllotoxin biosynthesis,conserved,pathway,https://biocyc.org/META/NEW-IMAGE?object=PWY-5479,BioCyc,1,META_PWY-5479,PWY-5479,NULL,1,280|281|962|977|1038|92122|159962|160419|164533|345501|442835|3035544|24762165|25246222,NULL,NULL,9615861|11130663|11330705|11800394|12355164|12943762|12956064|15302526|15818489|16136333,NULL,NULL
NULL,BioCyc:META_PWY-7491,podophyllotoxin glucosides metabolism,conserved,pathway,https://biocyc.org/META/NEW-IMAGE?object=PWY-7491,BioCyc,1,META_PWY-7491,PWY-7491,NULL,1,962|1038|5793|10607|24085|24470|27099|27854|32051|92122|3035544|16667346|20056717|90657681|90658016|90658525|90658983,NULL,NULL,2890742|3174856|3760883|7783142|9615861|10872202|11270736|12637023|17449073|17870138,NULL,NULL
NULL,PlantCyc:PLANT_PWY-7491,podophyllotoxin glucosides metabolism,conserved,pathway,https://pmn.plantcyc.org/PLANT/new-image?object=PWY-7491,PlantCyc,12,PLANT_PWY-7491,PWY-7491,NULL,1,962|1038|24085|24470|27099|27854|32051|64689|92122|294472|443013|3035544|16667346|20056717,NULL,NULL,2890742|3174856|3760883|7783142|9615861|10872202|11270736|12637023|17449073|17870138,NULL,NULL
NULL,PlantCyc:PLANT_PWY-5479,6-methoxypodophyllotoxin biosynthesis,conserved,pathway,https://pmn.plantcyc.org/PLANT/new-image?object=PWY-5479,PlantCyc,12,PLANT_PWY-5479,PWY-5479,NULL,1,280|281|962|977|1038|92122|159962|160419|164533|345501|442835|3035544|24762165|25246222,NULL,NULL,9615861|11130663|11330705|11800394|12355164|12943762|12956064|15302526|15818489|16136333,NULL,NULL
