﻿taxname,pwacc,name,pwtype,category,url,source,srcid,externalid,extid,taxid,core,cids,geneids,protacxns,pmids,ecs,annotation
   NULL,BioCyc:META_PWY-7151,polymethylated quercetin glucoside biosynthesis II - quercetagetin series (Chrysosplenium),conserved,pathway,https://biocyc.org/META/NEW-IMAGE?object=PWY-7151,BioCyc,1,META_PWY-7151,PWY-7151,NULL,1,271|280|813|934|962|977|1038|4362|27099|27284|27854|32051|148856|160419|164533|189065|442621|5246202|5280417|5280699|5281608|5315263|5320351|15938972|15983949|16667346|16682730|20056717|21226146|24762165|25246222|90657422|90657483|90657927|90658182|90658475|90658793|90659102,NULL,Q42654|Q5MQ84,1068865|1832846|3994393|3994394|6236078|9002616|15596008|16663104,2.1.1.-,NULL
NULL,BioCyc:META_PWY-7149,superpathway of polymethylated quercetin/quercetagetin glucoside biosynthesis (Chrysosplenium),conserved,pathway,https://biocyc.org/META/NEW-IMAGE?object=PWY-7149,BioCyc,1,META_PWY-7149,PWY-7149,NULL,1,271|280|813|934|962|977|1038|4362|27099|27284|27854|32051|104729|148856|160419|164533|189065|442621|5246202|5280417|5280682|5280699|5281608|5315263|5320351|5352005|15938972|15983949|16667346|16682730|20056717|21226146|24762165|25202270|25246222|44259519|90657422|90657483|90657927|90658182|90658324|90658428|90658475|90658793|90658827|90659102,NULL,Q42654|Q5MQ84,1832846|3415239|3994393|3994394|6236078|9002616|9747535|11068865|15596008|16663104,2.1.1.-,NULL
NULL,PlantCyc:PLANT_PWY-7151,polymethylated quercetin glucoside biosynthesis II - quercetagetin series (Chrysosplenium),conserved,pathway,https://pmn.plantcyc.org/PLANT/new-image?object=PWY-7151,PlantCyc,12,PLANT_PWY-7151,PWY-7151,NULL,1,271|280|813|934|962|977|1038|4362|27099|27284|27854|32051|148856|160419|164533|189065|442621|5246202|5280417|5280699|5315263|5320351|15938972|15983949|16667346|16682730|20056717|21226146|24762165|25246222|91856786,NULL,Q42654|Q5MQ84,1068865|3994393|3994394|6236078|15596008|16663104,2.1.1.-,NULL
NULL,PlantCyc:PLANT_PWY-7149,superpathway of polymethylated quercetin/quercetagetin glucoside biosynthesis (Chrysosplenium),conserved,pathway,https://pmn.plantcyc.org/PLANT/new-image?object=PWY-7149,PlantCyc,12,PLANT_PWY-7149,PWY-7149,NULL,1,271|280|813|934|962|977|1038|4362|27099|27284|27854|32051|104729|148856|160419|164533|189065|442621|5246202|5280417|5280682|5280699|5315263|5320351|15938972|15983949|16667346|16682730|20056717|21226146|24762165|25202270|25246222|91856786,NULL,Q42654|Q5MQ84,3415239|3994393|3994394|6236078|9002616|9747535|11068865|15596008|16663104,2.1.1.-,NULL
