﻿resolution,pdbid,title,expmethod,lignme,glytoucan,cids,protacxns,geneids,pmids,dois
   1,5RT5,Crystal structure of SARS-CoV-2 NSP3 macrodomain in complex with ZINC000000058111,X-RAY DIFFRACTION,07L,NULL,5281426,P0DTD1,43740578,NULL,NULL
1.133,5LNI,XenA - oxidized - Y183F variant in complex with 7-hydroxycoumarin,X-RAY DIFFRACTION,FMN|GOL|07L|SO4,NULL,5281426|1117|753|643976,NULL,NULL,NULL,NULL
1.16,5LNJ,XenA - reduced - Y183F variant in complex with 7-hydroxycoumarin,X-RAY DIFFRACTION,07L|SO4|FNR,NULL,5281426|1117|445395,NULL,NULL,NULL,NULL
1.25,3U0F,The structure of Beta-ketoacyl synthase from Brucella melitensis bound to the fragment 7-hydroxycoumarin,X-RAY DIFFRACTION,MOH|07L|CL|NA,NULL,312|5281426|887|923,NULL,NULL,31237717,10.1002/prot.25765
