﻿id,cid,dsn,cmpdname,srccmpd,srccmpdname,srccmpdurl,srctarget,srctargetname,srctargeturl,protacxn,protname,geneid,genename,taxid,taxname,action,actname,actvalue,evids,evurls,pmids,dois,citations
   1081619,64971,DGIdb,Betulinic acid,NULL,BETULINIC ACID,https://www.dgidb.org/drugs/BETULINIC ACID,NULL,UBA2,https://www.dgidb.org/genes/UBA2,NULL,NULL,10054,UBA2,9606,Homo sapiens (human),NULL,NULL,NULL,NULL,NULL,NULL,NULL,NULL
1081808,64971,TTD,Betulinic acid,D0R9YR,BETULINIC ACID,https://idrblab.net/ttd/data/drug/details/D0R9YR,T37847,Herpes simplex virus DNA polymerase UL30 (HSV UL30),https://idrblab.net/ttd/data/target/details/T37847,P04293,DNA polymerase catalytic subunit,2703462,UL30,10299,Human alphaherpesvirus 1 strain 17,Inhibitor,NULL,NULL,NULL,NULL,NULL,NULL,NULL
1108799,64971,DGIdb,Betulinic acid,NULL,BETULINIC ACID,https://www.dgidb.org/drugs/BETULINIC ACID,NULL,GSK3B,https://www.dgidb.org/genes/GSK3B,NULL,NULL,2932,GSK3B,9606,Homo sapiens (human),NULL,NULL,NULL,PMID:19716700,https://www.ncbi.nlm.nih.gov/pubmed/19716700,19716700,NULL,NULL
1145253,64971,DGIdb,Betulinic acid,NULL,BETULINIC ACID,https://www.dgidb.org/drugs/BETULINIC ACID,NULL,GLI1,https://www.dgidb.org/genes/GLI1,NULL,NULL,2735,GLI1,9606,Homo sapiens (human),NULL,NULL,NULL,PMID:18842418,https://www.ncbi.nlm.nih.gov/pubmed/18842418,18842418,NULL,NULL
1184475,64971,Guide to PHARMACOLOGY,Betulinic acid,3945,betulinic acid,https://www.guidetopharmacology.org/GRAC/LigandDisplayForward?ligandId=3945,37,GPBA receptor,https://guidetopharmacology.org/GRAC/ObjectDisplayForward?objectId=37,Q8TDU6,G-protein coupled bile acid receptor 1,151306,GPBAR1,9606,Homo sapiens (human),Full agonist,pEC50,5.98,PMID:19911773,https://www.ncbi.nlm.nih.gov/pubmed/19911773,19911773,NULL,NULL
1801300,64971,DGIdb,Betulinic acid,NULL,BETULINIC ACID,https://www.dgidb.org/drugs/BETULINIC ACID,NULL,SAE1,https://www.dgidb.org/genes/SAE1,NULL,NULL,10055,SAE1,9606,Homo sapiens (human),NULL,NULL,NULL,NULL,NULL,NULL,NULL,NULL
1808457,64971,BindingDB,Betulinic acid,23208,"(1R,2R,5S,8R,9R,10R,13R,14R,17S,19R)-17-hydroxy-1,2,14,18,18-pentamethyl-8-(prop-1-en-2-yl)pentacyclo[11.8.0.0^{2,10}.0^{5,9}.0^{14,19}]henicosane-5-carboxylic acid",https://www.bindingdb.org/rwd/bind/chemsearch/marvin/MolStructure.jsp?monomerid=23208,2338,"Glycogen phosphorylase, muscle form",https://www.bindingdb.org/rwd/jsp/dbsearch/PrimarySearch_ki.jsp?tag=pol&polymerid=2338,P00489,"Glycogen phosphorylase, muscle form",100008972,PYGM,9986,Oryctolagus cuniculus (rabbit),NULL,IC50 (nM),43000,PMID:18517260,https://www.ncbi.nlm.nih.gov/pubmed/18517260,18517260,NULL,NULL
