﻿id,cid,dsn,cmpdname,srccmpd,srccmpdname,srccmpdurl,srctarget,srctargetname,srctargeturl,protacxn,protname,geneid,genename,taxid,taxname,action,actname,actvalue,evids,evurls,pmids,dois,citations
   143190,2355,DGIdb,Bergapten,NULL,BERGAPTEN,https://www.dgidb.org/drugs/BERGAPTEN,NULL,CYP3A4,https://www.dgidb.org/genes/CYP3A4,NULL,NULL,1576,CYP3A4,9606,Homo sapiens (human),NULL,NULL,NULL,NULL,NULL,NULL,NULL,NULL
223736,2355,DGIdb,Bergapten,NULL,BERGAPTEN,https://www.dgidb.org/drugs/BERGAPTEN,NULL,CYP2C9,https://www.dgidb.org/genes/CYP2C9,NULL,NULL,1559,CYP2C9,9606,Homo sapiens (human),NULL,NULL,NULL,NULL,NULL,NULL,NULL,NULL
253222,2355,DGIdb,Bergapten,NULL,BERGAPTEN,https://www.dgidb.org/drugs/BERGAPTEN,NULL,CYP2D6,https://www.dgidb.org/genes/CYP2D6,NULL,NULL,1565,CYP2D6,9606,Homo sapiens (human),NULL,NULL,NULL,NULL,NULL,NULL,NULL,NULL
259253,2355,DGIdb,Bergapten,NULL,BERGAPTEN,https://www.dgidb.org/drugs/BERGAPTEN,NULL,ALDH1A1,https://www.dgidb.org/genes/ALDH1A1,NULL,NULL,216,ALDH1A1,9606,Homo sapiens (human),NULL,NULL,NULL,NULL,NULL,NULL,NULL,NULL
368756,2355,CTD,Bergapten,D000078223,5-Methoxypsoralen,https://ctdbase.org/detail.go?type=chem&acc=D000078223,5243,ABCB1,https://ctdbase.org/detail.go?type=gene&acc=5243,NULL,NULL,5243,ABCB1,9606,Homo sapiens (human),Verapamil inhibits the reaction [[5-methoxypsoralen results in decreased activity of ABCB1 protein] which results in decreased export of and results in increased abundance of daunorubicin]|5-methoxypsoralen results in increased expression of ABCB1 mrna|[5-methoxypsoralen results in decreased activity of ABCB1 protein] which results in decreased export of and results in increased abundance of daunorubicin|5-methoxypsoralen results in decreased activity of ABCB1 protein|verapamil inhibits the reaction [5-methoxypsoralen results in decreased activity of ABCB1 protein],NULL,NULL,PMID:29079042,https://www.ncbi.nlm.nih.gov/pubmed/29079042,29079042,NULL,NULL
368757,2355,CTD,Bergapten,D000078223,5-Methoxypsoralen,https://ctdbase.org/detail.go?type=chem&acc=D000078223,4363,ABCC1,https://ctdbase.org/detail.go?type=gene&acc=4363,NULL,NULL,4363,ABCC1,9606,Homo sapiens (human),5-methoxypsoralen results in increased expression of ABCC1 mRNA,NULL,NULL,PMID:29079042,https://www.ncbi.nlm.nih.gov/pubmed/29079042,29079042,NULL,NULL
368758,2355,CTD,Bergapten,D000078223,5-Methoxypsoralen,https://ctdbase.org/detail.go?type=chem&acc=D000078223,1244,ABCC2,https://ctdbase.org/detail.go?type=gene&acc=1244,NULL,NULL,1244,ABCC2,9606,Homo sapiens (human),[5-methoxypsoralen results in decreased activity of ABCC2 protein] which results in decreased export of and results in increased abundance of daunorubicin|5-methoxypsoralen results in decreased activity of ABCC2 protein|5-methoxypsoralen results in decreased expression of ABCC2 mrna|indomethacin inhibits the reaction [[5-methoxypsoralen results in decreased activity of ABCC2 protein] which results in decreased export of and results in increased abundance of daunorubicin]|indomethacin inhibits the reaction [5-methoxypsoralen results in decreased activity of ABCC2 protein],NULL,NULL,PMID:29079042,https://www.ncbi.nlm.nih.gov/pubmed/29079042,29079042,NULL,NULL
368759,2355,CTD,Bergapten,D000078223,5-Methoxypsoralen,https://ctdbase.org/detail.go?type=chem&acc=D000078223,9429,ABCG2,https://ctdbase.org/detail.go?type=gene&acc=9429,NULL,NULL,9429,ABCG2,9606,Homo sapiens (human),[5-methoxypsoralen results in decreased activity of ABCG2 protein] which results in decreased export of and results in increased abundance of mitoxantrone|5-methoxypsoralen results in increased expression of ABCG2 mrna|novobiocin inhibits the reaction [[5-methoxypsoralen results in decreased activity of ABCG2 protein] which results in decreased export of and results in increased abundance of mitoxantrone]|5-methoxypsoralen results in decreased activity of ABCG2 protein|novobiocin inhibits the reaction [5-methoxypsoralen results in decreased activity of ABCG2 protein],NULL,NULL,PMID:29079042,https://www.ncbi.nlm.nih.gov/pubmed/29079042,29079042,NULL,NULL
368760,2355,CTD,Bergapten,D000078223,5-Methoxypsoralen,https://ctdbase.org/detail.go?type=chem&acc=D000078223,246778,IL27,https://ctdbase.org/detail.go?type=gene&acc=246778,NULL,NULL,246778,IL27,10090,Mus musculus (house mouse),5-methoxypsoralen inhibits the reaction [streptozocin results in increased expression of IL27 protein],NULL,NULL,PMID:34428446,https://www.ncbi.nlm.nih.gov/pubmed/34428446,34428446,NULL,NULL
368761,2355,CTD,Bergapten,D000078223,5-Methoxypsoralen,https://ctdbase.org/detail.go?type=chem&acc=D000078223,207,AKT1,https://ctdbase.org/detail.go?type=gene&acc=207,NULL,NULL,207,AKT1,9606,Homo sapiens (human),Pifithrin inhibits the reaction [5-methoxypsoralen results in decreased phosphorylation of AKT1 protein]|5-methoxypsoralen results in decreased phosphorylation of AKT1 protein,NULL,NULL,PMID:30576070,https://www.ncbi.nlm.nih.gov/pubmed/30576070,30576070,NULL,NULL
368762,2355,CTD,Bergapten,D000078223,5-Methoxypsoralen,https://ctdbase.org/detail.go?type=chem&acc=D000078223,207,AKT1,https://ctdbase.org/detail.go?type=gene&acc=207,NULL,NULL,207,AKT1,10116,Rattus norvegicus (Norway rat),5-methoxypsoralen inhibits the reaction [isoproterenol results in decreased phosphorylation of AKT1 protein],NULL,NULL,PMID:35815753,https://www.ncbi.nlm.nih.gov/pubmed/35815753,35815753,NULL,NULL
368763,2355,CTD,Bergapten,D000078223,5-Methoxypsoralen,https://ctdbase.org/detail.go?type=chem&acc=D000078223,351,APP,https://ctdbase.org/detail.go?type=gene&acc=351,NULL,NULL,351,APP,10090,Mus musculus (house mouse),5-methoxypsoralen inhibits the reaction [streptozocin results in increased expression of APP protein modified form],NULL,NULL,PMID:34428446,https://www.ncbi.nlm.nih.gov/pubmed/34428446,34428446,NULL,NULL
368764,2355,CTD,Bergapten,D000078223,5-Methoxypsoralen,https://ctdbase.org/detail.go?type=chem&acc=D000078223,8213,BAS,https://ctdbase.org/detail.go?type=gene&acc=8213,NULL,NULL,8213,BAS,9606,Homo sapiens (human),Pifithrin inhibits the reaction [5-methoxypsoralen results in increased expression of BAS protein],NULL,NULL,PMID:30576070,https://www.ncbi.nlm.nih.gov/pubmed/30576070,30576070,NULL,NULL
368958,2355,CTD,Bergapten,D000078223,5-Methoxypsoralen,https://ctdbase.org/detail.go?type=chem&acc=D000078223,581,BAX,https://ctdbase.org/detail.go?type=gene&acc=581,NULL,NULL,581,BAX,9606,Homo sapiens (human),5-methoxypsoralen results in increased expression of BAX protein,NULL,NULL,PMID:30576070,https://www.ncbi.nlm.nih.gov/pubmed/30576070,30576070,NULL,NULL
368959,2355,CTD,Bergapten,D000078223,5-Methoxypsoralen,https://ctdbase.org/detail.go?type=chem&acc=D000078223,27113,BBC3,https://ctdbase.org/detail.go?type=gene&acc=27113,NULL,NULL,27113,BBC3,9606,Homo sapiens (human),5-methoxypsoralen results in increased expression of BBC3 protein|pifithrin inhibits the reaction [5-methoxypsoralen results in increased expression of BBC3 protein],NULL,NULL,PMID:30576070,https://www.ncbi.nlm.nih.gov/pubmed/30576070,30576070,NULL,NULL
368960,2355,CTD,Bergapten,D000078223,5-Methoxypsoralen,https://ctdbase.org/detail.go?type=chem&acc=D000078223,627,BDNF,https://ctdbase.org/detail.go?type=gene&acc=627,NULL,NULL,627,BDNF,10090,Mus musculus (house mouse),5-methoxypsoralen inhibits the reaction [streptozocin results in decreased expression of BDNF protein],NULL,NULL,PMID:34428446,https://www.ncbi.nlm.nih.gov/pubmed/34428446,34428446,NULL,NULL
368961,2355,CTD,Bergapten,D000078223,5-Methoxypsoralen,https://ctdbase.org/detail.go?type=chem&acc=D000078223,8678,BECN1,https://ctdbase.org/detail.go?type=gene&acc=8678,NULL,NULL,8678,BECN1,10090,Mus musculus (house mouse),5-methoxypsoralen inhibits the reaction [streptozocin results in decreased expression of BECN1 protein modified form],NULL,NULL,PMID:34428446,https://www.ncbi.nlm.nih.gov/pubmed/34428446,34428446,NULL,NULL
368962,2355,CTD,Bergapten,D000078223,5-Methoxypsoralen,https://ctdbase.org/detail.go?type=chem&acc=D000078223,650,BMP2,https://ctdbase.org/detail.go?type=gene&acc=650,NULL,NULL,650,BMP2,10090,Mus musculus (house mouse),2-(2-amino-3-methoxyphenyl)-4H-1-benzopyran-4-one inhibits the reaction [5-methoxypsoralen results in increased expression of BMP2 mrna]|sb 203580 inhibits the reaction [5-methoxypsoralen results in increased expression of BMP2 mrna]|5-methoxypsoralen results in increased expression of BMP2 mRNA,NULL,NULL,PMID:17980360,https://www.ncbi.nlm.nih.gov/pubmed/17980360,17980360,NULL,NULL
368963,2355,CTD,Bergapten,D000078223,5-Methoxypsoralen,https://ctdbase.org/detail.go?type=chem&acc=D000078223,836,CASP3,https://ctdbase.org/detail.go?type=gene&acc=836,NULL,NULL,836,CASP3,9606,Homo sapiens (human),Pifithrin inhibits the reaction [5-methoxypsoralen results in increased cleavage of CASP3 protein]|5-methoxypsoralen results in increased cleavage of CASP3 protein,NULL,NULL,PMID:30576070,https://www.ncbi.nlm.nih.gov/pubmed/30576070,30576070,NULL,NULL
368964,2355,CTD,Bergapten,D000078223,5-Methoxypsoralen,https://ctdbase.org/detail.go?type=chem&acc=D000078223,842,CASP9,https://ctdbase.org/detail.go?type=gene&acc=842,NULL,NULL,842,CASP9,9606,Homo sapiens (human),5-methoxypsoralen results in increased cleavage of CASP9 protein|pifithrin inhibits the reaction [5-methoxypsoralen results in increased cleavage of CASP9 protein],NULL,NULL,PMID:30576070,https://www.ncbi.nlm.nih.gov/pubmed/30576070,30576070,NULL,NULL
368965,2355,CTD,Bergapten,D000078223,5-Methoxypsoralen,https://ctdbase.org/detail.go?type=chem&acc=D000078223,847,CAT,https://ctdbase.org/detail.go?type=gene&acc=847,NULL,NULL,847,CAT,10116,Rattus norvegicus (Norway rat),5-methoxypsoralen inhibits the reaction [isoproterenol results in decreased activity of CAT protein],NULL,NULL,PMID:35815753,https://www.ncbi.nlm.nih.gov/pubmed/35815753,35815753,NULL,NULL
368966,2355,CTD,Bergapten,D000078223,5-Methoxypsoralen,https://ctdbase.org/detail.go?type=chem&acc=D000078223,595,CCND1,https://ctdbase.org/detail.go?type=gene&acc=595,NULL,NULL,595,CCND1,10090,Mus musculus (house mouse),5-methoxypsoralen inhibits the reaction [streptozocin results in decreased expression of CCND1 mrna],NULL,NULL,PMID:34428446,https://www.ncbi.nlm.nih.gov/pubmed/34428446,34428446,NULL,NULL
368967,2355,CTD,Bergapten,D000078223,5-Methoxypsoralen,https://ctdbase.org/detail.go?type=chem&acc=D000078223,898,CCNE1,https://ctdbase.org/detail.go?type=gene&acc=898,NULL,NULL,898,CCNE1,9606,Homo sapiens (human),5-methoxypsoralen results in decreased expression of CCNE1 protein,NULL,NULL,PMID:30576070,https://www.ncbi.nlm.nih.gov/pubmed/30576070,30576070,NULL,NULL
369121,2355,CTD,Bergapten,D000078223,5-Methoxypsoralen,https://ctdbase.org/detail.go?type=chem&acc=D000078223,1017,CDK2,https://ctdbase.org/detail.go?type=gene&acc=1017,NULL,NULL,1017,CDK2,9606,Homo sapiens (human),5-methoxypsoralen results in decreased expression of CDK2 protein,NULL,NULL,PMID:30576070,https://www.ncbi.nlm.nih.gov/pubmed/30576070,30576070,NULL,NULL
369122,2355,CTD,Bergapten,D000078223,5-Methoxypsoralen,https://ctdbase.org/detail.go?type=chem&acc=D000078223,1026,CDKN1A,https://ctdbase.org/detail.go?type=gene&acc=1026,NULL,NULL,1026,CDKN1A,9606,Homo sapiens (human),Pifithrin inhibits the reaction [5-methoxypsoralen results in increased expression of CDKN1A protein]|5-methoxypsoralen results in increased expression of CDKN1A protein,NULL,NULL,PMID:30576070,https://www.ncbi.nlm.nih.gov/pubmed/30576070,30576070,NULL,NULL
369123,2355,CTD,Bergapten,D000078223,5-Methoxypsoralen,https://ctdbase.org/detail.go?type=chem&acc=D000078223,1499,CTNNB1,https://ctdbase.org/detail.go?type=gene&acc=1499,NULL,NULL,1499,CTNNB1,10090,Mus musculus (house mouse),5-methoxypsoralen inhibits the reaction [streptozocin results in increased phosphorylation of CTNNB1 protein],NULL,NULL,PMID:34428446,https://www.ncbi.nlm.nih.gov/pubmed/34428446,34428446,NULL,NULL
369124,2355,CTD,Bergapten,D000078223,5-Methoxypsoralen,https://ctdbase.org/detail.go?type=chem&acc=D000078223,2932,GSK3B,https://ctdbase.org/detail.go?type=gene&acc=2932,NULL,NULL,2932,GSK3B,10090,Mus musculus (house mouse),5-methoxypsoralen inhibits the reaction [streptozocin results in decreased phosphorylation of GSK3B protein],NULL,NULL,PMID:34428446,https://www.ncbi.nlm.nih.gov/pubmed/34428446,34428446,NULL,NULL
369125,2355,CTD,Bergapten,D000078223,5-Methoxypsoralen,https://ctdbase.org/detail.go?type=chem&acc=D000078223,3553,IL1B,https://ctdbase.org/detail.go?type=gene&acc=3553,NULL,NULL,3553,IL1B,10116,Rattus norvegicus (Norway rat),5-methoxypsoralen inhibits the reaction [isoproterenol results in increased expression of IL1B protein],NULL,NULL,PMID:35815753,https://www.ncbi.nlm.nih.gov/pubmed/35815753,35815753,NULL,NULL
369126,2355,CTD,Bergapten,D000078223,5-Methoxypsoralen,https://ctdbase.org/detail.go?type=chem&acc=D000078223,51561,IL23A,https://ctdbase.org/detail.go?type=gene&acc=51561,NULL,NULL,51561,IL23A,10090,Mus musculus (house mouse),5-methoxypsoralen inhibits the reaction [streptozocin results in increased expression of IL23A protein],NULL,NULL,PMID:34428446,https://www.ncbi.nlm.nih.gov/pubmed/34428446,34428446,NULL,NULL
369127,2355,CTD,Bergapten,D000078223,5-Methoxypsoralen,https://ctdbase.org/detail.go?type=chem&acc=D000078223,3569,IL6,https://ctdbase.org/detail.go?type=gene&acc=3569,NULL,NULL,3569,IL6,10116,Rattus norvegicus (Norway rat),5-methoxypsoralen inhibits the reaction [isoproterenol results in increased expression of IL6 protein],NULL,NULL,PMID:35815753,https://www.ncbi.nlm.nih.gov/pubmed/35815753,35815753,NULL,NULL
369128,2355,CTD,Bergapten,D000078223,5-Methoxypsoralen,https://ctdbase.org/detail.go?type=chem&acc=D000078223,5594,MAPK1,https://ctdbase.org/detail.go?type=gene&acc=5594,NULL,NULL,5594,MAPK1,10090,Mus musculus (house mouse),5-methoxypsoralen results in increased phosphorylation of MAPK1 protein,NULL,NULL,PMID:17980360,https://www.ncbi.nlm.nih.gov/pubmed/17980360,17980360,NULL,NULL
369129,2355,CTD,Bergapten,D000078223,5-Methoxypsoralen,https://ctdbase.org/detail.go?type=chem&acc=D000078223,5595,MAPK3,https://ctdbase.org/detail.go?type=gene&acc=5595,NULL,NULL,5595,MAPK3,10090,Mus musculus (house mouse),5-methoxypsoralen results in increased phosphorylation of MAPK3 protein,NULL,NULL,PMID:17980360,https://www.ncbi.nlm.nih.gov/pubmed/17980360,17980360,NULL,NULL
369130,2355,CTD,Bergapten,D000078223,5-Methoxypsoralen,https://ctdbase.org/detail.go?type=chem&acc=D000078223,4137,MAPT,https://ctdbase.org/detail.go?type=gene&acc=4137,NULL,NULL,4137,MAPT,10090,Mus musculus (house mouse),5-methoxypsoralen inhibits the reaction [streptozocin results in increased expression of MAPT protein modified form],NULL,NULL,PMID:34428446,https://www.ncbi.nlm.nih.gov/pubmed/34428446,34428446,NULL,NULL
369131,2355,CTD,Bergapten,D000078223,5-Methoxypsoralen,https://ctdbase.org/detail.go?type=chem&acc=D000078223,2475,MTOR,https://ctdbase.org/detail.go?type=gene&acc=2475,NULL,NULL,2475,MTOR,10090,Mus musculus (house mouse),5-methoxypsoralen inhibits the reaction [streptozocin results in increased expression of MTOR protein modified form],NULL,NULL,PMID:34428446,https://www.ncbi.nlm.nih.gov/pubmed/34428446,34428446,NULL,NULL
369297,2355,CTD,Bergapten,D000078223,5-Methoxypsoralen,https://ctdbase.org/detail.go?type=chem&acc=D000078223,4846,NOS3,https://ctdbase.org/detail.go?type=gene&acc=4846,NULL,NULL,4846,NOS3,10116,Rattus norvegicus (Norway rat),5-methoxypsoralen inhibits the reaction [isoproterenol results in decreased phosphorylation of NOS3 protein],NULL,NULL,PMID:35815753,https://www.ncbi.nlm.nih.gov/pubmed/35815753,35815753,NULL,NULL
369298,2355,CTD,Bergapten,D000078223,5-Methoxypsoralen,https://ctdbase.org/detail.go?type=chem&acc=D000078223,5515,PPP2CA,https://ctdbase.org/detail.go?type=gene&acc=5515,NULL,NULL,5515,PPP2CA,10090,Mus musculus (house mouse),5-methoxypsoralen inhibits the reaction [streptozocin results in decreased expression of PPP2CA protein modified form],NULL,NULL,PMID:34428446,https://www.ncbi.nlm.nih.gov/pubmed/34428446,34428446,NULL,NULL
369299,2355,CTD,Bergapten,D000078223,5-Methoxypsoralen,https://ctdbase.org/detail.go?type=chem&acc=D000078223,5592,PRKG1,https://ctdbase.org/detail.go?type=gene&acc=5592,NULL,NULL,5592,PRKG1,10090,Mus musculus (house mouse),5-methoxypsoralen inhibits the reaction [streptozocin results in decreased expression of PRKG1 protein],NULL,NULL,PMID:34428446,https://www.ncbi.nlm.nih.gov/pubmed/34428446,34428446,NULL,NULL
369300,2355,CTD,Bergapten,D000078223,5-Methoxypsoralen,https://ctdbase.org/detail.go?type=chem&acc=D000078223,5728,PTEN,https://ctdbase.org/detail.go?type=gene&acc=5728,NULL,NULL,5728,PTEN,9606,Homo sapiens (human),Pifithrin inhibits the reaction [5-methoxypsoralen results in increased expression of PTEN protein]|5-methoxypsoralen results in increased expression of PTEN protein,NULL,NULL,PMID:30576070,https://www.ncbi.nlm.nih.gov/pubmed/30576070,30576070,NULL,NULL
369301,2355,CTD,Bergapten,D000078223,5-Methoxypsoralen,https://ctdbase.org/detail.go?type=chem&acc=D000078223,5970,RELA,https://ctdbase.org/detail.go?type=gene&acc=5970,NULL,NULL,5970,RELA,10090,Mus musculus (house mouse),5-methoxypsoralen inhibits the reaction [streptozocin results in increased expression of RELA protein modified form],NULL,NULL,PMID:34428446,https://www.ncbi.nlm.nih.gov/pubmed/34428446,34428446,NULL,NULL
369302,2355,CTD,Bergapten,D000078223,5-Methoxypsoralen,https://ctdbase.org/detail.go?type=chem&acc=D000078223,4086,SMAD1,https://ctdbase.org/detail.go?type=gene&acc=4086,NULL,NULL,4086,SMAD1,10090,Mus musculus (house mouse),5-methoxypsoralen results in increased phosphorylation of SMAD1 protein,NULL,NULL,PMID:17980360,https://www.ncbi.nlm.nih.gov/pubmed/17980360,17980360,NULL,NULL
369303,2355,CTD,Bergapten,D000078223,5-Methoxypsoralen,https://ctdbase.org/detail.go?type=chem&acc=D000078223,4090,SMAD5,https://ctdbase.org/detail.go?type=gene&acc=4090,NULL,NULL,4090,SMAD5,10090,Mus musculus (house mouse),5-methoxypsoralen results in increased phosphorylation of SMAD5 protein,NULL,NULL,PMID:17980360,https://www.ncbi.nlm.nih.gov/pubmed/17980360,17980360,NULL,NULL
369304,2355,CTD,Bergapten,D000078223,5-Methoxypsoralen,https://ctdbase.org/detail.go?type=chem&acc=D000078223,4093,SMAD9,https://ctdbase.org/detail.go?type=gene&acc=4093,NULL,NULL,4093,SMAD9,10090,Mus musculus (house mouse),5-methoxypsoralen results in increased phosphorylation of SMAD9 protein,NULL,NULL,PMID:17980360,https://www.ncbi.nlm.nih.gov/pubmed/17980360,17980360,NULL,NULL
369305,2355,CTD,Bergapten,D000078223,5-Methoxypsoralen,https://ctdbase.org/detail.go?type=chem&acc=D000078223,7124,TNF,https://ctdbase.org/detail.go?type=gene&acc=7124,NULL,NULL,7124,TNF,10116,Rattus norvegicus (Norway rat),5-methoxypsoralen inhibits the reaction [isoproterenol results in increased expression of TNF protein],NULL,NULL,PMID:35815753,https://www.ncbi.nlm.nih.gov/pubmed/35815753,35815753,NULL,NULL
369306,2355,CTD,Bergapten,D000078223,5-Methoxypsoralen,https://ctdbase.org/detail.go?type=chem&acc=D000078223,7137,TNNI3,https://ctdbase.org/detail.go?type=gene&acc=7137,NULL,NULL,7137,TNNI3,10116,Rattus norvegicus (Norway rat),5-methoxypsoralen inhibits the reaction [isoproterenol results in increased expression of TNNI3 protein],NULL,NULL,PMID:35815753,https://www.ncbi.nlm.nih.gov/pubmed/35815753,35815753,NULL,NULL
369307,2355,CTD,Bergapten,D000078223,5-Methoxypsoralen,https://ctdbase.org/detail.go?type=chem&acc=D000078223,7139,TNNT2,https://ctdbase.org/detail.go?type=gene&acc=7139,NULL,NULL,7139,TNNT2,10116,Rattus norvegicus (Norway rat),5-methoxypsoralen inhibits the reaction [isoproterenol results in increased expression of TNNT2 protein],NULL,NULL,PMID:35815753,https://www.ncbi.nlm.nih.gov/pubmed/35815753,35815753,NULL,NULL
369479,2355,CTD,Bergapten,D000078223,5-Methoxypsoralen,https://ctdbase.org/detail.go?type=chem&acc=D000078223,7157,TP53,https://ctdbase.org/detail.go?type=gene&acc=7157,NULL,NULL,7157,TP53,9606,Homo sapiens (human),5-methoxypsoralen results in increased expression of and results in increased phosphorylation of TP53 protein,NULL,NULL,PMID:30576070,https://www.ncbi.nlm.nih.gov/pubmed/30576070,30576070,NULL,NULL
369480,2355,CTD,Bergapten,D000078223,5-Methoxypsoralen,https://ctdbase.org/detail.go?type=chem&acc=D000078223,54658,UGT1A1,https://ctdbase.org/detail.go?type=gene&acc=54658,NULL,NULL,54658,UGT1A1,9606,Homo sapiens (human),5-methoxypsoralen promotes the reaction [UGT1A1 protein results in increased glucuronidation of bilirubin],NULL,NULL,PMID:17599282,https://www.ncbi.nlm.nih.gov/pubmed/17599282,17599282,NULL,NULL
369481,2355,CTD,Bergapten,D000078223,5-Methoxypsoralen,https://ctdbase.org/detail.go?type=chem&acc=D000078223,89780,WNT3A,https://ctdbase.org/detail.go?type=gene&acc=89780,NULL,NULL,89780,WNT3A,10090,Mus musculus (house mouse),5-methoxypsoralen inhibits the reaction [streptozocin results in decreased expression of WNT3A protein],NULL,NULL,PMID:34428446,https://www.ncbi.nlm.nih.gov/pubmed/34428446,34428446,NULL,NULL
888531,2355,DGIdb,Bergapten,NULL,BERGAPTEN,https://www.dgidb.org/drugs/BERGAPTEN,NULL,CYP2C19,https://www.dgidb.org/genes/CYP2C19,NULL,NULL,1557,CYP2C19,9606,Homo sapiens (human),NULL,NULL,NULL,NULL,NULL,NULL,NULL,NULL
