﻿id,cid,dsn,cmpdname,srccmpd,srccmpdname,srccmpdurl,srctarget,srctargetname,srctargeturl,protacxn,protname,geneid,genename,taxid,taxname,action,actname,actvalue,evids,evurls,pmids,dois,citations
   706590,442288,CTD,Parthenin,C022097,parthenin,https://ctdbase.org/detail.go?type=chem&acc=C022097,207,AKT1,https://ctdbase.org/detail.go?type=gene&acc=207,NULL,NULL,207,AKT1,9606,Homo sapiens (human),Benzyloxycarbonyl-valyl-alanyl-aspartic acid analog inhibits the reaction [parthenin analog results in decreased phosphorylation of AKT1 protein]|parthenin analog results in decreased phosphorylation of AKT1 protein,NULL,NULL,PMID:25196075,https://www.ncbi.nlm.nih.gov/pubmed/25196075,25196075,NULL,NULL
706591,442288,CTD,Parthenin,C022097,parthenin,https://ctdbase.org/detail.go?type=chem&acc=C022097,581,BAX,https://ctdbase.org/detail.go?type=gene&acc=581,NULL,NULL,581,BAX,9606,Homo sapiens (human),Parthenin analog affects the localization of BAX protein,NULL,NULL,PMID:25196075,https://www.ncbi.nlm.nih.gov/pubmed/25196075,25196075,NULL,NULL
706592,442288,CTD,Parthenin,C022097,parthenin,https://ctdbase.org/detail.go?type=chem&acc=C022097,836,CASP3,https://ctdbase.org/detail.go?type=gene&acc=836,NULL,NULL,836,CASP3,9606,Homo sapiens (human),Parthenin analog results in increased activity of CASP3 protein,NULL,NULL,PMID:25196075,https://www.ncbi.nlm.nih.gov/pubmed/25196075,25196075,NULL,NULL
706593,442288,CTD,Parthenin,C022097,parthenin,https://ctdbase.org/detail.go?type=chem&acc=C022097,841,CASP8,https://ctdbase.org/detail.go?type=gene&acc=841,NULL,NULL,841,CASP8,9606,Homo sapiens (human),Parthenin analog results in increased activity of CASP8 protein,NULL,NULL,PMID:25196075,https://www.ncbi.nlm.nih.gov/pubmed/25196075,25196075,NULL,NULL
706594,442288,CTD,Parthenin,C022097,parthenin,https://ctdbase.org/detail.go?type=chem&acc=C022097,842,CASP9,https://ctdbase.org/detail.go?type=gene&acc=842,NULL,NULL,842,CASP9,9606,Homo sapiens (human),Parthenin analog results in increased activity of CASP9 protein,NULL,NULL,PMID:25196075,https://www.ncbi.nlm.nih.gov/pubmed/25196075,25196075,NULL,NULL
706759,442288,CTD,Parthenin,C022097,parthenin,https://ctdbase.org/detail.go?type=chem&acc=C022097,1676,DFFA,https://ctdbase.org/detail.go?type=gene&acc=1676,NULL,NULL,1676,DFFA,9606,Homo sapiens (human),Parthenin analog results in increased cleavage of DFFA protein,NULL,NULL,PMID:25196075,https://www.ncbi.nlm.nih.gov/pubmed/25196075,25196075,NULL,NULL
706760,442288,CTD,Parthenin,C022097,parthenin,https://ctdbase.org/detail.go?type=chem&acc=C022097,5594,MAPK1,https://ctdbase.org/detail.go?type=gene&acc=5594,NULL,NULL,5594,MAPK1,9606,Homo sapiens (human),Parthenin analog results in decreased phosphorylation of MAPK1 protein,NULL,NULL,PMID:25196075,https://www.ncbi.nlm.nih.gov/pubmed/25196075,25196075,NULL,NULL
706761,442288,CTD,Parthenin,C022097,parthenin,https://ctdbase.org/detail.go?type=chem&acc=C022097,5595,MAPK3,https://ctdbase.org/detail.go?type=gene&acc=5595,NULL,NULL,5595,MAPK3,9606,Homo sapiens (human),Parthenin analog results in decreased phosphorylation of MAPK3 protein,NULL,NULL,PMID:25196075,https://www.ncbi.nlm.nih.gov/pubmed/25196075,25196075,NULL,NULL
706762,442288,CTD,Parthenin,C022097,parthenin,https://ctdbase.org/detail.go?type=chem&acc=C022097,142,PARP1,https://ctdbase.org/detail.go?type=gene&acc=142,NULL,NULL,142,PARP1,9606,Homo sapiens (human),Parthenin analog results in increased cleavage of PARP1 protein,NULL,NULL,PMID:25196075,https://www.ncbi.nlm.nih.gov/pubmed/25196075,25196075,NULL,NULL
706763,442288,CTD,Parthenin,C022097,parthenin,https://ctdbase.org/detail.go?type=chem&acc=C022097,5894,RAF1,https://ctdbase.org/detail.go?type=gene&acc=5894,NULL,NULL,5894,RAF1,9606,Homo sapiens (human),Parthenin analog results in decreased phosphorylation of RAF1 protein,NULL,NULL,PMID:25196075,https://www.ncbi.nlm.nih.gov/pubmed/25196075,25196075,NULL,NULL
706764,442288,CTD,Parthenin,C022097,parthenin,https://ctdbase.org/detail.go?type=chem&acc=C022097,6198,RPS6KB1,https://ctdbase.org/detail.go?type=gene&acc=6198,NULL,NULL,6198,RPS6KB1,9606,Homo sapiens (human),Parthenin analog results in decreased phosphorylation of RPS6KB1 protein|benzyloxycarbonyl-valyl-alanyl-aspartic acid analog inhibits the reaction [parthenin analog results in decreased phosphorylation of RPS6KB1 protein],NULL,NULL,PMID:25196075,https://www.ncbi.nlm.nih.gov/pubmed/25196075,25196075,NULL,NULL
