﻿id,cid,dsn,cmpdname,srccmpd,srccmpdname,srccmpdurl,srctarget,srctargetname,srctargeturl,protacxn,protname,geneid,genename,taxid,taxname,action,actname,actvalue,evids,evurls,pmids,dois,citations
   1100617,5388063,BindingDB,"(E)-3,5,4'-Trimethoxystilbene",23928,"1,3-dimethoxy-5-[(E)-2-(4-methoxyphenyl)ethenyl]benzene",https://www.bindingdb.org/rwd/bind/chemsearch/marvin/MolStructure.jsp?monomerid=23928,369,Estrogen receptor,https://www.bindingdb.org/rwd/jsp/dbsearch/PrimarySearch_ki.jsp?tag=pol&polymerid=369,P03372,Estrogen receptor,2099,ESR1,9606,Homo sapiens (human),NULL,Ki (nM),261,PMID:15634023,https://www.ncbi.nlm.nih.gov/pubmed/15634023,15634023,NULL,NULL
1100618,5388063,BindingDB,"(E)-3,5,4'-Trimethoxystilbene",23928,"1,3-dimethoxy-5-[(E)-2-(4-methoxyphenyl)ethenyl]benzene",https://www.bindingdb.org/rwd/bind/chemsearch/marvin/MolStructure.jsp?monomerid=23928,2442,Aryl Hydrocarbon Receptor (AhR),https://www.bindingdb.org/rwd/jsp/dbsearch/PrimarySearch_ki.jsp?tag=pol&polymerid=2442,O02747,Aryl hydrocarbon receptor,100008995,AHR,9986,Oryctolagus cuniculus (rabbit),NULL,Ki (nM),7.7,PMID:15634023,https://www.ncbi.nlm.nih.gov/pubmed/15634023,15634023,NULL,NULL
1526399,5388063,DGIdb,"(E)-3,5,4'-Trimethoxystilbene",NULL,TRISMETHOXYRESVERATROL,https://www.dgidb.org/drugs/TRISMETHOXYRESVERATROL,NULL,PRKCA,https://www.dgidb.org/genes/PRKCA,NULL,NULL,5578,PRKCA,9606,Homo sapiens (human),NULL,NULL,NULL,PMID:21880495,https://www.ncbi.nlm.nih.gov/pubmed/21880495,21880495,NULL,NULL
1544229,5388063,CTD,"(E)-3,5,4'-Trimethoxystilbene",C497286,"3,4',5-trimethoxystilbene",https://ctdbase.org/detail.go?type=chem&acc=C497286,196,AHR,https://ctdbase.org/detail.go?type=gene&acc=196,NULL,NULL,196,AHR,9606,Homo sapiens (human),"3,4',5-trimethoxystilbene results in increased activity of AHR protein|3,4',5-trimethoxystilbene inhibits the reaction [tetrachlorodibenzodioxin results in increased activity of AHR protein]",NULL,NULL,PMID:28279696,https://www.ncbi.nlm.nih.gov/pubmed/28279696,28279696,NULL,NULL
1544230,5388063,CTD,"(E)-3,5,4'-Trimethoxystilbene",C497286,"3,4',5-trimethoxystilbene",https://ctdbase.org/detail.go?type=chem&acc=C497286,207,AKT1,https://ctdbase.org/detail.go?type=gene&acc=207,NULL,NULL,207,AKT1,9606,Homo sapiens (human),"3,4',5-trimethoxystilbene results in decreased phosphorylation of AKT1 protein",NULL,NULL,PMID:23921149,https://www.ncbi.nlm.nih.gov/pubmed/23921149,23921149,NULL,NULL
1544231,5388063,CTD,"(E)-3,5,4'-Trimethoxystilbene",C497286,"3,4',5-trimethoxystilbene",https://ctdbase.org/detail.go?type=chem&acc=C497286,351,APP,https://ctdbase.org/detail.go?type=gene&acc=351,NULL,NULL,351,APP,9606,Homo sapiens (human),"3,4',5-trimethoxystilbene results in decreased secretion of APP protein",NULL,NULL,PMID:16162502,https://www.ncbi.nlm.nih.gov/pubmed/16162502,16162502,NULL,NULL
1544232,5388063,CTD,"(E)-3,5,4'-Trimethoxystilbene",C497286,"3,4',5-trimethoxystilbene",https://ctdbase.org/detail.go?type=chem&acc=C497286,595,CCND1,https://ctdbase.org/detail.go?type=gene&acc=595,NULL,NULL,595,CCND1,9606,Homo sapiens (human),"3,4',5-trimethoxystilbene results in decreased expression of CCND1 protein|3,4',5-trimethoxystilbene results in decreased expression of CCND1 mRNA",NULL,NULL,PMID:23921149,https://www.ncbi.nlm.nih.gov/pubmed/23921149,23921149,NULL,NULL
1544233,5388063,CTD,"(E)-3,5,4'-Trimethoxystilbene",C497286,"3,4',5-trimethoxystilbene",https://ctdbase.org/detail.go?type=chem&acc=C497286,999,CDH1,https://ctdbase.org/detail.go?type=gene&acc=999,NULL,NULL,999,CDH1,9606,Homo sapiens (human),"3,4',5-trimethoxystilbene results in increased expression of CDH1 protein|tamoxifen promotes the reaction [3,4',5-trimethoxystilbene results in increased expression of CDH1 protein]|3,4',5-trimethoxystilbene promotes the reaction [tamoxifen results in increased expression of CDH1 protein]|3,4',5-trimethoxystilbene results in increased expression of CDH1 mRNA",NULL,NULL,PMID:23921149,https://www.ncbi.nlm.nih.gov/pubmed/23921149,23921149,NULL,NULL
1544234,5388063,CTD,"(E)-3,5,4'-Trimethoxystilbene",C497286,"3,4',5-trimethoxystilbene",https://ctdbase.org/detail.go?type=chem&acc=C497286,1081,CGA,https://ctdbase.org/detail.go?type=gene&acc=1081,NULL,NULL,1081,CGA,9606,Homo sapiens (human),"[3,4',5-trimethoxystilbene co-treated with CGA protein] results in increased secretion of progesterone|[[3,4',5-trimethoxystilbene co-treated with CGA protein] results in decreased expression of CYP17A1 protein] which results in increased secretion of progesterone|3,4',5-trimethoxystilbene inhibits the reaction [CGA protein results in increased expression of STAR protein]|[3,4',5-trimethoxystilbene co-treated with CGA protein] results in decreased expression of CYP17A1 protein|3,4',5-trimethoxystilbene inhibits the reaction [CGA protein results in increased secretion of testosterone]",NULL,NULL,PMID:19603415,https://www.ncbi.nlm.nih.gov/pubmed/19603415,19603415,NULL,NULL
1544399,5388063,CTD,"(E)-3,5,4'-Trimethoxystilbene",C497286,"3,4',5-trimethoxystilbene",https://ctdbase.org/detail.go?type=chem&acc=C497286,1499,CTNNB1,https://ctdbase.org/detail.go?type=gene&acc=1499,NULL,NULL,1499,CTNNB1,9606,Homo sapiens (human),"3,4',5-trimethoxystilbene promotes the reaction [tamoxifen results in decreased expression of CTNNB1 protein]|3,4',5-trimethoxystilbene results in increased phosphorylation of CTNNB1 protein|tamoxifen promotes the reaction [3,4',5-trimethoxystilbene results in decreased expression of CTNNB1 protein]|3,4',5-trimethoxystilbene results in decreased expression of and affects the localization of CTNNB1 protein",NULL,NULL,PMID:23921149,https://www.ncbi.nlm.nih.gov/pubmed/23921149,23921149,NULL,NULL
1544400,5388063,CTD,"(E)-3,5,4'-Trimethoxystilbene",C497286,"3,4',5-trimethoxystilbene",https://ctdbase.org/detail.go?type=chem&acc=C497286,1586,CYP17A1,https://ctdbase.org/detail.go?type=gene&acc=1586,NULL,NULL,1586,CYP17A1,10116,Rattus norvegicus (Norway rat),"[3,4',5-trimethoxystilbene co-treated with CGA protein] results in decreased expression of CYP17A1 protein|[[3,4',5-trimethoxystilbene co-treated with CGA protein] results in decreased expression of CYP17A1 protein] which results in increased secretion of progesterone",NULL,NULL,PMID:19603415,https://www.ncbi.nlm.nih.gov/pubmed/19603415,19603415,NULL,NULL
1544401,5388063,CTD,"(E)-3,5,4'-Trimethoxystilbene",C497286,"3,4',5-trimethoxystilbene",https://ctdbase.org/detail.go?type=chem&acc=C497286,1543,CYP1A1,https://ctdbase.org/detail.go?type=gene&acc=1543,NULL,NULL,1543,CYP1A1,9606,Homo sapiens (human),"3,4',5-trimethoxystilbene results in increased expression of CYP1A1 protein|3,4',5-trimethoxystilbene results in increased expression of CYP1A1 mRNA",NULL,NULL,PMID:28279696,https://www.ncbi.nlm.nih.gov/pubmed/28279696,28279696,NULL,NULL
1544402,5388063,CTD,"(E)-3,5,4'-Trimethoxystilbene",C497286,"3,4',5-trimethoxystilbene",https://ctdbase.org/detail.go?type=chem&acc=C497286,1544,CYP1A2,https://ctdbase.org/detail.go?type=gene&acc=1544,NULL,NULL,1544,CYP1A2,9606,Homo sapiens (human),"3,4',5-trimethoxystilbene results in increased expression of CYP1A2 mrna|3,4',5-trimethoxystilbene results in increased expression of CYP1A2 protein",NULL,NULL,PMID:28279696,https://www.ncbi.nlm.nih.gov/pubmed/28279696,28279696,NULL,NULL
1544403,5388063,CTD,"(E)-3,5,4'-Trimethoxystilbene",C497286,"3,4',5-trimethoxystilbene",https://ctdbase.org/detail.go?type=chem&acc=C497286,1544,CYP1A2,https://ctdbase.org/detail.go?type=gene&acc=1544,NULL,NULL,1544,CYP1A2,10090,Mus musculus (house mouse),"3,4',5-trimethoxystilbene results in decreased activity of CYP1A2 protein",NULL,NULL,PMID:16684708,https://www.ncbi.nlm.nih.gov/pubmed/16684708,16684708,NULL,NULL
1544404,5388063,CTD,"(E)-3,5,4'-Trimethoxystilbene",C497286,"3,4',5-trimethoxystilbene",https://ctdbase.org/detail.go?type=chem&acc=C497286,2353,FOS,https://ctdbase.org/detail.go?type=gene&acc=2353,NULL,NULL,2353,FOS,9606,Homo sapiens (human),"3,4',5-trimethoxystilbene results in decreased expression of FOS protein",NULL,NULL,PMID:19072741,https://www.ncbi.nlm.nih.gov/pubmed/19072741,19072741,NULL,NULL
1544405,5388063,CTD,"(E)-3,5,4'-Trimethoxystilbene",C497286,"3,4',5-trimethoxystilbene",https://ctdbase.org/detail.go?type=chem&acc=C497286,2932,GSK3B,https://ctdbase.org/detail.go?type=gene&acc=2932,NULL,NULL,2932,GSK3B,9606,Homo sapiens (human),"3,4',5-trimethoxystilbene results in decreased phosphorylation of and results in increased expression of GSK3B protein",NULL,NULL,PMID:23921149,https://www.ncbi.nlm.nih.gov/pubmed/23921149,23921149,NULL,NULL
1544406,5388063,CTD,"(E)-3,5,4'-Trimethoxystilbene",C497286,"3,4',5-trimethoxystilbene",https://ctdbase.org/detail.go?type=chem&acc=C497286,3725,JUN,https://ctdbase.org/detail.go?type=gene&acc=3725,NULL,NULL,3725,JUN,9606,Homo sapiens (human),"3,4',5-trimethoxystilbene results in decreased expression of JUN protein",NULL,NULL,PMID:19072741,https://www.ncbi.nlm.nih.gov/pubmed/19072741,19072741,NULL,NULL
1544407,5388063,CTD,"(E)-3,5,4'-Trimethoxystilbene",C497286,"3,4',5-trimethoxystilbene",https://ctdbase.org/detail.go?type=chem&acc=C497286,4313,MMP2,https://ctdbase.org/detail.go?type=gene&acc=4313,NULL,NULL,4313,MMP2,9606,Homo sapiens (human),"3,4',5-trimethoxystilbene results in decreased expression of MMP2 protein|3,4',5-trimethoxystilbene results in decreased expression of MMP2 mRNA",NULL,NULL,PMID:19072741,https://www.ncbi.nlm.nih.gov/pubmed/19072741,19072741,NULL,NULL
1544504,5388063,CTD,"(E)-3,5,4'-Trimethoxystilbene",C497286,"3,4',5-trimethoxystilbene",https://ctdbase.org/detail.go?type=chem&acc=C497286,4609,MYC,https://ctdbase.org/detail.go?type=gene&acc=4609,NULL,NULL,4609,MYC,9606,Homo sapiens (human),"3,4',5-trimethoxystilbene results in decreased expression of MYC protein|3,4',5-trimethoxystilbene results in decreased expression of MYC mRNA",NULL,NULL,PMID:23921149,https://www.ncbi.nlm.nih.gov/pubmed/23921149,23921149,NULL,NULL
1544505,5388063,CTD,"(E)-3,5,4'-Trimethoxystilbene",C497286,"3,4',5-trimethoxystilbene",https://ctdbase.org/detail.go?type=chem&acc=C497286,5970,RELA,https://ctdbase.org/detail.go?type=gene&acc=5970,NULL,NULL,5970,RELA,9606,Homo sapiens (human),"3,4',5-trimethoxystilbene results in decreased expression of RELA protein",NULL,NULL,PMID:19072741,https://www.ncbi.nlm.nih.gov/pubmed/19072741,19072741,NULL,NULL
1544506,5388063,CTD,"(E)-3,5,4'-Trimethoxystilbene",C497286,"3,4',5-trimethoxystilbene",https://ctdbase.org/detail.go?type=chem&acc=C497286,6615,SNAI1,https://ctdbase.org/detail.go?type=gene&acc=6615,NULL,NULL,6615,SNAI1,9606,Homo sapiens (human),"3,4',5-trimethoxystilbene results in decreased expression of SNAI1 protein|tamoxifen promotes the reaction [3,4',5-trimethoxystilbene results in decreased expression of SNAI1 protein]|3,4',5-trimethoxystilbene promotes the reaction [tamoxifen results in decreased expression of SNAI1 protein]",NULL,NULL,PMID:23921149,https://www.ncbi.nlm.nih.gov/pubmed/23921149,23921149,NULL,NULL
1544507,5388063,CTD,"(E)-3,5,4'-Trimethoxystilbene",C497286,"3,4',5-trimethoxystilbene",https://ctdbase.org/detail.go?type=chem&acc=C497286,6770,STAR,https://ctdbase.org/detail.go?type=gene&acc=6770,NULL,NULL,6770,STAR,9606,Homo sapiens (human),"3,4',5-trimethoxystilbene inhibits the reaction [CGA protein results in increased expression of STAR protein]",NULL,NULL,PMID:19603415,https://www.ncbi.nlm.nih.gov/pubmed/19603415,19603415,NULL,NULL
1544508,5388063,CTD,"(E)-3,5,4'-Trimethoxystilbene",C497286,"3,4',5-trimethoxystilbene",https://ctdbase.org/detail.go?type=chem&acc=C497286,7018,TF,https://ctdbase.org/detail.go?type=gene&acc=7018,NULL,NULL,7018,TF,9606,Homo sapiens (human),"3,4',5-trimethoxystilbene analog inhibits the reaction [lipopolysaccharides results in increased activity of TF protein]",NULL,NULL,PMID:16507316,https://www.ncbi.nlm.nih.gov/pubmed/16507316,16507316,NULL,NULL
1544509,5388063,CTD,"(E)-3,5,4'-Trimethoxystilbene",C497286,"3,4',5-trimethoxystilbene",https://ctdbase.org/detail.go?type=chem&acc=C497286,7431,VIM,https://ctdbase.org/detail.go?type=gene&acc=7431,NULL,NULL,7431,VIM,9606,Homo sapiens (human),"3,4',5-trimethoxystilbene results in decreased expression of VIM protein",NULL,NULL,PMID:23921149,https://www.ncbi.nlm.nih.gov/pubmed/23921149,23921149,NULL,NULL
1947437,5388063,TTD,"(E)-3,5,4'-Trimethoxystilbene",D0O9NE,TRISMETHOXYRESVERATROL,https://idrblab.net/ttd/data/drug/details/D0O9NE,T25258,Multidrug resistance protein 1 (ABCB1),https://idrblab.net/ttd/data/target/details/T25258,P08183,ATP-dependent translocase ABCB1,5243,ABCB1,9606,Homo sapiens (human),Inhibitor,NULL,NULL,NULL,NULL,NULL,NULL,NULL
1947445,5388063,TTD,"(E)-3,5,4'-Trimethoxystilbene",D0O9NE,TRISMETHOXYRESVERATROL,https://idrblab.net/ttd/data/drug/details/D0O9NE,T92521,Cytochrome P450 1B1 (CYP1B1),https://idrblab.net/ttd/data/target/details/T92521,Q16678,Cytochrome P450 1B1,1545,CYP1B1,9606,Homo sapiens (human),Inhibitor,NULL,NULL,NULL,NULL,NULL,NULL,NULL
1947446,5388063,TTD,"(E)-3,5,4'-Trimethoxystilbene",D0O9NE,TRISMETHOXYRESVERATROL,https://idrblab.net/ttd/data/drug/details/D0O9NE,T63505,Tyrosine-protein kinase ABL1 (ABL),https://idrblab.net/ttd/data/target/details/T63505,P00519,Tyrosine-protein kinase ABL1,25,ABL1,9606,Homo sapiens (human),Inhibitor,NULL,NULL,NULL,NULL,NULL,NULL,NULL
