﻿id,cid,dsn,cmpdname,srccmpd,srccmpdname,srccmpdurl,srctarget,srctargetname,srctargeturl,protacxn,protname,geneid,genename,taxid,taxname,action,actname,actvalue,evids,evurls,pmids,dois,citations
   1543646,5458747,CTD,Hispanolone,C501367,hispanolone,https://ctdbase.org/detail.go?type=chem&acc=C501367,8743,TNFSF10,https://ctdbase.org/detail.go?type=gene&acc=8743,NULL,NULL,8743,TNFSF10,9606,Homo sapiens (human),TNFRSF10B protein affects the reaction [TNFSF10 protein promotes the reaction [hispanolone analog results in increased activity of CASP8 protein]]|tnfsf10 protein promotes the reaction [hispanolone analog results in increased activity of CASP9 protein]|tnfsf10 protein promotes the reaction [hispanolone analog results in increased expression of TNFRSF10A protein]|tnfsf10 protein results in increased susceptibility to hispanolone analog|acetyl-isoleucyl-glutamyl-threonyl-aspartyl-aldehyde inhibits the reaction [TNFSF10 protein promotes the reaction [hispanolone analog results in increased activity of CASP8 protein]]|tnfsf10 protein promotes the reaction [hispanolone analog results in increased expression of TNFRSF10B protein]|tnfsf10 protein promotes the reaction [hispanolone analog results in increased activity of CASP8 protein]|tnfrsf10a protein affects the reaction [TNFSF10 protein promotes the reaction [hispanolone analog results in increased activity of CASP8 protein]]|acetyl-isoleucyl-glutamyl-threonyl-aspartyl-aldehyde inhibits the reaction [TNFSF10 protein promotes the reaction [hispanolone analog results in increased activity of CASP3 protein]]|tnfsf10 protein promotes the reaction [hispanolone analog results in increased activity of CASP3 protein]|acetyl-isoleucyl-glutamyl-threonyl-aspartyl-aldehyde inhibits the reaction [TNFSF10 protein promotes the reaction [hispanolone analog results in increased activity of CASP9 protein]]|acetyl-leucyl-glutamyl-histidyl-aspartal analog inhibits the reaction [TNFSF10 protein promotes the reaction [hispanolone analog results in increased activity of CASP9 protein]],NULL,NULL,PMID:25930665,https://www.ncbi.nlm.nih.gov/pubmed/25930665,25930665,NULL,NULL
1543647,5458747,CTD,Hispanolone,C501367,hispanolone,https://ctdbase.org/detail.go?type=chem&acc=C501367,331,XIAP,https://ctdbase.org/detail.go?type=gene&acc=331,NULL,NULL,331,XIAP,9606,Homo sapiens (human),Hispanolone analog results in decreased expression of XIAP protein,NULL,NULL,PMID:25930665,https://www.ncbi.nlm.nih.gov/pubmed/25930665,25930665,NULL,NULL
1543648,5458747,CTD,Hispanolone,C501367,hispanolone,https://ctdbase.org/detail.go?type=chem&acc=C501367,581,BAX,https://ctdbase.org/detail.go?type=gene&acc=581,NULL,NULL,581,BAX,9606,Homo sapiens (human),Hispanolone analog results in increased expression of BAX protein,NULL,NULL,PMID:25930665,https://www.ncbi.nlm.nih.gov/pubmed/25930665,25930665,NULL,NULL
1543649,5458747,CTD,Hispanolone,C501367,hispanolone,https://ctdbase.org/detail.go?type=chem&acc=C501367,596,BCL2,https://ctdbase.org/detail.go?type=gene&acc=596,NULL,NULL,596,BCL2,9606,Homo sapiens (human),Hispanolone analog results in decreased expression of BCL2 protein,NULL,NULL,PMID:25930665,https://www.ncbi.nlm.nih.gov/pubmed/25930665,25930665,NULL,NULL
1543843,5458747,CTD,Hispanolone,C501367,hispanolone,https://ctdbase.org/detail.go?type=chem&acc=C501367,637,BID,https://ctdbase.org/detail.go?type=gene&acc=637,NULL,NULL,637,BID,9606,Homo sapiens (human),Hispanolone analog results in increased cleavage of BID protein,NULL,NULL,PMID:25930665,https://www.ncbi.nlm.nih.gov/pubmed/25930665,25930665,NULL,NULL
1543844,5458747,CTD,Hispanolone,C501367,hispanolone,https://ctdbase.org/detail.go?type=chem&acc=C501367,329,BIRC2,https://ctdbase.org/detail.go?type=gene&acc=329,NULL,NULL,329,BIRC2,9606,Homo sapiens (human),Hispanolone analog results in decreased expression of BIRC2 protein,NULL,NULL,PMID:25930665,https://www.ncbi.nlm.nih.gov/pubmed/25930665,25930665,NULL,NULL
1543845,5458747,CTD,Hispanolone,C501367,hispanolone,https://ctdbase.org/detail.go?type=chem&acc=C501367,836,CASP3,https://ctdbase.org/detail.go?type=gene&acc=836,NULL,NULL,836,CASP3,9606,Homo sapiens (human),Hispanolone analog results in increased activity of CASP3 protein|tnfsf10 protein promotes the reaction [hispanolone analog results in increased activity of CASP3 protein]|acetyl-isoleucyl-glutamyl-threonyl-aspartyl-aldehyde inhibits the reaction [hispanolone analog results in increased activity of CASP3 protein]|acetyl-isoleucyl-glutamyl-threonyl-aspartyl-aldehyde inhibits the reaction [TNFSF10 protein promotes the reaction [hispanolone analog results in increased activity of CASP3 protein]],NULL,NULL,PMID:25930665,https://www.ncbi.nlm.nih.gov/pubmed/25930665,25930665,NULL,NULL
1543846,5458747,CTD,Hispanolone,C501367,hispanolone,https://ctdbase.org/detail.go?type=chem&acc=C501367,841,CASP8,https://ctdbase.org/detail.go?type=gene&acc=841,NULL,NULL,841,CASP8,9606,Homo sapiens (human),TNFRSF10B protein affects the reaction [TNFSF10 protein promotes the reaction [hispanolone analog results in increased activity of CASP8 protein]]|acetyl-isoleucyl-glutamyl-threonyl-aspartyl-aldehyde inhibits the reaction [TNFSF10 protein promotes the reaction [hispanolone analog results in increased activity of CASP8 protein]]|tnfsf10 protein promotes the reaction [hispanolone analog results in increased activity of CASP8 protein]|hispanolone analog results in increased activity of CASP8 protein|tnfrsf10a protein affects the reaction [TNFSF10 protein promotes the reaction [hispanolone analog results in increased activity of CASP8 protein]]|acetyl-isoleucyl-glutamyl-threonyl-aspartyl-aldehyde inhibits the reaction [hispanolone analog results in increased activity of CASP8 protein],NULL,NULL,PMID:25930665,https://www.ncbi.nlm.nih.gov/pubmed/25930665,25930665,NULL,NULL
1543847,5458747,CTD,Hispanolone,C501367,hispanolone,https://ctdbase.org/detail.go?type=chem&acc=C501367,842,CASP9,https://ctdbase.org/detail.go?type=gene&acc=842,NULL,NULL,842,CASP9,9606,Homo sapiens (human),TNFSF10 protein promotes the reaction [hispanolone analog results in increased activity of CASP9 protein]|acetyl-isoleucyl-glutamyl-threonyl-aspartyl-aldehyde inhibits the reaction [hispanolone analog results in increased activity of CASP9 protein]|acetyl-leucyl-glutamyl-histidyl-aspartal analog inhibits the reaction [hispanolone analog results in increased activity of CASP9 protein]|acetyl-isoleucyl-glutamyl-threonyl-aspartyl-aldehyde inhibits the reaction [TNFSF10 protein promotes the reaction [hispanolone analog results in increased activity of CASP9 protein]]|acetyl-leucyl-glutamyl-histidyl-aspartal analog inhibits the reaction [TNFSF10 protein promotes the reaction [hispanolone analog results in increased activity of CASP9 protein]]|hispanolone analog results in increased activity of CASP9 protein,NULL,NULL,PMID:25930665,https://www.ncbi.nlm.nih.gov/pubmed/25930665,25930665,NULL,NULL
1543848,5458747,CTD,Hispanolone,C501367,hispanolone,https://ctdbase.org/detail.go?type=chem&acc=C501367,8797,TNFRSF10A,https://ctdbase.org/detail.go?type=gene&acc=8797,NULL,NULL,8797,TNFRSF10A,9606,Homo sapiens (human),TNFSF10 protein promotes the reaction [hispanolone analog results in increased expression of TNFRSF10A protein]|hispanolone analog results in increased expression of TNFRSF10A protein|tnfrsf10a protein affects the reaction [TNFSF10 protein promotes the reaction [hispanolone analog results in increased activity of CASP8 protein]],NULL,NULL,PMID:25930665,https://www.ncbi.nlm.nih.gov/pubmed/25930665,25930665,NULL,NULL
1543849,5458747,CTD,Hispanolone,C501367,hispanolone,https://ctdbase.org/detail.go?type=chem&acc=C501367,8795,TNFRSF10B,https://ctdbase.org/detail.go?type=gene&acc=8795,NULL,NULL,8795,TNFRSF10B,9606,Homo sapiens (human),TNFSF10 protein promotes the reaction [hispanolone analog results in increased expression of TNFRSF10B protein]|hispanolone analog results in increased expression of TNFRSF10B protein|tnfrsf10b protein affects the reaction [TNFSF10 protein promotes the reaction [hispanolone analog results in increased activity of CASP8 protein]],NULL,NULL,PMID:25930665,https://www.ncbi.nlm.nih.gov/pubmed/25930665,25930665,NULL,NULL
