﻿taxname,pwacc,name,pwtype,category,url,source,srcid,externalid,extid,taxid,core,cids,geneids,protacxns,pmids,ecs,annotation
   NULL,BioCyc:META_PWY-2467,(+)-pisatin biosynthesis,conserved,pathway,https://biocyc.org/META/NEW-IMAGE?object=PWY-2467,BioCyc,1,META_PWY-2467,PWY-2467,NULL,1,962|977|1038|91510|101689|161298|9543463|15938972|15983949|24762165|25246222|85605044|91820072|129320482|129320486,NULL,NULL,2505672|6540173|8037464|9349277|16504226|16667069|17067644|17172354|24332213,NULL,NULL
NULL,BioCyc:META_PWY-2229,superpathway of pterocarpan biosynthesis (via formononetin),conserved,pathway,https://biocyc.org/META/NEW-IMAGE?object=PWY-2229,BioCyc,1,META_PWY-2229,PWY-2229,NULL,1,962|977|1038|3806|10205|47576|91510|91690|101689|158331|161298|225936|336327|439310|5280378|5280448|5280551|5281708|5281805|5460705|9543463|11459958|15938972|15983949|21226146|23724666|23724668|24762165|25202196|25246222|85605044|90659191|91820072|129320486,NULL,P52575|Q40316|Q9ZPK2,4452353|7625843|7805842|8071365|9349277|12610212|16504226|16667069|17067644|17172354|24332213,1.1.1.348|1.3.1.45,NULL
NULL,PlantCyc:PLANT_PWY-2229,superpathway of pterocarpan biosynthesis (via formononetin),conserved,pathway,https://pmn.plantcyc.org/PLANT/new-image?object=PWY-2229,PlantCyc,12,PLANT_PWY-2229,PWY-2229,NULL,1,962|977|1038|3806|10205|47576|91690|158331|161298|225936|336327|363863|439310|4484953|5280378|5280448|5280551|5281708|5281805|5460705|11954208|15938972|15983949|21226146|23724666|23724668|24762165|25202196|25246222|44257487|90659191,NULL,NULL,7625843|7805842|8071365|12610212,NULL,NULL
NULL,PlantCyc:PLANT_PWY-2467,(+)-pisatin biosynthesis,conserved,pathway,https://pmn.plantcyc.org/PLANT/new-image?object=PWY-2467,PlantCyc,12,PLANT_PWY-2467,PWY-2467,NULL,1,962|977|1038|161298|363863|4484953|15938972|15983949|24762165|25246222|44257487,NULL,NULL,2505672|6540173|8037464|9349277,NULL,NULL
