﻿id,cid,dsn,cmpdname,srccmpd,srccmpdname,srccmpdurl,srctarget,srctargetname,srctargeturl,protacxn,protname,geneid,genename,taxid,taxname,action,actname,actvalue,evids,evurls,pmids,dois,citations
   1142990,99649,CTD,Emodin-8-glucoside,C526172,emodin-8-O-beta-D-glucoside,https://ctdbase.org/detail.go?type=chem&acc=C526172,983,CDK1,https://ctdbase.org/detail.go?type=gene&acc=983,NULL,NULL,983,CDK1,9606,Homo sapiens (human),Emodin-8-O-beta-D-glucoside results in decreased expression of CDK1 protein|emodin-8-O-beta-D-glucoside results in decreased expression of CDK1 mRNA,NULL,NULL,PMID:35134436,https://www.ncbi.nlm.nih.gov/pubmed/35134436,35134436,NULL,NULL
1142991,99649,CTD,Emodin-8-glucoside,C526172,emodin-8-O-beta-D-glucoside,https://ctdbase.org/detail.go?type=chem&acc=C526172,1017,CDK2,https://ctdbase.org/detail.go?type=gene&acc=1017,NULL,NULL,1017,CDK2,9606,Homo sapiens (human),Emodin-8-O-beta-D-glucoside results in decreased expression of CDK2 mrna|emodin-8-O-beta-D-glucoside results in decreased expression of CDK2 protein,NULL,NULL,PMID:35134436,https://www.ncbi.nlm.nih.gov/pubmed/35134436,35134436,NULL,NULL
1143132,99649,CTD,Emodin-8-glucoside,C526172,emodin-8-O-beta-D-glucoside,https://ctdbase.org/detail.go?type=chem&acc=C526172,1026,CDKN1A,https://ctdbase.org/detail.go?type=gene&acc=1026,NULL,NULL,1026,CDKN1A,9606,Homo sapiens (human),Emodin-8-O-beta-D-glucoside results in increased expression of CDKN1A protein,NULL,NULL,PMID:35134436,https://www.ncbi.nlm.nih.gov/pubmed/35134436,35134436,NULL,NULL
1143133,99649,CTD,Emodin-8-glucoside,C526172,emodin-8-O-beta-D-glucoside,https://ctdbase.org/detail.go?type=chem&acc=C526172,5925,RB1,https://ctdbase.org/detail.go?type=gene&acc=5925,NULL,NULL,5925,RB1,9606,Homo sapiens (human),Emodin-8-O-beta-D-glucoside results in decreased phosphorylation of RB1 protein,NULL,NULL,PMID:35134436,https://www.ncbi.nlm.nih.gov/pubmed/35134436,35134436,NULL,NULL
1143134,99649,CTD,Emodin-8-glucoside,C526172,emodin-8-O-beta-D-glucoside,https://ctdbase.org/detail.go?type=chem&acc=C526172,7124,TNF,https://ctdbase.org/detail.go?type=gene&acc=7124,NULL,NULL,7124,TNF,9606,Homo sapiens (human),Emodin-8-O-beta-D-glucoside inhibits the reaction [TNF protein results in increased abundance of dinoprostone],NULL,NULL,PMID:21245807,https://www.ncbi.nlm.nih.gov/pubmed/21245807,21245807,NULL,NULL
