﻿id,cid,dsn,cmpdname,srccmpd,srccmpdname,srccmpdurl,srctarget,srctargetname,srctargeturl,protacxn,protname,geneid,genename,taxid,taxname,action,actname,actvalue,evids,evurls,pmids,dois,citations
   17977,3213,DGIdb,Ellipticine,NULL,ELLIPTECINE,https://www.dgidb.org/drugs/ELLIPTECINE,NULL,HIF1A,https://www.dgidb.org/genes/HIF1A,NULL,NULL,3091,HIF1A,9606,Homo sapiens (human),NULL,NULL,NULL,NULL,NULL,NULL,NULL,NULL
277032,3213,TTD,Ellipticine,D00DNY,Ellipticine,https://idrblab.net/ttd/data/drug/details/D00DNY,T96144,DNA topoisomerase II (TOP2),https://idrblab.net/ttd/data/target/details/T96144,P11388,DNA topoisomerase 2-alpha,7153,TOP2A,9606,Homo sapiens (human),Inhibitor,NULL,NULL,NULL,NULL,NULL,NULL,NULL
277033,3213,TTD,Ellipticine,D00DNY,Ellipticine,https://idrblab.net/ttd/data/drug/details/D00DNY,T96144,DNA topoisomerase II (TOP2),https://idrblab.net/ttd/data/target/details/T96144,Q02880,DNA topoisomerase 2-beta,7155,TOP2B,9606,Homo sapiens (human),Inhibitor,NULL,NULL,NULL,NULL,NULL,NULL,NULL
297001,3213,CTD,Ellipticine,C034192,ellipticine,https://ctdbase.org/detail.go?type=chem&acc=C034192,836,CASP3,https://ctdbase.org/detail.go?type=gene&acc=836,NULL,NULL,836,CASP3,9606,Homo sapiens (human),Acetylcysteine inhibits the reaction [ellipticine results in increased cleavage of and results in increased activity of CASP3 protein]|u 0126 inhibits the reaction [ellipticine results in increased cleavage of and results in increased activity of CASP3 protein]|pyrazolanthrone inhibits the reaction [ellipticine results in increased cleavage of and results in increased activity of CASP3 protein]|ellipticine results in increased cleavage of and results in increased activity of CASP3 protein|butylated hydroxyanisole inhibits the reaction [ellipticine results in increased cleavage of and results in increased activity of CASP3 protein],NULL,NULL,PMID:21843585,https://www.ncbi.nlm.nih.gov/pubmed/21843585,21843585,NULL,NULL
297002,3213,CTD,Ellipticine,C034192,ellipticine,https://ctdbase.org/detail.go?type=chem&acc=C034192,836,CASP3,https://ctdbase.org/detail.go?type=gene&acc=836,NULL,NULL,836,CASP3,9606,Homo sapiens (human),Ellipticine results in increased activity of CASP3 protein,NULL,NULL,PMID:16027529,https://www.ncbi.nlm.nih.gov/pubmed/16027529,16027529,NULL,NULL
297145,3213,CTD,Ellipticine,C034192,ellipticine,https://ctdbase.org/detail.go?type=chem&acc=C034192,840,CASP7,https://ctdbase.org/detail.go?type=gene&acc=840,NULL,NULL,840,CASP7,9606,Homo sapiens (human),Pyrazolanthrone inhibits the reaction [ellipticine results in increased cleavage of and results in increased activity of CASP7 protein]|ellipticine results in increased cleavage of and results in increased activity of CASP7 protein|butylated hydroxyanisole inhibits the reaction [ellipticine results in increased cleavage of and results in increased activity of CASP7 protein]|acetylcysteine inhibits the reaction [ellipticine results in increased cleavage of and results in increased activity of CASP7 protein]|u 0126 inhibits the reaction [ellipticine results in increased cleavage of and results in increased activity of CASP7 protein],NULL,NULL,PMID:21843585,https://www.ncbi.nlm.nih.gov/pubmed/21843585,21843585,NULL,NULL
297146,3213,CTD,Ellipticine,C034192,ellipticine,https://ctdbase.org/detail.go?type=chem&acc=C034192,841,CASP8,https://ctdbase.org/detail.go?type=gene&acc=841,NULL,NULL,841,CASP8,9606,Homo sapiens (human),Ellipticine results in increased cleavage of and results in increased activity of CASP8 protein,NULL,NULL,PMID:21843585,https://www.ncbi.nlm.nih.gov/pubmed/21843585,21843585,NULL,NULL
297147,3213,CTD,Ellipticine,C034192,ellipticine,https://ctdbase.org/detail.go?type=chem&acc=C034192,842,CASP9,https://ctdbase.org/detail.go?type=gene&acc=842,NULL,NULL,842,CASP9,9606,Homo sapiens (human),Ellipticine results in increased activity of CASP9 protein,NULL,NULL,PMID:16027529,https://www.ncbi.nlm.nih.gov/pubmed/16027529,16027529,NULL,NULL
297148,3213,CTD,Ellipticine,C034192,ellipticine,https://ctdbase.org/detail.go?type=chem&acc=C034192,842,CASP9,https://ctdbase.org/detail.go?type=gene&acc=842,NULL,NULL,842,CASP9,9606,Homo sapiens (human),Ellipticine results in increased cleavage of and results in increased activity of CASP9 protein,NULL,NULL,PMID:21843585,https://www.ncbi.nlm.nih.gov/pubmed/21843585,21843585,NULL,NULL
297149,3213,CTD,Ellipticine,C034192,ellipticine,https://ctdbase.org/detail.go?type=chem&acc=C034192,891,CCNB1,https://ctdbase.org/detail.go?type=gene&acc=891,NULL,NULL,891,CCNB1,9606,Homo sapiens (human),Ellipticine results in decreased expression of CCNB1 protein,NULL,NULL,PMID:16027529,https://www.ncbi.nlm.nih.gov/pubmed/16027529,16027529,NULL,NULL
297150,3213,CTD,Ellipticine,C034192,ellipticine,https://ctdbase.org/detail.go?type=chem&acc=C034192,891,CCNB1,https://ctdbase.org/detail.go?type=gene&acc=891,NULL,NULL,891,CCNB1,9606,Homo sapiens (human),Ellipticine results in increased expression of CCNB1 protein,NULL,NULL,PMID:21843585,https://www.ncbi.nlm.nih.gov/pubmed/21843585,21843585,NULL,NULL
297151,3213,CTD,Ellipticine,C034192,ellipticine,https://ctdbase.org/detail.go?type=chem&acc=C034192,595,CCND1,https://ctdbase.org/detail.go?type=gene&acc=595,NULL,NULL,595,CCND1,9606,Homo sapiens (human),Ellipticine results in decreased expression of CCND1 protein,NULL,NULL,PMID:21843585,https://www.ncbi.nlm.nih.gov/pubmed/21843585,21843585,NULL,NULL
297152,3213,CTD,Ellipticine,C034192,ellipticine,https://ctdbase.org/detail.go?type=chem&acc=C034192,995,CDC25C,https://ctdbase.org/detail.go?type=gene&acc=995,NULL,NULL,995,CDC25C,9606,Homo sapiens (human),Ellipticine results in decreased expression of CDC25C protein,NULL,NULL,PMID:16027529,https://www.ncbi.nlm.nih.gov/pubmed/16027529,16027529,NULL,NULL
297153,3213,CTD,Ellipticine,C034192,ellipticine,https://ctdbase.org/detail.go?type=chem&acc=C034192,983,CDK1,https://ctdbase.org/detail.go?type=gene&acc=983,NULL,NULL,983,CDK1,9606,Homo sapiens (human),Ellipticine results in decreased expression of and results in increased phosphorylation of CDK1 protein,NULL,NULL,PMID:16027529,https://www.ncbi.nlm.nih.gov/pubmed/16027529,16027529,NULL,NULL
297154,3213,CTD,Ellipticine,C034192,ellipticine,https://ctdbase.org/detail.go?type=chem&acc=C034192,1026,CDKN1A,https://ctdbase.org/detail.go?type=gene&acc=1026,NULL,NULL,1026,CDKN1A,9606,Homo sapiens (human),Ellipticine results in increased expression of CDKN1A protein|tp53 protein promotes the reaction [[ellipticine results in increased susceptibility to benzo(a)pyrene] which results in increased expression of CDKN1A protein]|tp53 protein promotes the reaction [ellipticine results in increased expression of CDKN1A protein]|[ellipticine results in increased susceptibility to benzo(a)pyrene] which results in increased expression of CDKN1A protein,NULL,NULL,PMID:29471073,https://www.ncbi.nlm.nih.gov/pubmed/29471073,29471073,NULL,NULL
297313,3213,CTD,Ellipticine,C034192,ellipticine,https://ctdbase.org/detail.go?type=chem&acc=C034192,1027,CDKN1B,https://ctdbase.org/detail.go?type=gene&acc=1027,NULL,NULL,1027,CDKN1B,9606,Homo sapiens (human),Ellipticine results in decreased expression of CDKN1B protein,NULL,NULL,PMID:21843585,https://www.ncbi.nlm.nih.gov/pubmed/21843585,21843585,NULL,NULL
297314,3213,CTD,Ellipticine,C034192,ellipticine,https://ctdbase.org/detail.go?type=chem&acc=C034192,140634,CYP1A,https://ctdbase.org/detail.go?type=gene&acc=140634,NULL,NULL,140634,cyp1a,7955,Danio rerio (zebrafish),Ellipticine inhibits the reaction [beta-naphthoflavone results in increased expression of CYP1A protein],NULL,NULL,PMID:19056132,https://www.ncbi.nlm.nih.gov/pubmed/19056132,19056132,NULL,NULL
297315,3213,CTD,Ellipticine,C034192,ellipticine,https://ctdbase.org/detail.go?type=chem&acc=C034192,1543,CYP1A1,https://ctdbase.org/detail.go?type=gene&acc=1543,NULL,NULL,1543,CYP1A1,9606,Homo sapiens (human),CYP1A1 protein results in increased metabolism of ellipticine,NULL,NULL,PMID:22917556,https://www.ncbi.nlm.nih.gov/pubmed/22917556,22917556,NULL,NULL
297316,3213,CTD,Ellipticine,C034192,ellipticine,https://ctdbase.org/detail.go?type=chem&acc=C034192,1543,CYP1A1,https://ctdbase.org/detail.go?type=gene&acc=1543,NULL,NULL,1543,CYP1A1,9606,Homo sapiens (human),TP53 protein promotes the reaction [ellipticine results in increased expression of CYP1A1 protein]|tp53 protein promotes the reaction [ellipticine inhibits the reaction [benzo(a)pyrene results in increased expression of CYP1A1 protein]]|ellipticine inhibits the reaction [benzo(a)pyrene results in increased expression of CYP1A1 protein]|ellipticine results in increased expression of CYP1A1 protein,NULL,NULL,PMID:29471073,https://www.ncbi.nlm.nih.gov/pubmed/29471073,29471073,NULL,NULL
297317,3213,CTD,Ellipticine,C034192,ellipticine,https://ctdbase.org/detail.go?type=chem&acc=C034192,1543,CYP1A1,https://ctdbase.org/detail.go?type=gene&acc=1543,NULL,NULL,1543,CYP1A1,9606,Homo sapiens (human),Ellipticine inhibits the reaction [tetrachlorodibenzodioxin results in increased activity of CYP1A1 protein]|ellipticine results in increased activity of CYP1A1 protein,NULL,NULL,PMID:18493746,https://www.ncbi.nlm.nih.gov/pubmed/18493746,18493746,NULL,NULL
297318,3213,CTD,Ellipticine,C034192,ellipticine,https://ctdbase.org/detail.go?type=chem&acc=C034192,1543,CYP1A1,https://ctdbase.org/detail.go?type=gene&acc=1543,NULL,NULL,1543,CYP1A1,10090,Mus musculus (house mouse),Ellipticine inhibits the reaction [tetrachlorodibenzodioxin results in increased activity of CYP1A1 protein]|ellipticine inhibits the reaction [troglitazone results in increased activity of CYP1A1 protein],NULL,NULL,PMID:18308446,https://www.ncbi.nlm.nih.gov/pubmed/18308446,18308446,NULL,NULL
297319,3213,CTD,Ellipticine,C034192,ellipticine,https://ctdbase.org/detail.go?type=chem&acc=C034192,1543,CYP1A1,https://ctdbase.org/detail.go?type=gene&acc=1543,NULL,NULL,1543,CYP1A1,10090,Mus musculus (house mouse),[ellipticine results in decreased activity of CYP1A1 protein] inhibits the reaction [aristolochic acid I results in increased abundance of [7-(deoxyadenosin-N(6)-yl)aristolactam I co-treated with 7-(deoxyguanosin-N(2)-yl)aristolactam I co-treated with 7-(deoxyadenosin-N(6)--yl)aristolactam II]],NULL,NULL,PMID:21932800,https://www.ncbi.nlm.nih.gov/pubmed/21932800,21932800,NULL,NULL
297320,3213,CTD,Ellipticine,C034192,ellipticine,https://ctdbase.org/detail.go?type=chem&acc=C034192,1543,CYP1A1,https://ctdbase.org/detail.go?type=gene&acc=1543,NULL,NULL,1543,CYP1A1,10116,Rattus norvegicus (Norway rat),[ellipticine results in decreased activity of CYP1A1 protein] inhibits the reaction [tetrachlorodibenzodioxin results in increased abundance of reactive oxygen species],NULL,NULL,PMID:17973980,https://www.ncbi.nlm.nih.gov/pubmed/17973980,17973980,NULL,NULL
297321,3213,CTD,Ellipticine,C034192,ellipticine,https://ctdbase.org/detail.go?type=chem&acc=C034192,1543,CYP1A1,https://ctdbase.org/detail.go?type=gene&acc=1543,NULL,NULL,1543,CYP1A1,9606,Homo sapiens (human),Ellipticine results in decreased activity of CYP1A1 protein,NULL,NULL,PMID:15507517|PMID:18308446|PMID:21932800,https://www.ncbi.nlm.nih.gov/pubmed/15507517|https://www.ncbi.nlm.nih.gov/pubmed/18308446|https://www.ncbi.nlm.nih.gov/pubmed/21932800,15507517|18308446|21932800,NULL,NULL
297322,3213,CTD,Ellipticine,C034192,ellipticine,https://ctdbase.org/detail.go?type=chem&acc=C034192,1544,CYP1A2,https://ctdbase.org/detail.go?type=gene&acc=1544,NULL,NULL,1544,CYP1A2,9606,Homo sapiens (human),CYP1A2 protein results in increased metabolism of ellipticine,NULL,NULL,PMID:22917556,https://www.ncbi.nlm.nih.gov/pubmed/22917556,22917556,NULL,NULL
297469,3213,CTD,Ellipticine,C034192,ellipticine,https://ctdbase.org/detail.go?type=chem&acc=C034192,1544,CYP1A2,https://ctdbase.org/detail.go?type=gene&acc=1544,NULL,NULL,1544,CYP1A2,9606,Homo sapiens (human),Ellipticine inhibits the reaction [tetrachlorodibenzodioxin results in increased activity of CYP1A2 protein],NULL,NULL,PMID:18493746,https://www.ncbi.nlm.nih.gov/pubmed/18493746,18493746,NULL,NULL
297470,3213,CTD,Ellipticine,C034192,ellipticine,https://ctdbase.org/detail.go?type=chem&acc=C034192,1545,CYP1B1,https://ctdbase.org/detail.go?type=gene&acc=1545,NULL,NULL,1545,CYP1B1,9606,Homo sapiens (human),CYP1B1 protein results in increased metabolism of ellipticine,NULL,NULL,PMID:22917556,https://www.ncbi.nlm.nih.gov/pubmed/22917556,22917556,NULL,NULL
297471,3213,CTD,Ellipticine,C034192,ellipticine,https://ctdbase.org/detail.go?type=chem&acc=C034192,1545,CYP1B1,https://ctdbase.org/detail.go?type=gene&acc=1545,NULL,NULL,1545,CYP1B1,10090,Mus musculus (house mouse),Ellipticine inhibits the reaction [AHR protein promotes the reaction [benzo(a)pyrene results in increased expression of CYP1B1 mrna]],NULL,NULL,PMID:11577022,https://www.ncbi.nlm.nih.gov/pubmed/11577022,11577022,NULL,NULL
297472,3213,CTD,Ellipticine,C034192,ellipticine,https://ctdbase.org/detail.go?type=chem&acc=C034192,1557,CYP2C19,https://ctdbase.org/detail.go?type=gene&acc=1557,NULL,NULL,1557,CYP2C19,9606,Homo sapiens (human),CYP2C19 protein results in increased metabolism of ellipticine,NULL,NULL,PMID:22917556,https://www.ncbi.nlm.nih.gov/pubmed/22917556,22917556,NULL,NULL
297473,3213,CTD,Ellipticine,C034192,ellipticine,https://ctdbase.org/detail.go?type=chem&acc=C034192,1559,CYP2C9,https://ctdbase.org/detail.go?type=gene&acc=1559,NULL,NULL,1559,CYP2C9,9606,Homo sapiens (human),CYP2C9 protein mutant form results in increased metabolism of ellipticine,NULL,NULL,PMID:22917556,https://www.ncbi.nlm.nih.gov/pubmed/22917556,22917556,NULL,NULL
297474,3213,CTD,Ellipticine,C034192,ellipticine,https://ctdbase.org/detail.go?type=chem&acc=C034192,1565,CYP2D6,https://ctdbase.org/detail.go?type=gene&acc=1565,NULL,NULL,1565,CYP2D6,9606,Homo sapiens (human),CYP2D6 protein mutant form results in increased metabolism of ellipticine,NULL,NULL,PMID:22917556,https://www.ncbi.nlm.nih.gov/pubmed/22917556,22917556,NULL,NULL
297475,3213,CTD,Ellipticine,C034192,ellipticine,https://ctdbase.org/detail.go?type=chem&acc=C034192,1571,CYP2E1,https://ctdbase.org/detail.go?type=gene&acc=1571,NULL,NULL,1571,CYP2E1,9606,Homo sapiens (human),CYP2E1 protein results in increased metabolism of ellipticine,NULL,NULL,PMID:22917556,https://www.ncbi.nlm.nih.gov/pubmed/22917556,22917556,NULL,NULL
297476,3213,CTD,Ellipticine,C034192,ellipticine,https://ctdbase.org/detail.go?type=chem&acc=C034192,1576,CYP3A4,https://ctdbase.org/detail.go?type=gene&acc=1576,NULL,NULL,1576,CYP3A4,9606,Homo sapiens (human),Protons inhibits the reaction [[[CYP3A4 protein co-treated with NADP] results in increased oxidation of ellipticine] which results in increased chemical synthesis of 9-hydroxyellipticine]|[[cyp3a4 protein co-treated with NADP] results in increased oxidation of ellipticine] which results in increased chemical synthesis of 12-hydroxyellipticine|[[cyp3a4 protein co-treated with NADP] results in increased oxidation of ellipticine] which results in increased chemical synthesis of 13-hydroxyellipticine|[[cyp3a4 protein co-treated with NADP] results in increased oxidation of ellipticine] which results in increased chemical synthesis of 9-hydroxyellipticine|protons inhibits the reaction [[[CYP3A4 protein co-treated with NADP] results in increased oxidation of ellipticine] which results in increased chemical synthesis of 13-hydroxyellipticine]|protons inhibits the reaction [[[CYP3A4 protein co-treated with NADP] results in increased oxidation of ellipticine] which results in increased chemical synthesis of 12-hydroxyellipticine]|[cyp3a4 protein co-treated with NADP] results in increased oxidation of ellipticine|protons inhibits the reaction [[CYP3A4 protein co-treated with NADP] results in increased oxidation of ellipticine],NULL,NULL,PMID:30914192,https://www.ncbi.nlm.nih.gov/pubmed/30914192,30914192,NULL,NULL
297477,3213,CTD,Ellipticine,C034192,ellipticine,https://ctdbase.org/detail.go?type=chem&acc=C034192,1576,CYP3A4,https://ctdbase.org/detail.go?type=gene&acc=1576,NULL,NULL,1576,CYP3A4,9606,Homo sapiens (human),[CYP3A4 protein co-treated with POR protein co-treated with NADP] results in increased oxidation of ellipticine,NULL,NULL,PMID:22390216,https://www.ncbi.nlm.nih.gov/pubmed/22390216,22390216,NULL,NULL
297650,3213,CTD,Ellipticine,C034192,ellipticine,https://ctdbase.org/detail.go?type=chem&acc=C034192,1576,CYP3A4,https://ctdbase.org/detail.go?type=gene&acc=1576,NULL,NULL,1576,CYP3A4,9606,Homo sapiens (human),CYP3A4 protein results in increased metabolism of ellipticine,NULL,NULL,PMID:22917556,https://www.ncbi.nlm.nih.gov/pubmed/22917556,22917556,NULL,NULL
297651,3213,CTD,Ellipticine,C034192,ellipticine,https://ctdbase.org/detail.go?type=chem&acc=C034192,2512,FTL,https://ctdbase.org/detail.go?type=gene&acc=2512,NULL,NULL,2512,FTL,9796,Equus caballus (horse),[ellipticine binds to FTL protein] which results in increased expression of H2AX protein modified form|protons inhibits the reaction [ellipticine binds to FTL protein]|ftl protein binds to and results in decreased uptake of ellipticine,NULL,NULL,PMID:30914192,https://www.ncbi.nlm.nih.gov/pubmed/30914192,30914192,NULL,NULL
297652,3213,CTD,Ellipticine,C034192,ellipticine,https://ctdbase.org/detail.go?type=chem&acc=C034192,3014,H2AX,https://ctdbase.org/detail.go?type=gene&acc=3014,NULL,NULL,3014,H2AX,9606,Homo sapiens (human),Ellipticine results in increased expression of H2AX protein modified form|[ellipticine binds to FTL protein] which results in increased expression of H2AX protein modified form,NULL,NULL,PMID:30914192,https://www.ncbi.nlm.nih.gov/pubmed/30914192,30914192,NULL,NULL
297653,3213,CTD,Ellipticine,C034192,ellipticine,https://ctdbase.org/detail.go?type=chem&acc=C034192,5594,MAPK1,https://ctdbase.org/detail.go?type=gene&acc=5594,NULL,NULL,5594,MAPK1,9606,Homo sapiens (human),Butylated hydroxyanisole inhibits the reaction [ellipticine results in increased phosphorylation of MAPK1 protein]|acetylcysteine inhibits the reaction [ellipticine results in increased phosphorylation of MAPK1 protein]|ellipticine results in increased phosphorylation of MAPK1 protein,NULL,NULL,PMID:21843585,https://www.ncbi.nlm.nih.gov/pubmed/21843585,21843585,NULL,NULL
297654,3213,CTD,Ellipticine,C034192,ellipticine,https://ctdbase.org/detail.go?type=chem&acc=C034192,5595,MAPK3,https://ctdbase.org/detail.go?type=gene&acc=5595,NULL,NULL,5595,MAPK3,9606,Homo sapiens (human),Acetylcysteine inhibits the reaction [ellipticine results in increased phosphorylation of MAPK3 protein]|butylated hydroxyanisole inhibits the reaction [ellipticine results in increased phosphorylation of MAPK3 protein]|ellipticine results in increased phosphorylation of MAPK3 protein,NULL,NULL,PMID:21843585,https://www.ncbi.nlm.nih.gov/pubmed/21843585,21843585,NULL,NULL
297655,3213,CTD,Ellipticine,C034192,ellipticine,https://ctdbase.org/detail.go?type=chem&acc=C034192,4193,MDM2,https://ctdbase.org/detail.go?type=gene&acc=4193,NULL,NULL,4193,MDM2,9606,Homo sapiens (human),MDM2 promoter SNP results in decreased susceptibility to ellipticine,NULL,NULL,PMID:17575151,https://www.ncbi.nlm.nih.gov/pubmed/17575151,17575151,NULL,NULL
297656,3213,CTD,Ellipticine,C034192,ellipticine,https://ctdbase.org/detail.go?type=chem&acc=C034192,142,PARP1,https://ctdbase.org/detail.go?type=gene&acc=142,NULL,NULL,142,PARP1,9606,Homo sapiens (human),Ellipticine results in increased cleavage of PARP1 protein,NULL,NULL,PMID:21843585,https://www.ncbi.nlm.nih.gov/pubmed/21843585,21843585,NULL,NULL
297657,3213,CTD,Ellipticine,C034192,ellipticine,https://ctdbase.org/detail.go?type=chem&acc=C034192,5447,POR,https://ctdbase.org/detail.go?type=gene&acc=5447,NULL,NULL,5447,POR,9606,Homo sapiens (human),[CYP3A4 protein co-treated with POR protein co-treated with NADP] results in increased oxidation of ellipticine,NULL,NULL,PMID:22390216,https://www.ncbi.nlm.nih.gov/pubmed/22390216,22390216,NULL,NULL
297658,3213,CTD,Ellipticine,C034192,ellipticine,https://ctdbase.org/detail.go?type=chem&acc=C034192,7153,TOP2A,https://ctdbase.org/detail.go?type=gene&acc=7153,NULL,NULL,7153,TOP2A,9606,Homo sapiens (human),Ellipticine results in decreased activity of TOP2A protein,NULL,NULL,PMID:16027529,https://www.ncbi.nlm.nih.gov/pubmed/16027529,16027529,NULL,NULL
297659,3213,CTD,Ellipticine,C034192,ellipticine,https://ctdbase.org/detail.go?type=chem&acc=C034192,7155,TOP2B,https://ctdbase.org/detail.go?type=gene&acc=7155,NULL,NULL,7155,TOP2B,9606,Homo sapiens (human),TOP2B protein mutant form results in decreased susceptibility to ellipticine,NULL,NULL,PMID:16239602,https://www.ncbi.nlm.nih.gov/pubmed/16239602,16239602,NULL,NULL
297843,3213,CTD,Ellipticine,C034192,ellipticine,https://ctdbase.org/detail.go?type=chem&acc=C034192,7155,TOP2B,https://ctdbase.org/detail.go?type=gene&acc=7155,NULL,NULL,7155,TOP2B,9606,Homo sapiens (human),TOP2B protein mutant form results in increased susceptibility to ellipticine,NULL,NULL,PMID:15322234,https://www.ncbi.nlm.nih.gov/pubmed/15322234,15322234,NULL,NULL
297844,3213,CTD,Ellipticine,C034192,ellipticine,https://ctdbase.org/detail.go?type=chem&acc=C034192,7157,TP53,https://ctdbase.org/detail.go?type=gene&acc=7157,NULL,NULL,7157,TP53,9606,Homo sapiens (human),TP53 protein promotes the reaction [ellipticine results in increased expression of CYP1A1 protein]|tp53 protein promotes the reaction [ellipticine inhibits the reaction [benzo(a)pyrene results in increased expression of CYP1A1 protein]]|tp53 protein results in increased susceptibility to ellipticine|ellipticine results in increased expression of TP53 protein|tp53 protein promotes the reaction [[ellipticine results in increased susceptibility to benzo(a)pyrene] which results in increased expression of CDKN1A protein]|tp53 protein promotes the reaction [ellipticine results in increased expression of CDKN1A protein],NULL,NULL,PMID:29471073,https://www.ncbi.nlm.nih.gov/pubmed/29471073,29471073,NULL,NULL
297845,3213,CTD,Ellipticine,C034192,ellipticine,https://ctdbase.org/detail.go?type=chem&acc=C034192,331,XIAP,https://ctdbase.org/detail.go?type=gene&acc=331,NULL,NULL,331,XIAP,9606,Homo sapiens (human),Ellipticine results in decreased expression of XIAP protein,NULL,NULL,PMID:16027529|PMID:21843585,https://www.ncbi.nlm.nih.gov/pubmed/16027529|https://www.ncbi.nlm.nih.gov/pubmed/21843585,16027529|21843585,NULL,NULL
297846,3213,CTD,Ellipticine,C034192,ellipticine,https://ctdbase.org/detail.go?type=chem&acc=C034192,196,AHR,https://ctdbase.org/detail.go?type=gene&acc=196,NULL,NULL,196,AHR,10090,Mus musculus (house mouse),Ellipticine inhibits the reaction [AHR protein promotes the reaction [benzo(a)pyrene results in increased expression of CYP1B1 mrna]],NULL,NULL,PMID:11577022,https://www.ncbi.nlm.nih.gov/pubmed/11577022,11577022,NULL,NULL
297847,3213,CTD,Ellipticine,C034192,ellipticine,https://ctdbase.org/detail.go?type=chem&acc=C034192,581,BAX,https://ctdbase.org/detail.go?type=gene&acc=581,NULL,NULL,581,BAX,9606,Homo sapiens (human),Ellipticine results in increased expression of BAX protein,NULL,NULL,PMID:16027529,https://www.ncbi.nlm.nih.gov/pubmed/16027529,16027529,NULL,NULL
297848,3213,CTD,Ellipticine,C034192,ellipticine,https://ctdbase.org/detail.go?type=chem&acc=C034192,596,BCL2,https://ctdbase.org/detail.go?type=gene&acc=596,NULL,NULL,596,BCL2,9606,Homo sapiens (human),Ellipticine results in decreased expression of BCL2 protein,NULL,NULL,PMID:16027529,https://www.ncbi.nlm.nih.gov/pubmed/16027529,16027529,NULL,NULL
297849,3213,CTD,Ellipticine,C034192,ellipticine,https://ctdbase.org/detail.go?type=chem&acc=C034192,637,BID,https://ctdbase.org/detail.go?type=gene&acc=637,NULL,NULL,637,BID,9606,Homo sapiens (human),Ellipticine results in decreased expression of and results in increased cleavage of BID protein,NULL,NULL,PMID:21843585,https://www.ncbi.nlm.nih.gov/pubmed/21843585,21843585,NULL,NULL
306454,3213,DGIdb,Ellipticine,NULL,ELLIPTECINE,https://www.dgidb.org/drugs/ELLIPTECINE,NULL,DRD1,https://www.dgidb.org/genes/DRD1,NULL,NULL,1812,DRD1,9606,Homo sapiens (human),NULL,NULL,NULL,NULL,NULL,NULL,NULL,NULL
306621,3213,DGIdb,Ellipticine,NULL,ELLIPTECINE,https://www.dgidb.org/drugs/ELLIPTECINE,NULL,CBX1,https://www.dgidb.org/genes/CBX1,NULL,NULL,10951,CBX1,9606,Homo sapiens (human),NULL,NULL,NULL,NULL,NULL,NULL,NULL,NULL
308751,3213,DGIdb,Ellipticine,NULL,ELLIPTECINE,https://www.dgidb.org/drugs/ELLIPTECINE,NULL,MAPT,https://www.dgidb.org/genes/MAPT,NULL,NULL,4137,MAPT,9606,Homo sapiens (human),NULL,NULL,NULL,NULL,NULL,NULL,NULL,NULL
331718,3213,DGIdb,Ellipticine,NULL,ELLIPTECINE,https://www.dgidb.org/drugs/ELLIPTECINE,NULL,APOBEC3G,https://www.dgidb.org/genes/APOBEC3G,NULL,NULL,60489,APOBEC3G,9606,Homo sapiens (human),NULL,NULL,NULL,NULL,NULL,NULL,NULL,NULL
331719,3213,DGIdb,Ellipticine,NULL,ELLIPTECINE,https://www.dgidb.org/drugs/ELLIPTECINE,NULL,CYP2D6,https://www.dgidb.org/genes/CYP2D6,NULL,NULL,1565,CYP2D6,9606,Homo sapiens (human),NULL,NULL,NULL,NULL,NULL,NULL,NULL,NULL
334145,3213,DGIdb,Ellipticine,NULL,ELLIPTECINE,https://www.dgidb.org/drugs/ELLIPTECINE,NULL,NFE2L2,https://www.dgidb.org/genes/NFE2L2,NULL,NULL,4780,NFE2L2,9606,Homo sapiens (human),NULL,NULL,NULL,NULL,NULL,NULL,NULL,NULL
338858,3213,DGIdb,Ellipticine,NULL,ELLIPTECINE,https://www.dgidb.org/drugs/ELLIPTECINE,NULL,TDP1,https://www.dgidb.org/genes/TDP1,NULL,NULL,55775,TDP1,9606,Homo sapiens (human),NULL,NULL,NULL,NULL,NULL,NULL,NULL,NULL
338859,3213,DGIdb,Ellipticine,NULL,ELLIPTECINE,https://www.dgidb.org/drugs/ELLIPTECINE,NULL,TOP2A,https://www.dgidb.org/genes/TOP2A,NULL,NULL,7153,TOP2A,9606,Homo sapiens (human),NULL,NULL,NULL,PMID:18816045|PMID:19783445,https://www.ncbi.nlm.nih.gov/pubmed/18816045|https://www.ncbi.nlm.nih.gov/pubmed/19783445,18816045|19783445,NULL,NULL
338860,3213,DGIdb,Ellipticine,NULL,ELLIPTECINE,https://www.dgidb.org/drugs/ELLIPTECINE,NULL,CYP2C19,https://www.dgidb.org/genes/CYP2C19,NULL,NULL,1557,CYP2C19,9606,Homo sapiens (human),NULL,NULL,NULL,NULL,NULL,NULL,NULL,NULL
338861,3213,DGIdb,Ellipticine,NULL,ELLIPTECINE,https://www.dgidb.org/drugs/ELLIPTECINE,NULL,CACNA1H,https://www.dgidb.org/genes/CACNA1H,NULL,NULL,8912,CACNA1H,9606,Homo sapiens (human),NULL,NULL,NULL,NULL,NULL,NULL,NULL,NULL
338862,3213,DGIdb,Ellipticine,NULL,ELLIPTECINE,https://www.dgidb.org/drugs/ELLIPTECINE,NULL,RECQL,https://www.dgidb.org/genes/RECQL,NULL,NULL,5965,RECQL,9606,Homo sapiens (human),NULL,NULL,NULL,NULL,NULL,NULL,NULL,NULL
347873,3213,DGIdb,Ellipticine,NULL,ELLIPTECINE,https://www.dgidb.org/drugs/ELLIPTECINE,NULL,GMNN,https://www.dgidb.org/genes/GMNN,NULL,NULL,51053,GMNN,9606,Homo sapiens (human),NULL,NULL,NULL,NULL,NULL,NULL,NULL,NULL
347874,3213,DGIdb,Ellipticine,NULL,ELLIPTECINE,https://www.dgidb.org/drugs/ELLIPTECINE,NULL,CYP1A2,https://www.dgidb.org/genes/CYP1A2,NULL,NULL,1544,CYP1A2,9606,Homo sapiens (human),NULL,NULL,NULL,NULL,NULL,NULL,NULL,NULL
347875,3213,DGIdb,Ellipticine,NULL,ELLIPTECINE,https://www.dgidb.org/drugs/ELLIPTECINE,NULL,EHMT2,https://www.dgidb.org/genes/EHMT2,NULL,NULL,10919,EHMT2,9606,Homo sapiens (human),NULL,NULL,NULL,NULL,NULL,NULL,NULL,NULL
373889,3213,DGIdb,Ellipticine,NULL,ELLIPTECINE,https://www.dgidb.org/drugs/ELLIPTECINE,NULL,APEX1,https://www.dgidb.org/genes/APEX1,NULL,NULL,328,APEX1,9606,Homo sapiens (human),NULL,NULL,NULL,NULL,NULL,NULL,NULL,NULL
374047,3213,DGIdb,Ellipticine,NULL,ELLIPTECINE,https://www.dgidb.org/drugs/ELLIPTECINE,NULL,THPO,https://www.dgidb.org/genes/THPO,NULL,NULL,7066,THPO,9606,Homo sapiens (human),NULL,NULL,NULL,NULL,NULL,NULL,NULL,NULL
374048,3213,DGIdb,Ellipticine,NULL,ELLIPTECINE,https://www.dgidb.org/drugs/ELLIPTECINE,NULL,POLB,https://www.dgidb.org/genes/POLB,NULL,NULL,5423,POLB,9606,Homo sapiens (human),NULL,NULL,NULL,NULL,NULL,NULL,NULL,NULL
374049,3213,DGIdb,Ellipticine,NULL,ELLIPTECINE,https://www.dgidb.org/drugs/ELLIPTECINE,NULL,FEN1,https://www.dgidb.org/genes/FEN1,NULL,NULL,2237,FEN1,9606,Homo sapiens (human),NULL,NULL,NULL,NULL,NULL,NULL,NULL,NULL
461855,3213,DGIdb,Ellipticine,NULL,ELLIPTECINE,https://www.dgidb.org/drugs/ELLIPTECINE,NULL,TP53,https://www.dgidb.org/genes/TP53,NULL,NULL,7157,TP53,9606,Homo sapiens (human),NULL,NULL,NULL,NULL,NULL,NULL,NULL,NULL
461856,3213,DGIdb,Ellipticine,NULL,ELLIPTECINE,https://www.dgidb.org/drugs/ELLIPTECINE,NULL,POLI,https://www.dgidb.org/genes/POLI,NULL,NULL,11201,POLI,9606,Homo sapiens (human),NULL,NULL,NULL,NULL,NULL,NULL,NULL,NULL
461857,3213,DGIdb,Ellipticine,NULL,ELLIPTECINE,https://www.dgidb.org/drugs/ELLIPTECINE,NULL,KDM4E,https://www.dgidb.org/genes/KDM4E,NULL,NULL,390245,KDM4E,9606,Homo sapiens (human),NULL,NULL,NULL,NULL,NULL,NULL,NULL,NULL
461858,3213,DGIdb,Ellipticine,NULL,ELLIPTECINE,https://www.dgidb.org/drugs/ELLIPTECINE,NULL,KCNH2,https://www.dgidb.org/genes/KCNH2,NULL,NULL,3757,KCNH2,9606,Homo sapiens (human),NULL,NULL,NULL,NULL,NULL,NULL,NULL,NULL
461859,3213,DGIdb,Ellipticine,NULL,ELLIPTECINE,https://www.dgidb.org/drugs/ELLIPTECINE,NULL,GAA,https://www.dgidb.org/genes/GAA,NULL,NULL,2548,GAA,9606,Homo sapiens (human),NULL,NULL,NULL,NULL,NULL,NULL,NULL,NULL
461860,3213,DGIdb,Ellipticine,NULL,ELLIPTECINE,https://www.dgidb.org/drugs/ELLIPTECINE,NULL,APOBEC3F,https://www.dgidb.org/genes/APOBEC3F,NULL,NULL,200316,APOBEC3F,9606,Homo sapiens (human),NULL,NULL,NULL,NULL,NULL,NULL,NULL,NULL
761545,3213,DGIdb,Ellipticine,NULL,ELLIPTECINE,https://www.dgidb.org/drugs/ELLIPTECINE,NULL,IDH1,https://www.dgidb.org/genes/IDH1,NULL,NULL,3417,IDH1,9606,Homo sapiens (human),NULL,NULL,NULL,NULL,NULL,NULL,NULL,NULL
1106334,3213,DGIdb,Ellipticine,NULL,ELLIPTECINE,https://www.dgidb.org/drugs/ELLIPTECINE,NULL,CYP3A4,https://www.dgidb.org/genes/CYP3A4,NULL,NULL,1576,CYP3A4,9606,Homo sapiens (human),NULL,NULL,NULL,NULL,NULL,NULL,NULL,NULL
1106335,3213,DGIdb,Ellipticine,NULL,ELLIPTECINE,https://www.dgidb.org/drugs/ELLIPTECINE,NULL,PTBP1,https://www.dgidb.org/genes/PTBP1,NULL,NULL,5725,PTBP1,9606,Homo sapiens (human),NULL,NULL,NULL,NULL,NULL,NULL,NULL,NULL
1107926,3213,DGIdb,Ellipticine,NULL,ELLIPTECINE,https://www.dgidb.org/drugs/ELLIPTECINE,NULL,BAZ2B,https://www.dgidb.org/genes/BAZ2B,NULL,NULL,29994,BAZ2B,9606,Homo sapiens (human),NULL,NULL,NULL,NULL,NULL,NULL,NULL,NULL
1107927,3213,DGIdb,Ellipticine,NULL,ELLIPTECINE,https://www.dgidb.org/drugs/ELLIPTECINE,NULL,HBB,https://www.dgidb.org/genes/HBB,NULL,NULL,3043,HBB,9606,Homo sapiens (human),NULL,NULL,NULL,NULL,NULL,NULL,NULL,NULL
1108632,3213,DGIdb,Ellipticine,NULL,ELLIPTECINE,https://www.dgidb.org/drugs/ELLIPTECINE,NULL,ATAD5,https://www.dgidb.org/genes/ATAD5,NULL,NULL,79915,ATAD5,9606,Homo sapiens (human),NULL,NULL,NULL,NULL,NULL,NULL,NULL,NULL
1108633,3213,DGIdb,Ellipticine,NULL,ELLIPTECINE,https://www.dgidb.org/drugs/ELLIPTECINE,NULL,STAT6,https://www.dgidb.org/genes/STAT6,NULL,NULL,6778,STAT6,9606,Homo sapiens (human),NULL,NULL,NULL,NULL,NULL,NULL,NULL,NULL
