﻿id,cid,dsn,cmpdname,srccmpd,srccmpdname,srccmpdurl,srctarget,srctargetname,srctargeturl,protacxn,protname,geneid,genename,taxid,taxname,action,actname,actvalue,evids,evurls,pmids,dois,citations
   553978,72725,DGIdb,2-Amino-3H-phenoxazin-3-one,NULL,CHEMBL146710,https://www.dgidb.org/drugs/CHEMBL146710,NULL,POLB,https://www.dgidb.org/genes/POLB,NULL,NULL,5423,POLB,9606,Homo sapiens (human),NULL,NULL,NULL,NULL,NULL,NULL,NULL,NULL
1064127,72725,TTD,2-Amino-3H-phenoxazin-3-one,DAQ31P,2-aminophenoxazine-3-one,https://idrblab.net/ttd/data/drug/details/DAQ31P,T14592,Apoptosis mediating surface antigen FAS (FAS),https://idrblab.net/ttd/data/target/details/T14592,P25445,Tumor necrosis factor receptor superfamily member 6,355,FAS,9606,Homo sapiens (human),Activator,NULL,NULL,NULL,NULL,NULL,NULL,NULL
1064128,72725,DGIdb,2-Amino-3H-phenoxazin-3-one,NULL,CHEMBL146710,https://www.dgidb.org/drugs/CHEMBL146710,NULL,ALPI,https://www.dgidb.org/genes/ALPI,NULL,NULL,248,ALPI,9606,Homo sapiens (human),NULL,NULL,NULL,NULL,NULL,NULL,NULL,NULL
1064129,72725,DGIdb,2-Amino-3H-phenoxazin-3-one,NULL,CHEMBL146710,https://www.dgidb.org/drugs/CHEMBL146710,NULL,MAPT,https://www.dgidb.org/genes/MAPT,NULL,NULL,4137,MAPT,9606,Homo sapiens (human),NULL,NULL,NULL,NULL,NULL,NULL,NULL,NULL
1101063,72725,DGIdb,2-Amino-3H-phenoxazin-3-one,NULL,CHEMBL146710,https://www.dgidb.org/drugs/CHEMBL146710,NULL,POLI,https://www.dgidb.org/genes/POLI,NULL,NULL,11201,POLI,9606,Homo sapiens (human),NULL,NULL,NULL,NULL,NULL,NULL,NULL,NULL
1149791,72725,DGIdb,2-Amino-3H-phenoxazin-3-one,NULL,CHEMBL146710,https://www.dgidb.org/drugs/CHEMBL146710,NULL,ALPL,https://www.dgidb.org/genes/ALPL,NULL,NULL,249,ALPL,9606,Homo sapiens (human),NULL,NULL,NULL,NULL,NULL,NULL,NULL,NULL
1175115,72725,DGIdb,2-Amino-3H-phenoxazin-3-one,NULL,CHEMBL146710,https://www.dgidb.org/drugs/CHEMBL146710,NULL,BAZ2B,https://www.dgidb.org/genes/BAZ2B,NULL,NULL,29994,BAZ2B,9606,Homo sapiens (human),NULL,NULL,NULL,NULL,NULL,NULL,NULL,NULL
1236529,72725,DGIdb,2-Amino-3H-phenoxazin-3-one,NULL,CHEMBL146710,https://www.dgidb.org/drugs/CHEMBL146710,NULL,KDM4E,https://www.dgidb.org/genes/KDM4E,NULL,NULL,390245,KDM4E,9606,Homo sapiens (human),NULL,NULL,NULL,NULL,NULL,NULL,NULL,NULL
1811815,72725,DGIdb,2-Amino-3H-phenoxazin-3-one,NULL,CHEMBL146710,https://www.dgidb.org/drugs/CHEMBL146710,NULL,POLK,https://www.dgidb.org/genes/POLK,NULL,NULL,51426,POLK,9606,Homo sapiens (human),NULL,NULL,NULL,NULL,NULL,NULL,NULL,NULL
1843165,72725,DGIdb,2-Amino-3H-phenoxazin-3-one,NULL,CHEMBL146710,https://www.dgidb.org/drugs/CHEMBL146710,NULL,ALPG,https://www.dgidb.org/genes/ALPG,NULL,NULL,251,ALPG,9606,Homo sapiens (human),NULL,NULL,NULL,NULL,NULL,NULL,NULL,NULL
