﻿id,cid,dsn,cmpdname,srccmpd,srccmpdname,srccmpdurl,srctarget,srctargetname,srctargeturl,protacxn,protname,geneid,genename,taxid,taxname,action,actname,actvalue,evids,evurls,pmids,dois,citations
   1527522,9852185,CTD,beta-Guttiferin,C052659,gambogic acid,https://ctdbase.org/detail.go?type=chem&acc=C052659,842,CASP9,https://ctdbase.org/detail.go?type=gene&acc=842,NULL,NULL,842,CASP9,9606,Homo sapiens (human),Gambogic acid results in decreased expression of CASP9 protein alternative form,NULL,NULL,PMID:19464570,https://www.ncbi.nlm.nih.gov/pubmed/19464570,19464570,NULL,NULL
1528880,9852185,DGIdb,beta-Guttiferin,NULL,GAMBOGIC ACID,https://www.dgidb.org/drugs/GAMBOGIC ACID,NULL,NTRK1,https://www.dgidb.org/genes/NTRK1,NULL,NULL,4914,NTRK1,9606,Homo sapiens (human),NULL,NULL,NULL,PMID:17911251,https://www.ncbi.nlm.nih.gov/pubmed/17911251,17911251,NULL,NULL
1543833,9852185,DGIdb,beta-Guttiferin,NULL,GAMBOGIC ACID,https://www.dgidb.org/drugs/GAMBOGIC ACID,NULL,TXN2,https://www.dgidb.org/genes/TXN2,NULL,NULL,25828,TXN2,9606,Homo sapiens (human),NULL,NULL,NULL,PMID:22663155,https://www.ncbi.nlm.nih.gov/pubmed/22663155,22663155,NULL,NULL
1543834,9852185,DGIdb,beta-Guttiferin,NULL,GAMBOGIC ACID,https://www.dgidb.org/drugs/GAMBOGIC ACID,NULL,HSP90AA1,https://www.dgidb.org/genes/HSP90AA1,NULL,NULL,3320,HSP90AA1,9606,Homo sapiens (human),NULL,NULL,NULL,PMID:21486005,https://www.ncbi.nlm.nih.gov/pubmed/21486005,21486005,NULL,NULL
1543835,9852185,DGIdb,beta-Guttiferin,NULL,GAMBOGIC ACID,https://www.dgidb.org/drugs/GAMBOGIC ACID,NULL,NFKBIA,https://www.dgidb.org/genes/NFKBIA,NULL,NULL,4792,NFKBIA,9606,Homo sapiens (human),NULL,NULL,NULL,PMID:22472167,https://www.ncbi.nlm.nih.gov/pubmed/22472167,22472167,NULL,NULL
1570068,9852185,DGIdb,beta-Guttiferin,NULL,GAMBOGIC ACID,https://www.dgidb.org/drugs/GAMBOGIC ACID,NULL,HSP90AB1,https://www.dgidb.org/genes/HSP90AB1,NULL,NULL,3326,HSP90AB1,9606,Homo sapiens (human),NULL,NULL,NULL,PMID:21486005,https://www.ncbi.nlm.nih.gov/pubmed/21486005,21486005,NULL,NULL
1579198,9852185,DGIdb,beta-Guttiferin,NULL,GAMBOGIC ACID,https://www.dgidb.org/drugs/GAMBOGIC ACID,NULL,MAPK3,https://www.dgidb.org/genes/MAPK3,NULL,NULL,5595,MAPK3,9606,Homo sapiens (human),NULL,NULL,NULL,PMID:17911251,https://www.ncbi.nlm.nih.gov/pubmed/17911251,17911251,NULL,NULL
1579576,9852185,DGIdb,beta-Guttiferin,NULL,GAMBOGIC ACID,https://www.dgidb.org/drugs/GAMBOGIC ACID,NULL,MDM2,https://www.dgidb.org/genes/MDM2,NULL,NULL,4193,MDM2,9606,Homo sapiens (human),NULL,NULL,NULL,NULL,NULL,NULL,NULL,NULL
1579577,9852185,DGIdb,beta-Guttiferin,NULL,GAMBOGIC ACID,https://www.dgidb.org/drugs/GAMBOGIC ACID,NULL,TXN,https://www.dgidb.org/genes/TXN,NULL,NULL,7295,TXN,9606,Homo sapiens (human),NULL,NULL,NULL,PMID:22663155,https://www.ncbi.nlm.nih.gov/pubmed/22663155,22663155,NULL,NULL
1956310,9852185,DGIdb,beta-Guttiferin,NULL,GAMBOGIC ACID,https://www.dgidb.org/drugs/GAMBOGIC ACID,NULL,MAPK1,https://www.dgidb.org/genes/MAPK1,NULL,NULL,5594,MAPK1,9606,Homo sapiens (human),NULL,NULL,NULL,PMID:17911251,https://www.ncbi.nlm.nih.gov/pubmed/17911251,17911251,NULL,NULL
1956311,9852185,CTD,beta-Guttiferin,C052659,gambogic acid,https://ctdbase.org/detail.go?type=chem&acc=C052659,5243,ABCB1,https://ctdbase.org/detail.go?type=gene&acc=5243,NULL,NULL,5243,ABCB1,9606,Homo sapiens (human),Acetylcysteine affects the reaction [[gambogic acid affects the reaction [ABCB1 protein affects the susceptibility to doxorubicin]] which affects the cleavage of PARP1 protein]|gambogic acid affects the reaction [ABCB1 protein affects the susceptibility to doxorubicin]|acetylcysteine affects the reaction [[gambogic acid affects the reaction [ABCB1 protein affects the susceptibility to doxorubicin]] which affects the cleavage of CASP7 protein]|[gambogic acid affects the reaction [ABCB1 protein affects the susceptibility to doxorubicin]] which affects the cleavage of CASP7 protein|[gambogic acid affects the reaction [ABCB1 protein affects the susceptibility to doxorubicin]] which affects the cleavage of PARP1 protein,NULL,NULL,PMID:25824409,https://www.ncbi.nlm.nih.gov/pubmed/25824409,25824409,NULL,NULL
1956312,9852185,CTD,beta-Guttiferin,C052659,gambogic acid,https://ctdbase.org/detail.go?type=chem&acc=C052659,9131,AIFM1,https://ctdbase.org/detail.go?type=gene&acc=9131,NULL,NULL,9131,AIFM1,9606,Homo sapiens (human),Gambogic acid affects the localization of AIFM1 protein,NULL,NULL,PMID:19464570,https://www.ncbi.nlm.nih.gov/pubmed/19464570,19464570,NULL,NULL
1956313,9852185,CTD,beta-Guttiferin,C052659,gambogic acid,https://ctdbase.org/detail.go?type=chem&acc=C052659,207,AKT1,https://ctdbase.org/detail.go?type=gene&acc=207,NULL,NULL,207,AKT1,9606,Homo sapiens (human),Gambogic acid results in decreased activity of AKT1 protein,NULL,NULL,PMID:19433130,https://www.ncbi.nlm.nih.gov/pubmed/19433130,19433130,NULL,NULL
1956314,9852185,CTD,beta-Guttiferin,C052659,gambogic acid,https://ctdbase.org/detail.go?type=chem&acc=C052659,207,AKT1,https://ctdbase.org/detail.go?type=gene&acc=207,NULL,NULL,207,AKT1,9606,Homo sapiens (human),Gambogic acid results in decreased expression of AKT1 mRNA,NULL,NULL,PMID:33533530,https://www.ncbi.nlm.nih.gov/pubmed/33533530,33533530,NULL,NULL
1956315,9852185,CTD,beta-Guttiferin,C052659,gambogic acid,https://ctdbase.org/detail.go?type=chem&acc=C052659,208,AKT2,https://ctdbase.org/detail.go?type=gene&acc=208,NULL,NULL,208,AKT2,9606,Homo sapiens (human),Gambogic acid results in decreased expression of AKT2 mRNA,NULL,NULL,PMID:33533530,https://www.ncbi.nlm.nih.gov/pubmed/33533530,33533530,NULL,NULL
1956316,9852185,CTD,beta-Guttiferin,C052659,gambogic acid,https://ctdbase.org/detail.go?type=chem&acc=C052659,581,BAX,https://ctdbase.org/detail.go?type=gene&acc=581,NULL,NULL,581,BAX,9606,Homo sapiens (human),Gambogic acid results in increased expression of BAX mRNA,NULL,NULL,PMID:15968715|PMID:33533530,https://www.ncbi.nlm.nih.gov/pubmed/15968715|https://www.ncbi.nlm.nih.gov/pubmed/33533530,15968715|33533530,NULL,NULL
1956317,9852185,CTD,beta-Guttiferin,C052659,gambogic acid,https://ctdbase.org/detail.go?type=chem&acc=C052659,596,BCL2,https://ctdbase.org/detail.go?type=gene&acc=596,NULL,NULL,596,BCL2,9606,Homo sapiens (human),Fluorouracil promotes the reaction [gambogic acid results in decreased expression of BCL2 mrna],NULL,NULL,PMID:19084572,https://www.ncbi.nlm.nih.gov/pubmed/19084572,19084572,NULL,NULL
1956318,9852185,CTD,beta-Guttiferin,C052659,gambogic acid,https://ctdbase.org/detail.go?type=chem&acc=C052659,596,BCL2,https://ctdbase.org/detail.go?type=gene&acc=596,NULL,NULL,596,BCL2,9606,Homo sapiens (human),Gambogic acid affects the expression of BCL2 protein,NULL,NULL,PMID:19433130,https://www.ncbi.nlm.nih.gov/pubmed/19433130,19433130,NULL,NULL
1956341,9852185,CTD,beta-Guttiferin,C052659,gambogic acid,https://ctdbase.org/detail.go?type=chem&acc=C052659,596,BCL2,https://ctdbase.org/detail.go?type=gene&acc=596,NULL,NULL,596,BCL2,9606,Homo sapiens (human),Gambogic acid results in decreased expression of BCL2 mRNA,NULL,NULL,PMID:15968715|PMID:19084572|PMID:33533530,https://www.ncbi.nlm.nih.gov/pubmed/15968715|https://www.ncbi.nlm.nih.gov/pubmed/19084572|https://www.ncbi.nlm.nih.gov/pubmed/33533530,15968715|19084572|33533530,NULL,NULL
1956342,9852185,CTD,beta-Guttiferin,C052659,gambogic acid,https://ctdbase.org/detail.go?type=chem&acc=C052659,596,BCL2,https://ctdbase.org/detail.go?type=gene&acc=596,NULL,NULL,596,BCL2,9606,Homo sapiens (human),[verapamil co-treated with gambogic acid] results in decreased expression of BCL2 protein,NULL,NULL,PMID:24373880,https://www.ncbi.nlm.nih.gov/pubmed/24373880,24373880,NULL,NULL
1956343,9852185,CTD,beta-Guttiferin,C052659,gambogic acid,https://ctdbase.org/detail.go?type=chem&acc=C052659,332,BIRC5,https://ctdbase.org/detail.go?type=gene&acc=332,NULL,NULL,332,BIRC5,9606,Homo sapiens (human),[gambogic acid co-treated with doxorubicin] affects the expression of BIRC5 protein|sb 203580 affects the reaction [[gambogic acid co-treated with doxorubicin] affects the expression of BIRC5 protein]|gambogic acid affects the expression of BIRC5 protein,NULL,NULL,PMID:25824409,https://www.ncbi.nlm.nih.gov/pubmed/25824409,25824409,NULL,NULL
1956344,9852185,CTD,beta-Guttiferin,C052659,gambogic acid,https://ctdbase.org/detail.go?type=chem&acc=C052659,836,CASP3,https://ctdbase.org/detail.go?type=gene&acc=836,NULL,NULL,836,CASP3,9606,Homo sapiens (human),Benzyloxycarbonyl-valyl-alanyl-aspartic acid analog inhibits the reaction [[gambogic acid co-treated with bortezomib] results in increased activity of CASP3 protein]|[gambogic acid co-treated with bortezomib] results in increased activity of CASP3 protein,NULL,NULL,PMID:24291039,https://www.ncbi.nlm.nih.gov/pubmed/24291039,24291039,NULL,NULL
1956345,9852185,CTD,beta-Guttiferin,C052659,gambogic acid,https://ctdbase.org/detail.go?type=chem&acc=C052659,836,CASP3,https://ctdbase.org/detail.go?type=gene&acc=836,NULL,NULL,836,CASP3,9606,Homo sapiens (human),Fluorouracil promotes the reaction [gambogic acid results in decreased expression of CASP3 mrna]|gambogic acid results in decreased expression of CASP3 mRNA,NULL,NULL,PMID:19084572,https://www.ncbi.nlm.nih.gov/pubmed/19084572,19084572,NULL,NULL
1956346,9852185,CTD,beta-Guttiferin,C052659,gambogic acid,https://ctdbase.org/detail.go?type=chem&acc=C052659,836,CASP3,https://ctdbase.org/detail.go?type=gene&acc=836,NULL,NULL,836,CASP3,9606,Homo sapiens (human),[verapamil co-treated with gambogic acid] results in increased cleavage of and results in increased activity of CASP3 protein,NULL,NULL,PMID:24373880,https://www.ncbi.nlm.nih.gov/pubmed/24373880,24373880,NULL,NULL
1956347,9852185,CTD,beta-Guttiferin,C052659,gambogic acid,https://ctdbase.org/detail.go?type=chem&acc=C052659,840,CASP7,https://ctdbase.org/detail.go?type=gene&acc=840,NULL,NULL,840,CASP7,9606,Homo sapiens (human),[gambogic acid affects the reaction [ABCB1 protein affects the susceptibility to doxorubicin]] which affects the cleavage of CASP7 protein|acetylcysteine affects the reaction [[gambogic acid affects the reaction [ABCB1 protein affects the susceptibility to doxorubicin]] which affects the cleavage of CASP7 protein],NULL,NULL,PMID:25824409,https://www.ncbi.nlm.nih.gov/pubmed/25824409,25824409,NULL,NULL
1956348,9852185,CTD,beta-Guttiferin,C052659,gambogic acid,https://ctdbase.org/detail.go?type=chem&acc=C052659,841,CASP8,https://ctdbase.org/detail.go?type=gene&acc=841,NULL,NULL,841,CASP8,9606,Homo sapiens (human),[gambogic acid co-treated with bortezomib] results in increased activity of CASP8 protein,NULL,NULL,PMID:24291039,https://www.ncbi.nlm.nih.gov/pubmed/24291039,24291039,NULL,NULL
1956349,9852185,CTD,beta-Guttiferin,C052659,gambogic acid,https://ctdbase.org/detail.go?type=chem&acc=C052659,841,CASP8,https://ctdbase.org/detail.go?type=gene&acc=841,NULL,NULL,841,CASP8,9606,Homo sapiens (human),[verapamil co-treated with gambogic acid] results in increased cleavage of and results in increased activity of CASP8 protein,NULL,NULL,PMID:24373880,https://www.ncbi.nlm.nih.gov/pubmed/24373880,24373880,NULL,NULL
1956350,9852185,CTD,beta-Guttiferin,C052659,gambogic acid,https://ctdbase.org/detail.go?type=chem&acc=C052659,842,CASP9,https://ctdbase.org/detail.go?type=gene&acc=842,NULL,NULL,842,CASP9,9606,Homo sapiens (human),[gambogic acid co-treated with bortezomib] results in increased activity of CASP9 protein|benzyloxycarbonyl-valyl-alanyl-aspartic acid analog inhibits the reaction [[gambogic acid co-treated with bortezomib] results in increased activity of CASP9 protein],NULL,NULL,PMID:24291039,https://www.ncbi.nlm.nih.gov/pubmed/24291039,24291039,NULL,NULL
1956378,9852185,CTD,beta-Guttiferin,C052659,gambogic acid,https://ctdbase.org/detail.go?type=chem&acc=C052659,842,CASP9,https://ctdbase.org/detail.go?type=gene&acc=842,NULL,NULL,842,CASP9,9606,Homo sapiens (human),[verapamil co-treated with gambogic acid] results in increased cleavage of and results in increased activity of CASP9 protein,NULL,NULL,PMID:24373880,https://www.ncbi.nlm.nih.gov/pubmed/24373880,24373880,NULL,NULL
1956379,9852185,CTD,beta-Guttiferin,C052659,gambogic acid,https://ctdbase.org/detail.go?type=chem&acc=C052659,1649,DDIT3,https://ctdbase.org/detail.go?type=gene&acc=1649,NULL,NULL,1649,DDIT3,9606,Homo sapiens (human),Gambogic acid promotes the reaction [bortezomib results in increased expression of DDIT3 protein]|bortezomib promotes the reaction [gambogic acid results in increased expression of DDIT3 protein]|gambogic acid results in increased expression of DDIT3 protein,NULL,NULL,PMID:24291039,https://www.ncbi.nlm.nih.gov/pubmed/24291039,24291039,NULL,NULL
1956380,9852185,CTD,beta-Guttiferin,C052659,gambogic acid,https://ctdbase.org/detail.go?type=chem&acc=C052659,1649,DDIT3,https://ctdbase.org/detail.go?type=gene&acc=1649,NULL,NULL,1649,DDIT3,9606,Homo sapiens (human),[verapamil co-treated with gambogic acid] results in increased expression of DDIT3 protein,NULL,NULL,PMID:24373880,https://www.ncbi.nlm.nih.gov/pubmed/24373880,24373880,NULL,NULL
1956381,9852185,CTD,beta-Guttiferin,C052659,gambogic acid,https://ctdbase.org/detail.go?type=chem&acc=C052659,2932,GSK3B,https://ctdbase.org/detail.go?type=gene&acc=2932,NULL,NULL,2932,GSK3B,9606,Homo sapiens (human),Gambogic acid results in decreased activity of GSK3B protein,NULL,NULL,PMID:19433130,https://www.ncbi.nlm.nih.gov/pubmed/19433130,19433130,NULL,NULL
1956382,9852185,CTD,beta-Guttiferin,C052659,gambogic acid,https://ctdbase.org/detail.go?type=chem&acc=C052659,3309,HSPA5,https://ctdbase.org/detail.go?type=gene&acc=3309,NULL,NULL,3309,HSPA5,9606,Homo sapiens (human),Gambogic acid results in increased expression of HSPA5 protein|bortezomib promotes the reaction [gambogic acid results in increased expression of HSPA5 protein]|gambogic acid promotes the reaction [bortezomib results in increased expression of HSPA5 protein],NULL,NULL,PMID:24291039,https://www.ncbi.nlm.nih.gov/pubmed/24291039,24291039,NULL,NULL
1956383,9852185,CTD,beta-Guttiferin,C052659,gambogic acid,https://ctdbase.org/detail.go?type=chem&acc=C052659,8202,NCOA3,https://ctdbase.org/detail.go?type=gene&acc=8202,NULL,NULL,8202,NCOA3,9606,Homo sapiens (human),Gambogic acid results in decreased expression of NCOA3,NULL,NULL,PMID:19433130,https://www.ncbi.nlm.nih.gov/pubmed/19433130,19433130,NULL,NULL
1956384,9852185,CTD,beta-Guttiferin,C052659,gambogic acid,https://ctdbase.org/detail.go?type=chem&acc=C052659,142,PARP1,https://ctdbase.org/detail.go?type=gene&acc=142,NULL,NULL,142,PARP1,9606,Homo sapiens (human),Acetylcysteine affects the reaction [[gambogic acid affects the reaction [ABCB1 protein affects the susceptibility to doxorubicin]] which affects the cleavage of PARP1 protein]|[gambogic acid affects the reaction [ABCB1 protein affects the susceptibility to doxorubicin]] which affects the cleavage of PARP1 protein,NULL,NULL,PMID:25824409,https://www.ncbi.nlm.nih.gov/pubmed/25824409,25824409,NULL,NULL
1956385,9852185,CTD,beta-Guttiferin,C052659,gambogic acid,https://ctdbase.org/detail.go?type=chem&acc=C052659,142,PARP1,https://ctdbase.org/detail.go?type=gene&acc=142,NULL,NULL,142,PARP1,9606,Homo sapiens (human),Acetylcysteine inhibits the reaction [[verapamil co-treated with gambogic acid] results in increased cleavage of PARP1 protein]|benzyloxycarbonyl-valyl-alanyl-aspartic acid inhibits the reaction [[verapamil co-treated with gambogic acid] results in increased cleavage of PARP1 protein]|[verapamil co-treated with gambogic acid] results in increased cleavage of PARP1 protein,NULL,NULL,PMID:24373880,https://www.ncbi.nlm.nih.gov/pubmed/24373880,24373880,NULL,NULL
1956386,9852185,CTD,beta-Guttiferin,C052659,gambogic acid,https://ctdbase.org/detail.go?type=chem&acc=C052659,142,PARP1,https://ctdbase.org/detail.go?type=gene&acc=142,NULL,NULL,142,PARP1,9606,Homo sapiens (human),Bortezomib promotes the reaction [gambogic acid results in increased cleavage of PARP1 protein]|gambogic acid promotes the reaction [bortezomib results in increased cleavage of PARP1 protein]|benzyloxycarbonyl-valyl-alanyl-aspartic acid analog inhibits the reaction [gambogic acid promotes the reaction [bortezomib results in increased cleavage of PARP1 protein]]|benzyloxycarbonyl-valyl-alanyl-aspartic acid analog inhibits the reaction [bortezomib promotes the reaction [gambogic acid results in increased cleavage of PARP1 protein]],NULL,NULL,PMID:24291039,https://www.ncbi.nlm.nih.gov/pubmed/24291039,24291039,NULL,NULL
1956412,9852185,CTD,beta-Guttiferin,C052659,gambogic acid,https://ctdbase.org/detail.go?type=chem&acc=C052659,142,PARP1,https://ctdbase.org/detail.go?type=gene&acc=142,NULL,NULL,142,PARP1,9606,Homo sapiens (human),Gambogic acid results in decreased expression of PARP1 mrna|fluorouracil promotes the reaction [gambogic acid results in increased cleavage of PARP1 protein]|fluorouracil promotes the reaction [gambogic acid results in decreased expression of PARP1 mrna],NULL,NULL,PMID:19084572,https://www.ncbi.nlm.nih.gov/pubmed/19084572,19084572,NULL,NULL
1956413,9852185,CTD,beta-Guttiferin,C052659,gambogic acid,https://ctdbase.org/detail.go?type=chem&acc=C052659,142,PARP1,https://ctdbase.org/detail.go?type=gene&acc=142,NULL,NULL,142,PARP1,9606,Homo sapiens (human),Gambogic acid results in increased cleavage of PARP1 protein,NULL,NULL,PMID:19084572|PMID:19464570|PMID:24291039,https://www.ncbi.nlm.nih.gov/pubmed/19084572|https://www.ncbi.nlm.nih.gov/pubmed/19464570|https://www.ncbi.nlm.nih.gov/pubmed/24291039,19084572|19464570|24291039,NULL,NULL
1956414,9852185,CTD,beta-Guttiferin,C052659,gambogic acid,https://ctdbase.org/detail.go?type=chem&acc=C052659,6198,RPS6KB1,https://ctdbase.org/detail.go?type=gene&acc=6198,NULL,NULL,6198,RPS6KB1,9606,Homo sapiens (human),Gambogic acid results in decreased activity of RPS6KB1 protein,NULL,NULL,PMID:19433130,https://www.ncbi.nlm.nih.gov/pubmed/19433130,19433130,NULL,NULL
1956415,9852185,CTD,beta-Guttiferin,C052659,gambogic acid,https://ctdbase.org/detail.go?type=chem&acc=C052659,7298,TYMS,https://ctdbase.org/detail.go?type=gene&acc=7298,NULL,NULL,7298,TYMS,9606,Homo sapiens (human),Gambogic acid results in decreased expression of TYMS mrna|gambogic acid inhibits the reaction [fluorouracil results in increased expression of TYMS mrna],NULL,NULL,PMID:19084572,https://www.ncbi.nlm.nih.gov/pubmed/19084572,19084572,NULL,NULL
1956416,9852185,CTD,beta-Guttiferin,C052659,gambogic acid,https://ctdbase.org/detail.go?type=chem&acc=C052659,7372,UMPS,https://ctdbase.org/detail.go?type=gene&acc=7372,NULL,NULL,7372,UMPS,9606,Homo sapiens (human),Fluorouracil promotes the reaction [gambogic acid results in increased expression of UMPS mrna]|gambogic acid results in increased expression of UMPS mRNA,NULL,NULL,PMID:19084572,https://www.ncbi.nlm.nih.gov/pubmed/19084572,19084572,NULL,NULL
1956417,9852185,CTD,beta-Guttiferin,C052659,gambogic acid,https://ctdbase.org/detail.go?type=chem&acc=C052659,7474,WNT5A,https://ctdbase.org/detail.go?type=gene&acc=7474,NULL,NULL,7474,WNT5A,9606,Homo sapiens (human),Gambogic acid results in decreased expression of WNT5A mrna|gambogic acid results in decreased expression of WNT5A protein,NULL,NULL,PMID:33533530,https://www.ncbi.nlm.nih.gov/pubmed/33533530,33533530,NULL,NULL
