﻿id,cid,dsn,cmpdname,srccmpd,srccmpdname,srccmpdurl,srctarget,srctargetname,srctargeturl,protacxn,protname,geneid,genename,taxid,taxname,action,actname,actvalue,evids,evurls,pmids,dois,citations
   1230152,169521,CTD,Maytenonic acid,C001687,maytenonic acid,https://ctdbase.org/detail.go?type=chem&acc=C001687,834,CASP1,https://ctdbase.org/detail.go?type=gene&acc=834,NULL,NULL,834,CASP1,10090,Mus musculus (house mouse),Maytenonic acid inhibits the reaction [lipopolysaccharides results in increased cleavage of CASP1 protein],NULL,NULL,PMID:27751938,https://www.ncbi.nlm.nih.gov/pubmed/27751938,27751938,NULL,NULL
1230153,169521,CTD,Maytenonic acid,C001687,maytenonic acid,https://ctdbase.org/detail.go?type=chem&acc=C001687,2729,GCLC,https://ctdbase.org/detail.go?type=gene&acc=2729,NULL,NULL,2729,GCLC,9606,Homo sapiens (human),Maytenonic acid results in increased expression of GCLC mRNA,NULL,NULL,PMID:27751938,https://www.ncbi.nlm.nih.gov/pubmed/27751938,27751938,NULL,NULL
1230154,169521,CTD,Maytenonic acid,C001687,maytenonic acid,https://ctdbase.org/detail.go?type=chem&acc=C001687,3162,HMOX1,https://ctdbase.org/detail.go?type=gene&acc=3162,NULL,NULL,3162,HMOX1,9606,Homo sapiens (human),Maytenonic acid results in increased expression of HMOX1 mrna|maytenonic acid promotes the reaction [lipopolysaccharides results in increased expression of HMOX1 protein]|maytenonic acid promotes the reaction [lipopolysaccharides results in increased expression of HMOX1 mrna]|maytenonic acid results in increased expression of HMOX1 protein,NULL,NULL,PMID:27751938,https://www.ncbi.nlm.nih.gov/pubmed/27751938,27751938,NULL,NULL
1230155,169521,CTD,Maytenonic acid,C001687,maytenonic acid,https://ctdbase.org/detail.go?type=chem&acc=C001687,3553,IL1B,https://ctdbase.org/detail.go?type=gene&acc=3553,NULL,NULL,3553,IL1B,10090,Mus musculus (house mouse),Maytenonic acid inhibits the reaction [lipopolysaccharides results in increased cleavage of IL1B protein]|maytenonic acid inhibits the reaction [lipopolysaccharides results in increased expression of IL1B mrna],NULL,NULL,PMID:27751938,https://www.ncbi.nlm.nih.gov/pubmed/27751938,27751938,NULL,NULL
1230264,169521,CTD,Maytenonic acid,C001687,maytenonic acid,https://ctdbase.org/detail.go?type=chem&acc=C001687,3569,IL6,https://ctdbase.org/detail.go?type=gene&acc=3569,NULL,NULL,3569,IL6,10090,Mus musculus (house mouse),Maytenonic acid inhibits the reaction [lipopolysaccharides results in increased expression of IL6 mrna],NULL,NULL,PMID:27751938,https://www.ncbi.nlm.nih.gov/pubmed/27751938,27751938,NULL,NULL
1230265,169521,CTD,Maytenonic acid,C001687,maytenonic acid,https://ctdbase.org/detail.go?type=chem&acc=C001687,1728,NQO1,https://ctdbase.org/detail.go?type=gene&acc=1728,NULL,NULL,1728,NQO1,9606,Homo sapiens (human),Maytenonic acid results in increased expression of NQO1 mRNA,NULL,NULL,PMID:27751938,https://www.ncbi.nlm.nih.gov/pubmed/27751938,27751938,NULL,NULL
1230266,169521,CTD,Maytenonic acid,C001687,maytenonic acid,https://ctdbase.org/detail.go?type=chem&acc=C001687,7124,TNF,https://ctdbase.org/detail.go?type=gene&acc=7124,NULL,NULL,7124,TNF,10090,Mus musculus (house mouse),Maytenonic acid inhibits the reaction [lipopolysaccharides results in increased expression of TNF mrna],NULL,NULL,PMID:27751938,https://www.ncbi.nlm.nih.gov/pubmed/27751938,27751938,NULL,NULL
