﻿resolution,pdbid,title,expmethod,lignme,glytoucan,cids,protacxns,geneids,pmids,dois
   1.81,5IED,Murine endoplasmic reticulum alpha-glucosidase II with castanospermine,X-RAY DIFFRACTION,CTS|PG4|P6G|CA|FMT|EDO,G73541PI,54445|284|174|271|17472|8200,O08795|Q8BHN3,19089|14376,27462106,10.1073/pnas.1604463113
1.85,1EQC,"EXO-B-(1,3)-GLUCANASE FROM CANDIDA ALBICANS IN COMPLEX WITH CASTANOSPERMINE AT 1.85 A",X-RAY DIFFRACTION,CTS,NULL,54445,P29717,3636837,10610795,10.1006/jmbi.1999.3287
1.85,2CBU,Beta-glucosidase from Thermotoga maritima in complex with castanospermine,X-RAY DIFFRACTION,CA|ACT|CTS,NULL,54445|175|271,Q08638|1OIF_A,NULL,16628756,10.1002/cbic.200600005
1.99,2JKP,Structure of a family 97 alpha-glucosidase from Bacteroides thetaiotaomicron in complex with castanospermine,X-RAY DIFFRACTION,CA|EDO|CTS,NULL,174|54445|271,G8JZS4|2JKE_A|2ZQ0_A,60924872,18848471,10.1016/j.chembiol.2008.09.005
2.2,2PWG,Crystal Structure of the Trehalulose Synthase MutB From Pseudomonas Mesoacidophila MX-45 Complexed to the Inhibitor Castanospermine,X-RAY DIFFRACTION,CA|CTS,NULL,54445|271,NULL,NULL,17597061,10.1074/jbc.m704515200
2.31,2VL8,"CRYSTAL STRUCTURE OF THE CATALYTIC DOMAIN OF LETHAL TOXIN FROM CLOSTRIDIUM SORDELLII IN COMPLEX WITH UDP, CASTANOSPERMINE AND CALCIUM ION",X-RAY DIFFRACTION,CA|CTS|UDP,NULL,54445|271|6031,Q46342|2VL8_A,NULL,18505687,10.1016/j.febslet.2008.05.025
2.45,4IIF,Crystal structure of beta-glucosidase 1 from Aspergillus aculeatus in complex with castanospermine,X-RAY DIFFRACTION,MRD|NAG|CTS|MPD,G49954MA|G31620NI|G67334XY|G48625VZ|G94945QJ|G83351GR|G28346QQ|G24435SC|G73541PI,5288845|24139|5288834|54445,P48825,NULL,23537284,10.1042/bj20130054
