﻿id,cid,dsn,cmpdname,srccmpd,srccmpdname,srccmpdurl,srctarget,srctargetname,srctargeturl,protacxn,protname,geneid,genename,taxid,taxname,action,actname,actvalue,evids,evurls,pmids,dois,citations
   1513118,5281794,CTD,Shogaol,C040115,shogaol,https://ctdbase.org/detail.go?type=chem&acc=C040115,3162,HMOX1,https://ctdbase.org/detail.go?type=gene&acc=3162,NULL,NULL,3162,HMOX1,9606,Homo sapiens (human),2-(2-amino-3-methoxyphenyl)-4H-1-benzopyran-4-one inhibits the reaction [shogaol metabolite results in increased expression of HMOX1 protein]|2-(4-morpholinyl)-8-phenyl-4H-1-benzopyran-4-one inhibits the reaction [shogaol results in increased expression of HMOX1 protein]|shogaol results in increased expression of HMOX1 mrna|nfe2l2 gene mutant form inhibits the reaction [shogaol results in increased expression of HMOX1 protein]|2-(4-morpholinyl)-8-phenyl-4H-1-benzopyran-4-one inhibits the reaction [shogaol metabolite results in increased expression of HMOX1 protein]|4-(4-fluorophenyl)-2-(4-hydroxyphenyl)-5-(4-pyridyl)imidazole inhibits the reaction [shogaol metabolite results in increased expression of HMOX1 protein]|4-(4-fluorophenyl)-2-(4-hydroxyphenyl)-5-(4-pyridyl)imidazole inhibits the reaction [shogaol results in increased expression of HMOX1 protein]|2-(2-amino-3-methoxyphenyl)-4H-1-benzopyran-4-one inhibits the reaction [shogaol results in increased expression of HMOX1 protein]|shogaol metabolite results in increased expression of HMOX1 protein|shogaol results in increased expression of HMOX1 protein,NULL,NULL,PMID:25148906,https://www.ncbi.nlm.nih.gov/pubmed/25148906,25148906,NULL,NULL
1513119,5281794,CTD,Shogaol,C040115,shogaol,https://ctdbase.org/detail.go?type=chem&acc=C040115,3162,HMOX1,https://ctdbase.org/detail.go?type=gene&acc=3162,NULL,NULL,3162,HMOX1,9606,Homo sapiens (human),Shogaol analog results in increased expression of HMOX1 protein|keap1 protein affects the reaction [shogaol analog results in increased expression of HMOX1 protein],NULL,NULL,PMID:23899529,https://www.ncbi.nlm.nih.gov/pubmed/23899529,23899529,NULL,NULL
1513120,5281794,CTD,Shogaol,C040115,shogaol,https://ctdbase.org/detail.go?type=chem&acc=C040115,3551,IKBKB,https://ctdbase.org/detail.go?type=gene&acc=3551,NULL,NULL,3551,IKBKB,9606,Homo sapiens (human),Shogaol analog inhibits the reaction [tetradecanoylphorbol acetate results in increased phosphorylation of and results in increased expression of IKBKB protein],NULL,NULL,PMID:23899529,https://www.ncbi.nlm.nih.gov/pubmed/23899529,23899529,NULL,NULL
1513121,5281794,CTD,Shogaol,C040115,shogaol,https://ctdbase.org/detail.go?type=chem&acc=C040115,3553,IL1B,https://ctdbase.org/detail.go?type=gene&acc=3553,NULL,NULL,3553,IL1B,9606,Homo sapiens (human),Shogaol inhibits the reaction [IL1B protein results in increased expression of PTGES protein],NULL,NULL,PMID:27645308,https://www.ncbi.nlm.nih.gov/pubmed/27645308,27645308,NULL,NULL
1513122,5281794,CTD,Shogaol,C040115,shogaol,https://ctdbase.org/detail.go?type=chem&acc=C040115,9817,KEAP1,https://ctdbase.org/detail.go?type=gene&acc=9817,NULL,NULL,9817,KEAP1,9606,Homo sapiens (human),Shogaol results in decreased expression of KEAP1 protein|shogaol metabolite results in decreased expression of KEAP1 protein|shogaol results in increased alkylation of KEAP1 protein,NULL,NULL,PMID:25148906,https://www.ncbi.nlm.nih.gov/pubmed/25148906,25148906,NULL,NULL
1513123,5281794,CTD,Shogaol,C040115,shogaol,https://ctdbase.org/detail.go?type=chem&acc=C040115,9817,KEAP1,https://ctdbase.org/detail.go?type=gene&acc=9817,NULL,NULL,9817,KEAP1,10090,Mus musculus (house mouse),KEAP1 protein affects the reaction [shogaol analog results in increased expression of NFE2L2 protein]|keap1 protein affects the reaction [shogaol analog results in increased expression of NQO1 protein]|keap1 protein affects the reaction [shogaol analog results in increased expression of HMOX1 protein],NULL,NULL,PMID:23899529,https://www.ncbi.nlm.nih.gov/pubmed/23899529,23899529,NULL,NULL
1513124,5281794,CTD,Shogaol,C040115,shogaol,https://ctdbase.org/detail.go?type=chem&acc=C040115,5594,MAPK1,https://ctdbase.org/detail.go?type=gene&acc=5594,NULL,NULL,5594,MAPK1,10090,Mus musculus (house mouse),Shogaol inhibits the reaction [lipopolysaccharides results in increased phosphorylation of MAPK1 protein],NULL,NULL,PMID:18683823,https://www.ncbi.nlm.nih.gov/pubmed/18683823,18683823,NULL,NULL
1513125,5281794,CTD,Shogaol,C040115,shogaol,https://ctdbase.org/detail.go?type=chem&acc=C040115,5595,MAPK3,https://ctdbase.org/detail.go?type=gene&acc=5595,NULL,NULL,5595,MAPK3,10090,Mus musculus (house mouse),Shogaol inhibits the reaction [lipopolysaccharides results in increased phosphorylation of MAPK3 protein],NULL,NULL,PMID:18683823,https://www.ncbi.nlm.nih.gov/pubmed/18683823,18683823,NULL,NULL
1513200,5281794,CTD,Shogaol,C040115,shogaol,https://ctdbase.org/detail.go?type=chem&acc=C040115,4318,MMP9,https://ctdbase.org/detail.go?type=gene&acc=4318,NULL,NULL,4318,MMP9,9606,Homo sapiens (human),Shogaol analog inhibits the reaction [tetradecanoylphorbol acetate results in increased expression of and results in increased secretion of MMP9 protein]|shogaol analog inhibits the reaction [tetradecanoylphorbol acetate results in increased expression of MMP9 mrna],NULL,NULL,PMID:23899529,https://www.ncbi.nlm.nih.gov/pubmed/23899529,23899529,NULL,NULL
1513201,5281794,CTD,Shogaol,C040115,shogaol,https://ctdbase.org/detail.go?type=chem&acc=C040115,17748,MT1,https://ctdbase.org/detail.go?type=gene&acc=17748,NULL,NULL,17748,Mt1,10090,Mus musculus (house mouse),Shogaol results in increased expression of MT1 mrna|nfe2l2 gene mutant form inhibits the reaction [shogaol results in increased expression of MT1 mrna]|nfe2l2 gene mutant form inhibits the reaction [shogaol results in increased expression of MT1 protein]|shogaol results in increased expression of MT1 protein,NULL,NULL,PMID:25148906,https://www.ncbi.nlm.nih.gov/pubmed/25148906,25148906,NULL,NULL
1513202,5281794,CTD,Shogaol,C040115,shogaol,https://ctdbase.org/detail.go?type=chem&acc=C040115,4780,NFE2L2,https://ctdbase.org/detail.go?type=gene&acc=4780,NULL,NULL,4780,NFE2L2,9606,Homo sapiens (human),4-(4-fluorophenyl)-2-(4-hydroxyphenyl)-5-(4-pyridyl)imidazole inhibits the reaction [shogaol affects the localization of and results in increased phosphorylation of NFE2L2 protein]|2-(2-amino-3-methoxyphenyl)-4H-1-benzopyran-4-one inhibits the reaction [shogaol affects the localization of and results in increased phosphorylation of NFE2L2 protein]|2-(2-amino-3-methoxyphenyl)-4H-1-benzopyran-4-one inhibits the reaction [shogaol metabolite affects the localization of NFE2L2 protein modified form]|2-(4-morpholinyl)-8-phenyl-4H-1-benzopyran-4-one inhibits the reaction [shogaol metabolite affects the localization of NFE2L2 protein modified form]|nfe2l2 gene mutant form inhibits the reaction [shogaol results in increased expression of MT1 mrna]|shogaol metabolite affects the localization of NFE2L2 protein|2-(4-morpholinyl)-8-phenyl-4H-1-benzopyran-4-one inhibits the reaction [shogaol metabolite affects the localization of NFE2L2 protein]|shogaol results in increased expression of and results in increased phosphorylation of NFE2L2 protein|4-(4-fluorophenyl)-2-(4-hydroxyphenyl)-5-(4-pyridyl)imidazole inhibits the reaction [shogaol metabolite affects the localization of NFE2L2 protein modified form]|nfe2l2 gene mutant form inhibits the reaction [shogaol results in increased expression of MT1 protein]|2-(2-amino-3-methoxyphenyl)-4H-1-benzopyran-4-one inhibits the reaction [shogaol metabolite affects the localization of NFE2L2 protein]|shogaol metabolite results in increased expression of and results in increased phosphorylation of NFE2L2 protein|4-(4-fluorophenyl)-2-(4-hydroxyphenyl)-5-(4-pyridyl)imidazole inhibits the reaction [shogaol metabolite affects the localization of NFE2L2 protein]|nfe2l2 gene mutant form inhibits the reaction [shogaol results in increased expression of GCLC mrna]|shogaol metabolite affects the localization of NFE2L2 protein modified form|nfe2l2 gene mutant form inhibits the reaction [shogaol results in increased expression of HMOX1 protein]|2-(4-morpholinyl)-8-phenyl-4H-1-benzopyran-4-one inhibits the reaction [shogaol affects the localization of and results in increased phosphorylation of NFE2L2 protein]|shogaol affects the localization of NFE2L2 protein,NULL,NULL,PMID:25148906,https://www.ncbi.nlm.nih.gov/pubmed/25148906,25148906,NULL,NULL
1513203,5281794,CTD,Shogaol,C040115,shogaol,https://ctdbase.org/detail.go?type=chem&acc=C040115,4780,NFE2L2,https://ctdbase.org/detail.go?type=gene&acc=4780,NULL,NULL,4780,NFE2L2,9606,Homo sapiens (human),KEAP1 protein affects the reaction [shogaol analog results in increased expression of NFE2L2 protein]|shogaol analog results in increased expression of NFE2L2 protein,NULL,NULL,PMID:23899529,https://www.ncbi.nlm.nih.gov/pubmed/23899529,23899529,NULL,NULL
1513204,5281794,CTD,Shogaol,C040115,shogaol,https://ctdbase.org/detail.go?type=chem&acc=C040115,4790,NFKB1,https://ctdbase.org/detail.go?type=gene&acc=4790,NULL,NULL,4790,NFKB1,10090,Mus musculus (house mouse),Shogaol inhibits the reaction [lipopolysaccharides results in increased activity of [NFKB1 protein binds to RELA protein]]|shogaol inhibits the reaction [lipopolysaccharides affects the localization of NFKB1 protein],NULL,NULL,PMID:18683823,https://www.ncbi.nlm.nih.gov/pubmed/18683823,18683823,NULL,NULL
1513205,5281794,CTD,Shogaol,C040115,shogaol,https://ctdbase.org/detail.go?type=chem&acc=C040115,4792,NFKBIA,https://ctdbase.org/detail.go?type=gene&acc=4792,NULL,NULL,4792,NFKBIA,9606,Homo sapiens (human),Shogaol analog inhibits the reaction [tetradecanoylphorbol acetate results in increased phosphorylation of and results in increased expression of NFKBIA protein],NULL,NULL,PMID:23899529,https://www.ncbi.nlm.nih.gov/pubmed/23899529,23899529,NULL,NULL
1513206,5281794,CTD,Shogaol,C040115,shogaol,https://ctdbase.org/detail.go?type=chem&acc=C040115,4792,NFKBIA,https://ctdbase.org/detail.go?type=gene&acc=4792,NULL,NULL,4792,NFKBIA,10090,Mus musculus (house mouse),Shogaol inhibits the reaction [lipopolysaccharides results in increased phosphorylation of and results in increased degradation of NFKBIA protein],NULL,NULL,PMID:18683823,https://www.ncbi.nlm.nih.gov/pubmed/18683823,18683823,NULL,NULL
1513296,5281794,CTD,Shogaol,C040115,shogaol,https://ctdbase.org/detail.go?type=chem&acc=C040115,4843,NOS2,https://ctdbase.org/detail.go?type=gene&acc=4843,NULL,NULL,4843,NOS2,9606,Homo sapiens (human),Shogaol analog inhibits the reaction [tetradecanoylphorbol acetate results in increased expression of NOS2 protein],NULL,NULL,PMID:23899529,https://www.ncbi.nlm.nih.gov/pubmed/23899529,23899529,NULL,NULL
1513297,5281794,CTD,Shogaol,C040115,shogaol,https://ctdbase.org/detail.go?type=chem&acc=C040115,4843,NOS2,https://ctdbase.org/detail.go?type=gene&acc=4843,NULL,NULL,4843,NOS2,10090,Mus musculus (house mouse),Shogaol inhibits the reaction [tetradecanoylphorbol acetate results in increased expression of NOS2 protein]|shogaol inhibits the reaction [lipopolysaccharides results in increased expression of NOS2 protein]|shogaol inhibits the reaction [lipopolysaccharides results in increased expression of NOS2 mrna],NULL,NULL,PMID:18683823,https://www.ncbi.nlm.nih.gov/pubmed/18683823,18683823,NULL,NULL
1513298,5281794,CTD,Shogaol,C040115,shogaol,https://ctdbase.org/detail.go?type=chem&acc=C040115,1728,NQO1,https://ctdbase.org/detail.go?type=gene&acc=1728,NULL,NULL,1728,NQO1,10090,Mus musculus (house mouse),Shogaol analog results in increased expression of NQO1 protein|keap1 protein affects the reaction [shogaol analog results in increased expression of NQO1 protein],NULL,NULL,PMID:23899529,https://www.ncbi.nlm.nih.gov/pubmed/23899529,23899529,NULL,NULL
1513299,5281794,CTD,Shogaol,C040115,shogaol,https://ctdbase.org/detail.go?type=chem&acc=C040115,142,PARP1,https://ctdbase.org/detail.go?type=gene&acc=142,NULL,NULL,142,PARP1,9606,Homo sapiens (human),S-ethyl glutathione inhibits the reaction [shogaol promotes the reaction [TNFSF10 protein results in increased cleavage of PARP1 protein]]|acetylcysteine inhibits the reaction [shogaol promotes the reaction [TNFSF10 protein results in increased cleavage of PARP1 protein]]|benzyloxycarbonyl-valyl-alanyl-aspartic acid analog inhibits the reaction [shogaol promotes the reaction [TNFSF10 protein results in increased cleavage of PARP1 protein]]|cflar protein modified form inhibits the reaction [shogaol promotes the reaction [TNFSF10 protein results in increased cleavage of PARP1 protein]]|shogaol promotes the reaction [TNFSF10 protein results in increased cleavage of PARP1 protein],NULL,NULL,PMID:25619640,https://www.ncbi.nlm.nih.gov/pubmed/25619640,25619640,NULL,NULL
1513300,5281794,CTD,Shogaol,C040115,shogaol,https://ctdbase.org/detail.go?type=chem&acc=C040115,142,PARP1,https://ctdbase.org/detail.go?type=gene&acc=142,NULL,NULL,142,PARP1,9606,Homo sapiens (human),Acetylcysteine inhibits the reaction [shogaol results in increased cleavage of PARP1 protein],NULL,NULL,PMID:18384088,https://www.ncbi.nlm.nih.gov/pubmed/18384088,18384088,NULL,NULL
1513301,5281794,CTD,Shogaol,C040115,shogaol,https://ctdbase.org/detail.go?type=chem&acc=C040115,142,PARP1,https://ctdbase.org/detail.go?type=gene&acc=142,NULL,NULL,142,PARP1,9606,Homo sapiens (human),Shogaol results in increased cleavage of PARP1 protein,NULL,NULL,PMID:18384088|PMID:25619640,https://www.ncbi.nlm.nih.gov/pubmed/18384088|https://www.ncbi.nlm.nih.gov/pubmed/25619640,18384088|25619640,NULL,NULL
1513302,5281794,CTD,Shogaol,C040115,shogaol,https://ctdbase.org/detail.go?type=chem&acc=C040115,5468,PPARG,https://ctdbase.org/detail.go?type=gene&acc=5468,NULL,NULL,5468,PPARG,10090,Mus musculus (house mouse),Shogaol results in increased activity of PPARG protein,NULL,NULL,PMID:18577375,https://www.ncbi.nlm.nih.gov/pubmed/18577375,18577375,NULL,NULL
1513303,5281794,CTD,Shogaol,C040115,shogaol,https://ctdbase.org/detail.go?type=chem&acc=C040115,9536,PTGES,https://ctdbase.org/detail.go?type=gene&acc=9536,NULL,NULL,9536,PTGES,9606,Homo sapiens (human),Shogaol results in decreased expression of PTGES mrna|shogaol inhibits the reaction [IL1B protein results in increased expression of PTGES protein],NULL,NULL,PMID:27645308,https://www.ncbi.nlm.nih.gov/pubmed/27645308,27645308,NULL,NULL
1513304,5281794,CTD,Shogaol,C040115,shogaol,https://ctdbase.org/detail.go?type=chem&acc=C040115,5743,PTGS2,https://ctdbase.org/detail.go?type=gene&acc=5743,NULL,NULL,5743,PTGS2,9606,Homo sapiens (human),Shogaol analog inhibits the reaction [tetradecanoylphorbol acetate results in increased expression of PTGS2 protein],NULL,NULL,PMID:23899529,https://www.ncbi.nlm.nih.gov/pubmed/23899529,23899529,NULL,NULL
1513305,5281794,CTD,Shogaol,C040115,shogaol,https://ctdbase.org/detail.go?type=chem&acc=C040115,5743,PTGS2,https://ctdbase.org/detail.go?type=gene&acc=5743,NULL,NULL,5743,PTGS2,10090,Mus musculus (house mouse),Shogaol inhibits the reaction [lipopolysaccharides results in increased expression of PTGS2 protein]|shogaol inhibits the reaction [tetradecanoylphorbol acetate results in increased expression of PTGS2 protein]|shogaol inhibits the reaction [lipopolysaccharides results in increased expression of PTGS2 mrna],NULL,NULL,PMID:18683823,https://www.ncbi.nlm.nih.gov/pubmed/18683823,18683823,NULL,NULL
1513424,5281794,CTD,Shogaol,C040115,shogaol,https://ctdbase.org/detail.go?type=chem&acc=C040115,5970,RELA,https://ctdbase.org/detail.go?type=gene&acc=5970,NULL,NULL,5970,RELA,9606,Homo sapiens (human),Shogaol analog inhibits the reaction [tetradecanoylphorbol acetate results in increased phosphorylation of RELA protein],NULL,NULL,PMID:23899529,https://www.ncbi.nlm.nih.gov/pubmed/23899529,23899529,NULL,NULL
1513425,5281794,CTD,Shogaol,C040115,shogaol,https://ctdbase.org/detail.go?type=chem&acc=C040115,5970,RELA,https://ctdbase.org/detail.go?type=gene&acc=5970,NULL,NULL,5970,RELA,10090,Mus musculus (house mouse),Shogaol inhibits the reaction [lipopolysaccharides affects the localization of RELA protein]|shogaol inhibits the reaction [lipopolysaccharides results in increased activity of [NFKB1 protein binds to RELA protein]]|shogaol inhibits the reaction [lipopolysaccharides results in increased phosphorylation of RELA protein],NULL,NULL,PMID:18683823,https://www.ncbi.nlm.nih.gov/pubmed/18683823,18683823,NULL,NULL
1513426,5281794,CTD,Shogaol,C040115,shogaol,https://ctdbase.org/detail.go?type=chem&acc=C040115,60482,SLC5A7,https://ctdbase.org/detail.go?type=gene&acc=60482,NULL,NULL,60482,SLC5A7,10090,Mus musculus (house mouse),[shogaol results in increased expression of BDNF protein] which results in increased expression of SLC5A7 protein|shogaol results in increased expression of SLC5A7 protein|[shogaol co-treated with hydrogen peroxide] results in increased expression of SLC5A7 protein|shogaol inhibits the reaction [hydrogen peroxide results in decreased expression of SLC5A7 protein]|staurosporine aglycone inhibits the reaction [[shogaol co-treated with hydrogen peroxide] results in increased expression of SLC5A7 protein],NULL,NULL,PMID:22381256,https://www.ncbi.nlm.nih.gov/pubmed/22381256,22381256,NULL,NULL
1513427,5281794,CTD,Shogaol,C040115,shogaol,https://ctdbase.org/detail.go?type=chem&acc=C040115,8743,TNFSF10,https://ctdbase.org/detail.go?type=gene&acc=8743,NULL,NULL,8743,TNFSF10,9606,Homo sapiens (human),S-ethyl glutathione inhibits the reaction [shogaol promotes the reaction [TNFSF10 protein results in increased cleavage of PARP1 protein]]|acetylcysteine inhibits the reaction [shogaol promotes the reaction [TNFSF10 protein results in increased cleavage of PARP1 protein]]|benzyloxycarbonyl-valyl-alanyl-aspartic acid analog inhibits the reaction [shogaol promotes the reaction [TNFSF10 protein results in increased cleavage of PARP1 protein]]|shogaol results in increased susceptibility to TNFSF10 protein|cflar protein modified form inhibits the reaction [shogaol promotes the reaction [TNFSF10 protein results in increased cleavage of PARP1 protein]]|acetylcysteine inhibits the reaction [shogaol promotes the reaction [TNFSF10 protein results in decreased expression of CFLAR protein modified form]]|[shogaol co-treated with TNFSF10 protein] results in increased cleavage of CASP3 protein|benzyloxycarbonyl-valyl-alanyl-aspartic acid analog inhibits the reaction [[shogaol co-treated with TNFSF10 protein] results in increased cleavage of CASP3 protein]|s-ethyl glutathione inhibits the reaction [shogaol promotes the reaction [TNFSF10 protein results in decreased expression of CFLAR protein modified form]]|shogaol promotes the reaction [TNFSF10 protein results in increased cleavage of PARP1 protein]|shogaol promotes the reaction [TNFSF10 protein results in decreased expression of CFLAR protein modified form],NULL,NULL,PMID:25619640,https://www.ncbi.nlm.nih.gov/pubmed/25619640,25619640,NULL,NULL
1513428,5281794,CTD,Shogaol,C040115,shogaol,https://ctdbase.org/detail.go?type=chem&acc=C040115,7442,TRPV1,https://ctdbase.org/detail.go?type=gene&acc=7442,NULL,NULL,7442,TRPV1,9606,Homo sapiens (human),Shogaol results in increased activity of TRPV1 protein,NULL,NULL,PMID:21851089,https://www.ncbi.nlm.nih.gov/pubmed/21851089,21851089,NULL,NULL
1513429,5281794,CTD,Shogaol,C040115,shogaol,https://ctdbase.org/detail.go?type=chem&acc=C040115,9370,ADIPOQ,https://ctdbase.org/detail.go?type=gene&acc=9370,NULL,NULL,9370,ADIPOQ,10090,Mus musculus (house mouse),Shogaol inhibits the reaction [TNF protein results in decreased expression of and results in decreased secretion of ADIPOQ protein]|shogaol results in increased expression of ADIPOQ mrna|2-chloro-5-nitrobenzanilide inhibits the reaction [shogaol results in increased expression of ADIPOQ mrna],NULL,NULL,PMID:18577375,https://www.ncbi.nlm.nih.gov/pubmed/18577375,18577375,NULL,NULL
1513430,5281794,CTD,Shogaol,C040115,shogaol,https://ctdbase.org/detail.go?type=chem&acc=C040115,57016,AKR1B10,https://ctdbase.org/detail.go?type=gene&acc=57016,NULL,NULL,57016,AKR1B10,9606,Homo sapiens (human),Shogaol metabolite results in increased expression of AKR1B10 protein|shogaol results in increased expression of AKR1B10 protein|shogaol results in increased expression of AKR1B10 mRNA,NULL,NULL,PMID:25148906,https://www.ncbi.nlm.nih.gov/pubmed/25148906,25148906,NULL,NULL
1513431,5281794,CTD,Shogaol,C040115,shogaol,https://ctdbase.org/detail.go?type=chem&acc=C040115,207,AKT1,https://ctdbase.org/detail.go?type=gene&acc=207,NULL,NULL,207,AKT1,10090,Mus musculus (house mouse),Shogaol inhibits the reaction [lipopolysaccharides results in increased phosphorylation of AKT1 protein],NULL,NULL,PMID:18683823,https://www.ncbi.nlm.nih.gov/pubmed/18683823,18683823,NULL,NULL
1513529,5281794,CTD,Shogaol,C040115,shogaol,https://ctdbase.org/detail.go?type=chem&acc=C040115,581,BAX,https://ctdbase.org/detail.go?type=gene&acc=581,NULL,NULL,581,BAX,9606,Homo sapiens (human),Shogaol promotes the reaction [BAX protein binds to BAX protein]|shogaol affects the folding of BAX protein|shogaol promotes the reaction [BAX protein binds to BAX protein binds to BAX protein],NULL,NULL,PMID:25619640,https://www.ncbi.nlm.nih.gov/pubmed/25619640,25619640,NULL,NULL
1513530,5281794,CTD,Shogaol,C040115,shogaol,https://ctdbase.org/detail.go?type=chem&acc=C040115,581,BAX,https://ctdbase.org/detail.go?type=gene&acc=581,NULL,NULL,581,BAX,9606,Homo sapiens (human),Shogaol results in increased expression of BAX protein,NULL,NULL,PMID:18384088,https://www.ncbi.nlm.nih.gov/pubmed/18384088,18384088,NULL,NULL
1513531,5281794,CTD,Shogaol,C040115,shogaol,https://ctdbase.org/detail.go?type=chem&acc=C040115,596,BCL2,https://ctdbase.org/detail.go?type=gene&acc=596,NULL,NULL,596,BCL2,9606,Homo sapiens (human),Shogaol results in decreased expression of BCL2 protein,NULL,NULL,PMID:18384088,https://www.ncbi.nlm.nih.gov/pubmed/18384088,18384088,NULL,NULL
1513532,5281794,CTD,Shogaol,C040115,shogaol,https://ctdbase.org/detail.go?type=chem&acc=C040115,598,BCL2L1,https://ctdbase.org/detail.go?type=gene&acc=598,NULL,NULL,598,BCL2L1,9606,Homo sapiens (human),Shogaol results in decreased expression of BCL2L1 protein,NULL,NULL,PMID:18384088,https://www.ncbi.nlm.nih.gov/pubmed/18384088,18384088,NULL,NULL
1513533,5281794,CTD,Shogaol,C040115,shogaol,https://ctdbase.org/detail.go?type=chem&acc=C040115,627,BDNF,https://ctdbase.org/detail.go?type=gene&acc=627,NULL,NULL,627,BDNF,10090,Mus musculus (house mouse),[shogaol results in increased expression of BDNF protein] which results in increased expression of SLC5A7 protein|[shogaol results in increased expression of BDNF protein] which results in increased expression of CHAT protein|shogaol inhibits the reaction [hydrogen peroxide results in decreased expression of BDNF mrna]|[shogaol co-treated with hydrogen peroxide] results in increased expression of BDNF mrna|[shogaol co-treated with hydrogen peroxide] results in increased expression of BDNF protein,NULL,NULL,PMID:22381256,https://www.ncbi.nlm.nih.gov/pubmed/22381256,22381256,NULL,NULL
1513534,5281794,CTD,Shogaol,C040115,shogaol,https://ctdbase.org/detail.go?type=chem&acc=C040115,836,CASP3,https://ctdbase.org/detail.go?type=gene&acc=836,NULL,NULL,836,CASP3,9606,Homo sapiens (human),[shogaol co-treated with TNFSF10 protein] results in increased cleavage of CASP3 protein|benzyloxycarbonyl-valyl-alanyl-aspartic acid analog inhibits the reaction [[shogaol co-treated with TNFSF10 protein] results in increased cleavage of CASP3 protein],NULL,NULL,PMID:25619640,https://www.ncbi.nlm.nih.gov/pubmed/25619640,25619640,NULL,NULL
1513535,5281794,CTD,Shogaol,C040115,shogaol,https://ctdbase.org/detail.go?type=chem&acc=C040115,836,CASP3,https://ctdbase.org/detail.go?type=gene&acc=836,NULL,NULL,836,CASP3,9606,Homo sapiens (human),Shogaol results in increased cleavage of and results in increased activity of CASP3 protein,NULL,NULL,PMID:18384088,https://www.ncbi.nlm.nih.gov/pubmed/18384088,18384088,NULL,NULL
1513536,5281794,CTD,Shogaol,C040115,shogaol,https://ctdbase.org/detail.go?type=chem&acc=C040115,842,CASP9,https://ctdbase.org/detail.go?type=gene&acc=842,NULL,NULL,842,CASP9,9606,Homo sapiens (human),Shogaol results in increased cleavage of and results in increased activity of CASP9 protein,NULL,NULL,PMID:18384088,https://www.ncbi.nlm.nih.gov/pubmed/18384088,18384088,NULL,NULL
1513537,5281794,CTD,Shogaol,C040115,shogaol,https://ctdbase.org/detail.go?type=chem&acc=C040115,7124,TNF,https://ctdbase.org/detail.go?type=gene&acc=7124,NULL,NULL,7124,TNF,10090,Mus musculus (house mouse),Shogaol inhibits the reaction [TNF protein results in decreased expression of and results in decreased secretion of ADIPOQ protein],NULL,NULL,PMID:18577375,https://www.ncbi.nlm.nih.gov/pubmed/18577375,18577375,NULL,NULL
1513538,5281794,CTD,Shogaol,C040115,shogaol,https://ctdbase.org/detail.go?type=chem&acc=C040115,8837,CFLAR,https://ctdbase.org/detail.go?type=gene&acc=8837,NULL,NULL,8837,CFLAR,9606,Homo sapiens (human),Shogaol promotes the reaction [cycloheximide results in decreased expression of CFLAR protein modified form]|cflar protein modified form inhibits the reaction [shogaol promotes the reaction [TNFSF10 protein results in increased cleavage of PARP1 protein]]|acetylcysteine inhibits the reaction [shogaol promotes the reaction [TNFSF10 protein results in decreased expression of CFLAR protein modified form]]|s-ethyl glutathione inhibits the reaction [shogaol promotes the reaction [TNFSF10 protein results in decreased expression of CFLAR protein modified form]]|benzyloxycarbonylleucyl-leucyl-leucine aldehyde inhibits the reaction [shogaol results in decreased expression of CFLAR protein modified form]|shogaol results in decreased expression of CFLAR protein modified form|shogaol promotes the reaction [TNFSF10 protein results in decreased expression of CFLAR protein modified form],NULL,NULL,PMID:25619640,https://www.ncbi.nlm.nih.gov/pubmed/25619640,25619640,NULL,NULL
1513648,5281794,CTD,Shogaol,C040115,shogaol,https://ctdbase.org/detail.go?type=chem&acc=C040115,1103,CHAT,https://ctdbase.org/detail.go?type=gene&acc=1103,NULL,NULL,1103,CHAT,10090,Mus musculus (house mouse),Shogaol results in increased expression of CHAT protein|shogaol inhibits the reaction [hydrogen peroxide results in decreased expression of CHAT protein]|[shogaol results in increased expression of BDNF protein] which results in increased expression of CHAT protein|[shogaol co-treated with hydrogen peroxide] results in increased expression of CHAT protein|staurosporine aglycone inhibits the reaction [[shogaol co-treated with hydrogen peroxide] results in increased expression of CHAT protein],NULL,NULL,PMID:22381256,https://www.ncbi.nlm.nih.gov/pubmed/22381256,22381256,NULL,NULL
1513649,5281794,CTD,Shogaol,C040115,shogaol,https://ctdbase.org/detail.go?type=chem&acc=C040115,1147,CHUK,https://ctdbase.org/detail.go?type=gene&acc=1147,NULL,NULL,1147,CHUK,9606,Homo sapiens (human),Shogaol analog inhibits the reaction [tetradecanoylphorbol acetate results in increased phosphorylation of and results in increased expression of CHUK protein],NULL,NULL,PMID:23899529,https://www.ncbi.nlm.nih.gov/pubmed/23899529,23899529,NULL,NULL
1513650,5281794,CTD,Shogaol,C040115,shogaol,https://ctdbase.org/detail.go?type=chem&acc=C040115,1499,CTNNB1,https://ctdbase.org/detail.go?type=gene&acc=1499,NULL,NULL,1499,CTNNB1,9606,Homo sapiens (human),Shogaol results in decreased expression of CTNNB1 protein|shogaol results in decreased expression of CTNNB1 mRNA,NULL,NULL,PMID:27645308,https://www.ncbi.nlm.nih.gov/pubmed/27645308,27645308,NULL,NULL
1513651,5281794,CTD,Shogaol,C040115,shogaol,https://ctdbase.org/detail.go?type=chem&acc=C040115,1649,DDIT3,https://ctdbase.org/detail.go?type=gene&acc=1649,NULL,NULL,1649,DDIT3,9606,Homo sapiens (human),Shogaol results in increased expression of DDIT3 protein|acetylcysteine inhibits the reaction [shogaol results in increased expression of DDIT3 protein]|acetylcysteine inhibits the reaction [shogaol results in increased expression of DDIT3 mrna]|shogaol results in increased expression of DDIT3 mRNA,NULL,NULL,PMID:18384088,https://www.ncbi.nlm.nih.gov/pubmed/18384088,18384088,NULL,NULL
1513652,5281794,CTD,Shogaol,C040115,shogaol,https://ctdbase.org/detail.go?type=chem&acc=C040115,1676,DFFA,https://ctdbase.org/detail.go?type=gene&acc=1676,NULL,NULL,1676,DFFA,9606,Homo sapiens (human),Shogaol results in increased degradation of DFFA protein,NULL,NULL,PMID:18384088,https://www.ncbi.nlm.nih.gov/pubmed/18384088,18384088,NULL,NULL
1513653,5281794,CTD,Shogaol,C040115,shogaol,https://ctdbase.org/detail.go?type=chem&acc=C040115,2167,FABP4,https://ctdbase.org/detail.go?type=gene&acc=2167,NULL,NULL,2167,FABP4,10090,Mus musculus (house mouse),Shogaol results in increased expression of FABP4 mrna|2-chloro-5-nitrobenzanilide inhibits the reaction [shogaol results in increased expression of FABP4 mrna],NULL,NULL,PMID:18577375,https://www.ncbi.nlm.nih.gov/pubmed/18577375,18577375,NULL,NULL
1513654,5281794,CTD,Shogaol,C040115,shogaol,https://ctdbase.org/detail.go?type=chem&acc=C040115,355,FAS,https://ctdbase.org/detail.go?type=gene&acc=355,NULL,NULL,355,FAS,9606,Homo sapiens (human),Shogaol results in increased expression of FAS protein,NULL,NULL,PMID:18384088,https://www.ncbi.nlm.nih.gov/pubmed/18384088,18384088,NULL,NULL
1513655,5281794,CTD,Shogaol,C040115,shogaol,https://ctdbase.org/detail.go?type=chem&acc=C040115,356,FASLG,https://ctdbase.org/detail.go?type=gene&acc=356,NULL,NULL,356,FASLG,9606,Homo sapiens (human),Shogaol results in increased expression of FASLG protein,NULL,NULL,PMID:18384088,https://www.ncbi.nlm.nih.gov/pubmed/18384088,18384088,NULL,NULL
1513656,5281794,CTD,Shogaol,C040115,shogaol,https://ctdbase.org/detail.go?type=chem&acc=C040115,2512,FTL,https://ctdbase.org/detail.go?type=gene&acc=2512,NULL,NULL,2512,FTL,9606,Homo sapiens (human),Shogaol results in increased expression of FTL mrna|shogaol results in increased expression of FTL protein|shogaol metabolite results in increased expression of FTL protein,NULL,NULL,PMID:25148906,https://www.ncbi.nlm.nih.gov/pubmed/25148906,25148906,NULL,NULL
1513657,5281794,CTD,Shogaol,C040115,shogaol,https://ctdbase.org/detail.go?type=chem&acc=C040115,2729,GCLC,https://ctdbase.org/detail.go?type=gene&acc=2729,NULL,NULL,2729,GCLC,9606,Homo sapiens (human),Shogaol metabolite results in increased expression of GCLC protein|shogaol results in increased expression of GCLC protein|shogaol results in increased expression of GCLC mrna|nfe2l2 gene mutant form inhibits the reaction [shogaol results in increased expression of GCLC mrna],NULL,NULL,PMID:25148906,https://www.ncbi.nlm.nih.gov/pubmed/25148906,25148906,NULL,NULL
1513753,5281794,CTD,Shogaol,C040115,shogaol,https://ctdbase.org/detail.go?type=chem&acc=C040115,2730,GCLM,https://ctdbase.org/detail.go?type=gene&acc=2730,NULL,NULL,2730,GCLM,9606,Homo sapiens (human),Shogaol results in increased expression of GCLM protein|shogaol metabolite results in increased expression of GCLM protein,NULL,NULL,PMID:25148906,https://www.ncbi.nlm.nih.gov/pubmed/25148906,25148906,NULL,NULL
1513754,5281794,CTD,Shogaol,C040115,shogaol,https://ctdbase.org/detail.go?type=chem&acc=C040115,9518,GDF15,https://ctdbase.org/detail.go?type=gene&acc=9518,NULL,NULL,9518,GDF15,9606,Homo sapiens (human),Shogaol results in increased expression of GDF15 mRNA,NULL,NULL,PMID:25148906,https://www.ncbi.nlm.nih.gov/pubmed/25148906,25148906,NULL,NULL
1513755,5281794,CTD,Shogaol,C040115,shogaol,https://ctdbase.org/detail.go?type=chem&acc=C040115,92086,GGTLC1,https://ctdbase.org/detail.go?type=gene&acc=92086,NULL,NULL,92086,GGTLC1,9606,Homo sapiens (human),Shogaol metabolite results in increased expression of GGTLC1 protein|shogaol results in increased expression of GGTLC1 mrna|shogaol results in increased expression of GGTLC1 protein,NULL,NULL,PMID:25148906,https://www.ncbi.nlm.nih.gov/pubmed/25148906,25148906,NULL,NULL
1513756,5281794,CTD,Shogaol,C040115,shogaol,https://ctdbase.org/detail.go?type=chem&acc=C040115,2932,GSK3B,https://ctdbase.org/detail.go?type=gene&acc=2932,NULL,NULL,2932,GSK3B,9606,Homo sapiens (human),Shogaol results in increased expression of and results in increased phosphorylation of GSK3B protein,NULL,NULL,PMID:27645308,https://www.ncbi.nlm.nih.gov/pubmed/27645308,27645308,NULL,NULL
1513757,5281794,CTD,Shogaol,C040115,shogaol,https://ctdbase.org/detail.go?type=chem&acc=C040115,3014,H2AX,https://ctdbase.org/detail.go?type=gene&acc=3014,NULL,NULL,3014,H2AX,9606,Homo sapiens (human),Shogaol analog inhibits the reaction [doxorubicin results in increased phosphorylation of H2AX protein],NULL,NULL,PMID:23899529,https://www.ncbi.nlm.nih.gov/pubmed/23899529,23899529,NULL,NULL
