﻿id,cid,dsn,cmpdname,srccmpd,srccmpdname,srccmpdurl,srctarget,srctargetname,srctargeturl,protacxn,protname,geneid,genename,taxid,taxname,action,actname,actvalue,evids,evurls,pmids,dois,citations
   1003672,5280448,DGIdb,Calycosin,NULL,CALYCOSIN,https://www.dgidb.org/drugs/CALYCOSIN,NULL,BRCA1,https://www.dgidb.org/genes/BRCA1,NULL,NULL,672,BRCA1,9606,Homo sapiens (human),NULL,NULL,NULL,NULL,NULL,NULL,NULL,NULL
1364947,5280448,CTD,Calycosin,C121707,"7,3'-dihydroxy-4'-methoxyisoflavone",https://ctdbase.org/detail.go?type=chem&acc=C121707,55163,PNPO,https://ctdbase.org/detail.go?type=gene&acc=55163,NULL,NULL,55163,PNPO,9606,Homo sapiens (human),"7,3'-dihydroxy-4'-methoxyisoflavone results in increased expression of PNPO protein",NULL,NULL,PMID:24455688,https://www.ncbi.nlm.nih.gov/pubmed/24455688,24455688,NULL,NULL
1364948,5280448,CTD,Calycosin,C121707,"7,3'-dihydroxy-4'-methoxyisoflavone",https://ctdbase.org/detail.go?type=chem&acc=C121707,5052,PRDX1,https://ctdbase.org/detail.go?type=gene&acc=5052,NULL,NULL,5052,PRDX1,9606,Homo sapiens (human),"7,3'-dihydroxy-4'-methoxyisoflavone results in increased expression of PRDX1 protein",NULL,NULL,PMID:24455688,https://www.ncbi.nlm.nih.gov/pubmed/24455688,24455688,NULL,NULL
1364949,5280448,CTD,Calycosin,C121707,"7,3'-dihydroxy-4'-methoxyisoflavone",https://ctdbase.org/detail.go?type=chem&acc=C121707,7001,PRDX2,https://ctdbase.org/detail.go?type=gene&acc=7001,NULL,NULL,7001,PRDX2,9606,Homo sapiens (human),"7,3'-dihydroxy-4'-methoxyisoflavone results in decreased expression of PRDX2 protein",NULL,NULL,PMID:24455688,https://www.ncbi.nlm.nih.gov/pubmed/24455688,24455688,NULL,NULL
1364950,5280448,CTD,Calycosin,C121707,"7,3'-dihydroxy-4'-methoxyisoflavone",https://ctdbase.org/detail.go?type=chem&acc=C121707,9978,RBX1,https://ctdbase.org/detail.go?type=gene&acc=9978,NULL,NULL,9978,RBX1,9606,Homo sapiens (human),"7,3'-dihydroxy-4'-methoxyisoflavone results in increased expression of RBX1 mRNA",NULL,NULL,PMID:24455688,https://www.ncbi.nlm.nih.gov/pubmed/24455688,24455688,NULL,NULL
1428564,5280448,CTD,Calycosin,C121707,"7,3'-dihydroxy-4'-methoxyisoflavone",https://ctdbase.org/detail.go?type=chem&acc=C121707,84836,ABHD14B,https://ctdbase.org/detail.go?type=gene&acc=84836,NULL,NULL,84836,ABHD14B,9606,Homo sapiens (human),"7,3'-dihydroxy-4'-methoxyisoflavone results in increased expression of ABHD14B protein",NULL,NULL,PMID:24455688,https://www.ncbi.nlm.nih.gov/pubmed/24455688,24455688,NULL,NULL
1428565,5280448,CTD,Calycosin,C121707,"7,3'-dihydroxy-4'-methoxyisoflavone",https://ctdbase.org/detail.go?type=chem&acc=C121707,43,ACHE,https://ctdbase.org/detail.go?type=gene&acc=43,NULL,NULL,43,ACHE,10116,Rattus norvegicus (Norway rat),"7,3'-dihydroxy-4'-methoxyisoflavone results in increased expression of ACHE mrna|7,3'-dihydroxy-4'-methoxyisoflavone results in increased expression of and results in increased activity of ACHE protein",NULL,NULL,PMID:27019979,https://www.ncbi.nlm.nih.gov/pubmed/27019979,27019979,NULL,NULL
1428566,5280448,CTD,Calycosin,C121707,"7,3'-dihydroxy-4'-methoxyisoflavone",https://ctdbase.org/detail.go?type=chem&acc=C121707,213,ALB,https://ctdbase.org/detail.go?type=gene&acc=213,NULL,NULL,213,ALB,9913,Bos taurus (cattle),"7,3'-dihydroxy-4'-methoxyisoflavone binds to ALB protein",NULL,NULL,PMID:17383242|PMID:21150826,https://www.ncbi.nlm.nih.gov/pubmed/17383242|https://www.ncbi.nlm.nih.gov/pubmed/21150826,17383242|21150826,NULL,NULL
1428621,5280448,CTD,Calycosin,C121707,"7,3'-dihydroxy-4'-methoxyisoflavone",https://ctdbase.org/detail.go?type=chem&acc=C121707,213,ALB,https://ctdbase.org/detail.go?type=gene&acc=213,NULL,NULL,213,ALB,9913,Bos taurus (cattle),"Ferulic acid inhibits the reaction [7,3'-dihydroxy-4'-methoxyisoflavone binds to ALB protein]",NULL,NULL,PMID:17383242,https://www.ncbi.nlm.nih.gov/pubmed/17383242,17383242,NULL,NULL
1428622,5280448,CTD,Calycosin,C121707,"7,3'-dihydroxy-4'-methoxyisoflavone",https://ctdbase.org/detail.go?type=chem&acc=C121707,645,BLVRB,https://ctdbase.org/detail.go?type=gene&acc=645,NULL,NULL,645,BLVRB,9606,Homo sapiens (human),"7,3'-dihydroxy-4'-methoxyisoflavone results in increased expression of BLVRB protein",NULL,NULL,PMID:24455688,https://www.ncbi.nlm.nih.gov/pubmed/24455688,24455688,NULL,NULL
1428623,5280448,CTD,Calycosin,C121707,"7,3'-dihydroxy-4'-methoxyisoflavone",https://ctdbase.org/detail.go?type=chem&acc=C121707,891,CCNB1,https://ctdbase.org/detail.go?type=gene&acc=891,NULL,NULL,891,CCNB1,9606,Homo sapiens (human),"7,3'-dihydroxy-4'-methoxyisoflavone results in increased expression of CCNB1 mRNA",NULL,NULL,PMID:24455688,https://www.ncbi.nlm.nih.gov/pubmed/24455688,24455688,NULL,NULL
1428624,5280448,CTD,Calycosin,C121707,"7,3'-dihydroxy-4'-methoxyisoflavone",https://ctdbase.org/detail.go?type=chem&acc=C121707,896,CCND3,https://ctdbase.org/detail.go?type=gene&acc=896,NULL,NULL,896,CCND3,9606,Homo sapiens (human),"7,3'-dihydroxy-4'-methoxyisoflavone results in decreased expression of CCND3 mRNA",NULL,NULL,PMID:24455688,https://www.ncbi.nlm.nih.gov/pubmed/24455688,24455688,NULL,NULL
1428625,5280448,CTD,Calycosin,C121707,"7,3'-dihydroxy-4'-methoxyisoflavone",https://ctdbase.org/detail.go?type=chem&acc=C121707,900,CCNG1,https://ctdbase.org/detail.go?type=gene&acc=900,NULL,NULL,900,CCNG1,9606,Homo sapiens (human),"7,3'-dihydroxy-4'-methoxyisoflavone results in increased expression of CCNG1 mRNA",NULL,NULL,PMID:24455688,https://www.ncbi.nlm.nih.gov/pubmed/24455688,24455688,NULL,NULL
1428626,5280448,CTD,Calycosin,C121707,"7,3'-dihydroxy-4'-methoxyisoflavone",https://ctdbase.org/detail.go?type=chem&acc=C121707,1022,CDK7,https://ctdbase.org/detail.go?type=gene&acc=1022,NULL,NULL,1022,CDK7,9606,Homo sapiens (human),"7,3'-dihydroxy-4'-methoxyisoflavone results in increased expression of CDK7 mRNA",NULL,NULL,PMID:24455688,https://www.ncbi.nlm.nih.gov/pubmed/24455688,24455688,NULL,NULL
1428627,5280448,CTD,Calycosin,C121707,"7,3'-dihydroxy-4'-methoxyisoflavone",https://ctdbase.org/detail.go?type=chem&acc=C121707,1026,CDKN1A,https://ctdbase.org/detail.go?type=gene&acc=1026,NULL,NULL,1026,CDKN1A,9606,Homo sapiens (human),"7,3'-dihydroxy-4'-methoxyisoflavone results in decreased expression of CDKN1A mRNA",NULL,NULL,PMID:24455688,https://www.ncbi.nlm.nih.gov/pubmed/24455688,24455688,NULL,NULL
1428628,5280448,CTD,Calycosin,C121707,"7,3'-dihydroxy-4'-methoxyisoflavone",https://ctdbase.org/detail.go?type=chem&acc=C121707,1028,CDKN1C,https://ctdbase.org/detail.go?type=gene&acc=1028,NULL,NULL,1028,CDKN1C,9606,Homo sapiens (human),"7,3'-dihydroxy-4'-methoxyisoflavone results in decreased expression of CDKN1C mRNA",NULL,NULL,PMID:24455688,https://www.ncbi.nlm.nih.gov/pubmed/24455688,24455688,NULL,NULL
1428629,5280448,CTD,Calycosin,C121707,"7,3'-dihydroxy-4'-methoxyisoflavone",https://ctdbase.org/detail.go?type=chem&acc=C121707,1032,CDKN2D,https://ctdbase.org/detail.go?type=gene&acc=1032,NULL,NULL,1032,CDKN2D,9606,Homo sapiens (human),"7,3'-dihydroxy-4'-methoxyisoflavone results in decreased expression of CDKN2D mRNA",NULL,NULL,PMID:24455688,https://www.ncbi.nlm.nih.gov/pubmed/24455688,24455688,NULL,NULL
1428630,5280448,CTD,Calycosin,C121707,"7,3'-dihydroxy-4'-methoxyisoflavone",https://ctdbase.org/detail.go?type=chem&acc=C121707,2056,EPO,https://ctdbase.org/detail.go?type=gene&acc=2056,NULL,NULL,2056,EPO,9606,Homo sapiens (human),"7,3'-dihydroxy-4'-methoxyisoflavone results in increased expression of EPO mRNA",NULL,NULL,PMID:21309574,https://www.ncbi.nlm.nih.gov/pubmed/21309574,21309574,NULL,NULL
1428706,5280448,CTD,Calycosin,C121707,"7,3'-dihydroxy-4'-methoxyisoflavone",https://ctdbase.org/detail.go?type=chem&acc=C121707,10961,ERP29,https://ctdbase.org/detail.go?type=gene&acc=10961,NULL,NULL,10961,ERP29,9606,Homo sapiens (human),"7,3'-dihydroxy-4'-methoxyisoflavone results in increased expression of ERP29 protein",NULL,NULL,PMID:24455688,https://www.ncbi.nlm.nih.gov/pubmed/24455688,24455688,NULL,NULL
1428707,5280448,CTD,Calycosin,C121707,"7,3'-dihydroxy-4'-methoxyisoflavone",https://ctdbase.org/detail.go?type=chem&acc=C121707,2099,ESR1,https://ctdbase.org/detail.go?type=gene&acc=2099,NULL,NULL,2099,ESR1,9606,Homo sapiens (human),"7,3'-dihydroxy-4'-methoxyisoflavone binds to ESR1 protein|7,3'-dihydroxy-4'-methoxyisoflavone inhibits the reaction [estradiol binds to ESR1 protein]",NULL,NULL,PMID:20686605,https://www.ncbi.nlm.nih.gov/pubmed/20686605,20686605,NULL,NULL
1428708,5280448,CTD,Calycosin,C121707,"7,3'-dihydroxy-4'-methoxyisoflavone",https://ctdbase.org/detail.go?type=chem&acc=C121707,2100,ESR2,https://ctdbase.org/detail.go?type=gene&acc=2100,NULL,NULL,2100,ESR2,9606,Homo sapiens (human),"7,3'-dihydroxy-4'-methoxyisoflavone binds to ESR2 protein|7,3'-dihydroxy-4'-methoxyisoflavone inhibits the reaction [estradiol binds to ESR2 protein]",NULL,NULL,PMID:20686605,https://www.ncbi.nlm.nih.gov/pubmed/20686605,20686605,NULL,NULL
1428709,5280448,CTD,Calycosin,C121707,"7,3'-dihydroxy-4'-methoxyisoflavone",https://ctdbase.org/detail.go?type=chem&acc=C121707,2321,FLT1,https://ctdbase.org/detail.go?type=gene&acc=2321,NULL,NULL,2321,FLT1,7955,Danio rerio (zebrafish),"7,3'-dihydroxy-4'-methoxyisoflavone results in increased expression of FLT1 mRNA",NULL,NULL,PMID:20686605,https://www.ncbi.nlm.nih.gov/pubmed/20686605,20686605,NULL,NULL
1428710,5280448,CTD,Calycosin,C121707,"7,3'-dihydroxy-4'-methoxyisoflavone",https://ctdbase.org/detail.go?type=chem&acc=C121707,3091,HIF1A,https://ctdbase.org/detail.go?type=gene&acc=3091,NULL,NULL,3091,HIF1A,9606,Homo sapiens (human),"7,3'-dihydroxy-4'-methoxyisoflavone results in increased expression of HIF1A mrna|7,3'-dihydroxy-4'-methoxyisoflavone results in increased expression of and results in decreased degradation of HIF1A protein",NULL,NULL,PMID:21309574,https://www.ncbi.nlm.nih.gov/pubmed/21309574,21309574,NULL,NULL
1428711,5280448,CTD,Calycosin,C121707,"7,3'-dihydroxy-4'-methoxyisoflavone",https://ctdbase.org/detail.go?type=chem&acc=C121707,3146,HMGB1,https://ctdbase.org/detail.go?type=gene&acc=3146,NULL,NULL,3146,HMGB1,9606,Homo sapiens (human),"7,3'-dihydroxy-4'-methoxyisoflavone results in decreased expression of HMGB1 protein",NULL,NULL,PMID:24455688,https://www.ncbi.nlm.nih.gov/pubmed/24455688,24455688,NULL,NULL
1428712,5280448,CTD,Calycosin,C121707,"7,3'-dihydroxy-4'-methoxyisoflavone",https://ctdbase.org/detail.go?type=chem&acc=C121707,3553,IL1B,https://ctdbase.org/detail.go?type=gene&acc=3553,NULL,NULL,3553,IL1B,10116,Rattus norvegicus (Norway rat),"7,3'-dihydroxy-4'-methoxyisoflavone inhibits the reaction [[dietary fats co-treated with streptozocin] results in increased expression of IL1B protein]",NULL,NULL,PMID:31726037,https://www.ncbi.nlm.nih.gov/pubmed/31726037,31726037,NULL,NULL
1428713,5280448,CTD,Calycosin,C121707,"7,3'-dihydroxy-4'-methoxyisoflavone",https://ctdbase.org/detail.go?type=chem&acc=C121707,9173,IL1RL1,https://ctdbase.org/detail.go?type=gene&acc=9173,NULL,NULL,9173,IL1RL1,10116,Rattus norvegicus (Norway rat),"7,3'-dihydroxy-4'-methoxyisoflavone inhibits the reaction [[dietary fats co-treated with streptozocin] results in increased expression of IL1RL1 mrna]",NULL,NULL,PMID:31726037,https://www.ncbi.nlm.nih.gov/pubmed/31726037,31726037,NULL,NULL
1428714,5280448,CTD,Calycosin,C121707,"7,3'-dihydroxy-4'-methoxyisoflavone",https://ctdbase.org/detail.go?type=chem&acc=C121707,90865,IL33,https://ctdbase.org/detail.go?type=gene&acc=90865,NULL,NULL,90865,IL33,10116,Rattus norvegicus (Norway rat),"7,3'-dihydroxy-4'-methoxyisoflavone inhibits the reaction [[dietary fats co-treated with streptozocin] results in increased expression of IL33 mrna]|7,3'-dihydroxy-4'-methoxyisoflavone inhibits the reaction [[dietary fats co-treated with streptozocin] results in increased expression of IL33 protein]",NULL,NULL,PMID:31726037,https://www.ncbi.nlm.nih.gov/pubmed/31726037,31726037,NULL,NULL
1428715,5280448,CTD,Calycosin,C121707,"7,3'-dihydroxy-4'-methoxyisoflavone",https://ctdbase.org/detail.go?type=chem&acc=C121707,3569,IL6,https://ctdbase.org/detail.go?type=gene&acc=3569,NULL,NULL,3569,IL6,10116,Rattus norvegicus (Norway rat),"7,3'-dihydroxy-4'-methoxyisoflavone inhibits the reaction [[dietary fats co-treated with streptozocin] results in increased expression of IL6 protein]",NULL,NULL,PMID:31726037,https://www.ncbi.nlm.nih.gov/pubmed/31726037,31726037,NULL,NULL
1428833,5280448,CTD,Calycosin,C121707,"7,3'-dihydroxy-4'-methoxyisoflavone",https://ctdbase.org/detail.go?type=chem&acc=C121707,3848,KRT1,https://ctdbase.org/detail.go?type=gene&acc=3848,NULL,NULL,3848,KRT1,9606,Homo sapiens (human),"7,3'-dihydroxy-4'-methoxyisoflavone results in increased expression of KRT1 protein",NULL,NULL,PMID:24455688,https://www.ncbi.nlm.nih.gov/pubmed/24455688,24455688,NULL,NULL
1428834,5280448,CTD,Calycosin,C121707,"7,3'-dihydroxy-4'-methoxyisoflavone",https://ctdbase.org/detail.go?type=chem&acc=C121707,3927,LASP1,https://ctdbase.org/detail.go?type=gene&acc=3927,NULL,NULL,3927,LASP1,9606,Homo sapiens (human),"7,3'-dihydroxy-4'-methoxyisoflavone results in increased expression of LASP1 protein",NULL,NULL,PMID:24455688,https://www.ncbi.nlm.nih.gov/pubmed/24455688,24455688,NULL,NULL
1428835,5280448,CTD,Calycosin,C121707,"7,3'-dihydroxy-4'-methoxyisoflavone",https://ctdbase.org/detail.go?type=chem&acc=C121707,5594,MAPK1,https://ctdbase.org/detail.go?type=gene&acc=5594,NULL,NULL,5594,MAPK1,9606,Homo sapiens (human),"7,3'-dihydroxy-4'-methoxyisoflavone results in increased phosphorylation of MAPK1 protein",NULL,NULL,PMID:20686605,https://www.ncbi.nlm.nih.gov/pubmed/20686605,20686605,NULL,NULL
1428836,5280448,CTD,Calycosin,C121707,"7,3'-dihydroxy-4'-methoxyisoflavone",https://ctdbase.org/detail.go?type=chem&acc=C121707,5595,MAPK3,https://ctdbase.org/detail.go?type=gene&acc=5595,NULL,NULL,5595,MAPK3,9606,Homo sapiens (human),"7,3'-dihydroxy-4'-methoxyisoflavone results in increased phosphorylation of MAPK3 protein",NULL,NULL,PMID:20686605,https://www.ncbi.nlm.nih.gov/pubmed/20686605,20686605,NULL,NULL
1428837,5280448,CTD,Calycosin,C121707,"7,3'-dihydroxy-4'-methoxyisoflavone",https://ctdbase.org/detail.go?type=chem&acc=C121707,4174,MCM5,https://ctdbase.org/detail.go?type=gene&acc=4174,NULL,NULL,4174,MCM5,9606,Homo sapiens (human),"7,3'-dihydroxy-4'-methoxyisoflavone results in decreased expression of MCM5 mRNA",NULL,NULL,PMID:24455688,https://www.ncbi.nlm.nih.gov/pubmed/24455688,24455688,NULL,NULL
1428838,5280448,CTD,Calycosin,C121707,"7,3'-dihydroxy-4'-methoxyisoflavone",https://ctdbase.org/detail.go?type=chem&acc=C121707,4175,MCM6,https://ctdbase.org/detail.go?type=gene&acc=4175,NULL,NULL,4175,MCM6,9606,Homo sapiens (human),"7,3'-dihydroxy-4'-methoxyisoflavone results in increased expression of MCM6 mRNA",NULL,NULL,PMID:24455688,https://www.ncbi.nlm.nih.gov/pubmed/24455688,24455688,NULL,NULL
1428839,5280448,CTD,Calycosin,C121707,"7,3'-dihydroxy-4'-methoxyisoflavone",https://ctdbase.org/detail.go?type=chem&acc=C121707,4780,NFE2L2,https://ctdbase.org/detail.go?type=gene&acc=4780,NULL,NULL,4780,NFE2L2,10116,Rattus norvegicus (Norway rat),"7,3'-dihydroxy-4'-methoxyisoflavone inhibits the reaction [[dietary fats co-treated with streptozocin] results in decreased expression of NFE2L2 protein]",NULL,NULL,PMID:31726037,https://www.ncbi.nlm.nih.gov/pubmed/31726037,31726037,NULL,NULL
1428840,5280448,CTD,Calycosin,C121707,"7,3'-dihydroxy-4'-methoxyisoflavone",https://ctdbase.org/detail.go?type=chem&acc=C121707,4830,NME1,https://ctdbase.org/detail.go?type=gene&acc=4830,NULL,NULL,4830,NME1,9606,Homo sapiens (human),"7,3'-dihydroxy-4'-methoxyisoflavone results in increased expression of NME1 protein",NULL,NULL,PMID:24455688,https://www.ncbi.nlm.nih.gov/pubmed/24455688,24455688,NULL,NULL
1428841,5280448,CTD,Calycosin,C121707,"7,3'-dihydroxy-4'-methoxyisoflavone",https://ctdbase.org/detail.go?type=chem&acc=C121707,5037,PEBP1,https://ctdbase.org/detail.go?type=gene&acc=5037,NULL,NULL,5037,PEBP1,9606,Homo sapiens (human),"7,3'-dihydroxy-4'-methoxyisoflavone results in increased expression of PEBP1 protein",NULL,NULL,PMID:24455688,https://www.ncbi.nlm.nih.gov/pubmed/24455688,24455688,NULL,NULL
1428842,5280448,CTD,Calycosin,C121707,"7,3'-dihydroxy-4'-methoxyisoflavone",https://ctdbase.org/detail.go?type=chem&acc=C121707,5970,RELA,https://ctdbase.org/detail.go?type=gene&acc=5970,NULL,NULL,5970,RELA,10116,Rattus norvegicus (Norway rat),"7,3'-dihydroxy-4'-methoxyisoflavone inhibits the reaction [[dietary fats co-treated with streptozocin] results in increased expression of RELA protein]",NULL,NULL,PMID:31726037,https://www.ncbi.nlm.nih.gov/pubmed/31726037,31726037,NULL,NULL
1428918,5280448,CTD,Calycosin,C121707,"7,3'-dihydroxy-4'-methoxyisoflavone",https://ctdbase.org/detail.go?type=chem&acc=C121707,6500,SKP1,https://ctdbase.org/detail.go?type=gene&acc=6500,NULL,NULL,6500,SKP1,9606,Homo sapiens (human),"7,3'-dihydroxy-4'-methoxyisoflavone results in increased expression of SKP1 mRNA",NULL,NULL,PMID:24455688,https://www.ncbi.nlm.nih.gov/pubmed/24455688,24455688,NULL,NULL
1428919,5280448,CTD,Calycosin,C121707,"7,3'-dihydroxy-4'-methoxyisoflavone",https://ctdbase.org/detail.go?type=chem&acc=C121707,6502,SKP2,https://ctdbase.org/detail.go?type=gene&acc=6502,NULL,NULL,6502,SKP2,9606,Homo sapiens (human),"7,3'-dihydroxy-4'-methoxyisoflavone results in decreased expression of SKP2 mRNA",NULL,NULL,PMID:24455688,https://www.ncbi.nlm.nih.gov/pubmed/24455688,24455688,NULL,NULL
1428920,5280448,CTD,Calycosin,C121707,"7,3'-dihydroxy-4'-methoxyisoflavone",https://ctdbase.org/detail.go?type=chem&acc=C121707,10963,STIP1,https://ctdbase.org/detail.go?type=gene&acc=10963,NULL,NULL,10963,STIP1,9606,Homo sapiens (human),"7,3'-dihydroxy-4'-methoxyisoflavone results in increased expression of STIP1 protein",NULL,NULL,PMID:24455688,https://www.ncbi.nlm.nih.gov/pubmed/24455688,24455688,NULL,NULL
1428921,5280448,CTD,Calycosin,C121707,"7,3'-dihydroxy-4'-methoxyisoflavone",https://ctdbase.org/detail.go?type=chem&acc=C121707,8407,TAGLN2,https://ctdbase.org/detail.go?type=gene&acc=8407,NULL,NULL,8407,TAGLN2,9606,Homo sapiens (human),"7,3'-dihydroxy-4'-methoxyisoflavone results in increased expression of TAGLN2 protein",NULL,NULL,PMID:24455688,https://www.ncbi.nlm.nih.gov/pubmed/24455688,24455688,NULL,NULL
1428922,5280448,CTD,Calycosin,C121707,"7,3'-dihydroxy-4'-methoxyisoflavone",https://ctdbase.org/detail.go?type=chem&acc=C121707,7040,TGFB1,https://ctdbase.org/detail.go?type=gene&acc=7040,NULL,NULL,7040,TGFB1,10116,Rattus norvegicus (Norway rat),"7,3'-dihydroxy-4'-methoxyisoflavone inhibits the reaction [[dietary fats co-treated with streptozocin] results in increased expression of TGFB1 protein]",NULL,NULL,PMID:31726037,https://www.ncbi.nlm.nih.gov/pubmed/31726037,31726037,NULL,NULL
1428923,5280448,CTD,Calycosin,C121707,"7,3'-dihydroxy-4'-methoxyisoflavone",https://ctdbase.org/detail.go?type=chem&acc=C121707,7124,TNF,https://ctdbase.org/detail.go?type=gene&acc=7124,NULL,NULL,7124,TNF,10116,Rattus norvegicus (Norway rat),"7,3'-dihydroxy-4'-methoxyisoflavone inhibits the reaction [[dietary fats co-treated with streptozocin] results in increased expression of TNF protein]",NULL,NULL,PMID:31726037,https://www.ncbi.nlm.nih.gov/pubmed/31726037,31726037,NULL,NULL
1428924,5280448,CTD,Calycosin,C121707,"7,3'-dihydroxy-4'-methoxyisoflavone",https://ctdbase.org/detail.go?type=chem&acc=C121707,7337,UBE3A,https://ctdbase.org/detail.go?type=gene&acc=7337,NULL,NULL,7337,UBE3A,9606,Homo sapiens (human),"7,3'-dihydroxy-4'-methoxyisoflavone results in increased expression of UBE3A mRNA",NULL,NULL,PMID:24455688,https://www.ncbi.nlm.nih.gov/pubmed/24455688,24455688,NULL,NULL
1428925,5280448,CTD,Calycosin,C121707,"7,3'-dihydroxy-4'-methoxyisoflavone",https://ctdbase.org/detail.go?type=chem&acc=C121707,54658,UGT1A1,https://ctdbase.org/detail.go?type=gene&acc=54658,NULL,NULL,54658,UGT1A1,9606,Homo sapiens (human),"UGT1A1 protein results in increased glucuronidation of 7,3'-dihydroxy-4'-methoxyisoflavone",NULL,NULL,PMID:25044472,https://www.ncbi.nlm.nih.gov/pubmed/25044472,25044472,NULL,NULL
1428926,5280448,CTD,Calycosin,C121707,"7,3'-dihydroxy-4'-methoxyisoflavone",https://ctdbase.org/detail.go?type=chem&acc=C121707,54575,UGT1A10,https://ctdbase.org/detail.go?type=gene&acc=54575,NULL,NULL,54575,UGT1A10,9606,Homo sapiens (human),"UGT1A10 protein results in increased glucuronidation of 7,3'-dihydroxy-4'-methoxyisoflavone",NULL,NULL,PMID:25044472,https://www.ncbi.nlm.nih.gov/pubmed/25044472,25044472,NULL,NULL
1428927,5280448,CTD,Calycosin,C121707,"7,3'-dihydroxy-4'-methoxyisoflavone",https://ctdbase.org/detail.go?type=chem&acc=C121707,54659,UGT1A3,https://ctdbase.org/detail.go?type=gene&acc=54659,NULL,NULL,54659,UGT1A3,9606,Homo sapiens (human),"UGT1A3 protein results in increased glucuronidation of 7,3'-dihydroxy-4'-methoxyisoflavone",NULL,NULL,PMID:25044472,https://www.ncbi.nlm.nih.gov/pubmed/25044472,25044472,NULL,NULL
1429011,5280448,CTD,Calycosin,C121707,"7,3'-dihydroxy-4'-methoxyisoflavone",https://ctdbase.org/detail.go?type=chem&acc=C121707,54577,UGT1A7,https://ctdbase.org/detail.go?type=gene&acc=54577,NULL,NULL,54577,UGT1A7,9606,Homo sapiens (human),"UGT1A7 protein results in increased glucuronidation of 7,3'-dihydroxy-4'-methoxyisoflavone",NULL,NULL,PMID:25044472,https://www.ncbi.nlm.nih.gov/pubmed/25044472,25044472,NULL,NULL
1429012,5280448,CTD,Calycosin,C121707,"7,3'-dihydroxy-4'-methoxyisoflavone",https://ctdbase.org/detail.go?type=chem&acc=C121707,54576,UGT1A8,https://ctdbase.org/detail.go?type=gene&acc=54576,NULL,NULL,54576,UGT1A8,9606,Homo sapiens (human),"UGT1A8 protein results in increased glucuronidation of 7,3'-dihydroxy-4'-methoxyisoflavone",NULL,NULL,PMID:25044472,https://www.ncbi.nlm.nih.gov/pubmed/25044472,25044472,NULL,NULL
1429013,5280448,CTD,Calycosin,C121707,"7,3'-dihydroxy-4'-methoxyisoflavone",https://ctdbase.org/detail.go?type=chem&acc=C121707,54600,UGT1A9,https://ctdbase.org/detail.go?type=gene&acc=54600,NULL,NULL,54600,UGT1A9,9606,Homo sapiens (human),"UGT1A9 protein results in increased glucuronidation of 7,3'-dihydroxy-4'-methoxyisoflavone",NULL,NULL,PMID:25044472,https://www.ncbi.nlm.nih.gov/pubmed/25044472,25044472,NULL,NULL
1429014,5280448,CTD,Calycosin,C121707,"7,3'-dihydroxy-4'-methoxyisoflavone",https://ctdbase.org/detail.go?type=chem&acc=C121707,7364,UGT2B7,https://ctdbase.org/detail.go?type=gene&acc=7364,NULL,NULL,7364,UGT2B7,9606,Homo sapiens (human),"UGT2B7 protein results in increased glucuronidation of 7,3'-dihydroxy-4'-methoxyisoflavone",NULL,NULL,PMID:25044472,https://www.ncbi.nlm.nih.gov/pubmed/25044472,25044472,NULL,NULL
1429015,5280448,CTD,Calycosin,C121707,"7,3'-dihydroxy-4'-methoxyisoflavone",https://ctdbase.org/detail.go?type=chem&acc=C121707,7422,VEGFA,https://ctdbase.org/detail.go?type=gene&acc=7422,NULL,NULL,7422,VEGFA,7955,Danio rerio (zebrafish),"7,3'-dihydroxy-4'-methoxyisoflavone results in increased expression of VEGFA mRNA",NULL,NULL,PMID:20686605,https://www.ncbi.nlm.nih.gov/pubmed/20686605,20686605,NULL,NULL
1470867,5280448,CTD,Calycosin,C121707,"7,3'-dihydroxy-4'-methoxyisoflavone",https://ctdbase.org/detail.go?type=chem&acc=C121707,5223,PGAM1,https://ctdbase.org/detail.go?type=gene&acc=5223,NULL,NULL,5223,PGAM1,9606,Homo sapiens (human),"7,3'-dihydroxy-4'-methoxyisoflavone results in increased expression of PGAM1 protein",NULL,NULL,PMID:24455688,https://www.ncbi.nlm.nih.gov/pubmed/24455688,24455688,NULL,NULL
1499617,5280448,DGIdb,Calycosin,NULL,CALYCOSIN,https://www.dgidb.org/drugs/CALYCOSIN,NULL,POLB,https://www.dgidb.org/genes/POLB,NULL,NULL,5423,POLB,9606,Homo sapiens (human),NULL,NULL,NULL,NULL,NULL,NULL,NULL,NULL
1500568,5280448,DGIdb,Calycosin,NULL,CALYCOSIN,https://www.dgidb.org/drugs/CALYCOSIN,NULL,ATAD5,https://www.dgidb.org/genes/ATAD5,NULL,NULL,79915,ATAD5,9606,Homo sapiens (human),NULL,NULL,NULL,NULL,NULL,NULL,NULL,NULL
1953190,5280448,CTD,Calycosin,C121707,"7,3'-dihydroxy-4'-methoxyisoflavone",https://ctdbase.org/detail.go?type=chem&acc=C121707,145270,PRIMA1,https://ctdbase.org/detail.go?type=gene&acc=145270,NULL,NULL,145270,PRIMA1,10116,Rattus norvegicus (Norway rat),"7,3'-dihydroxy-4'-methoxyisoflavone results in increased expression of PRIMA1 mRNA",NULL,NULL,PMID:27019979,https://www.ncbi.nlm.nih.gov/pubmed/27019979,27019979,NULL,NULL
1953191,5280448,CTD,Calycosin,C121707,"7,3'-dihydroxy-4'-methoxyisoflavone",https://ctdbase.org/detail.go?type=chem&acc=C121707,5883,RAD9A,https://ctdbase.org/detail.go?type=gene&acc=5883,NULL,NULL,5883,RAD9A,9606,Homo sapiens (human),"7,3'-dihydroxy-4'-methoxyisoflavone results in decreased expression of RAD9A mRNA",NULL,NULL,PMID:24455688,https://www.ncbi.nlm.nih.gov/pubmed/24455688,24455688,NULL,NULL
