﻿id,cid,dsn,cmpdname,srccmpd,srccmpdname,srccmpdurl,srctarget,srctargetname,srctargeturl,protacxn,protname,geneid,genename,taxid,taxname,action,actname,actvalue,evids,evurls,pmids,dois,citations
   1405749,6440856,DGIdb,Goniothalamin,NULL,GONIOTHALAMIN,https://www.dgidb.org/drugs/GONIOTHALAMIN,NULL,AXL,https://www.dgidb.org/genes/AXL,NULL,NULL,558,AXL,9606,Homo sapiens (human),NULL,NULL,NULL,PMID:25305718,https://www.ncbi.nlm.nih.gov/pubmed/25305718,25305718,NULL,NULL
1555703,6440856,DGIdb,Goniothalamin,NULL,GONIOTHALAMIN,https://www.dgidb.org/drugs/GONIOTHALAMIN,NULL,XPO1,https://www.dgidb.org/genes/XPO1,NULL,NULL,7514,XPO1,9606,Homo sapiens (human),NULL,NULL,NULL,PMID:20381347,https://www.ncbi.nlm.nih.gov/pubmed/20381347,20381347,NULL,NULL
1579779,6440856,CTD,Goniothalamin,C103280,goniothalamin,https://ctdbase.org/detail.go?type=chem&acc=C103280,306,ANXA3,https://ctdbase.org/detail.go?type=gene&acc=306,NULL,NULL,306,ANXA3,9606,Homo sapiens (human),Goniothalamin results in increased cleavage of ANXA3 protein,NULL,NULL,PMID:18771661,https://www.ncbi.nlm.nih.gov/pubmed/18771661,18771661,NULL,NULL
1579850,6440856,CTD,Goniothalamin,C103280,goniothalamin,https://ctdbase.org/detail.go?type=chem&acc=C103280,581,BAX,https://ctdbase.org/detail.go?type=gene&acc=581,NULL,NULL,581,BAX,9606,Homo sapiens (human),Goniothalamin results in decreased expression of BAX protein,NULL,NULL,PMID:18771661,https://www.ncbi.nlm.nih.gov/pubmed/18771661,18771661,NULL,NULL
1579851,6440856,CTD,Goniothalamin,C103280,goniothalamin,https://ctdbase.org/detail.go?type=chem&acc=C103280,596,BCL2,https://ctdbase.org/detail.go?type=gene&acc=596,NULL,NULL,596,BCL2,9606,Homo sapiens (human),Goniothalamin results in decreased expression of BCL2 protein,NULL,NULL,PMID:18771661,https://www.ncbi.nlm.nih.gov/pubmed/18771661,18771661,NULL,NULL
1579852,6440856,CTD,Goniothalamin,C103280,goniothalamin,https://ctdbase.org/detail.go?type=chem&acc=C103280,835,CASP2,https://ctdbase.org/detail.go?type=gene&acc=835,NULL,NULL,835,CASP2,9606,Homo sapiens (human),Goniothalamin results in increased activity of CASP2 protein,NULL,NULL,PMID:20026395|PMID:20498002,https://www.ncbi.nlm.nih.gov/pubmed/20026395|https://www.ncbi.nlm.nih.gov/pubmed/20498002,20026395|20498002,NULL,NULL
1579853,6440856,CTD,Goniothalamin,C103280,goniothalamin,https://ctdbase.org/detail.go?type=chem&acc=C103280,836,CASP3,https://ctdbase.org/detail.go?type=gene&acc=836,NULL,NULL,836,CASP3,9606,Homo sapiens (human),Goniothalamin results in increased activity of CASP3 protein,NULL,NULL,PMID:20498002,https://www.ncbi.nlm.nih.gov/pubmed/20498002,20498002,NULL,NULL
1579854,6440856,CTD,Goniothalamin,C103280,goniothalamin,https://ctdbase.org/detail.go?type=chem&acc=C103280,836,CASP3,https://ctdbase.org/detail.go?type=gene&acc=836,NULL,NULL,836,CASP3,9606,Homo sapiens (human),Goniothalamin results in increased cleavage of CASP3 protein,NULL,NULL,PMID:21810437,https://www.ncbi.nlm.nih.gov/pubmed/21810437,21810437,NULL,NULL
1579855,6440856,CTD,Goniothalamin,C103280,goniothalamin,https://ctdbase.org/detail.go?type=chem&acc=C103280,841,CASP8,https://ctdbase.org/detail.go?type=gene&acc=841,NULL,NULL,841,CASP8,9606,Homo sapiens (human),Goniothalamin results in increased cleavage of CASP8 protein,NULL,NULL,PMID:21810437,https://www.ncbi.nlm.nih.gov/pubmed/21810437,21810437,NULL,NULL
1579856,6440856,CTD,Goniothalamin,C103280,goniothalamin,https://ctdbase.org/detail.go?type=chem&acc=C103280,842,CASP9,https://ctdbase.org/detail.go?type=gene&acc=842,NULL,NULL,842,CASP9,9606,Homo sapiens (human),Goniothalamin results in increased activity of CASP9 protein,NULL,NULL,PMID:20498002,https://www.ncbi.nlm.nih.gov/pubmed/20498002,20498002,NULL,NULL
1579857,6440856,CTD,Goniothalamin,C103280,goniothalamin,https://ctdbase.org/detail.go?type=chem&acc=C103280,842,CASP9,https://ctdbase.org/detail.go?type=gene&acc=842,NULL,NULL,842,CASP9,9606,Homo sapiens (human),Goniothalamin results in increased cleavage of CASP9 protein,NULL,NULL,PMID:21810437,https://www.ncbi.nlm.nih.gov/pubmed/21810437,21810437,NULL,NULL
1579858,6440856,CTD,Goniothalamin,C103280,goniothalamin,https://ctdbase.org/detail.go?type=chem&acc=C103280,891,CCNB1,https://ctdbase.org/detail.go?type=gene&acc=891,NULL,NULL,891,CCNB1,9606,Homo sapiens (human),Goniothalamin results in decreased expression of CCNB1 mRNA,NULL,NULL,PMID:26522230,https://www.ncbi.nlm.nih.gov/pubmed/26522230,26522230,NULL,NULL
1579859,6440856,CTD,Goniothalamin,C103280,goniothalamin,https://ctdbase.org/detail.go?type=chem&acc=C103280,9133,CCNB2,https://ctdbase.org/detail.go?type=gene&acc=9133,NULL,NULL,9133,CCNB2,9606,Homo sapiens (human),Goniothalamin results in decreased expression of CCNB2 mRNA,NULL,NULL,PMID:26522230,https://www.ncbi.nlm.nih.gov/pubmed/26522230,26522230,NULL,NULL
1579860,6440856,CTD,Goniothalamin,C103280,goniothalamin,https://ctdbase.org/detail.go?type=chem&acc=C103280,595,CCND1,https://ctdbase.org/detail.go?type=gene&acc=595,NULL,NULL,595,CCND1,9606,Homo sapiens (human),Goniothalamin results in decreased expression of CCND1 mRNA,NULL,NULL,PMID:26522230,https://www.ncbi.nlm.nih.gov/pubmed/26522230,26522230,NULL,NULL
1579940,6440856,CTD,Goniothalamin,C103280,goniothalamin,https://ctdbase.org/detail.go?type=chem&acc=C103280,983,CDK1,https://ctdbase.org/detail.go?type=gene&acc=983,NULL,NULL,983,CDK1,9606,Homo sapiens (human),Goniothalamin results in decreased expression of CDK1 mRNA,NULL,NULL,PMID:26522230,https://www.ncbi.nlm.nih.gov/pubmed/26522230,26522230,NULL,NULL
1579941,6440856,CTD,Goniothalamin,C103280,goniothalamin,https://ctdbase.org/detail.go?type=chem&acc=C103280,1017,CDK2,https://ctdbase.org/detail.go?type=gene&acc=1017,NULL,NULL,1017,CDK2,9606,Homo sapiens (human),Goniothalamin results in decreased expression of CDK2 mRNA,NULL,NULL,PMID:26522230,https://www.ncbi.nlm.nih.gov/pubmed/26522230,26522230,NULL,NULL
1579942,6440856,CTD,Goniothalamin,C103280,goniothalamin,https://ctdbase.org/detail.go?type=chem&acc=C103280,1019,CDK4,https://ctdbase.org/detail.go?type=gene&acc=1019,NULL,NULL,1019,CDK4,9606,Homo sapiens (human),Goniothalamin results in decreased expression of CDK4 mRNA,NULL,NULL,PMID:26522230,https://www.ncbi.nlm.nih.gov/pubmed/26522230,26522230,NULL,NULL
1579943,6440856,CTD,Goniothalamin,C103280,goniothalamin,https://ctdbase.org/detail.go?type=chem&acc=C103280,1026,CDKN1A,https://ctdbase.org/detail.go?type=gene&acc=1026,NULL,NULL,1026,CDKN1A,9606,Homo sapiens (human),Goniothalamin results in increased expression of CDKN1A mRNA,NULL,NULL,PMID:26522230,https://www.ncbi.nlm.nih.gov/pubmed/26522230,26522230,NULL,NULL
1579944,6440856,CTD,Goniothalamin,C103280,goniothalamin,https://ctdbase.org/detail.go?type=chem&acc=C103280,1028,CDKN1C,https://ctdbase.org/detail.go?type=gene&acc=1028,NULL,NULL,1028,CDKN1C,9606,Homo sapiens (human),Goniothalamin results in increased expression of CDKN1C mRNA,NULL,NULL,PMID:26522230,https://www.ncbi.nlm.nih.gov/pubmed/26522230,26522230,NULL,NULL
1579945,6440856,CTD,Goniothalamin,C103280,goniothalamin,https://ctdbase.org/detail.go?type=chem&acc=C103280,3576,CXCL8,https://ctdbase.org/detail.go?type=gene&acc=3576,NULL,NULL,3576,CXCL8,9606,Homo sapiens (human),Goniothalamin inhibits the reaction [TNF protein results in increased expression of and results in increased secretion of CXCL8 protein],NULL,NULL,PMID:23845509,https://www.ncbi.nlm.nih.gov/pubmed/23845509,23845509,NULL,NULL
1579946,6440856,CTD,Goniothalamin,C103280,goniothalamin,https://ctdbase.org/detail.go?type=chem&acc=C103280,54205,CYCS,https://ctdbase.org/detail.go?type=gene&acc=54205,NULL,NULL,54205,CYCS,9606,Homo sapiens (human),Goniothalamin affects the localization of CYCS protein,NULL,NULL,PMID:20498002|PMID:21810437,https://www.ncbi.nlm.nih.gov/pubmed/20498002|https://www.ncbi.nlm.nih.gov/pubmed/21810437,20498002|21810437,NULL,NULL
1579947,6440856,CTD,Goniothalamin,C103280,goniothalamin,https://ctdbase.org/detail.go?type=chem&acc=C103280,1647,GADD45A,https://ctdbase.org/detail.go?type=gene&acc=1647,NULL,NULL,1647,GADD45A,9606,Homo sapiens (human),Goniothalamin results in increased expression of GADD45A mRNA,NULL,NULL,PMID:26522230,https://www.ncbi.nlm.nih.gov/pubmed/26522230,26522230,NULL,NULL
1579948,6440856,CTD,Goniothalamin,C103280,goniothalamin,https://ctdbase.org/detail.go?type=chem&acc=C103280,9020,MAP3K14,https://ctdbase.org/detail.go?type=gene&acc=9020,NULL,NULL,9020,MAP3K14,9606,Homo sapiens (human),Goniothalamin results in decreased activity of MAP3K14 protein,NULL,NULL,PMID:23845509,https://www.ncbi.nlm.nih.gov/pubmed/23845509,23845509,NULL,NULL
1579949,6440856,CTD,Goniothalamin,C103280,goniothalamin,https://ctdbase.org/detail.go?type=chem&acc=C103280,6885,MAP3K7,https://ctdbase.org/detail.go?type=gene&acc=6885,NULL,NULL,6885,MAP3K7,9606,Homo sapiens (human),Goniothalamin results in decreased activity of MAP3K7 protein,NULL,NULL,PMID:23845509,https://www.ncbi.nlm.nih.gov/pubmed/23845509,23845509,NULL,NULL
1579950,6440856,CTD,Goniothalamin,C103280,goniothalamin,https://ctdbase.org/detail.go?type=chem&acc=C103280,4193,MDM2,https://ctdbase.org/detail.go?type=gene&acc=4193,NULL,NULL,4193,MDM2,9606,Homo sapiens (human),Goniothalamin results in increased expression of MDM2 protein,NULL,NULL,PMID:20498002,https://www.ncbi.nlm.nih.gov/pubmed/20498002,20498002,NULL,NULL
1579988,6440856,CTD,Goniothalamin,C103280,goniothalamin,https://ctdbase.org/detail.go?type=chem&acc=C103280,4790,NFKB1,https://ctdbase.org/detail.go?type=gene&acc=4790,NULL,NULL,4790,NFKB1,9606,Homo sapiens (human),Goniothalamin affects the localization of [NFKB1 protein binds to RELA protein],NULL,NULL,PMID:23845509,https://www.ncbi.nlm.nih.gov/pubmed/23845509,23845509,NULL,NULL
1579989,6440856,CTD,Goniothalamin,C103280,goniothalamin,https://ctdbase.org/detail.go?type=chem&acc=C103280,4842,NOS1,https://ctdbase.org/detail.go?type=gene&acc=4842,NULL,NULL,4842,NOS1,9606,Homo sapiens (human),Goniothalamin results in decreased expression of NOS1 protein,NULL,NULL,PMID:18771661,https://www.ncbi.nlm.nih.gov/pubmed/18771661,18771661,NULL,NULL
1579990,6440856,CTD,Goniothalamin,C103280,goniothalamin,https://ctdbase.org/detail.go?type=chem&acc=C103280,4846,NOS3,https://ctdbase.org/detail.go?type=gene&acc=4846,NULL,NULL,4846,NOS3,9606,Homo sapiens (human),Goniothalamin results in decreased expression of NOS3 protein,NULL,NULL,PMID:18771661,https://www.ncbi.nlm.nih.gov/pubmed/18771661,18771661,NULL,NULL
1579991,6440856,CTD,Goniothalamin,C103280,goniothalamin,https://ctdbase.org/detail.go?type=chem&acc=C103280,142,PARP1,https://ctdbase.org/detail.go?type=gene&acc=142,NULL,NULL,142,PARP1,9606,Homo sapiens (human),Goniothalamin results in increased cleavage of PARP1 protein,NULL,NULL,PMID:18771661|PMID:21810437,https://www.ncbi.nlm.nih.gov/pubmed/18771661|https://www.ncbi.nlm.nih.gov/pubmed/21810437,18771661|21810437,NULL,NULL
1579992,6440856,CTD,Goniothalamin,C103280,goniothalamin,https://ctdbase.org/detail.go?type=chem&acc=C103280,142,PARP1,https://ctdbase.org/detail.go?type=gene&acc=142,NULL,NULL,142,PARP1,9606,Homo sapiens (human),TP53 mutant form inhibits the reaction [goniothalamin results in increased cleavage of PARP1 protein]|pifithrin inhibits the reaction [goniothalamin results in increased cleavage of PARP1 protein],NULL,NULL,PMID:21810437,https://www.ncbi.nlm.nih.gov/pubmed/21810437,21810437,NULL,NULL
1579993,6440856,CTD,Goniothalamin,C103280,goniothalamin,https://ctdbase.org/detail.go?type=chem&acc=C103280,5366,PMAIP1,https://ctdbase.org/detail.go?type=gene&acc=5366,NULL,NULL,5366,PMAIP1,9606,Homo sapiens (human),Pifithrin inhibits the reaction [goniothalamin results in increased expression of PMAIP1 protein]|tp53 mutant form inhibits the reaction [goniothalamin results in increased expression of PMAIP1 mrna]|goniothalamin results in increased activity of PMAIP1 protein|tp53 mutant form inhibits the reaction [goniothalamin results in increased expression of PMAIP1 protein]|goniothalamin results in increased expression of PMAIP1 mrna|goniothalamin results in increased expression of PMAIP1 protein|goniothalamin results in increased localization of PMAIP1 protein,NULL,NULL,PMID:21810437,https://www.ncbi.nlm.nih.gov/pubmed/21810437,21810437,NULL,NULL
1579994,6440856,CTD,Goniothalamin,C103280,goniothalamin,https://ctdbase.org/detail.go?type=chem&acc=C103280,10399,RACK1,https://ctdbase.org/detail.go?type=gene&acc=10399,NULL,NULL,10399,RACK1,10090,Mus musculus (house mouse),RACK1 protein results in decreased susceptibility to goniothalamin,NULL,NULL,PMID:19698770,https://www.ncbi.nlm.nih.gov/pubmed/19698770,19698770,NULL,NULL
1579995,6440856,CTD,Goniothalamin,C103280,goniothalamin,https://ctdbase.org/detail.go?type=chem&acc=C103280,5970,RELA,https://ctdbase.org/detail.go?type=gene&acc=5970,NULL,NULL,5970,RELA,9606,Homo sapiens (human),Goniothalamin affects the localization of [NFKB1 protein binds to RELA protein],NULL,NULL,PMID:23845509,https://www.ncbi.nlm.nih.gov/pubmed/23845509,23845509,NULL,NULL
1579996,6440856,CTD,Goniothalamin,C103280,goniothalamin,https://ctdbase.org/detail.go?type=chem&acc=C103280,5970,RELA,https://ctdbase.org/detail.go?type=gene&acc=5970,NULL,NULL,5970,RELA,9606,Homo sapiens (human),Goniothalamin results in decreased expression of RELA protein,NULL,NULL,PMID:18771661,https://www.ncbi.nlm.nih.gov/pubmed/18771661,18771661,NULL,NULL
1579997,6440856,CTD,Goniothalamin,C103280,goniothalamin,https://ctdbase.org/detail.go?type=chem&acc=C103280,7124,TNF,https://ctdbase.org/detail.go?type=gene&acc=7124,NULL,NULL,7124,TNF,9606,Homo sapiens (human),Goniothalamin inhibits the reaction [TNF protein results in increased expression of and results in increased secretion of CXCL8 protein]|goniothalamin results in decreased susceptibility to TNF protein,NULL,NULL,PMID:23845509,https://www.ncbi.nlm.nih.gov/pubmed/23845509,23845509,NULL,NULL
1580079,6440856,CTD,Goniothalamin,C103280,goniothalamin,https://ctdbase.org/detail.go?type=chem&acc=C103280,7132,TNFRSF1A,https://ctdbase.org/detail.go?type=gene&acc=7132,NULL,NULL,7132,TNFRSF1A,9606,Homo sapiens (human),Goniothalamin results in decreased expression of TNFRSF1A protein,NULL,NULL,PMID:18771661,https://www.ncbi.nlm.nih.gov/pubmed/18771661,18771661,NULL,NULL
1580080,6440856,CTD,Goniothalamin,C103280,goniothalamin,https://ctdbase.org/detail.go?type=chem&acc=C103280,7132,TNFRSF1A,https://ctdbase.org/detail.go?type=gene&acc=7132,NULL,NULL,7132,TNFRSF1A,9606,Homo sapiens (human),Goniothalamin results in decreased activity of TNFRSF1A protein,NULL,NULL,PMID:23845509,https://www.ncbi.nlm.nih.gov/pubmed/23845509,23845509,NULL,NULL
1580081,6440856,CTD,Goniothalamin,C103280,goniothalamin,https://ctdbase.org/detail.go?type=chem&acc=C103280,7157,TP53,https://ctdbase.org/detail.go?type=gene&acc=7157,NULL,NULL,7157,TP53,9606,Homo sapiens (human),TP53 mutant form inhibits the reaction [goniothalamin results in increased cleavage of PARP1 protein]|tp53 mutant form inhibits the reaction [goniothalamin results in increased expression of PMAIP1 mrna]|goniothalamin results in increased localization of TP53 protein|goniothalamin results in increased phosphorylation of and results in increased expression of TP53 protein|pifithrin inhibits the reaction [goniothalamin results in increased phosphorylation of and results in increased expression of TP53 protein]|tp53 mutant form inhibits the reaction [goniothalamin results in increased expression of PMAIP1 protein]|goniothalamin results in increased activity of TP53 protein,NULL,NULL,PMID:21810437,https://www.ncbi.nlm.nih.gov/pubmed/21810437,21810437,NULL,NULL
1580082,6440856,CTD,Goniothalamin,C103280,goniothalamin,https://ctdbase.org/detail.go?type=chem&acc=C103280,7157,TP53,https://ctdbase.org/detail.go?type=gene&acc=7157,NULL,NULL,7157,TP53,9606,Homo sapiens (human),Goniothalamin results in increased expression of TP53 protein,NULL,NULL,PMID:20498002,https://www.ncbi.nlm.nih.gov/pubmed/20498002,20498002,NULL,NULL
1580083,6440856,CTD,Goniothalamin,C103280,goniothalamin,https://ctdbase.org/detail.go?type=chem&acc=C103280,7186,TRAF2,https://ctdbase.org/detail.go?type=gene&acc=7186,NULL,NULL,7186,TRAF2,9606,Homo sapiens (human),Goniothalamin results in decreased activity of TRAF2 protein,NULL,NULL,PMID:23845509,https://www.ncbi.nlm.nih.gov/pubmed/23845509,23845509,NULL,NULL
