﻿id,cid,dsn,cmpdname,srccmpd,srccmpdname,srccmpdurl,srctarget,srctargetname,srctargeturl,protacxn,protname,geneid,genename,taxid,taxname,action,actname,actvalue,evids,evurls,pmids,dois,citations
   1412143,5281295,DGIdb,Sulfuretin,NULL,SULFURETIN,https://www.dgidb.org/drugs/SULFURETIN,NULL,GAA,https://www.dgidb.org/genes/GAA,NULL,NULL,2548,GAA,9606,Homo sapiens (human),NULL,NULL,NULL,NULL,NULL,NULL,NULL,NULL
1434215,5281295,DGIdb,Sulfuretin,NULL,SULFURETIN,https://www.dgidb.org/drugs/SULFURETIN,NULL,ALPG,https://www.dgidb.org/genes/ALPG,NULL,NULL,251,ALPG,9606,Homo sapiens (human),NULL,NULL,NULL,NULL,NULL,NULL,NULL,NULL
1436489,5281295,DGIdb,Sulfuretin,NULL,SULFURETIN,https://www.dgidb.org/drugs/SULFURETIN,NULL,BAZ2B,https://www.dgidb.org/genes/BAZ2B,NULL,NULL,29994,BAZ2B,9606,Homo sapiens (human),NULL,NULL,NULL,NULL,NULL,NULL,NULL,NULL
1436490,5281295,DGIdb,Sulfuretin,NULL,SULFURETIN,https://www.dgidb.org/drugs/SULFURETIN,NULL,MAPT,https://www.dgidb.org/genes/MAPT,NULL,NULL,4137,MAPT,9606,Homo sapiens (human),NULL,NULL,NULL,NULL,NULL,NULL,NULL,NULL
1436491,5281295,DGIdb,Sulfuretin,NULL,SULFURETIN,https://www.dgidb.org/drugs/SULFURETIN,NULL,POLH,https://www.dgidb.org/genes/POLH,NULL,NULL,5429,POLH,9606,Homo sapiens (human),NULL,NULL,NULL,NULL,NULL,NULL,NULL,NULL
1438938,5281295,DGIdb,Sulfuretin,NULL,SULFURETIN,https://www.dgidb.org/drugs/SULFURETIN,NULL,RACGAP1,https://www.dgidb.org/genes/RACGAP1,NULL,NULL,29127,RACGAP1,9606,Homo sapiens (human),NULL,NULL,NULL,NULL,NULL,NULL,NULL,NULL
1438939,5281295,DGIdb,Sulfuretin,NULL,SULFURETIN,https://www.dgidb.org/drugs/SULFURETIN,NULL,ALPI,https://www.dgidb.org/genes/ALPI,NULL,NULL,248,ALPI,9606,Homo sapiens (human),NULL,NULL,NULL,NULL,NULL,NULL,NULL,NULL
1444444,5281295,DGIdb,Sulfuretin,NULL,SULFURETIN,https://www.dgidb.org/drugs/SULFURETIN,NULL,GLS,https://www.dgidb.org/genes/GLS,NULL,NULL,2744,GLS,9606,Homo sapiens (human),NULL,NULL,NULL,NULL,NULL,NULL,NULL,NULL
1444445,5281295,DGIdb,Sulfuretin,NULL,SULFURETIN,https://www.dgidb.org/drugs/SULFURETIN,NULL,RECQL,https://www.dgidb.org/genes/RECQL,NULL,NULL,5965,RECQL,9606,Homo sapiens (human),NULL,NULL,NULL,NULL,NULL,NULL,NULL,NULL
1444446,5281295,TTD,Sulfuretin,D0GN5Z,SULFURETIN,https://idrblab.net/ttd/data/drug/details/D0GN5Z,T14912,Induced myeloid leukemia cell differentiation protein Mcl-1 (MCL1),https://idrblab.net/ttd/data/target/details/T14912,Q07820,Induced myeloid leukemia cell differentiation protein Mcl-1,4170,MCL1,9606,Homo sapiens (human),Inhibitor,NULL,NULL,NULL,NULL,NULL,NULL,NULL
1503728,5281295,DGIdb,Sulfuretin,NULL,SULFURETIN,https://www.dgidb.org/drugs/SULFURETIN,NULL,ATAD5,https://www.dgidb.org/genes/ATAD5,NULL,NULL,79915,ATAD5,9606,Homo sapiens (human),NULL,NULL,NULL,NULL,NULL,NULL,NULL,NULL
1503729,5281295,DGIdb,Sulfuretin,NULL,SULFURETIN,https://www.dgidb.org/drugs/SULFURETIN,NULL,POLI,https://www.dgidb.org/genes/POLI,NULL,NULL,11201,POLI,9606,Homo sapiens (human),NULL,NULL,NULL,NULL,NULL,NULL,NULL,NULL
1503730,5281295,DGIdb,Sulfuretin,NULL,SULFURETIN,https://www.dgidb.org/drugs/SULFURETIN,NULL,KDM4E,https://www.dgidb.org/genes/KDM4E,NULL,NULL,390245,KDM4E,9606,Homo sapiens (human),NULL,NULL,NULL,NULL,NULL,NULL,NULL,NULL
1510818,5281295,DGIdb,Sulfuretin,NULL,SULFURETIN,https://www.dgidb.org/drugs/SULFURETIN,NULL,PSMD14,https://www.dgidb.org/genes/PSMD14,NULL,NULL,10213,PSMD14,9606,Homo sapiens (human),NULL,NULL,NULL,NULL,NULL,NULL,NULL,NULL
1510819,5281295,DGIdb,Sulfuretin,NULL,SULFURETIN,https://www.dgidb.org/drugs/SULFURETIN,NULL,MCL1,https://www.dgidb.org/genes/MCL1,NULL,NULL,4170,MCL1,9606,Homo sapiens (human),NULL,NULL,NULL,NULL,NULL,NULL,NULL,NULL
1923521,5281295,DGIdb,Sulfuretin,NULL,SULFURETIN,https://www.dgidb.org/drugs/SULFURETIN,NULL,POLK,https://www.dgidb.org/genes/POLK,NULL,NULL,51426,POLK,9606,Homo sapiens (human),NULL,NULL,NULL,NULL,NULL,NULL,NULL,NULL
1926063,5281295,DGIdb,Sulfuretin,NULL,SULFURETIN,https://www.dgidb.org/drugs/SULFURETIN,NULL,ALPL,https://www.dgidb.org/genes/ALPL,NULL,NULL,249,ALPL,9606,Homo sapiens (human),NULL,NULL,NULL,NULL,NULL,NULL,NULL,NULL
