﻿id,cid,dsn,cmpdname,srccmpd,srccmpdname,srccmpdurl,srctarget,srctargetname,srctargeturl,protacxn,protname,geneid,genename,taxid,taxname,action,actname,actvalue,evids,evurls,pmids,dois,citations
   1882785,160705,CTD,4'-Demethyldeoxypodophyllotoxin,C508085,4'-demethyldesoxypodophyllotoxin,https://ctdbase.org/detail.go?type=chem&acc=C508085,596,BCL2,https://ctdbase.org/detail.go?type=gene&acc=596,NULL,NULL,596,BCL2,9606,Homo sapiens (human),4'-demethyldesoxypodophyllotoxin analog results in decreased expression of BCL2 protein,NULL,NULL,PMID:25446499,https://www.ncbi.nlm.nih.gov/pubmed/25446499,25446499,NULL,NULL
1882786,160705,CTD,4'-Demethyldeoxypodophyllotoxin,C508085,4'-demethyldesoxypodophyllotoxin,https://ctdbase.org/detail.go?type=chem&acc=C508085,841,CASP8,https://ctdbase.org/detail.go?type=gene&acc=841,NULL,NULL,841,CASP8,9606,Homo sapiens (human),4'-demethyldesoxypodophyllotoxin analog results in increased cleavage of CASP8 protein,NULL,NULL,PMID:25446499,https://www.ncbi.nlm.nih.gov/pubmed/25446499,25446499,NULL,NULL
1882787,160705,CTD,4'-Demethyldeoxypodophyllotoxin,C508085,4'-demethyldesoxypodophyllotoxin,https://ctdbase.org/detail.go?type=chem&acc=C508085,11200,CHEK2,https://ctdbase.org/detail.go?type=gene&acc=11200,NULL,NULL,11200,CHEK2,9606,Homo sapiens (human),4'-demethyldesoxypodophyllotoxin analog binds to and results in decreased phosphorylation of CHEK2 protein,NULL,NULL,PMID:25446499,https://www.ncbi.nlm.nih.gov/pubmed/25446499,25446499,NULL,NULL
1882788,160705,CTD,4'-Demethyldeoxypodophyllotoxin,C508085,4'-demethyldesoxypodophyllotoxin,https://ctdbase.org/detail.go?type=chem&acc=C508085,4193,MDM2,https://ctdbase.org/detail.go?type=gene&acc=4193,NULL,NULL,4193,MDM2,9606,Homo sapiens (human),4'-demethyldesoxypodophyllotoxin analog results in increased cleavage of MDM2 protein,NULL,NULL,PMID:25446499,https://www.ncbi.nlm.nih.gov/pubmed/25446499,25446499,NULL,NULL
