﻿id,cid,dsn,cmpdname,srccmpd,srccmpdname,srccmpdurl,srctarget,srctargetname,srctargeturl,protacxn,protname,geneid,genename,taxid,taxname,action,actname,actvalue,evids,evurls,pmids,dois,citations
   1868947,70775,CTD,4-Allylpyrocatechol,C051268,2-hydroxychavicol,https://ctdbase.org/detail.go?type=chem&acc=C051268,23563,CHST5,https://ctdbase.org/detail.go?type=gene&acc=23563,NULL,NULL,23563,CHST5,9606,Homo sapiens (human),2-hydroxychavicol results in increased expression of CHST5 mRNA,NULL,NULL,PMID:15331132,https://www.ncbi.nlm.nih.gov/pubmed/15331132,15331132,NULL,NULL
1868948,70775,CTD,4-Allylpyrocatechol,C051268,2-hydroxychavicol,https://ctdbase.org/detail.go?type=chem&acc=C051268,4166,CHST6,https://ctdbase.org/detail.go?type=gene&acc=4166,NULL,NULL,4166,CHST6,9606,Homo sapiens (human),2-hydroxychavicol results in increased expression of CHST6 mRNA,NULL,NULL,PMID:15331132,https://www.ncbi.nlm.nih.gov/pubmed/15331132,15331132,NULL,NULL
1868949,70775,CTD,4-Allylpyrocatechol,C051268,2-hydroxychavicol,https://ctdbase.org/detail.go?type=chem&acc=C051268,56548,CHST7,https://ctdbase.org/detail.go?type=gene&acc=56548,NULL,NULL,56548,CHST7,9606,Homo sapiens (human),2-hydroxychavicol results in increased expression of CHST7 mRNA,NULL,NULL,PMID:15331132,https://www.ncbi.nlm.nih.gov/pubmed/15331132,15331132,NULL,NULL
1868950,70775,CTD,4-Allylpyrocatechol,C051268,2-hydroxychavicol,https://ctdbase.org/detail.go?type=chem&acc=C051268,1565,CYP2D6,https://ctdbase.org/detail.go?type=gene&acc=1565,NULL,NULL,1565,CYP2D6,9606,Homo sapiens (human),[CYP2D6 protein results in increased metabolism of eugenol] which results in increased abundance of 2-hydroxychavicol,NULL,NULL,PMID:15576237,https://www.ncbi.nlm.nih.gov/pubmed/15576237,15576237,NULL,NULL
1868951,70775,CTD,4-Allylpyrocatechol,C051268,2-hydroxychavicol,https://ctdbase.org/detail.go?type=chem&acc=C051268,2953,GSTT2,https://ctdbase.org/detail.go?type=gene&acc=2953,NULL,NULL,2953,GSTT2,9606,Homo sapiens (human),2-hydroxychavicol results in increased expression of GSTT2 mRNA,NULL,NULL,PMID:15331132,https://www.ncbi.nlm.nih.gov/pubmed/15331132,15331132,NULL,NULL
1868952,70775,CTD,4-Allylpyrocatechol,C051268,2-hydroxychavicol,https://ctdbase.org/detail.go?type=chem&acc=C051268,8520,HAT1,https://ctdbase.org/detail.go?type=gene&acc=8520,NULL,NULL,8520,HAT1,9606,Homo sapiens (human),2-hydroxychavicol results in increased expression of HAT1 mRNA,NULL,NULL,PMID:15331132,https://www.ncbi.nlm.nih.gov/pubmed/15331132,15331132,NULL,NULL
1868953,70775,CTD,4-Allylpyrocatechol,C051268,2-hydroxychavicol,https://ctdbase.org/detail.go?type=chem&acc=C051268,3251,HPRT1,https://ctdbase.org/detail.go?type=gene&acc=3251,NULL,NULL,3251,HPRT1,9606,Homo sapiens (human),[2-hydroxychavicol co-treated with benzo(a)pyrene] results in increased mutagenesis of HPRT1 gene,NULL,NULL,PMID:15331132,https://www.ncbi.nlm.nih.gov/pubmed/15331132,15331132,NULL,NULL
1868954,70775,CTD,4-Allylpyrocatechol,C051268,2-hydroxychavicol,https://ctdbase.org/detail.go?type=chem&acc=C051268,5743,PTGS2,https://ctdbase.org/detail.go?type=gene&acc=5743,NULL,NULL,5743,PTGS2,9606,Homo sapiens (human),2-hydroxychavicol results in increased expression of PTGS2 mRNA,NULL,NULL,PMID:12969226,https://www.ncbi.nlm.nih.gov/pubmed/12969226,12969226,NULL,NULL
1868955,70775,CTD,4-Allylpyrocatechol,C051268,2-hydroxychavicol,https://ctdbase.org/detail.go?type=chem&acc=C051268,5743,PTGS2,https://ctdbase.org/detail.go?type=gene&acc=5743,NULL,NULL,5743,PTGS2,9606,Homo sapiens (human),2-hydroxychavicol results in increased expression of PTGS2 protein,NULL,NULL,PMID:12969226|PMID:15331132,https://www.ncbi.nlm.nih.gov/pubmed/12969226|https://www.ncbi.nlm.nih.gov/pubmed/15331132,12969226|15331132,NULL,NULL
1868956,70775,CTD,4-Allylpyrocatechol,C051268,2-hydroxychavicol,https://ctdbase.org/detail.go?type=chem&acc=C051268,7172,TPMT,https://ctdbase.org/detail.go?type=gene&acc=7172,NULL,NULL,7172,TPMT,9606,Homo sapiens (human),2-hydroxychavicol results in increased expression of TPMT mRNA,NULL,NULL,PMID:15331132,https://www.ncbi.nlm.nih.gov/pubmed/15331132,15331132,NULL,NULL
