﻿id,cid,dsn,cmpdname,srccmpd,srccmpdname,srccmpdurl,srctarget,srctargetname,srctargeturl,protacxn,protname,geneid,genename,taxid,taxname,action,actname,actvalue,evids,evurls,pmids,dois,citations
   1960846,5316860,CTD,Syringin,C028305,syringin,https://ctdbase.org/detail.go?type=chem&acc=C028305,581,BAX,https://ctdbase.org/detail.go?type=gene&acc=581,NULL,NULL,581,BAX,9606,Homo sapiens (human),Syringin results in increased expression of BAX protein,NULL,NULL,PMID:35580997,https://www.ncbi.nlm.nih.gov/pubmed/35580997,35580997,NULL,NULL
1960847,5316860,CTD,Syringin,C028305,syringin,https://ctdbase.org/detail.go?type=chem&acc=C028305,596,BCL2,https://ctdbase.org/detail.go?type=gene&acc=596,NULL,NULL,596,BCL2,9606,Homo sapiens (human),Syringin results in decreased expression of BCL2 protein,NULL,NULL,PMID:35580997,https://www.ncbi.nlm.nih.gov/pubmed/35580997,35580997,NULL,NULL
1960848,5316860,CTD,Syringin,C028305,syringin,https://ctdbase.org/detail.go?type=chem&acc=C028305,332,BIRC5,https://ctdbase.org/detail.go?type=gene&acc=332,NULL,NULL,332,BIRC5,9606,Homo sapiens (human),Syringin results in decreased expression of BIRC5 protein,NULL,NULL,PMID:35580997,https://www.ncbi.nlm.nih.gov/pubmed/35580997,35580997,NULL,NULL
1960849,5316860,CTD,Syringin,C028305,syringin,https://ctdbase.org/detail.go?type=chem&acc=C028305,6356,CCL11,https://ctdbase.org/detail.go?type=gene&acc=6356,NULL,NULL,6356,CCL11,10090,Mus musculus (house mouse),Syringin inhibits the reaction [ovalbumin results in increased expression of CCL11 protein],NULL,NULL,PMID:33146439,https://www.ncbi.nlm.nih.gov/pubmed/33146439,33146439,NULL,NULL
1960850,5316860,CTD,Syringin,C028305,syringin,https://ctdbase.org/detail.go?type=chem&acc=C028305,595,CCND1,https://ctdbase.org/detail.go?type=gene&acc=595,NULL,NULL,595,CCND1,9606,Homo sapiens (human),Syringin results in increased expression of CCND1 protein,NULL,NULL,PMID:35580997,https://www.ncbi.nlm.nih.gov/pubmed/35580997,35580997,NULL,NULL
1960851,5316860,CTD,Syringin,C028305,syringin,https://ctdbase.org/detail.go?type=chem&acc=C028305,999,CDH1,https://ctdbase.org/detail.go?type=gene&acc=999,NULL,NULL,999,CDH1,9606,Homo sapiens (human),Syringin results in increased expression of CDH1 protein,NULL,NULL,PMID:35580997,https://www.ncbi.nlm.nih.gov/pubmed/35580997,35580997,NULL,NULL
1960852,5316860,CTD,Syringin,C028305,syringin,https://ctdbase.org/detail.go?type=chem&acc=C028305,3458,IFNG,https://ctdbase.org/detail.go?type=gene&acc=3458,NULL,NULL,3458,IFNG,10090,Mus musculus (house mouse),Syringin inhibits the reaction [ovalbumin results in increased expression of IFNG protein],NULL,NULL,PMID:33146439,https://www.ncbi.nlm.nih.gov/pubmed/33146439,33146439,NULL,NULL
1960853,5316860,CTD,Syringin,C028305,syringin,https://ctdbase.org/detail.go?type=chem&acc=C028305,107653060,IL12,https://ctdbase.org/detail.go?type=gene&acc=107653060,NULL,NULL,107653060,NULL,10090,Mus musculus (house mouse),Syringin inhibits the reaction [ovalbumin results in increased expression of IL12 protein],NULL,NULL,PMID:33146439,https://www.ncbi.nlm.nih.gov/pubmed/33146439,33146439,NULL,NULL
1960854,5316860,CTD,Syringin,C028305,syringin,https://ctdbase.org/detail.go?type=chem&acc=C028305,3596,IL13,https://ctdbase.org/detail.go?type=gene&acc=3596,NULL,NULL,3596,IL13,10090,Mus musculus (house mouse),Syringin inhibits the reaction [ovalbumin results in increased expression of IL13 protein],NULL,NULL,PMID:33146439,https://www.ncbi.nlm.nih.gov/pubmed/33146439,33146439,NULL,NULL
1960855,5316860,CTD,Syringin,C028305,syringin,https://ctdbase.org/detail.go?type=chem&acc=C028305,3565,IL4,https://ctdbase.org/detail.go?type=gene&acc=3565,NULL,NULL,3565,IL4,10090,Mus musculus (house mouse),Syringin inhibits the reaction [ovalbumin results in increased expression of IL4 protein],NULL,NULL,PMID:33146439,https://www.ncbi.nlm.nih.gov/pubmed/33146439,33146439,NULL,NULL
1960856,5316860,CTD,Syringin,C028305,syringin,https://ctdbase.org/detail.go?type=chem&acc=C028305,3567,IL5,https://ctdbase.org/detail.go?type=gene&acc=3567,NULL,NULL,3567,IL5,10090,Mus musculus (house mouse),Syringin inhibits the reaction [ovalbumin results in increased expression of IL5 protein],NULL,NULL,PMID:33146439,https://www.ncbi.nlm.nih.gov/pubmed/33146439,33146439,NULL,NULL
1960857,5316860,CTD,Syringin,C028305,syringin,https://ctdbase.org/detail.go?type=chem&acc=C028305,3569,IL6,https://ctdbase.org/detail.go?type=gene&acc=3569,NULL,NULL,3569,IL6,10090,Mus musculus (house mouse),Syringin inhibits the reaction [ovalbumin results in increased expression of IL6 protein],NULL,NULL,PMID:33146439,https://www.ncbi.nlm.nih.gov/pubmed/33146439,33146439,NULL,NULL
1960858,5316860,CTD,Syringin,C028305,syringin,https://ctdbase.org/detail.go?type=chem&acc=C028305,4353,MPO,https://ctdbase.org/detail.go?type=gene&acc=4353,NULL,NULL,4353,MPO,10090,Mus musculus (house mouse),Syringin inhibits the reaction [ovalbumin results in increased activity of MPO protein],NULL,NULL,PMID:33146439,https://www.ncbi.nlm.nih.gov/pubmed/33146439,33146439,NULL,NULL
1960859,5316860,CTD,Syringin,C028305,syringin,https://ctdbase.org/detail.go?type=chem&acc=C028305,4792,NFKBIA,https://ctdbase.org/detail.go?type=gene&acc=4792,NULL,NULL,4792,NFKBIA,10090,Mus musculus (house mouse),Syringin inhibits the reaction [ovalbumin results in increased expression of and results in increased phosphorylation of NFKBIA protein],NULL,NULL,PMID:33146439,https://www.ncbi.nlm.nih.gov/pubmed/33146439,33146439,NULL,NULL
1960860,5316860,CTD,Syringin,C028305,syringin,https://ctdbase.org/detail.go?type=chem&acc=C028305,5970,RELA,https://ctdbase.org/detail.go?type=gene&acc=5970,NULL,NULL,5970,RELA,10090,Mus musculus (house mouse),Syringin inhibits the reaction [ovalbumin results in increased expression of and results in increased phosphorylation of RELA protein],NULL,NULL,PMID:33146439,https://www.ncbi.nlm.nih.gov/pubmed/33146439,33146439,NULL,NULL
1960861,5316860,CTD,Syringin,C028305,syringin,https://ctdbase.org/detail.go?type=chem&acc=C028305,8878,SQSTM1,https://ctdbase.org/detail.go?type=gene&acc=8878,NULL,NULL,8878,SQSTM1,9606,Homo sapiens (human),Syringin results in decreased expression of SQSTM1 protein,NULL,NULL,PMID:35580997,https://www.ncbi.nlm.nih.gov/pubmed/35580997,35580997,NULL,NULL
1960862,5316860,CTD,Syringin,C028305,syringin,https://ctdbase.org/detail.go?type=chem&acc=C028305,7124,TNF,https://ctdbase.org/detail.go?type=gene&acc=7124,NULL,NULL,7124,TNF,10090,Mus musculus (house mouse),Syringin inhibits the reaction [ovalbumin results in increased expression of TNF protein],NULL,NULL,PMID:33146439,https://www.ncbi.nlm.nih.gov/pubmed/33146439,33146439,NULL,NULL
1960863,5316860,CTD,Syringin,C028305,syringin,https://ctdbase.org/detail.go?type=chem&acc=C028305,7157,TP53,https://ctdbase.org/detail.go?type=gene&acc=7157,NULL,NULL,7157,TP53,9606,Homo sapiens (human),Syringin results in increased expression of TP53 protein,NULL,NULL,PMID:35580997,https://www.ncbi.nlm.nih.gov/pubmed/35580997,35580997,NULL,NULL
