﻿id,cid,dsn,cmpdname,srccmpd,srccmpdname,srccmpdurl,srctarget,srctargetname,srctargeturl,protacxn,protname,geneid,genename,taxid,taxname,action,actname,actvalue,evids,evurls,pmids,dois,citations
   1032115,31211,CTD,Zingerone,C013738,zingerone,https://ctdbase.org/detail.go?type=chem&acc=C013738,43,ACHE,https://ctdbase.org/detail.go?type=gene&acc=43,NULL,NULL,43,ACHE,10116,Rattus norvegicus (Norway rat),Zingerone affects the reaction [vancomycin affects the activity of ACHE protein]|zingerone affects the activity of ACHE protein,NULL,NULL,PMID:31454121,https://www.ncbi.nlm.nih.gov/pubmed/31454121,31454121,NULL,NULL
1032116,31211,CTD,Zingerone,C013738,zingerone,https://ctdbase.org/detail.go?type=chem&acc=C013738,207,AKT1,https://ctdbase.org/detail.go?type=gene&acc=207,NULL,NULL,207,AKT1,9606,Homo sapiens (human),Zingerone results in decreased expression of and results in decreased phosphorylation of AKT1 protein,NULL,NULL,PMID:32905641,https://www.ncbi.nlm.nih.gov/pubmed/32905641,32905641,NULL,NULL
1032117,31211,CTD,Zingerone,C013738,zingerone,https://ctdbase.org/detail.go?type=chem&acc=C013738,367,AR,https://ctdbase.org/detail.go?type=gene&acc=367,NULL,NULL,367,AR,9606,Homo sapiens (human),Zingerone binds to and results in decreased activity of AR protein,NULL,NULL,PMID:20226658,https://www.ncbi.nlm.nih.gov/pubmed/20226658,20226658,NULL,NULL
1032118,31211,CTD,Zingerone,C013738,zingerone,https://ctdbase.org/detail.go?type=chem&acc=C013738,581,BAX,https://ctdbase.org/detail.go?type=gene&acc=581,NULL,NULL,581,BAX,9606,Homo sapiens (human),Zingerone results in increased expression of BAX protein,NULL,NULL,PMID:31476248,https://www.ncbi.nlm.nih.gov/pubmed/31476248,31476248,NULL,NULL
1032271,31211,CTD,Zingerone,C013738,zingerone,https://ctdbase.org/detail.go?type=chem&acc=C013738,581,BAX,https://ctdbase.org/detail.go?type=gene&acc=581,NULL,NULL,581,BAX,10116,Rattus norvegicus (Norway rat),Zingerone inhibits the reaction [ethanol results in increased expression of BAX protein],NULL,NULL,PMID:28442378,https://www.ncbi.nlm.nih.gov/pubmed/28442378,28442378,NULL,NULL
1032272,31211,CTD,Zingerone,C013738,zingerone,https://ctdbase.org/detail.go?type=chem&acc=C013738,590,BCHE,https://ctdbase.org/detail.go?type=gene&acc=590,NULL,NULL,590,BCHE,10116,Rattus norvegicus (Norway rat),Zingerone affects the reaction [vancomycin affects the activity of BCHE protein]|zingerone affects the activity of BCHE protein,NULL,NULL,PMID:31454121,https://www.ncbi.nlm.nih.gov/pubmed/31454121,31454121,NULL,NULL
1032273,31211,CTD,Zingerone,C013738,zingerone,https://ctdbase.org/detail.go?type=chem&acc=C013738,596,BCL2,https://ctdbase.org/detail.go?type=gene&acc=596,NULL,NULL,596,BCL2,9606,Homo sapiens (human),Zingerone results in decreased expression of BCL2 protein,NULL,NULL,PMID:31476248,https://www.ncbi.nlm.nih.gov/pubmed/31476248,31476248,NULL,NULL
1032274,31211,CTD,Zingerone,C013738,zingerone,https://ctdbase.org/detail.go?type=chem&acc=C013738,596,BCL2,https://ctdbase.org/detail.go?type=gene&acc=596,NULL,NULL,596,BCL2,10116,Rattus norvegicus (Norway rat),Zingerone inhibits the reaction [ethanol results in decreased expression of BCL2 protein],NULL,NULL,PMID:28442378,https://www.ncbi.nlm.nih.gov/pubmed/28442378,28442378,NULL,NULL
1032275,31211,CTD,Zingerone,C013738,zingerone,https://ctdbase.org/detail.go?type=chem&acc=C013738,637,BID,https://ctdbase.org/detail.go?type=gene&acc=637,NULL,NULL,637,BID,9606,Homo sapiens (human),Zingerone results in increased expression of BID protein,NULL,NULL,PMID:31476248,https://www.ncbi.nlm.nih.gov/pubmed/31476248,31476248,NULL,NULL
1032276,31211,CTD,Zingerone,C013738,zingerone,https://ctdbase.org/detail.go?type=chem&acc=C013738,836,CASP3,https://ctdbase.org/detail.go?type=gene&acc=836,NULL,NULL,836,CASP3,10116,Rattus norvegicus (Norway rat),Zingerone inhibits the reaction [ethanol results in increased expression of CASP3 protein],NULL,NULL,PMID:28442378,https://www.ncbi.nlm.nih.gov/pubmed/28442378,28442378,NULL,NULL
1032277,31211,CTD,Zingerone,C013738,zingerone,https://ctdbase.org/detail.go?type=chem&acc=C013738,842,CASP9,https://ctdbase.org/detail.go?type=gene&acc=842,NULL,NULL,842,CASP9,10116,Rattus norvegicus (Norway rat),Zingerone inhibits the reaction [ethanol results in increased expression of CASP9 protein],NULL,NULL,PMID:28442378,https://www.ncbi.nlm.nih.gov/pubmed/28442378,28442378,NULL,NULL
1032278,31211,CTD,Zingerone,C013738,zingerone,https://ctdbase.org/detail.go?type=chem&acc=C013738,847,CAT,https://ctdbase.org/detail.go?type=gene&acc=847,NULL,NULL,847,CAT,10116,Rattus norvegicus (Norway rat),"Zingerone inhibits the reaction [9,10-dimethyl-1,2-benzanthracene results in decreased activity of CAT protein]",NULL,NULL,PMID:31476248,https://www.ncbi.nlm.nih.gov/pubmed/31476248,31476248,NULL,NULL
1032279,31211,CTD,Zingerone,C013738,zingerone,https://ctdbase.org/detail.go?type=chem&acc=C013738,595,CCND1,https://ctdbase.org/detail.go?type=gene&acc=595,NULL,NULL,595,CCND1,10116,Rattus norvegicus (Norway rat),"Zingerone inhibits the reaction [1,2-dimethylhydrazine results in increased expression of CCND1]",NULL,NULL,PMID:30720227,https://www.ncbi.nlm.nih.gov/pubmed/30720227,30720227,NULL,NULL
1032280,31211,CTD,Zingerone,C013738,zingerone,https://ctdbase.org/detail.go?type=chem&acc=C013738,1048,CEACAM5,https://ctdbase.org/detail.go?type=gene&acc=1048,NULL,NULL,1048,CEACAM5,10116,Rattus norvegicus (Norway rat),"Zingerone inhibits the reaction [9,10-dimethyl-1,2-benzanthracene results in increased expression of CEACAM5 protein]",NULL,NULL,PMID:31476248,https://www.ncbi.nlm.nih.gov/pubmed/31476248,31476248,NULL,NULL
1032281,31211,CTD,Zingerone,C013738,zingerone,https://ctdbase.org/detail.go?type=chem&acc=C013738,1528,CYB5A,https://ctdbase.org/detail.go?type=gene&acc=1528,NULL,NULL,1528,CYB5A,10116,Rattus norvegicus (Norway rat),Zingerone inhibits the reaction [ethanol results in increased activity of CYB5A protein],NULL,NULL,PMID:28442378,https://www.ncbi.nlm.nih.gov/pubmed/28442378,28442378,NULL,NULL
1032444,31211,CTD,Zingerone,C013738,zingerone,https://ctdbase.org/detail.go?type=chem&acc=C013738,1727,CYB5R3,https://ctdbase.org/detail.go?type=gene&acc=1727,NULL,NULL,1727,CYB5R3,10116,Rattus norvegicus (Norway rat),Zingerone inhibits the reaction [ethanol results in increased activity of CYB5R3 protein],NULL,NULL,PMID:28442378,https://www.ncbi.nlm.nih.gov/pubmed/28442378,28442378,NULL,NULL
1032445,31211,CTD,Zingerone,C013738,zingerone,https://ctdbase.org/detail.go?type=chem&acc=C013738,1571,CYP2E1,https://ctdbase.org/detail.go?type=gene&acc=1571,NULL,NULL,1571,CYP2E1,10116,Rattus norvegicus (Norway rat),"Zingerone inhibits the reaction [1,2-dimethylhydrazine results in increased expression of CYP2E1 protein]",NULL,NULL,PMID:30720227,https://www.ncbi.nlm.nih.gov/pubmed/30720227,30720227,NULL,NULL
1032446,31211,CTD,Zingerone,C013738,zingerone,https://ctdbase.org/detail.go?type=chem&acc=C013738,1571,CYP2E1,https://ctdbase.org/detail.go?type=gene&acc=1571,NULL,NULL,1571,CYP2E1,10116,Rattus norvegicus (Norway rat),Zingerone inhibits the reaction [ethanol results in increased activity of CYP2E1 protein],NULL,NULL,PMID:28442378,https://www.ncbi.nlm.nih.gov/pubmed/28442378,28442378,NULL,NULL
1032447,31211,CTD,Zingerone,C013738,zingerone,https://ctdbase.org/detail.go?type=chem&acc=C013738,2936,GSR,https://ctdbase.org/detail.go?type=gene&acc=2936,NULL,NULL,2936,GSR,10116,Rattus norvegicus (Norway rat),"Zingerone inhibits the reaction [9,10-dimethyl-1,2-benzanthracene results in decreased activity of GSR protein]",NULL,NULL,PMID:31476248,https://www.ncbi.nlm.nih.gov/pubmed/31476248,31476248,NULL,NULL
1032448,31211,CTD,Zingerone,C013738,zingerone,https://ctdbase.org/detail.go?type=chem&acc=C013738,3156,HMGCR,https://ctdbase.org/detail.go?type=gene&acc=3156,NULL,NULL,3156,HMGCR,10116,Rattus norvegicus (Norway rat),Zingerone inhibits the reaction [ethanol results in increased activity of HMGCR protein],NULL,NULL,PMID:28442378,https://www.ncbi.nlm.nih.gov/pubmed/28442378,28442378,NULL,NULL
1032449,31211,CTD,Zingerone,C013738,zingerone,https://ctdbase.org/detail.go?type=chem&acc=C013738,3458,IFNG,https://ctdbase.org/detail.go?type=gene&acc=3458,NULL,NULL,3458,IFNG,10090,Mus musculus (house mouse),"Zingerone inhibits the reaction [lipopolysaccharide, escherichia coli O111 B4 results in increased expression of IFNG protein]",NULL,NULL,PMID:29289488,https://www.ncbi.nlm.nih.gov/pubmed/29289488,29289488,NULL,NULL
1032450,31211,CTD,Zingerone,C013738,zingerone,https://ctdbase.org/detail.go?type=chem&acc=C013738,3569,IL6,https://ctdbase.org/detail.go?type=gene&acc=3569,NULL,NULL,3569,IL6,10090,Mus musculus (house mouse),"Zingerone inhibits the reaction [lipopolysaccharide, escherichia coli O111 B4 results in increased expression of IL6 protein]",NULL,NULL,PMID:29289488,https://www.ncbi.nlm.nih.gov/pubmed/29289488,29289488,NULL,NULL
1032451,31211,CTD,Zingerone,C013738,zingerone,https://ctdbase.org/detail.go?type=chem&acc=C013738,3569,IL6,https://ctdbase.org/detail.go?type=gene&acc=3569,NULL,NULL,3569,IL6,10116,Rattus norvegicus (Norway rat),"Zingerone inhibits the reaction [1,2-dimethylhydrazine results in increased expression of IL6 protein]",NULL,NULL,PMID:30720227,https://www.ncbi.nlm.nih.gov/pubmed/30720227,30720227,NULL,NULL
1032452,31211,CTD,Zingerone,C013738,zingerone,https://ctdbase.org/detail.go?type=chem&acc=C013738,3661,IRF3,https://ctdbase.org/detail.go?type=gene&acc=3661,NULL,NULL,3661,IRF3,10090,Mus musculus (house mouse),"Zingerone inhibits the reaction [lipopolysaccharide, escherichia coli O111 B4 results in increased phosphorylation of IRF3 protein]",NULL,NULL,PMID:29289488,https://www.ncbi.nlm.nih.gov/pubmed/29289488,29289488,NULL,NULL
1032453,31211,CTD,Zingerone,C013738,zingerone,https://ctdbase.org/detail.go?type=chem&acc=C013738,3931,LCAT,https://ctdbase.org/detail.go?type=gene&acc=3931,NULL,NULL,3931,LCAT,10116,Rattus norvegicus (Norway rat),Zingerone inhibits the reaction [ethanol results in decreased activity of LCAT protein],NULL,NULL,PMID:28442378,https://www.ncbi.nlm.nih.gov/pubmed/28442378,28442378,NULL,NULL
1032454,31211,CTD,Zingerone,C013738,zingerone,https://ctdbase.org/detail.go?type=chem&acc=C013738,4023,LPL,https://ctdbase.org/detail.go?type=gene&acc=4023,NULL,NULL,4023,LPL,10116,Rattus norvegicus (Norway rat),Zingerone inhibits the reaction [ethanol results in decreased activity of LPL protein],NULL,NULL,PMID:28442378,https://www.ncbi.nlm.nih.gov/pubmed/28442378,28442378,NULL,NULL
1032640,31211,CTD,Zingerone,C013738,zingerone,https://ctdbase.org/detail.go?type=chem&acc=C013738,5594,MAPK1,https://ctdbase.org/detail.go?type=gene&acc=5594,NULL,NULL,5594,MAPK1,10116,Rattus norvegicus (Norway rat),Zingerone results in decreased phosphorylation of MAPK1 protein,NULL,NULL,PMID:20211236,https://www.ncbi.nlm.nih.gov/pubmed/20211236,20211236,NULL,NULL
1032641,31211,CTD,Zingerone,C013738,zingerone,https://ctdbase.org/detail.go?type=chem&acc=C013738,5595,MAPK3,https://ctdbase.org/detail.go?type=gene&acc=5595,NULL,NULL,5595,MAPK3,10116,Rattus norvegicus (Norway rat),Zingerone results in decreased phosphorylation of MAPK3 protein,NULL,NULL,PMID:20211236,https://www.ncbi.nlm.nih.gov/pubmed/20211236,20211236,NULL,NULL
1032642,31211,CTD,Zingerone,C013738,zingerone,https://ctdbase.org/detail.go?type=chem&acc=C013738,4288,MKI67,https://ctdbase.org/detail.go?type=gene&acc=4288,NULL,NULL,4288,MKI67,10116,Rattus norvegicus (Norway rat),"Zingerone inhibits the reaction [1,2-dimethylhydrazine results in increased expression of MKI67 protein]",NULL,NULL,PMID:30720227,https://www.ncbi.nlm.nih.gov/pubmed/30720227,30720227,NULL,NULL
1032643,31211,CTD,Zingerone,C013738,zingerone,https://ctdbase.org/detail.go?type=chem&acc=C013738,2475,MTOR,https://ctdbase.org/detail.go?type=gene&acc=2475,NULL,NULL,2475,MTOR,9606,Homo sapiens (human),Zingerone results in decreased expression of and results in decreased phosphorylation of MTOR protein,NULL,NULL,PMID:32905641,https://www.ncbi.nlm.nih.gov/pubmed/32905641,32905641,NULL,NULL
1032644,31211,CTD,Zingerone,C013738,zingerone,https://ctdbase.org/detail.go?type=chem&acc=C013738,4780,NFE2L2,https://ctdbase.org/detail.go?type=gene&acc=4780,NULL,NULL,4780,NFE2L2,10116,Rattus norvegicus (Norway rat),"Zingerone inhibits the reaction [1,2-dimethylhydrazine results in increased expression of NFE2L2 protein]",NULL,NULL,PMID:30720227,https://www.ncbi.nlm.nih.gov/pubmed/30720227,30720227,NULL,NULL
1032645,31211,CTD,Zingerone,C013738,zingerone,https://ctdbase.org/detail.go?type=chem&acc=C013738,4790,NFKB1,https://ctdbase.org/detail.go?type=gene&acc=4790,NULL,NULL,4790,NFKB1,10116,Rattus norvegicus (Norway rat),Zingerone affects the localization of NFKB1 protein,NULL,NULL,PMID:20211236,https://www.ncbi.nlm.nih.gov/pubmed/20211236,20211236,NULL,NULL
1032646,31211,CTD,Zingerone,C013738,zingerone,https://ctdbase.org/detail.go?type=chem&acc=C013738,4792,NFKBIA,https://ctdbase.org/detail.go?type=gene&acc=4792,NULL,NULL,4792,NFKBIA,10090,Mus musculus (house mouse),"Zingerone inhibits the reaction [lipopolysaccharide, escherichia coli O111 B4 results in decreased expression of NFKBIA protein]",NULL,NULL,PMID:29289488,https://www.ncbi.nlm.nih.gov/pubmed/29289488,29289488,NULL,NULL
1032647,31211,CTD,Zingerone,C013738,zingerone,https://ctdbase.org/detail.go?type=chem&acc=C013738,4843,NOS2,https://ctdbase.org/detail.go?type=gene&acc=4843,NULL,NULL,4843,NOS2,10116,Rattus norvegicus (Norway rat),"Zingerone inhibits the reaction [1,2-dimethylhydrazine results in increased expression of NOS2 protein]",NULL,NULL,PMID:30720227,https://www.ncbi.nlm.nih.gov/pubmed/30720227,30720227,NULL,NULL
1032648,31211,CTD,Zingerone,C013738,zingerone,https://ctdbase.org/detail.go?type=chem&acc=C013738,4843,NOS2,https://ctdbase.org/detail.go?type=gene&acc=4843,NULL,NULL,4843,NOS2,10116,Rattus norvegicus (Norway rat),Zingerone results in decreased expression of NOS2 protein,NULL,NULL,PMID:20211236,https://www.ncbi.nlm.nih.gov/pubmed/20211236,20211236,NULL,NULL
1032649,31211,CTD,Zingerone,C013738,zingerone,https://ctdbase.org/detail.go?type=chem&acc=C013738,1728,NQO1,https://ctdbase.org/detail.go?type=gene&acc=1728,NULL,NULL,1728,NQO1,10116,Rattus norvegicus (Norway rat),Zingerone inhibits the reaction [ethanol results in decreased activity of NQO1 protein],NULL,NULL,PMID:28442378,https://www.ncbi.nlm.nih.gov/pubmed/28442378,28442378,NULL,NULL
1032650,31211,CTD,Zingerone,C013738,zingerone,https://ctdbase.org/detail.go?type=chem&acc=C013738,219438,OR5D18,https://ctdbase.org/detail.go?type=gene&acc=219438,NULL,NULL,219438,OR5D18,10090,Mus musculus (house mouse),Zingerone binds to and results in increased activity of OR5D18 protein,NULL,NULL,PMID:21142015,https://www.ncbi.nlm.nih.gov/pubmed/21142015,21142015,NULL,NULL
1032817,31211,CTD,Zingerone,C013738,zingerone,https://ctdbase.org/detail.go?type=chem&acc=C013738,5111,PCNA,https://ctdbase.org/detail.go?type=gene&acc=5111,NULL,NULL,5111,PCNA,10116,Rattus norvegicus (Norway rat),"Zingerone inhibits the reaction [1,2-dimethylhydrazine results in increased expression of PCNA protein]",NULL,NULL,PMID:30720227,https://www.ncbi.nlm.nih.gov/pubmed/30720227,30720227,NULL,NULL
1032818,31211,CTD,Zingerone,C013738,zingerone,https://ctdbase.org/detail.go?type=chem&acc=C013738,5444,PON1,https://ctdbase.org/detail.go?type=gene&acc=5444,NULL,NULL,5444,PON1,10116,Rattus norvegicus (Norway rat),Zingerone affects the activity of PON1 protein|zingerone affects the reaction [vancomycin results in decreased activity of PON1 protein],NULL,NULL,PMID:31454121,https://www.ncbi.nlm.nih.gov/pubmed/31454121,31454121,NULL,NULL
1032819,31211,CTD,Zingerone,C013738,zingerone,https://ctdbase.org/detail.go?type=chem&acc=C013738,5447,POR,https://ctdbase.org/detail.go?type=gene&acc=5447,NULL,NULL,5447,POR,10116,Rattus norvegicus (Norway rat),Zingerone inhibits the reaction [ethanol results in increased activity of POR protein],NULL,NULL,PMID:28442378,https://www.ncbi.nlm.nih.gov/pubmed/28442378,28442378,NULL,NULL
1032820,31211,CTD,Zingerone,C013738,zingerone,https://ctdbase.org/detail.go?type=chem&acc=C013738,5743,PTGS2,https://ctdbase.org/detail.go?type=gene&acc=5743,NULL,NULL,5743,PTGS2,10116,Rattus norvegicus (Norway rat),"Zingerone inhibits the reaction [1,2-dimethylhydrazine results in increased expression of PTGS2 protein]",NULL,NULL,PMID:30720227,https://www.ncbi.nlm.nih.gov/pubmed/30720227,30720227,NULL,NULL
1032821,31211,CTD,Zingerone,C013738,zingerone,https://ctdbase.org/detail.go?type=chem&acc=C013738,5743,PTGS2,https://ctdbase.org/detail.go?type=gene&acc=5743,NULL,NULL,5743,PTGS2,10116,Rattus norvegicus (Norway rat),Zingerone results in decreased expression of PTGS2 protein,NULL,NULL,PMID:20211236,https://www.ncbi.nlm.nih.gov/pubmed/20211236,20211236,NULL,NULL
1032822,31211,CTD,Zingerone,C013738,zingerone,https://ctdbase.org/detail.go?type=chem&acc=C013738,5970,RELA,https://ctdbase.org/detail.go?type=gene&acc=5970,NULL,NULL,5970,RELA,10116,Rattus norvegicus (Norway rat),Zingerone affects the localization of and results in increased phosphorylation of RELA protein,NULL,NULL,PMID:20211236,https://www.ncbi.nlm.nih.gov/pubmed/20211236,20211236,NULL,NULL
1032823,31211,CTD,Zingerone,C013738,zingerone,https://ctdbase.org/detail.go?type=chem&acc=C013738,5970,RELA,https://ctdbase.org/detail.go?type=gene&acc=5970,NULL,NULL,5970,RELA,10116,Rattus norvegicus (Norway rat),"Zingerone inhibits the reaction [1,2-dimethylhydrazine results in increased expression of RELA protein]",NULL,NULL,PMID:30720227,https://www.ncbi.nlm.nih.gov/pubmed/30720227,30720227,NULL,NULL
1032824,31211,CTD,Zingerone,C013738,zingerone,https://ctdbase.org/detail.go?type=chem&acc=C013738,7040,TGFB1,https://ctdbase.org/detail.go?type=gene&acc=7040,NULL,NULL,7040,TGFB1,10116,Rattus norvegicus (Norway rat),Zingerone inhibits the reaction [streptozocin results in increased expression of TGFB1 protein],NULL,NULL,PMID:28904557,https://www.ncbi.nlm.nih.gov/pubmed/28904557,28904557,NULL,NULL
1032825,31211,CTD,Zingerone,C013738,zingerone,https://ctdbase.org/detail.go?type=chem&acc=C013738,7099,TLR4,https://ctdbase.org/detail.go?type=gene&acc=7099,NULL,NULL,7099,TLR4,10090,Mus musculus (house mouse),"Zingerone inhibits the reaction [lipopolysaccharide, escherichia coli O111 B4 results in increased expression of TLR4 protein]",NULL,NULL,PMID:29289488,https://www.ncbi.nlm.nih.gov/pubmed/29289488,29289488,NULL,NULL
1032826,31211,CTD,Zingerone,C013738,zingerone,https://ctdbase.org/detail.go?type=chem&acc=C013738,7124,TNF,https://ctdbase.org/detail.go?type=gene&acc=7124,NULL,NULL,7124,TNF,10090,Mus musculus (house mouse),"Zingerone inhibits the reaction [lipopolysaccharide, escherichia coli O111 B4 results in increased expression of TNF protein]",NULL,NULL,PMID:29289488,https://www.ncbi.nlm.nih.gov/pubmed/29289488,29289488,NULL,NULL
1032827,31211,CTD,Zingerone,C013738,zingerone,https://ctdbase.org/detail.go?type=chem&acc=C013738,7124,TNF,https://ctdbase.org/detail.go?type=gene&acc=7124,NULL,NULL,7124,TNF,10116,Rattus norvegicus (Norway rat),"Zingerone inhibits the reaction [1,2-dimethylhydrazine results in increased expression of TNF protein]",NULL,NULL,PMID:30720227,https://www.ncbi.nlm.nih.gov/pubmed/30720227,30720227,NULL,NULL
