﻿id,cid,dsn,cmpdname,srccmpd,srccmpdname,srccmpdurl,srctarget,srctargetname,srctargeturl,protacxn,protname,geneid,genename,taxid,taxname,action,actname,actvalue,evids,evurls,pmids,dois,citations
   1124308,73111,BindingDB,Sennoside A,92481,"Sennoside A, G",https://www.bindingdb.org/rwd/bind/chemsearch/marvin/MolStructure.jsp?monomerid=92481,5167,Plasminogen activator inhibitor-1,https://www.bindingdb.org/rwd/jsp/dbsearch/PrimarySearch_ki.jsp?tag=pol&polymerid=5167,P05121,Plasminogen activator inhibitor 1,5054,SERPINE1,9606,Homo sapiens (human),NULL,IC50 (nM),5.1e+4,PMID:20061381,https://www.ncbi.nlm.nih.gov/pubmed/20061381,20061381,NULL,NULL
1236531,73111,DGIdb,Sennoside A,NULL,SENNOSIDE A,https://www.dgidb.org/drugs/SENNOSIDE A,NULL,APEX1,https://www.dgidb.org/genes/APEX1,NULL,NULL,328,APEX1,9606,Homo sapiens (human),NULL,NULL,NULL,NULL,NULL,NULL,NULL,NULL
1812384,73111,BindingDB,Sennoside A,92481,"Sennoside A, G",https://www.bindingdb.org/rwd/bind/chemsearch/marvin/MolStructure.jsp?monomerid=92481,770,Replicase polyprotein 1ab,https://www.bindingdb.org/rwd/jsp/dbsearch/PrimarySearch_ki.jsp?tag=pol&polymerid=770,P0DTD1,Replicase polyprotein 1ab,43740578,ORF1ab,2697049,Severe acute respiratory syndrome coronavirus 2,NULL,IC50 (nM),1590,NULL,NULL,NULL,NULL,NULL
1812385,73111,BindingDB,Sennoside A,92481,"Sennoside A, G",https://www.bindingdb.org/rwd/bind/chemsearch/marvin/MolStructure.jsp?monomerid=92481,770,Replicase polyprotein 1ab,https://www.bindingdb.org/rwd/jsp/dbsearch/PrimarySearch_ki.jsp?tag=pol&polymerid=770,P0DTD1,Replicase polyprotein 1ab,43740578,ORF1ab,2697049,Severe acute respiratory syndrome coronavirus 2,NULL,IC50 (nM),650,NULL,NULL,NULL,NULL,NULL
