﻿id,cid,dsn,cmpdname,srccmpd,srccmpdname,srccmpdurl,srctarget,srctargetname,srctargeturl,protacxn,protname,geneid,genename,taxid,taxname,action,actname,actvalue,evids,evurls,pmids,dois,citations
   1176209,608583,CTD,"1,2-Naphthalenedione, 6-hydroxy-3,8-dimethyl-5-(1-methylethyl)-",C586321,mansonone G,https://ctdbase.org/detail.go?type=chem&acc=C586321,9370,ADIPOQ,https://ctdbase.org/detail.go?type=gene&acc=9370,NULL,NULL,9370,ADIPOQ,10090,Mus musculus (house mouse),Mansonone G results in decreased expression of ADIPOQ protein|mansonone G analog results in decreased expression of ADIPOQ mrna|mansonone G analog results in decreased expression of ADIPOQ protein|mansonone G results in decreased expression of ADIPOQ mRNA,NULL,NULL,PMID:28625492,https://www.ncbi.nlm.nih.gov/pubmed/28625492,28625492,NULL,NULL
1176210,608583,CTD,"1,2-Naphthalenedione, 6-hydroxy-3,8-dimethyl-5-(1-methylethyl)-",C586321,mansonone G,https://ctdbase.org/detail.go?type=chem&acc=C586321,1050,CEBPA,https://ctdbase.org/detail.go?type=gene&acc=1050,NULL,NULL,1050,CEBPA,10090,Mus musculus (house mouse),Mansonone G analog results in decreased expression of CEBPA protein|mansonone G analog results in decreased expression of CEBPA mRNA,NULL,NULL,PMID:28625492,https://www.ncbi.nlm.nih.gov/pubmed/28625492,28625492,NULL,NULL
1176211,608583,CTD,"1,2-Naphthalenedione, 6-hydroxy-3,8-dimethyl-5-(1-methylethyl)-",C586321,mansonone G,https://ctdbase.org/detail.go?type=chem&acc=C586321,2167,FABP4,https://ctdbase.org/detail.go?type=gene&acc=2167,NULL,NULL,2167,FABP4,10090,Mus musculus (house mouse),Mansonone G analog results in decreased expression of FABP4 mrna|mansonone G results in decreased expression of FABP4 mRNA,NULL,NULL,PMID:28625492,https://www.ncbi.nlm.nih.gov/pubmed/28625492,28625492,NULL,NULL
1176212,608583,CTD,"1,2-Naphthalenedione, 6-hydroxy-3,8-dimethyl-5-(1-methylethyl)-",C586321,mansonone G,https://ctdbase.org/detail.go?type=chem&acc=C586321,10135,NAMPT,https://ctdbase.org/detail.go?type=gene&acc=10135,NULL,NULL,10135,NAMPT,10090,Mus musculus (house mouse),Mansonone G analog results in decreased expression of NAMPT mrna|mansonone G results in decreased expression of NAMPT mRNA,NULL,NULL,PMID:28625492,https://www.ncbi.nlm.nih.gov/pubmed/28625492,28625492,NULL,NULL
1176399,608583,CTD,"1,2-Naphthalenedione, 6-hydroxy-3,8-dimethyl-5-(1-methylethyl)-",C586321,mansonone G,https://ctdbase.org/detail.go?type=chem&acc=C586321,5468,PPARG,https://ctdbase.org/detail.go?type=gene&acc=5468,NULL,NULL,5468,PPARG,10090,Mus musculus (house mouse),Mansonone G results in decreased expression of PPARG mrna|mansonone G analog results in decreased expression of PPARG mrna|mansonone G analog results in decreased activity of PPARG protein|mansonone G analog results in decreased expression of PPARG protein,NULL,NULL,PMID:28625492,https://www.ncbi.nlm.nih.gov/pubmed/28625492,28625492,NULL,NULL
1176400,608583,CTD,"1,2-Naphthalenedione, 6-hydroxy-3,8-dimethyl-5-(1-methylethyl)-",C586321,mansonone G,https://ctdbase.org/detail.go?type=chem&acc=C586321,56729,RETN,https://ctdbase.org/detail.go?type=gene&acc=56729,NULL,NULL,56729,RETN,10090,Mus musculus (house mouse),Mansonone G analog results in decreased expression of RETN mrna|mansonone G results in decreased expression of RETN mRNA,NULL,NULL,PMID:28625492,https://www.ncbi.nlm.nih.gov/pubmed/28625492,28625492,NULL,NULL
1176401,608583,CTD,"1,2-Naphthalenedione, 6-hydroxy-3,8-dimethyl-5-(1-methylethyl)-",C586321,mansonone G,https://ctdbase.org/detail.go?type=chem&acc=C586321,7124,TNF,https://ctdbase.org/detail.go?type=gene&acc=7124,NULL,NULL,7124,TNF,10090,Mus musculus (house mouse),Mansonone G results in decreased expression of TNF mrna|mansonone G analog results in decreased expression of TNF mRNA,NULL,NULL,PMID:28625492,https://www.ncbi.nlm.nih.gov/pubmed/28625492,28625492,NULL,NULL
