﻿id,cid,dsn,cmpdname,srccmpd,srccmpdname,srccmpdurl,srctarget,srctargetname,srctargeturl,protacxn,protname,geneid,genename,taxid,taxname,action,actname,actvalue,evids,evurls,pmids,dois,citations
   1148172,5376979,DGIdb,"2',4'-Dihydroxychalcone",NULL,"2',4'-DIHYDROXYCHALCONE","https://www.dgidb.org/drugs/2',4'-DIHYDROXYCHALCONE",NULL,ABCB1,https://www.dgidb.org/genes/ABCB1,NULL,NULL,5243,ABCB1,9606,Homo sapiens (human),NULL,NULL,NULL,PMID:22112540,https://www.ncbi.nlm.nih.gov/pubmed/22112540,22112540,NULL,NULL
1148173,5376979,DGIdb,"2',4'-Dihydroxychalcone",NULL,"2',4'-DIHYDROXYCHALCONE","https://www.dgidb.org/drugs/2',4'-DIHYDROXYCHALCONE",NULL,VDR,https://www.dgidb.org/genes/VDR,NULL,NULL,7421,VDR,9606,Homo sapiens (human),NULL,NULL,NULL,NULL,NULL,NULL,NULL,NULL
1404765,5376979,BindingDB,"2',4'-Dihydroxychalcone",50042987,"(E)-1-(2,4-Dihydroxy-phenyl)-3-phenyl-propenone",https://www.bindingdb.org/rwd/bind/chemsearch/marvin/MolStructure.jsp?monomerid=50042987,4998,Tyrosinase,https://www.bindingdb.org/rwd/jsp/dbsearch/PrimarySearch_ki.jsp?tag=pol&polymerid=4998,O42713,Polyphenol oxidase 2,NULL,NULL,5341,Agaricus bisporus,NULL,IC50 (nM),1.1022e+5,PMID:23461881,https://www.ncbi.nlm.nih.gov/pubmed/23461881,23461881,NULL,NULL
1526286,5376979,CTD,"2',4'-Dihydroxychalcone",C059354,"2',4'-dihydroxychalcone",https://ctdbase.org/detail.go?type=chem&acc=C059354,332,BIRC5,https://ctdbase.org/detail.go?type=gene&acc=332,NULL,NULL,332,BIRC5,9606,Homo sapiens (human),"2',4'-dihydroxychalcone results in decreased expression of BIRC5 mRNA",NULL,NULL,PMID:20471467,https://www.ncbi.nlm.nih.gov/pubmed/20471467,20471467,NULL,NULL
1526287,5376979,CTD,"2',4'-Dihydroxychalcone",C059354,"2',4'-dihydroxychalcone",https://ctdbase.org/detail.go?type=chem&acc=C059354,836,CASP3,https://ctdbase.org/detail.go?type=gene&acc=836,NULL,NULL,836,CASP3,9606,Homo sapiens (human),"2',4'-dihydroxychalcone results in increased activity of CASP3 protein",NULL,NULL,PMID:20471467,https://www.ncbi.nlm.nih.gov/pubmed/20471467,20471467,NULL,NULL
1526288,5376979,CTD,"2',4'-Dihydroxychalcone",C059354,"2',4'-dihydroxychalcone",https://ctdbase.org/detail.go?type=chem&acc=C059354,54658,UGT1A1,https://ctdbase.org/detail.go?type=gene&acc=54658,NULL,NULL,54658,UGT1A1,9606,Homo sapiens (human),"UGT1A1 protein results in increased glucuronidation of 2',4'-dihydroxychalcone",NULL,NULL,PMID:14557274,https://www.ncbi.nlm.nih.gov/pubmed/14557274,14557274,NULL,NULL
1526289,5376979,CTD,"2',4'-Dihydroxychalcone",C059354,"2',4'-dihydroxychalcone",https://ctdbase.org/detail.go?type=chem&acc=C059354,54575,UGT1A10,https://ctdbase.org/detail.go?type=gene&acc=54575,NULL,NULL,54575,UGT1A10,9606,Homo sapiens (human),"UGT1A10 protein results in increased glucuronidation of 2',4'-dihydroxychalcone",NULL,NULL,PMID:14557274,https://www.ncbi.nlm.nih.gov/pubmed/14557274,14557274,NULL,NULL
1526290,5376979,CTD,"2',4'-Dihydroxychalcone",C059354,"2',4'-dihydroxychalcone",https://ctdbase.org/detail.go?type=chem&acc=C059354,54577,UGT1A7,https://ctdbase.org/detail.go?type=gene&acc=54577,NULL,NULL,54577,UGT1A7,9606,Homo sapiens (human),"UGT1A7 protein results in increased glucuronidation of 2',4'-dihydroxychalcone",NULL,NULL,PMID:14557274,https://www.ncbi.nlm.nih.gov/pubmed/14557274,14557274,NULL,NULL
1526396,5376979,CTD,"2',4'-Dihydroxychalcone",C059354,"2',4'-dihydroxychalcone",https://ctdbase.org/detail.go?type=chem&acc=C059354,54576,UGT1A8,https://ctdbase.org/detail.go?type=gene&acc=54576,NULL,NULL,54576,UGT1A8,9606,Homo sapiens (human),"UGT1A8 protein results in increased glucuronidation of 2',4'-dihydroxychalcone",NULL,NULL,PMID:14557274,https://www.ncbi.nlm.nih.gov/pubmed/14557274,14557274,NULL,NULL
1526397,5376979,CTD,"2',4'-Dihydroxychalcone",C059354,"2',4'-dihydroxychalcone",https://ctdbase.org/detail.go?type=chem&acc=C059354,54600,UGT1A9,https://ctdbase.org/detail.go?type=gene&acc=54600,NULL,NULL,54600,UGT1A9,9606,Homo sapiens (human),"UGT1A9 protein results in increased glucuronidation of 2',4'-dihydroxychalcone",NULL,NULL,PMID:14557274,https://www.ncbi.nlm.nih.gov/pubmed/14557274,14557274,NULL,NULL
1535146,5376979,DGIdb,"2',4'-Dihydroxychalcone",NULL,"2',4'-DIHYDROXYCHALCONE","https://www.dgidb.org/drugs/2',4'-DIHYDROXYCHALCONE",NULL,ALOX15,https://www.dgidb.org/genes/ALOX15,NULL,NULL,246,ALOX15,9606,Homo sapiens (human),NULL,NULL,NULL,NULL,NULL,NULL,NULL,NULL
1968959,5376979,DGIdb,"2',4'-Dihydroxychalcone",NULL,"2',4'-DIHYDROXYCHALCONE","https://www.dgidb.org/drugs/2',4'-DIHYDROXYCHALCONE",NULL,HPGD,https://www.dgidb.org/genes/HPGD,NULL,NULL,3248,HPGD,9606,Homo sapiens (human),NULL,NULL,NULL,NULL,NULL,NULL,NULL,NULL
