﻿id,cid,dsn,cmpdname,srccmpd,srccmpdname,srccmpdurl,srctarget,srctargetname,srctargeturl,protacxn,protname,geneid,genename,taxid,taxname,action,actname,actvalue,evids,evurls,pmids,dois,citations
   616041,164676,DGIdb,Tanshinone IIA,NULL,TANSHINONE IIA,https://www.dgidb.org/drugs/TANSHINONE IIA,NULL,ALDH1A1,https://www.dgidb.org/genes/ALDH1A1,NULL,NULL,216,ALDH1A1,9606,Homo sapiens (human),NULL,NULL,NULL,NULL,NULL,NULL,NULL,NULL
616042,164676,DGIdb,Tanshinone IIA,NULL,TANSHINONE IIA,https://www.dgidb.org/drugs/TANSHINONE IIA,NULL,MAPT,https://www.dgidb.org/genes/MAPT,NULL,NULL,4137,MAPT,9606,Homo sapiens (human),NULL,NULL,NULL,NULL,NULL,NULL,NULL,NULL
616043,164676,DGIdb,Tanshinone IIA,NULL,TANSHINONE IIA,https://www.dgidb.org/drugs/TANSHINONE IIA,NULL,BAZ2B,https://www.dgidb.org/genes/BAZ2B,NULL,NULL,29994,BAZ2B,9606,Homo sapiens (human),NULL,NULL,NULL,NULL,NULL,NULL,NULL,NULL
616044,164676,DGIdb,Tanshinone IIA,NULL,TANSHINONE IIA,https://www.dgidb.org/drugs/TANSHINONE IIA,NULL,HPGD,https://www.dgidb.org/genes/HPGD,NULL,NULL,3248,HPGD,9606,Homo sapiens (human),NULL,NULL,NULL,NULL,NULL,NULL,NULL,NULL
1139220,164676,DGIdb,Tanshinone IIA,NULL,TANSHINONE IIA,https://www.dgidb.org/drugs/TANSHINONE IIA,NULL,APAF1,https://www.dgidb.org/genes/APAF1,NULL,NULL,317,APAF1,9606,Homo sapiens (human),NULL,NULL,NULL,NULL,NULL,NULL,NULL,NULL
1158021,164676,DGIdb,Tanshinone IIA,NULL,TANSHINONE IIA,https://www.dgidb.org/drugs/TANSHINONE IIA,NULL,EHMT2,https://www.dgidb.org/genes/EHMT2,NULL,NULL,10919,EHMT2,9606,Homo sapiens (human),NULL,NULL,NULL,NULL,NULL,NULL,NULL,NULL
1158022,164676,DGIdb,Tanshinone IIA,NULL,TANSHINONE IIA,https://www.dgidb.org/drugs/TANSHINONE IIA,NULL,POLB,https://www.dgidb.org/genes/POLB,NULL,NULL,5423,POLB,9606,Homo sapiens (human),NULL,NULL,NULL,NULL,NULL,NULL,NULL,NULL
1158023,164676,DGIdb,Tanshinone IIA,NULL,TANSHINONE IIA,https://www.dgidb.org/drugs/TANSHINONE IIA,NULL,AR,https://www.dgidb.org/genes/AR,NULL,NULL,367,AR,9606,Homo sapiens (human),NULL,NULL,NULL,PMID:22175694,https://www.ncbi.nlm.nih.gov/pubmed/22175694,22175694,NULL,NULL
1183109,164676,DGIdb,Tanshinone IIA,NULL,TANSHINONE IIA,https://www.dgidb.org/drugs/TANSHINONE IIA,NULL,HSD17B10,https://www.dgidb.org/genes/HSD17B10,NULL,NULL,3028,HSD17B10,9606,Homo sapiens (human),NULL,NULL,NULL,NULL,NULL,NULL,NULL,NULL
1184963,164676,DGIdb,Tanshinone IIA,NULL,TANSHINONE IIA,https://www.dgidb.org/drugs/TANSHINONE IIA,NULL,KAT2A,https://www.dgidb.org/genes/KAT2A,NULL,NULL,2648,KAT2A,9606,Homo sapiens (human),NULL,NULL,NULL,NULL,NULL,NULL,NULL,NULL
1226103,164676,BindingDB,Tanshinone IIA,83922,"1,6,6-trimethyl-8,9-dihydro-7H-naphtho[1,2-g][1]benzofuran-10,11-dione",https://www.bindingdb.org/rwd/bind/chemsearch/marvin/MolStructure.jsp?monomerid=83922,4753,3C-like proteinase (3CL-PRO),https://www.bindingdb.org/rwd/jsp/dbsearch/PrimarySearch_ki.jsp?tag=pol&polymerid=4753,P0C6X7,Replicase polyprotein 1ab,1489680,ORF1ab,694009,Severe acute respiratory syndrome-related coronavirus,NULL,IC50 (nM),89100,PMID:34798775,https://www.ncbi.nlm.nih.gov/pubmed/34798775,34798775,NULL,NULL
1274197,164676,DGIdb,Tanshinone IIA,NULL,TANSHINONE IIA,https://www.dgidb.org/drugs/TANSHINONE IIA,NULL,KDM4A,https://www.dgidb.org/genes/KDM4A,NULL,NULL,9682,KDM4A,9606,Homo sapiens (human),NULL,NULL,NULL,NULL,NULL,NULL,NULL,NULL
1274198,164676,DGIdb,Tanshinone IIA,NULL,TANSHINONE IIA,https://www.dgidb.org/drugs/TANSHINONE IIA,NULL,POLH,https://www.dgidb.org/genes/POLH,NULL,NULL,5429,POLH,9606,Homo sapiens (human),NULL,NULL,NULL,NULL,NULL,NULL,NULL,NULL
1819772,164676,DGIdb,Tanshinone IIA,NULL,TANSHINONE IIA,https://www.dgidb.org/drugs/TANSHINONE IIA,NULL,VDR,https://www.dgidb.org/genes/VDR,NULL,NULL,7421,VDR,9606,Homo sapiens (human),NULL,NULL,NULL,NULL,NULL,NULL,NULL,NULL
1819773,164676,BindingDB,Tanshinone IIA,83922,"1,6,6-trimethyl-8,9-dihydro-7H-naphtho[1,2-g][1]benzofuran-10,11-dione",https://www.bindingdb.org/rwd/bind/chemsearch/marvin/MolStructure.jsp?monomerid=83922,10768,Papain-like protease (PLpro),https://www.bindingdb.org/rwd/jsp/dbsearch/PrimarySearch_ki.jsp?tag=pol&polymerid=10768,P0C6U8,Replicase polyprotein 1a,NULL,NULL,694009,Severe acute respiratory syndrome-related coronavirus,NULL,IC50 (nM),800,PMID:32852058,https://www.ncbi.nlm.nih.gov/pubmed/32852058,32852058,NULL,NULL
