﻿id,cid,dsn,cmpdname,srccmpd,srccmpdname,srccmpdurl,srctarget,srctargetname,srctargeturl,protacxn,protname,geneid,genename,taxid,taxname,action,actname,actvalue,evids,evurls,pmids,dois,citations
   1368367,5281804,Guide to PHARMACOLOGY,Prunetin,6919,prunetin,https://www.guidetopharmacology.org/GRAC/LigandDisplayForward?ligandId=6919,2595,aldehyde dehydrogenase 2 family member,https://guidetopharmacology.org/GRAC/ObjectDisplayForward?objectId=2595,P05091,"Aldehyde dehydrogenase, mitochondrial",217,ALDH2,9606,Homo sapiens (human),Inhibition,pKi,6.35,PMID:18613661,https://www.ncbi.nlm.nih.gov/pubmed/18613661,18613661,NULL,NULL
1505439,5281804,DGIdb,Prunetin,NULL,PRUNETIN,https://www.dgidb.org/drugs/PRUNETIN,NULL,ALDH2,https://www.dgidb.org/genes/ALDH2,NULL,NULL,217,ALDH2,9606,Homo sapiens (human),Inhibitor,NULL,NULL,NULL,NULL,NULL,NULL,NULL
1506981,5281804,TTD,Prunetin,D0A9RM,prunetin,https://idrblab.net/ttd/data/drug/details/D0A9RM,T44282,Mitochondrial aldehyde dehydrogenase (ALDH2),https://idrblab.net/ttd/data/target/details/T44282,P05091,"Aldehyde dehydrogenase, mitochondrial",217,ALDH2,9606,Homo sapiens (human),Inhibitor,NULL,NULL,NULL,NULL,NULL,NULL,NULL
1513758,5281804,CTD,Prunetin,C083295,prunetin,https://ctdbase.org/detail.go?type=chem&acc=C083295,217,ALDH2,https://ctdbase.org/detail.go?type=gene&acc=217,NULL,NULL,217,ALDH2,10116,Rattus norvegicus (Norway rat),Prunetin results in decreased activity of ALDH2 protein,NULL,NULL,PMID:11142365,https://www.ncbi.nlm.nih.gov/pubmed/11142365,11142365,NULL,NULL
1513759,5281804,CTD,Prunetin,C083295,prunetin,https://ctdbase.org/detail.go?type=chem&acc=C083295,3553,IL1B,https://ctdbase.org/detail.go?type=gene&acc=3553,NULL,NULL,3553,IL1B,10090,Mus musculus (house mouse),"Prunetin inhibits the reaction [lipopolysaccharide, escherichia coli O111 B4 results in increased expression of IL1B mrna]|prunetin inhibits the reaction [lipopolysaccharide, escherichia coli O111 B4 results in increased expression of IL1B protein]",NULL,NULL,PMID:23597450,https://www.ncbi.nlm.nih.gov/pubmed/23597450,23597450,NULL,NULL
1513760,5281804,CTD,Prunetin,C083295,prunetin,https://ctdbase.org/detail.go?type=chem&acc=C083295,3569,IL6,https://ctdbase.org/detail.go?type=gene&acc=3569,NULL,NULL,3569,IL6,10090,Mus musculus (house mouse),"Prunetin inhibits the reaction [lipopolysaccharide, escherichia coli O111 B4 results in increased expression of IL6 protein]|prunetin inhibits the reaction [lipopolysaccharide, escherichia coli O111 B4 results in increased expression of IL6 mrna]",NULL,NULL,PMID:23597450,https://www.ncbi.nlm.nih.gov/pubmed/23597450,23597450,NULL,NULL
1513761,5281804,CTD,Prunetin,C083295,prunetin,https://ctdbase.org/detail.go?type=chem&acc=C083295,4792,NFKBIA,https://ctdbase.org/detail.go?type=gene&acc=4792,NULL,NULL,4792,NFKBIA,10090,Mus musculus (house mouse),"Prunetin inhibits the reaction [lipopolysaccharide, escherichia coli O111 B4 results in increased phosphorylation of and results in increased degradation of NFKBIA protein]",NULL,NULL,PMID:23597450,https://www.ncbi.nlm.nih.gov/pubmed/23597450,23597450,NULL,NULL
1513762,5281804,CTD,Prunetin,C083295,prunetin,https://ctdbase.org/detail.go?type=chem&acc=C083295,4843,NOS2,https://ctdbase.org/detail.go?type=gene&acc=4843,NULL,NULL,4843,NOS2,10090,Mus musculus (house mouse),"Prunetin results in decreased expression of NOS2 mrna|prunetin inhibits the reaction [lipopolysaccharide, escherichia coli O111 B4 results in increased expression of NOS2 protein]|[prunetin results in decreased expression of NOS2 mrna] inhibits the reaction [lipopolysaccharide, escherichia coli O111 B4 results in increased chemical synthesis of nitric oxide]|prunetin inhibits the reaction [lipopolysaccharide, escherichia coli O111 B4 results in increased expression of NOS2 mrna]",NULL,NULL,PMID:23597450,https://www.ncbi.nlm.nih.gov/pubmed/23597450,23597450,NULL,NULL
1513866,5281804,CTD,Prunetin,C083295,prunetin,https://ctdbase.org/detail.go?type=chem&acc=C083295,5743,PTGS2,https://ctdbase.org/detail.go?type=gene&acc=5743,NULL,NULL,5743,PTGS2,10090,Mus musculus (house mouse),"Prunetin inhibits the reaction [lipopolysaccharide, escherichia coli O111 B4 results in increased expression of PTGS2 protein]|[prunetin results in decreased expression of PTGS2 mrna] which results in decreased chemical synthesis of dinoprostone|prunetin inhibits the reaction [lipopolysaccharide, escherichia coli O111 B4 results in increased expression of PTGS2 mrna]|prunetin results in decreased expression of PTGS2 mRNA",NULL,NULL,PMID:23597450,https://www.ncbi.nlm.nih.gov/pubmed/23597450,23597450,NULL,NULL
1513867,5281804,CTD,Prunetin,C083295,prunetin,https://ctdbase.org/detail.go?type=chem&acc=C083295,7124,TNF,https://ctdbase.org/detail.go?type=gene&acc=7124,NULL,NULL,7124,TNF,10090,Mus musculus (house mouse),"Prunetin inhibits the reaction [lipopolysaccharide, escherichia coli O111 B4 results in increased expression of TNF mrna]|prunetin inhibits the reaction [lipopolysaccharide, escherichia coli O111 B4 results in increased expression of TNF protein]",NULL,NULL,PMID:23597450,https://www.ncbi.nlm.nih.gov/pubmed/23597450,23597450,NULL,NULL
