﻿id,cid,dsn,cmpdname,srccmpd,srccmpdname,srccmpdurl,srctarget,srctargetname,srctargeturl,protacxn,protname,geneid,genename,taxid,taxname,action,actname,actvalue,evids,evurls,pmids,dois,citations
   1174760,72724,CTD,Alantolactone,C004363,alantolactone,https://ctdbase.org/detail.go?type=chem&acc=C004363,578,BAK1,https://ctdbase.org/detail.go?type=gene&acc=578,NULL,NULL,578,BAK1,9606,Homo sapiens (human),Alantolactone results in increased expression of BAK1 protein,NULL,NULL,PMID:22721982,https://www.ncbi.nlm.nih.gov/pubmed/22721982,22721982,NULL,NULL
1174761,72724,CTD,Alantolactone,C004363,alantolactone,https://ctdbase.org/detail.go?type=chem&acc=C004363,581,BAX,https://ctdbase.org/detail.go?type=gene&acc=581,NULL,NULL,581,BAX,9606,Homo sapiens (human),Alantolactone results in decreased expression of BAX protein,NULL,NULL,PMID:22721982,https://www.ncbi.nlm.nih.gov/pubmed/22721982,22721982,NULL,NULL
1174912,72724,CTD,Alantolactone,C004363,alantolactone,https://ctdbase.org/detail.go?type=chem&acc=C004363,581,BAX,https://ctdbase.org/detail.go?type=gene&acc=581,NULL,NULL,581,BAX,9606,Homo sapiens (human),Alantolactone results in increased expression of BAX protein,NULL,NULL,PMID:24252419,https://www.ncbi.nlm.nih.gov/pubmed/24252419,24252419,NULL,NULL
1174913,72724,CTD,Alantolactone,C004363,alantolactone,https://ctdbase.org/detail.go?type=chem&acc=C004363,596,BCL2,https://ctdbase.org/detail.go?type=gene&acc=596,NULL,NULL,596,BCL2,9606,Homo sapiens (human),Alantolactone results in decreased expression of BCL2 protein,NULL,NULL,PMID:24252419,https://www.ncbi.nlm.nih.gov/pubmed/24252419,24252419,NULL,NULL
1174914,72724,CTD,Alantolactone,C004363,alantolactone,https://ctdbase.org/detail.go?type=chem&acc=C004363,596,BCL2,https://ctdbase.org/detail.go?type=gene&acc=596,NULL,NULL,596,BCL2,9606,Homo sapiens (human),Alantolactone results in increased expression of BCL2 protein,NULL,NULL,PMID:22721982,https://www.ncbi.nlm.nih.gov/pubmed/22721982,22721982,NULL,NULL
1174915,72724,CTD,Alantolactone,C004363,alantolactone,https://ctdbase.org/detail.go?type=chem&acc=C004363,637,BID,https://ctdbase.org/detail.go?type=gene&acc=637,NULL,NULL,637,BID,9606,Homo sapiens (human),Alantolactone results in increased cleavage of BID protein,NULL,NULL,PMID:22721982,https://www.ncbi.nlm.nih.gov/pubmed/22721982,22721982,NULL,NULL
1174916,72724,CTD,Alantolactone,C004363,alantolactone,https://ctdbase.org/detail.go?type=chem&acc=C004363,836,CASP3,https://ctdbase.org/detail.go?type=gene&acc=836,NULL,NULL,836,CASP3,9606,Homo sapiens (human),Alantolactone results in increased cleavage of CASP3 protein,NULL,NULL,PMID:22721982|PMID:24252419,https://www.ncbi.nlm.nih.gov/pubmed/22721982|https://www.ncbi.nlm.nih.gov/pubmed/24252419,22721982|24252419,NULL,NULL
1174917,72724,CTD,Alantolactone,C004363,alantolactone,https://ctdbase.org/detail.go?type=chem&acc=C004363,841,CASP8,https://ctdbase.org/detail.go?type=gene&acc=841,NULL,NULL,841,CASP8,9606,Homo sapiens (human),Alantolactone results in increased cleavage of CASP8 protein,NULL,NULL,PMID:22721982,https://www.ncbi.nlm.nih.gov/pubmed/22721982,22721982,NULL,NULL
1174918,72724,CTD,Alantolactone,C004363,alantolactone,https://ctdbase.org/detail.go?type=chem&acc=C004363,842,CASP9,https://ctdbase.org/detail.go?type=gene&acc=842,NULL,NULL,842,CASP9,9606,Homo sapiens (human),Alantolactone results in increased activity of CASP9 protein,NULL,NULL,PMID:24252419,https://www.ncbi.nlm.nih.gov/pubmed/24252419,24252419,NULL,NULL
1174919,72724,CTD,Alantolactone,C004363,alantolactone,https://ctdbase.org/detail.go?type=chem&acc=C004363,842,CASP9,https://ctdbase.org/detail.go?type=gene&acc=842,NULL,NULL,842,CASP9,9606,Homo sapiens (human),Alantolactone results in increased cleavage of CASP9 protein,NULL,NULL,PMID:22721982,https://www.ncbi.nlm.nih.gov/pubmed/22721982,22721982,NULL,NULL
1174920,72724,CTD,Alantolactone,C004363,alantolactone,https://ctdbase.org/detail.go?type=chem&acc=C004363,142,PARP1,https://ctdbase.org/detail.go?type=gene&acc=142,NULL,NULL,142,PARP1,9606,Homo sapiens (human),Alantolactone results in increased cleavage of PARP1 protein,NULL,NULL,PMID:22721982,https://www.ncbi.nlm.nih.gov/pubmed/22721982,22721982,NULL,NULL
1174921,72724,CTD,Alantolactone,C004363,alantolactone,https://ctdbase.org/detail.go?type=chem&acc=C004363,406204,PER1B,https://ctdbase.org/detail.go?type=gene&acc=406204,NULL,NULL,406204,per1b,7955,Danio rerio (zebrafish),Alantolactone affects the expression of PER1B mRNA,NULL,NULL,PMID:29940038,https://www.ncbi.nlm.nih.gov/pubmed/29940038,29940038,NULL,NULL
1174922,72724,CTD,Alantolactone,C004363,alantolactone,https://ctdbase.org/detail.go?type=chem&acc=C004363,29122,PRSS50,https://ctdbase.org/detail.go?type=gene&acc=29122,NULL,NULL,29122,PRSS50,9606,Homo sapiens (human),Alantolactone results in decreased expression of PRSS50 mrna|alantolactone results in decreased expression of PRSS50 protein,NULL,NULL,PMID:24252419,https://www.ncbi.nlm.nih.gov/pubmed/24252419,24252419,NULL,NULL
1175113,72724,CTD,Alantolactone,C004363,alantolactone,https://ctdbase.org/detail.go?type=chem&acc=C004363,5970,RELA,https://ctdbase.org/detail.go?type=gene&acc=5970,NULL,NULL,5970,RELA,9606,Homo sapiens (human),Alantolactone results in decreased expression of RELA protein,NULL,NULL,PMID:22721982,https://www.ncbi.nlm.nih.gov/pubmed/22721982,22721982,NULL,NULL
1175114,72724,CTD,Alantolactone,C004363,alantolactone,https://ctdbase.org/detail.go?type=chem&acc=C004363,7157,TP53,https://ctdbase.org/detail.go?type=gene&acc=7157,NULL,NULL,7157,TP53,9606,Homo sapiens (human),Alantolactone results in increased expression of TP53 protein,NULL,NULL,PMID:22721982,https://www.ncbi.nlm.nih.gov/pubmed/22721982,22721982,NULL,NULL
