﻿resolution,pdbid,title,expmethod,lignme,glytoucan,cids,protacxns,geneids,pmids,dois
   1.6,3NVZ,Crystal Structure of Bovine Xanthine Oxidase in Complex with Indole-3-Aldehyde,X-RAY DIFFRACTION,I3A|MTE|MOS|FES|FAD,NULL,10256|135398581|643975,P80457,280960,24397336,10.1021/bi401465u
1.73,3BWL,Crystal structure of PAS domain of HTR-like protein from Haloarcula marismortui,X-RAY DIFFRACTION,MG|I3A,NULL,10256|888,NULL,NULL,NULL,NULL
1.85,2OU3,Crystal structure of a tellurite resistance protein of cog3793 (npun_f6341) from nostoc punctiforme pcc 73102 at 1.85 A resolution,X-RAY DIFFRACTION,CL|EDO|I3A|ZN,NULL,174|312|10256|32051,NULL,NULL,NULL,NULL
2,5A4U,AtGSTF2 from Arabidopsis thaliana in complex with indole-3-aldehyde,X-RAY DIFFRACTION,ACT|I3A,NULL,10256|175,P46422,827931,28174680,10.1002/2211-5463.12168
2.16,7F6X,Structural and mechanistic studies of a novel non-heme iron epimerase/lyase and its utilization in chemoselective synthesis.,X-RAY DIFFRACTION,GOA|I3A|FE,NULL,10256|29936|757,NULL,NULL,NULL,NULL
