﻿id,cid,dsn,cmpdname,srccmpd,srccmpdname,srccmpdurl,srctarget,srctargetname,srctargeturl,protacxn,protname,geneid,genename,taxid,taxname,action,actname,actvalue,evids,evurls,pmids,dois,citations
   1184809,92110,CTD,Cycloartenol,C100089,cycloartenol,https://ctdbase.org/detail.go?type=chem&acc=C100089,847,CAT,https://ctdbase.org/detail.go?type=gene&acc=847,NULL,NULL,847,CAT,10090,Mus musculus (house mouse),Cycloartenol inhibits the reaction [benzoyl peroxide results in decreased activity of CAT protein],NULL,NULL,PMID:12804013,https://www.ncbi.nlm.nih.gov/pubmed/12804013,12804013,NULL,NULL
1184810,92110,CTD,Cycloartenol,C100089,cycloartenol,https://ctdbase.org/detail.go?type=chem&acc=C100089,1429,CRYZ,https://ctdbase.org/detail.go?type=gene&acc=1429,NULL,NULL,1429,CRYZ,10090,Mus musculus (house mouse),Cycloartenol inhibits the reaction [benzoyl peroxide results in decreased activity of CRYZ protein],NULL,NULL,PMID:12804013,https://www.ncbi.nlm.nih.gov/pubmed/12804013,12804013,NULL,NULL
1184811,92110,CTD,Cycloartenol,C100089,cycloartenol,https://ctdbase.org/detail.go?type=chem&acc=C100089,2539,G6PD,https://ctdbase.org/detail.go?type=gene&acc=2539,NULL,NULL,2539,G6PD,10090,Mus musculus (house mouse),Cycloartenol inhibits the reaction [benzoyl peroxide results in decreased activity of G6PD protein],NULL,NULL,PMID:12804013,https://www.ncbi.nlm.nih.gov/pubmed/12804013,12804013,NULL,NULL
1184812,92110,CTD,Cycloartenol,C100089,cycloartenol,https://ctdbase.org/detail.go?type=chem&acc=C100089,2936,GSR,https://ctdbase.org/detail.go?type=gene&acc=2936,NULL,NULL,2936,GSR,10090,Mus musculus (house mouse),Cycloartenol inhibits the reaction [benzoyl peroxide results in decreased activity of GSR protein],NULL,NULL,PMID:12804013,https://www.ncbi.nlm.nih.gov/pubmed/12804013,12804013,NULL,NULL
1184813,92110,CTD,Cycloartenol,C100089,cycloartenol,https://ctdbase.org/detail.go?type=chem&acc=C100089,4953,ODC1,https://ctdbase.org/detail.go?type=gene&acc=4953,NULL,NULL,4953,ODC1,10090,Mus musculus (house mouse),Cycloartenol inhibits the reaction [benzoyl peroxide results in increased activity of ODC1 protein],NULL,NULL,PMID:12804013,https://www.ncbi.nlm.nih.gov/pubmed/12804013,12804013,NULL,NULL
1184814,92110,CTD,Cycloartenol,C100089,cycloartenol,https://ctdbase.org/detail.go?type=chem&acc=C100089,7498,XDH,https://ctdbase.org/detail.go?type=gene&acc=7498,NULL,NULL,7498,XDH,10090,Mus musculus (house mouse),Cycloartenol inhibits the reaction [benzoyl peroxide results in increased activity of XDH protein],NULL,NULL,PMID:12804013,https://www.ncbi.nlm.nih.gov/pubmed/12804013,12804013,NULL,NULL
