﻿id,cid,dsn,cmpdname,srccmpd,srccmpdname,srccmpdurl,srctarget,srctargetname,srctargeturl,protacxn,protname,geneid,genename,taxid,taxname,action,actname,actvalue,evids,evurls,pmids,dois,citations
   1492917,5490139,CTD,Alpinumisoflavone,C000154,alpinumisoflavone,https://ctdbase.org/detail.go?type=chem&acc=C000154,6774,STAT3,https://ctdbase.org/detail.go?type=gene&acc=6774,NULL,NULL,6774,STAT3,9606,Homo sapiens (human),Alpinumisoflavone results in decreased phosphorylation of and results in decreased activity of STAT3 protein,NULL,NULL,PMID:23850732,https://www.ncbi.nlm.nih.gov/pubmed/23850732,23850732,NULL,NULL
1492918,5490139,CTD,Alpinumisoflavone,C000154,alpinumisoflavone,https://ctdbase.org/detail.go?type=chem&acc=C000154,6776,STAT5A,https://ctdbase.org/detail.go?type=gene&acc=6776,NULL,NULL,6776,STAT5A,9606,Homo sapiens (human),Alpinumisoflavone results in decreased phosphorylation of and results in decreased activity of STAT5A protein,NULL,NULL,PMID:23850732,https://www.ncbi.nlm.nih.gov/pubmed/23850732,23850732,NULL,NULL
1492919,5490139,CTD,Alpinumisoflavone,C000154,alpinumisoflavone,https://ctdbase.org/detail.go?type=chem&acc=C000154,6778,STAT6,https://ctdbase.org/detail.go?type=gene&acc=6778,NULL,NULL,6778,STAT6,9606,Homo sapiens (human),Alpinumisoflavone results in decreased phosphorylation of and results in decreased activity of STAT6 protein,NULL,NULL,PMID:23850732,https://www.ncbi.nlm.nih.gov/pubmed/23850732,23850732,NULL,NULL
1492920,5490139,CTD,Alpinumisoflavone,C000154,alpinumisoflavone,https://ctdbase.org/detail.go?type=chem&acc=C000154,581,BAX,https://ctdbase.org/detail.go?type=gene&acc=581,NULL,NULL,581,BAX,9606,Homo sapiens (human),Alpinumisoflavone affects the localization of BAX protein,NULL,NULL,PMID:23850732,https://www.ncbi.nlm.nih.gov/pubmed/23850732,23850732,NULL,NULL
1492921,5490139,CTD,Alpinumisoflavone,C000154,alpinumisoflavone,https://ctdbase.org/detail.go?type=chem&acc=C000154,596,BCL2,https://ctdbase.org/detail.go?type=gene&acc=596,NULL,NULL,596,BCL2,9606,Homo sapiens (human),Alpinumisoflavone results in decreased expression of BCL2 protein,NULL,NULL,PMID:23850732,https://www.ncbi.nlm.nih.gov/pubmed/23850732,23850732,NULL,NULL
1492922,5490139,CTD,Alpinumisoflavone,C000154,alpinumisoflavone,https://ctdbase.org/detail.go?type=chem&acc=C000154,637,BID,https://ctdbase.org/detail.go?type=gene&acc=637,NULL,NULL,637,BID,9606,Homo sapiens (human),Alpinumisoflavone results in decreased expression of BID protein,NULL,NULL,PMID:23850732,https://www.ncbi.nlm.nih.gov/pubmed/23850732,23850732,NULL,NULL
1492923,5490139,CTD,Alpinumisoflavone,C000154,alpinumisoflavone,https://ctdbase.org/detail.go?type=chem&acc=C000154,836,CASP3,https://ctdbase.org/detail.go?type=gene&acc=836,NULL,NULL,836,CASP3,9606,Homo sapiens (human),[alpinumisoflavone results in increased expression of FAS protein] which results in increased cleavage of CASP3 protein|alpinumisoflavone results in increased cleavage of CASP3 protein,NULL,NULL,PMID:23850732,https://www.ncbi.nlm.nih.gov/pubmed/23850732,23850732,NULL,NULL
1493015,5490139,CTD,Alpinumisoflavone,C000154,alpinumisoflavone,https://ctdbase.org/detail.go?type=chem&acc=C000154,842,CASP9,https://ctdbase.org/detail.go?type=gene&acc=842,NULL,NULL,842,CASP9,9606,Homo sapiens (human),[alpinumisoflavone results in increased expression of FAS protein] which results in increased cleavage of CASP9 protein|alpinumisoflavone results in increased cleavage of CASP9 protein,NULL,NULL,PMID:23850732,https://www.ncbi.nlm.nih.gov/pubmed/23850732,23850732,NULL,NULL
1493016,5490139,CTD,Alpinumisoflavone,C000154,alpinumisoflavone,https://ctdbase.org/detail.go?type=chem&acc=C000154,1147,CHUK,https://ctdbase.org/detail.go?type=gene&acc=1147,NULL,NULL,1147,CHUK,9606,Homo sapiens (human),Alpinumisoflavone results in decreased expression of CHUK protein,NULL,NULL,PMID:23850732,https://www.ncbi.nlm.nih.gov/pubmed/23850732,23850732,NULL,NULL
1493017,5490139,CTD,Alpinumisoflavone,C000154,alpinumisoflavone,https://ctdbase.org/detail.go?type=chem&acc=C000154,54205,CYCS,https://ctdbase.org/detail.go?type=gene&acc=54205,NULL,NULL,54205,CYCS,9606,Homo sapiens (human),Alpinumisoflavone affects the localization of CYCS protein,NULL,NULL,PMID:23850732,https://www.ncbi.nlm.nih.gov/pubmed/23850732,23850732,NULL,NULL
1493018,5490139,CTD,Alpinumisoflavone,C000154,alpinumisoflavone,https://ctdbase.org/detail.go?type=chem&acc=C000154,355,FAS,https://ctdbase.org/detail.go?type=gene&acc=355,NULL,NULL,355,FAS,9606,Homo sapiens (human),[alpinumisoflavone results in increased expression of FAS protein] which results in increased cleavage of CASP3 protein|[alpinumisoflavone results in increased expression of FAS protein] which results in increased cleavage of CASP9 protein|alpinumisoflavone results in increased expression of FAS protein,NULL,NULL,PMID:23850732,https://www.ncbi.nlm.nih.gov/pubmed/23850732,23850732,NULL,NULL
1493019,5490139,CTD,Alpinumisoflavone,C000154,alpinumisoflavone,https://ctdbase.org/detail.go?type=chem&acc=C000154,3091,HIF1A,https://ctdbase.org/detail.go?type=gene&acc=3091,NULL,NULL,3091,HIF1A,9606,Homo sapiens (human),"Alpinumisoflavone inhibits the reaction [1,10-phenanthroline deficiency results in increased activity of HIF1A protein]|alpinumisoflavone inhibits the reaction [oxygen deficiency results in increased activity of HIF1A protein]",NULL,NULL,PMID:19091749,https://www.ncbi.nlm.nih.gov/pubmed/19091749,19091749,NULL,NULL
1493020,5490139,CTD,Alpinumisoflavone,C000154,alpinumisoflavone,https://ctdbase.org/detail.go?type=chem&acc=C000154,142,PARP1,https://ctdbase.org/detail.go?type=gene&acc=142,NULL,NULL,142,PARP1,9606,Homo sapiens (human),Alpinumisoflavone results in increased cleavage of PARP1 protein,NULL,NULL,PMID:23850732,https://www.ncbi.nlm.nih.gov/pubmed/23850732,23850732,NULL,NULL
1493021,5490139,CTD,Alpinumisoflavone,C000154,alpinumisoflavone,https://ctdbase.org/detail.go?type=chem&acc=C000154,5970,RELA,https://ctdbase.org/detail.go?type=gene&acc=5970,NULL,NULL,5970,RELA,9606,Homo sapiens (human),Alpinumisoflavone results in decreased expression of RELA protein,NULL,NULL,PMID:23850732,https://www.ncbi.nlm.nih.gov/pubmed/23850732,23850732,NULL,NULL
