﻿id,cid,dsn,cmpdname,srccmpd,srccmpdname,srccmpdurl,srctarget,srctargetname,srctargeturl,protacxn,protname,geneid,genename,taxid,taxname,action,actname,actvalue,evids,evurls,pmids,dois,citations
   871274,10154,DGIdb,Boldine,NULL,BOLDINE,https://www.dgidb.org/drugs/BOLDINE,NULL,HIF1A,https://www.dgidb.org/genes/HIF1A,NULL,NULL,3091,HIF1A,9606,Homo sapiens (human),NULL,NULL,NULL,NULL,NULL,NULL,NULL,NULL
906267,10154,DGIdb,Boldine,NULL,BOLDINE,https://www.dgidb.org/drugs/BOLDINE,NULL,CYP1A2,https://www.dgidb.org/genes/CYP1A2,NULL,NULL,1544,CYP1A2,9606,Homo sapiens (human),NULL,NULL,NULL,NULL,NULL,NULL,NULL,NULL
906268,10154,DGIdb,Boldine,NULL,BOLDINE,https://www.dgidb.org/drugs/BOLDINE,NULL,CYP2D6,https://www.dgidb.org/genes/CYP2D6,NULL,NULL,1565,CYP2D6,9606,Homo sapiens (human),NULL,NULL,NULL,NULL,NULL,NULL,NULL,NULL
1641972,10154,TTD,Boldine,D0LH4L,BOLDINE,https://idrblab.net/ttd/data/drug/details/D0LH4L,T82543,Neuronal acetylcholine receptor beta-2 (CHRNB2),https://idrblab.net/ttd/data/target/details/T82543,P17787,Neuronal acetylcholine receptor subunit beta-2,1141,CHRNB2,9606,Homo sapiens (human),Inhibitor,NULL,NULL,NULL,NULL,NULL,NULL,NULL
1641973,10154,TTD,Boldine,D0LH4L,BOLDINE,https://idrblab.net/ttd/data/drug/details/D0LH4L,T67162,Dopamine D2 receptor (D2R),https://idrblab.net/ttd/data/target/details/T67162,P14416,D(2) dopamine receptor,1813,DRD2,9606,Homo sapiens (human),Inhibitor,NULL,NULL,NULL,NULL,NULL,NULL,NULL
1641974,10154,TTD,Boldine,D0LH4L,BOLDINE,https://idrblab.net/ttd/data/drug/details/D0LH4L,T22118,Dopamine D1 receptor (D1R),https://idrblab.net/ttd/data/target/details/T22118,P21728,D(1A) dopamine receptor,1812,DRD1,9606,Homo sapiens (human),Inhibitor,NULL,NULL,NULL,NULL,NULL,NULL,NULL
1641975,10154,TTD,Boldine,D0LH4L,BOLDINE,https://idrblab.net/ttd/data/drug/details/D0LH4L,T70967,Neuronal acetylcholine receptor alpha-4 (CHRNA4),https://idrblab.net/ttd/data/target/details/T70967,P43681,Neuronal acetylcholine receptor subunit alpha-4,1137,CHRNA4,9606,Homo sapiens (human),Inhibitor,NULL,NULL,NULL,NULL,NULL,NULL,NULL
1669820,10154,DGIdb,Boldine,NULL,BOLDINE,https://www.dgidb.org/drugs/BOLDINE,NULL,HSD17B10,https://www.dgidb.org/genes/HSD17B10,NULL,NULL,3028,HSD17B10,9606,Homo sapiens (human),NULL,NULL,NULL,NULL,NULL,NULL,NULL,NULL
1669821,10154,CTD,Boldine,C011686,boldine,https://ctdbase.org/detail.go?type=chem&acc=C011686,8647,ABCB11,https://ctdbase.org/detail.go?type=gene&acc=8647,NULL,NULL,8647,ABCB11,10116,Rattus norvegicus (Norway rat),Boldine results in increased expression of ABCB11 protein|boldine results in increased expression of ABCB11 mRNA,NULL,NULL,PMID:25771127,https://www.ncbi.nlm.nih.gov/pubmed/25771127,25771127,NULL,NULL
1669822,10154,CTD,Boldine,C011686,boldine,https://ctdbase.org/detail.go?type=chem&acc=C011686,1244,ABCC2,https://ctdbase.org/detail.go?type=gene&acc=1244,NULL,NULL,1244,ABCC2,10116,Rattus norvegicus (Norway rat),Boldine results in increased expression of ABCC2 mRNA,NULL,NULL,PMID:25771127,https://www.ncbi.nlm.nih.gov/pubmed/25771127,25771127,NULL,NULL
1669823,10154,CTD,Boldine,C011686,boldine,https://ctdbase.org/detail.go?type=chem&acc=C011686,183,AGT,https://ctdbase.org/detail.go?type=gene&acc=183,NULL,NULL,183,AGT,9606,Homo sapiens (human),Boldine inhibits the reaction [AGT protein modified form results in increased secretion of superoxides],NULL,NULL,PMID:15944212,https://www.ncbi.nlm.nih.gov/pubmed/15944212,15944212,NULL,NULL
1669824,10154,CTD,Boldine,C011686,boldine,https://ctdbase.org/detail.go?type=chem&acc=C011686,343,AQP8,https://ctdbase.org/detail.go?type=gene&acc=343,NULL,NULL,343,AQP8,10116,Rattus norvegicus (Norway rat),Boldine results in increased expression of AQP8 mRNA,NULL,NULL,PMID:25771127,https://www.ncbi.nlm.nih.gov/pubmed/25771127,25771127,NULL,NULL
1669825,10154,CTD,Boldine,C011686,boldine,https://ctdbase.org/detail.go?type=chem&acc=C011686,847,CAT,https://ctdbase.org/detail.go?type=gene&acc=847,NULL,NULL,847,CAT,10090,Mus musculus (house mouse),Boldine inhibits the reaction [[ethanol co-treated with hydrochloric acid] results in increased activity of CAT protein],NULL,NULL,PMID:32531310,https://www.ncbi.nlm.nih.gov/pubmed/32531310,32531310,NULL,NULL
1669911,10154,CTD,Boldine,C011686,boldine,https://ctdbase.org/detail.go?type=chem&acc=C011686,1812,DRD1,https://ctdbase.org/detail.go?type=gene&acc=1812,NULL,NULL,1812,DRD1,10116,Rattus norvegicus (Norway rat),Boldine analog binds to DRD1 protein|boldine analog inhibits the reaction [SCH 23390 binds to DRD1 protein],NULL,NULL,PMID:10785418,https://www.ncbi.nlm.nih.gov/pubmed/10785418,10785418,NULL,NULL
1669912,10154,CTD,Boldine,C011686,boldine,https://ctdbase.org/detail.go?type=chem&acc=C011686,4353,MPO,https://ctdbase.org/detail.go?type=gene&acc=4353,NULL,NULL,4353,MPO,10090,Mus musculus (house mouse),Boldine inhibits the reaction [[ethanol co-treated with hydrochloric acid] results in increased activity of MPO protein],NULL,NULL,PMID:32531310,https://www.ncbi.nlm.nih.gov/pubmed/32531310,32531310,NULL,NULL
1669913,10154,CTD,Boldine,C011686,boldine,https://ctdbase.org/detail.go?type=chem&acc=C011686,8431,NR0B2,https://ctdbase.org/detail.go?type=gene&acc=8431,NULL,NULL,8431,NR0B2,10116,Rattus norvegicus (Norway rat),Boldine results in increased expression of NR0B2 mRNA,NULL,NULL,PMID:25771127,https://www.ncbi.nlm.nih.gov/pubmed/25771127,25771127,NULL,NULL
1669914,10154,CTD,Boldine,C011686,boldine,https://ctdbase.org/detail.go?type=chem&acc=C011686,9971,NR1H4,https://ctdbase.org/detail.go?type=gene&acc=9971,NULL,NULL,9971,NR1H4,10116,Rattus norvegicus (Norway rat),Boldine results in increased expression of NR1H4 mRNA,NULL,NULL,PMID:25771127,https://www.ncbi.nlm.nih.gov/pubmed/25771127,25771127,NULL,NULL
1669915,10154,CTD,Boldine,C011686,boldine,https://ctdbase.org/detail.go?type=chem&acc=C011686,6522,SLC4A2,https://ctdbase.org/detail.go?type=gene&acc=6522,NULL,NULL,6522,SLC4A2,10116,Rattus norvegicus (Norway rat),Boldine results in increased expression of SLC4A2 mRNA,NULL,NULL,PMID:25771127,https://www.ncbi.nlm.nih.gov/pubmed/25771127,25771127,NULL,NULL
1669916,10154,CTD,Boldine,C011686,boldine,https://ctdbase.org/detail.go?type=chem&acc=C011686,7015,TERT,https://ctdbase.org/detail.go?type=gene&acc=7015,NULL,NULL,7015,TERT,9606,Homo sapiens (human),Boldine results in decreased activity of TERT protein|boldine affects the splicing of TERT mRNA,NULL,NULL,PMID:25746354,https://www.ncbi.nlm.nih.gov/pubmed/25746354,25746354,NULL,NULL
1669917,10154,CTD,Boldine,C011686,boldine,https://ctdbase.org/detail.go?type=chem&acc=C011686,7124,TNF,https://ctdbase.org/detail.go?type=gene&acc=7124,NULL,NULL,7124,TNF,10090,Mus musculus (house mouse),Boldine inhibits the reaction [[ethanol co-treated with hydrochloric acid] results in increased expression of TNF protein],NULL,NULL,PMID:32531310,https://www.ncbi.nlm.nih.gov/pubmed/32531310,32531310,NULL,NULL
1669918,10154,CTD,Boldine,C011686,boldine,https://ctdbase.org/detail.go?type=chem&acc=C011686,54658,UGT1A1,https://ctdbase.org/detail.go?type=gene&acc=54658,NULL,NULL,54658,UGT1A1,10116,Rattus norvegicus (Norway rat),Boldine results in increased expression of UGT1A1 mRNA,NULL,NULL,PMID:25771127,https://www.ncbi.nlm.nih.gov/pubmed/25771127,25771127,NULL,NULL
