﻿id,cid,dsn,cmpdname,srccmpd,srccmpdname,srccmpdurl,srctarget,srctargetname,srctargeturl,protacxn,protname,geneid,genename,taxid,taxname,action,actname,actvalue,evids,evurls,pmids,dois,citations
   1445875,5320438,DGIdb,Pectolinarigenin,NULL,PECTOLINARIGENIN,https://www.dgidb.org/drugs/PECTOLINARIGENIN,NULL,RELA,https://www.dgidb.org/genes/RELA,NULL,NULL,5970,RELA,9606,Homo sapiens (human),NULL,NULL,NULL,NULL,NULL,NULL,NULL,NULL
1451196,5320438,DGIdb,Pectolinarigenin,NULL,PECTOLINARIGENIN,https://www.dgidb.org/drugs/PECTOLINARIGENIN,NULL,ATAD5,https://www.dgidb.org/genes/ATAD5,NULL,NULL,79915,ATAD5,9606,Homo sapiens (human),NULL,NULL,NULL,NULL,NULL,NULL,NULL,NULL
1467283,5320438,DGIdb,Pectolinarigenin,NULL,PECTOLINARIGENIN,https://www.dgidb.org/drugs/PECTOLINARIGENIN,NULL,NFKB1,https://www.dgidb.org/genes/NFKB1,NULL,NULL,4790,NFKB1,9606,Homo sapiens (human),NULL,NULL,NULL,NULL,NULL,NULL,NULL,NULL
1929261,5320438,DGIdb,Pectolinarigenin,NULL,PECTOLINARIGENIN,https://www.dgidb.org/drugs/PECTOLINARIGENIN,NULL,NPC1,https://www.dgidb.org/genes/NPC1,NULL,NULL,4864,NPC1,9606,Homo sapiens (human),NULL,NULL,NULL,NULL,NULL,NULL,NULL,NULL
1938024,5320438,BindingDB,Pectolinarigenin,50064896,"4,5-Dihydroxy-6-methoxy-2-(4-methoxy-phenyl)-chromen-7-one",https://www.bindingdb.org/rwd/bind/chemsearch/marvin/MolStructure.jsp?monomerid=50064896,3881,Mitogen-activated protein kinase 14,https://www.bindingdb.org/rwd/jsp/dbsearch/PrimarySearch_ki.jsp?tag=pol&polymerid=3881,Q16539,Mitogen-activated protein kinase 14,1432,MAPK14,9606,Homo sapiens (human),NULL,IC50 (nM),3.24e+4,PMID:21108268,https://www.ncbi.nlm.nih.gov/pubmed/21108268,21108268,NULL,NULL
1961329,5320438,DGIdb,Pectolinarigenin,NULL,PECTOLINARIGENIN,https://www.dgidb.org/drugs/PECTOLINARIGENIN,NULL,RAB9A,https://www.dgidb.org/genes/RAB9A,NULL,NULL,9367,RAB9A,9606,Homo sapiens (human),NULL,NULL,NULL,NULL,NULL,NULL,NULL,NULL
1961358,5320438,DGIdb,Pectolinarigenin,NULL,PECTOLINARIGENIN,https://www.dgidb.org/drugs/PECTOLINARIGENIN,NULL,NFKB2,https://www.dgidb.org/genes/NFKB2,NULL,NULL,4791,NFKB2,9606,Homo sapiens (human),NULL,NULL,NULL,NULL,NULL,NULL,NULL,NULL
