﻿id,cid,dsn,cmpdname,srccmpd,srccmpdname,srccmpdurl,srctarget,srctargetname,srctargeturl,protacxn,protname,geneid,genename,taxid,taxname,action,actname,actvalue,evids,evurls,pmids,dois,citations
   1199823,154279,CTD,Alpinetin,C436748,alpinetin,https://ctdbase.org/detail.go?type=chem&acc=C436748,43,ACHE,https://ctdbase.org/detail.go?type=gene&acc=43,NULL,NULL,43,ACHE,10116,Rattus norvegicus (Norway rat),"Alpinetin results in increased activity of ACHE protein|4-(6-bromo-1,3-benzodioxol-5-yl)-3a,4,5,9b-3H-cyclopenta(c)quinoline inhibits the reaction [alpinetin results in increased activity of ACHE protein]",NULL,NULL,PMID:31034797,https://www.ncbi.nlm.nih.gov/pubmed/31034797,31034797,NULL,NULL
1199824,154279,CTD,Alpinetin,C436748,alpinetin,https://ctdbase.org/detail.go?type=chem&acc=C436748,196,AHR,https://ctdbase.org/detail.go?type=gene&acc=196,NULL,NULL,196,AHR,9606,Homo sapiens (human),AHR protein affects the reaction [[alpinetin co-treated with TNF protein] results in increased expression of BECN1 protein]|ahr protein affects the reaction [alpinetin inhibits the reaction [TNF protein results in increased phosphorylation of RPS6 protein]]|ahr protein affects the reaction [[alpinetin co-treated with TNF protein] results in decreased expression of SQSTM1 protein]|alpinetin promotes the reaction [TNF promotes the reaction [AHR protein binds to SUV39H1 protein]]|ahr protein affects the reaction [[alpinetin co-treated with TNF protein] results in increased expression of ATG7 mrna]|ahr protein affects the reaction [alpinetin promotes the reaction [TNF protein results in increased expression of and results in increased lipidation of MAP1LC3B protein]]|ahr protein affects the reaction [[alpinetin co-treated with TNF protein] results in increased expression of ATG5 mrna]|ahr protein affects the reaction [[TNF protein co-treated with alpinetin] results in decreased expression of SUV39H1 protein]|ahr protein affects the reaction [[TNF protein co-treated with alpinetin co-treated with benzyloxycarbonylleucyl-leucyl-leucine aldehyde] results in increased ubiquitination of SUV39H1 protein]|ahr protein affects the reaction [alpinetin inhibits the reaction [TNF protein results in decreased expression of TSC2 mrna]]|ahr protein affects the reaction [alpinetin inhibits the reaction [TNF protein results in increased cleavage of CASP3 protein]]|ahr protein affects the reaction [alpinetin inhibits the reaction [TNF protein results in increased phosphorylation of RPS6KB1 protein]],NULL,NULL,PMID:31676321,https://www.ncbi.nlm.nih.gov/pubmed/31676321,31676321,NULL,NULL
1199825,154279,CTD,Alpinetin,C436748,alpinetin,https://ctdbase.org/detail.go?type=chem&acc=C436748,405,ARNT,https://ctdbase.org/detail.go?type=gene&acc=405,NULL,NULL,405,ARNT,9606,Homo sapiens (human),ARNT protein affects the reaction [alpinetin inhibits the reaction [TNF protein results in decreased expression of CYP1A1 protein]],NULL,NULL,PMID:31676321,https://www.ncbi.nlm.nih.gov/pubmed/31676321,31676321,NULL,NULL
1199826,154279,CTD,Alpinetin,C436748,alpinetin,https://ctdbase.org/detail.go?type=chem&acc=C436748,9474,ATG5,https://ctdbase.org/detail.go?type=gene&acc=9474,NULL,NULL,9474,ATG5,9606,Homo sapiens (human),TSC2 protein affects the reaction [[alpinetin co-treated with TNF protein] results in increased expression of ATG5 mrna]|leucine inhibits the reaction [alpinetin promotes the reaction [dextran sulfate results in increased expression of ATG5 mrna]]|ahr protein affects the reaction [[alpinetin co-treated with TNF protein] results in increased expression of ATG5 mrna]|2-methyl-2H-pyrazole-3-carboxylic acid (2-methyl-4-o-tolylazophenyl)amide inhibits the reaction [alpinetin promotes the reaction [dextran sulfate results in increased expression of ATG5 mrna]]|[alpinetin co-treated with TNF protein] results in increased expression of ATG5 mrna|alpinetin promotes the reaction [dextran sulfate results in increased expression of ATG5 mrna]|2-methyl-2H-pyrazole-3-carboxylic acid (2-methyl-4-o-tolylazophenyl)amide inhibits the reaction [[alpinetin co-treated with TNF protein] results in increased expression of ATG5 mrna],NULL,NULL,PMID:31676321,https://www.ncbi.nlm.nih.gov/pubmed/31676321,31676321,NULL,NULL
1199827,154279,CTD,Alpinetin,C436748,alpinetin,https://ctdbase.org/detail.go?type=chem&acc=C436748,6198,RPS6KB1,https://ctdbase.org/detail.go?type=gene&acc=6198,NULL,NULL,6198,RPS6KB1,9606,Homo sapiens (human),AHR protein affects the reaction [alpinetin inhibits the reaction [TNF protein results in increased phosphorylation of RPS6KB1 protein]]|alpinetin inhibits the reaction [TNF protein results in increased phosphorylation of RPS6KB1 protein]|tsc2 protein affects the reaction [alpinetin inhibits the reaction [TNF protein results in increased phosphorylation of RPS6KB1 protein]]|alpinetin inhibits the reaction [dextran sulfate results in increased phosphorylation of RPS6KB1 protein]|2-methyl-2H-pyrazole-3-carboxylic acid (2-methyl-4-o-tolylazophenyl)amide inhibits the reaction [alpinetin inhibits the reaction [TNF protein results in increased phosphorylation of RPS6KB1 protein]]|2-methyl-2H-pyrazole-3-carboxylic acid (2-methyl-4-o-tolylazophenyl)amide inhibits the reaction [alpinetin inhibits the reaction [dextran sulfate results in increased phosphorylation of RPS6KB1 protein]],NULL,NULL,PMID:31676321,https://www.ncbi.nlm.nih.gov/pubmed/31676321,31676321,NULL,NULL
1199952,154279,CTD,Alpinetin,C436748,alpinetin,https://ctdbase.org/detail.go?type=chem&acc=C436748,8878,SQSTM1,https://ctdbase.org/detail.go?type=gene&acc=8878,NULL,NULL,8878,SQSTM1,9606,Homo sapiens (human),[dextran sulfate co-treated with alpinetin] results in decreased expression of SQSTM1 protein|2-methyl-2H-pyrazole-3-carboxylic acid (2-methyl-4-o-tolylazophenyl)amide inhibits the reaction [[dextran sulfate co-treated with alpinetin] results in decreased expression of SQSTM1 protein]|ahr protein affects the reaction [[alpinetin co-treated with TNF protein] results in decreased expression of SQSTM1 protein]|leucine inhibits the reaction [[dextran sulfate co-treated with alpinetin] results in decreased expression of SQSTM1 protein]|2-methyl-2H-pyrazole-3-carboxylic acid (2-methyl-4-o-tolylazophenyl)amide inhibits the reaction [[alpinetin co-treated with TNF protein] results in decreased expression of SQSTM1 protein]|tsc2 protein affects the reaction [[alpinetin co-treated with TNF protein] results in decreased expression of SQSTM1 protein]|[alpinetin co-treated with TNF protein] results in decreased expression of SQSTM1 protein,NULL,NULL,PMID:31676321,https://www.ncbi.nlm.nih.gov/pubmed/31676321,31676321,NULL,NULL
1199953,154279,CTD,Alpinetin,C436748,alpinetin,https://ctdbase.org/detail.go?type=chem&acc=C436748,6839,SUV39H1,https://ctdbase.org/detail.go?type=gene&acc=6839,NULL,NULL,6839,SUV39H1,9606,Homo sapiens (human),2-methyl-2H-pyrazole-3-carboxylic acid (2-methyl-4-o-tolylazophenyl)amide inhibits the reaction [[TNF protein co-treated with alpinetin] results in decreased expression of SUV39H1 protein]|benzyloxycarbonylleucyl-leucyl-leucine aldehyde inhibits the reaction [[TNF protein co-treated with alpinetin] results in decreased expression of SUV39H1 protein]|alpinetin promotes the reaction [TNF promotes the reaction [AHR protein binds to SUV39H1 protein]]|[tnf protein co-treated with alpinetin] results in decreased expression of SUV39H1 protein|2-methyl-2H-pyrazole-3-carboxylic acid (2-methyl-4-o-tolylazophenyl)amide inhibits the reaction [alpinetin inhibits the reaction [dextran sulfate results in increased expression of SUV39H1 protein]]|ahr protein affects the reaction [[TNF protein co-treated with alpinetin] results in decreased expression of SUV39H1 protein]|[tnf protein co-treated with alpinetin co-treated with benzyloxycarbonylleucyl-leucyl-leucine aldehyde] results in increased ubiquitination of SUV39H1 protein|ahr protein affects the reaction [[TNF protein co-treated with alpinetin co-treated with benzyloxycarbonylleucyl-leucyl-leucine aldehyde] results in increased ubiquitination of SUV39H1 protein]|alpinetin inhibits the reaction [dextran sulfate results in increased expression of SUV39H1 protein]|2-methyl-2H-pyrazole-3-carboxylic acid (2-methyl-4-o-tolylazophenyl)amide inhibits the reaction [[TNF protein co-treated with alpinetin co-treated with benzyloxycarbonylleucyl-leucyl-leucine aldehyde] results in increased ubiquitination of SUV39H1 protein],NULL,NULL,PMID:31676321,https://www.ncbi.nlm.nih.gov/pubmed/31676321,31676321,NULL,NULL
1199954,154279,CTD,Alpinetin,C436748,alpinetin,https://ctdbase.org/detail.go?type=chem&acc=C436748,7249,TSC2,https://ctdbase.org/detail.go?type=gene&acc=7249,NULL,NULL,7249,TSC2,9606,Homo sapiens (human),TSC2 protein affects the reaction [[alpinetin co-treated with TNF protein] results in increased expression of ATG5 mrna]|alpinetin inhibits the reaction [dextran sulfate results in decreased expression of TSC2 protein]|alpinetin inhibits the reaction [TNF protein results in decreased expression of TSC2 protein]|tsc2 protein affects the reaction [[alpinetin co-treated with TNF protein] results in increased expression of ATG7 mrna]|2-methyl-2H-pyrazole-3-carboxylic acid (2-methyl-4-o-tolylazophenyl)amide inhibits the reaction [alpinetin inhibits the reaction [dextran sulfate results in decreased expression of TSC2 protein]]|tsc2 protein affects the reaction [alpinetin promotes the reaction [TNF protein results in increased expression of and results in increased lipidation of MAP1LC3B protein]]|tsc2 protein affects the reaction [alpinetin inhibits the reaction [TNF protein results in increased phosphorylation of RPS6 protein]]|tsc2 protein affects the reaction [[alpinetin co-treated with TNF protein] results in increased expression of BECN1 protein]|ahr protein affects the reaction [alpinetin inhibits the reaction [TNF protein results in decreased expression of TSC2 mrna]]|tsc2 protein affects the reaction [alpinetin inhibits the reaction [TNF protein results in increased phosphorylation of RPS6KB1 protein]]|2-methyl-2H-pyrazole-3-carboxylic acid (2-methyl-4-o-tolylazophenyl)amide inhibits the reaction [alpinetin inhibits the reaction [TNF protein results in decreased expression of TSC2 mrna]]|tsc2 protein affects the reaction [alpinetin inhibits the reaction [TNF protein results in increased cleavage of CASP3 protein]]|tsc2 protein affects the reaction [[alpinetin co-treated with TNF protein] results in decreased expression of SQSTM1 protein]|alpinetin inhibits the reaction [TNF protein results in decreased expression of TSC2 mrna],NULL,NULL,PMID:31676321,https://www.ncbi.nlm.nih.gov/pubmed/31676321,31676321,NULL,NULL
1199955,154279,CTD,Alpinetin,C436748,alpinetin,https://ctdbase.org/detail.go?type=chem&acc=C436748,10533,ATG7,https://ctdbase.org/detail.go?type=gene&acc=10533,NULL,NULL,10533,ATG7,9606,Homo sapiens (human),TSC2 protein affects the reaction [[alpinetin co-treated with TNF protein] results in increased expression of ATG7 mrna]|ahr protein affects the reaction [[alpinetin co-treated with TNF protein] results in increased expression of ATG7 mrna]|2-methyl-2H-pyrazole-3-carboxylic acid (2-methyl-4-o-tolylazophenyl)amide inhibits the reaction [alpinetin promotes the reaction [dextran sulfate results in increased expression of ATG7 mrna]]|2-methyl-2H-pyrazole-3-carboxylic acid (2-methyl-4-o-tolylazophenyl)amide inhibits the reaction [[alpinetin co-treated with TNF protein] results in increased expression of ATG7 mrna]|leucine inhibits the reaction [alpinetin promotes the reaction [dextran sulfate results in increased expression of ATG7 mrna]]|alpinetin promotes the reaction [dextran sulfate results in increased expression of ATG7 mrna]|[alpinetin co-treated with TNF protein] results in increased expression of ATG7 mRNA,NULL,NULL,PMID:31676321,https://www.ncbi.nlm.nih.gov/pubmed/31676321,31676321,NULL,NULL
1200117,154279,CTD,Alpinetin,C436748,alpinetin,https://ctdbase.org/detail.go?type=chem&acc=C436748,8678,BECN1,https://ctdbase.org/detail.go?type=gene&acc=8678,NULL,NULL,8678,BECN1,9606,Homo sapiens (human),AHR protein affects the reaction [[alpinetin co-treated with TNF protein] results in increased expression of BECN1 protein]|leucine inhibits the reaction [[dextran sulfate co-treated with alpinetin] results in increased expression of BECN1 protein]|2-methyl-2H-pyrazole-3-carboxylic acid (2-methyl-4-o-tolylazophenyl)amide inhibits the reaction [[alpinetin co-treated with TNF protein] results in increased expression of BECN1 protein]|[dextran sulfate co-treated with alpinetin] results in increased expression of BECN1 protein|2-methyl-2H-pyrazole-3-carboxylic acid (2-methyl-4-o-tolylazophenyl)amide inhibits the reaction [[dextran sulfate co-treated with alpinetin] results in increased expression of BECN1 protein]|[alpinetin co-treated with TNF protein] results in increased expression of BECN1 protein|tsc2 protein affects the reaction [[alpinetin co-treated with TNF protein] results in increased expression of BECN1 protein],NULL,NULL,PMID:31676321,https://www.ncbi.nlm.nih.gov/pubmed/31676321,31676321,NULL,NULL
1200118,154279,CTD,Alpinetin,C436748,alpinetin,https://ctdbase.org/detail.go?type=chem&acc=C436748,7124,TNF,https://ctdbase.org/detail.go?type=gene&acc=7124,NULL,NULL,7124,TNF,9606,Homo sapiens (human),AHR protein affects the reaction [[alpinetin co-treated with TNF protein] results in increased expression of BECN1 protein]|arnt protein affects the reaction [alpinetin inhibits the reaction [TNF protein results in decreased expression of CYP1A1 protein]]|2-methyl-2H-pyrazole-3-carboxylic acid (2-methyl-4-o-tolylazophenyl)amide inhibits the reaction [[alpinetin co-treated with TNF protein] results in increased expression of ATG7 mrna]|alpinetin inhibits the reaction [TNF protein results in decreased expression of CLDN7 mrna]|alpinetin inhibits the reaction [TNF protein results in decreased expression of OCLN mrna]|tsc2 protein affects the reaction [[alpinetin co-treated with TNF protein] results in increased expression of BECN1 protein]|ahr protein affects the reaction [[TNF protein co-treated with alpinetin co-treated with benzyloxycarbonylleucyl-leucyl-leucine aldehyde] results in increased ubiquitination of SUV39H1 protein]|ahr protein affects the reaction [alpinetin inhibits the reaction [TNF protein results in decreased expression of TSC2 mrna]]|tsc2 protein affects the reaction [alpinetin promotes the reaction [TNF protein results in increased expression of and results in increased lipidation of MAP1LC3B protein]]|[alpinetin co-treated with TNF protein] results in increased expression of ATG7 mrna|ahr protein affects the reaction [alpinetin inhibits the reaction [TNF protein results in increased cleavage of CASP3 protein]]|benzyloxycarbonylleucyl-leucyl-leucine aldehyde inhibits the reaction [[TNF protein co-treated with alpinetin] results in decreased expression of SUV39H1 protein]|alpinetin promotes the reaction [TNF promotes the reaction [AHR protein binds to SUV39H1 protein]]|[tnf protein co-treated with alpinetin] results in decreased expression of SUV39H1 protein|2-methyl-2H-pyrazole-3-carboxylic acid (2-methyl-4-o-tolylazophenyl)amide inhibits the reaction [alpinetin inhibits the reaction [TNF protein results in increased phosphorylation of RPS6 protein]]|alpinetin inhibits the reaction [TNF protein results in decreased expression of CYP1A1 protein]|ahr protein affects the reaction [[alpinetin co-treated with TNF protein] results in increased expression of ATG5 mrna]|ahr protein affects the reaction [[TNF protein co-treated with alpinetin] results in decreased expression of SUV39H1 protein]|alpinetin inhibits the reaction [TNF protein results in increased cleavage of CASP3 protein]|[alpinetin co-treated with TNF protein] results in increased expression of BECN1 protein|tsc2 protein affects the reaction [alpinetin inhibits the reaction [TNF protein results in increased phosphorylation of RPS6KB1 protein]]|2-methyl-2H-pyrazole-3-carboxylic acid (2-methyl-4-o-tolylazophenyl)amide inhibits the reaction [[TNF protein co-treated with alpinetin co-treated with benzyloxycarbonylleucyl-leucyl-leucine aldehyde] results in increased ubiquitination of SUV39H1 protein]|tsc2 protein affects the reaction [[alpinetin co-treated with TNF protein] results in increased expression of ATG5 mrna]|2-methyl-2H-pyrazole-3-carboxylic acid (2-methyl-4-o-tolylazophenyl)amide affects the reaction [alpinetin inhibits the reaction [TNF protein results in increased cleavage of CASP3 protein]]|tsc2 protein affects the reaction [[alpinetin co-treated with TNF protein] results in increased expression of ATG7 mrna]|alpinetin inhibits the reaction [TNF protein results in increased phosphorylation of RPS6KB1 protein]|[alpinetin co-treated with TNF protein] results in increased expression of ATG5 mrna|chloroquine inhibits the reaction [alpinetin inhibits the reaction [TNF protein results in increased cleavage of CASP3 protein]]|2-methyl-2H-pyrazole-3-carboxylic acid (2-methyl-4-o-tolylazophenyl)amide inhibits the reaction [alpinetin inhibits the reaction [TNF protein results in increased phosphorylation of RPS6KB1 protein]]|tsc2 protein affects the reaction [[alpinetin co-treated with TNF protein] results in decreased expression of SQSTM1 protein]|ahr protein affects the reaction [alpinetin inhibits the reaction [TNF protein results in increased phosphorylation of RPS6KB1 protein]]|2-methyl-2H-pyrazole-3-carboxylic acid (2-methyl-4-o-tolylazophenyl)amide inhibits the reaction [[TNF protein co-treated with alpinetin] results in decreased expression of SUV39H1 protein]|alpinetin inhibits the reaction [TNF protein results in decreased expression of TSC2 mrna]|alpinetin inhibits the reaction [TNF protein results in decreased expression of TSC2 protein]|ahr protein affects the reaction [alpinetin inhibits the reaction [TNF protein results in increased phosphorylation of RPS6 protein]]|2-methyl-2H-pyrazole-3-carboxylic acid (2-methyl-4-o-tolylazophenyl)amide inhibits the reaction [alpinetin promotes the reaction [TNF protein results in increased expression of and results in increased lipidation of MAP1LC3B protein]]|2-methyl-2H-pyrazole-3-carboxylic acid (2-methyl-4-o-tolylazophenyl)amide inhibits the reaction [[alpinetin co-treated with TNF protein] results in increased expression of BECN1 protein]|ahr protein affects the reaction [[alpinetin co-treated with TNF protein] results in decreased expression of SQSTM1 protein]|ahr protein affects the reaction [[alpinetin co-treated with TNF protein] results in increased expression of ATG7 mrna]|2-methyl-2H-pyrazole-3-carboxylic acid (2-methyl-4-o-tolylazophenyl)amide inhibits the reaction [[alpinetin co-treated with TNF protein] results in decreased expression of SQSTM1 protein]|ahr protein affects the reaction [alpinetin promotes the reaction [TNF protein results in increased expression of and results in increased lipidation of MAP1LC3B protein]]|alpinetin inhibits the reaction [TNF protein results in increased phosphorylation of RPS6 protein]|tsc2 protein affects the reaction [alpinetin inhibits the reaction [TNF protein results in increased phosphorylation of RPS6 protein]]|alpinetin promotes the reaction [TNF protein results in increased expression of and results in increased lipidation of MAP1LC3B protein]|2-methyl-2H-pyrazole-3-carboxylic acid (2-methyl-4-o-tolylazophenyl)amide inhibits the reaction [[alpinetin co-treated with TNF protein] results in increased expression of ATG5 mrna]|2-methyl-2H-pyrazole-3-carboxylic acid (2-methyl-4-o-tolylazophenyl)amide inhibits the reaction [alpinetin inhibits the reaction [TNF protein results in decreased expression of TSC2 mrna]]|tsc2 protein affects the reaction [alpinetin inhibits the reaction [TNF protein results in increased cleavage of CASP3 protein]]|[tnf protein co-treated with alpinetin co-treated with benzyloxycarbonylleucyl-leucyl-leucine aldehyde] results in increased ubiquitination of SUV39H1 protein|[alpinetin co-treated with TNF protein] results in decreased expression of SQSTM1 protein,NULL,NULL,PMID:31676321,https://www.ncbi.nlm.nih.gov/pubmed/31676321,31676321,NULL,NULL
1200229,154279,CTD,Alpinetin,C436748,alpinetin,https://ctdbase.org/detail.go?type=chem&acc=C436748,836,CASP3,https://ctdbase.org/detail.go?type=gene&acc=836,NULL,NULL,836,CASP3,9606,Homo sapiens (human),2-methyl-2H-pyrazole-3-carboxylic acid (2-methyl-4-o-tolylazophenyl)amide affects the reaction [alpinetin inhibits the reaction [TNF protein results in increased cleavage of CASP3 protein]]|alpinetin inhibits the reaction [TNF protein results in increased cleavage of CASP3 protein]|alpinetin inhibits the reaction [dextran sulfate results in increased cleavage of CASP3 protein]|leucine inhibits the reaction [alpinetin inhibits the reaction [dextran sulfate results in increased cleavage of CASP3 protein]]|chloroquine inhibits the reaction [alpinetin inhibits the reaction [TNF protein results in increased cleavage of CASP3 protein]]|tsc2 protein affects the reaction [alpinetin inhibits the reaction [TNF protein results in increased cleavage of CASP3 protein]]|ahr protein affects the reaction [alpinetin inhibits the reaction [TNF protein results in increased cleavage of CASP3 protein]]|2-methyl-2H-pyrazole-3-carboxylic acid (2-methyl-4-o-tolylazophenyl)amide inhibits the reaction [alpinetin inhibits the reaction [dextran sulfate results in increased cleavage of CASP3 protein]],NULL,NULL,PMID:31676321,https://www.ncbi.nlm.nih.gov/pubmed/31676321,31676321,NULL,NULL
1200230,154279,CTD,Alpinetin,C436748,alpinetin,https://ctdbase.org/detail.go?type=chem&acc=C436748,1366,CLDN7,https://ctdbase.org/detail.go?type=gene&acc=1366,NULL,NULL,1366,CLDN7,9606,Homo sapiens (human),Alpinetin inhibits the reaction [TNF protein results in decreased expression of CLDN7 mrna],NULL,NULL,PMID:31676321,https://www.ncbi.nlm.nih.gov/pubmed/31676321,31676321,NULL,NULL
1200231,154279,CTD,Alpinetin,C436748,alpinetin,https://ctdbase.org/detail.go?type=chem&acc=C436748,1543,CYP1A1,https://ctdbase.org/detail.go?type=gene&acc=1543,NULL,NULL,1543,CYP1A1,9606,Homo sapiens (human),Alpinetin inhibits the reaction [TNF protein results in decreased expression of CYP1A1 protein]|arnt protein affects the reaction [alpinetin inhibits the reaction [TNF protein results in decreased expression of CYP1A1 protein]],NULL,NULL,PMID:31676321,https://www.ncbi.nlm.nih.gov/pubmed/31676321,31676321,NULL,NULL
1200232,154279,CTD,Alpinetin,C436748,alpinetin,https://ctdbase.org/detail.go?type=chem&acc=C436748,81631,MAP1LC3B,https://ctdbase.org/detail.go?type=gene&acc=81631,NULL,NULL,81631,MAP1LC3B,9606,Homo sapiens (human),2-methyl-2H-pyrazole-3-carboxylic acid (2-methyl-4-o-tolylazophenyl)amide inhibits the reaction [alpinetin promotes the reaction [TNF protein results in increased expression of and results in increased lipidation of MAP1LC3B protein]]|leucine inhibits the reaction [[dextran sulfate co-treated with alpinetin] results in increased expression of and results in increased lipidation of MAP1LC3B protein]|ahr protein affects the reaction [alpinetin promotes the reaction [TNF protein results in increased expression of and results in increased lipidation of MAP1LC3B protein]]|2-methyl-2H-pyrazole-3-carboxylic acid (2-methyl-4-o-tolylazophenyl)amide inhibits the reaction [[dextran sulfate co-treated with alpinetin] results in increased expression of and results in increased lipidation of MAP1LC3B protein]|[dextran sulfate co-treated with alpinetin] results in increased expression of and results in increased lipidation of MAP1LC3B protein|alpinetin promotes the reaction [TNF protein results in increased expression of and results in increased lipidation of MAP1LC3B protein]|tsc2 protein affects the reaction [alpinetin promotes the reaction [TNF protein results in increased expression of and results in increased lipidation of MAP1LC3B protein]],NULL,NULL,PMID:31676321,https://www.ncbi.nlm.nih.gov/pubmed/31676321,31676321,NULL,NULL
1200233,154279,CTD,Alpinetin,C436748,alpinetin,https://ctdbase.org/detail.go?type=chem&acc=C436748,4353,MPO,https://ctdbase.org/detail.go?type=gene&acc=4353,NULL,NULL,4353,MPO,10090,Mus musculus (house mouse),Leucine inhibits the reaction [alpinetin inhibits the reaction [dextran sulfate results in increased activity of MPO protein]]|2-methyl-2H-pyrazole-3-carboxylic acid (2-methyl-4-o-tolylazophenyl)amide inhibits the reaction [alpinetin inhibits the reaction [dextran sulfate results in increased activity of MPO protein]]|alpinetin inhibits the reaction [dextran sulfate results in increased activity of MPO protein],NULL,NULL,PMID:31676321,https://www.ncbi.nlm.nih.gov/pubmed/31676321,31676321,NULL,NULL
1200234,154279,CTD,Alpinetin,C436748,alpinetin,https://ctdbase.org/detail.go?type=chem&acc=C436748,100506658,OCLN,https://ctdbase.org/detail.go?type=gene&acc=100506658,NULL,NULL,100506658,OCLN,9606,Homo sapiens (human),Alpinetin inhibits the reaction [TNF protein results in decreased expression of OCLN mrna],NULL,NULL,PMID:31676321,https://www.ncbi.nlm.nih.gov/pubmed/31676321,31676321,NULL,NULL
1200235,154279,CTD,Alpinetin,C436748,alpinetin,https://ctdbase.org/detail.go?type=chem&acc=C436748,6194,RPS6,https://ctdbase.org/detail.go?type=gene&acc=6194,NULL,NULL,6194,RPS6,9606,Homo sapiens (human),2-methyl-2H-pyrazole-3-carboxylic acid (2-methyl-4-o-tolylazophenyl)amide inhibits the reaction [alpinetin inhibits the reaction [dextran sulfate results in increased phosphorylation of RPS6 protein]]|ahr protein affects the reaction [alpinetin inhibits the reaction [TNF protein results in increased phosphorylation of RPS6 protein]]|2-methyl-2H-pyrazole-3-carboxylic acid (2-methyl-4-o-tolylazophenyl)amide inhibits the reaction [alpinetin inhibits the reaction [TNF protein results in increased phosphorylation of RPS6 protein]]|alpinetin inhibits the reaction [TNF protein results in increased phosphorylation of RPS6 protein]|tsc2 protein affects the reaction [alpinetin inhibits the reaction [TNF protein results in increased phosphorylation of RPS6 protein]]|alpinetin inhibits the reaction [dextran sulfate results in increased phosphorylation of RPS6 protein],NULL,NULL,PMID:31676321,https://www.ncbi.nlm.nih.gov/pubmed/31676321,31676321,NULL,NULL
