﻿id,cid,dsn,cmpdname,srccmpd,srccmpdname,srccmpdurl,srctarget,srctargetname,srctargeturl,protacxn,protname,geneid,genename,taxid,taxname,action,actname,actvalue,evids,evurls,pmids,dois,citations
   1145520,443024,CTD,Acanthoside B,C087806,acanthoside B,https://ctdbase.org/detail.go?type=chem&acc=C087806,43,ACHE,https://ctdbase.org/detail.go?type=gene&acc=43,NULL,NULL,43,ACHE,10090,Mus musculus (house mouse),Acanthoside B inhibits the reaction [scopolamine results in increased expression of ACHE protein],NULL,NULL,PMID:31077737,https://www.ncbi.nlm.nih.gov/pubmed/31077737,31077737,NULL,NULL
1145521,443024,CTD,Acanthoside B,C087806,acanthoside B,https://ctdbase.org/detail.go?type=chem&acc=C087806,627,BDNF,https://ctdbase.org/detail.go?type=gene&acc=627,NULL,NULL,627,BDNF,10090,Mus musculus (house mouse),[acanthoside B co-treated with scopolamine] results in increased expression of BDNF protein,NULL,NULL,PMID:31077737,https://www.ncbi.nlm.nih.gov/pubmed/31077737,31077737,NULL,NULL
1145522,443024,CTD,Acanthoside B,C087806,acanthoside B,https://ctdbase.org/detail.go?type=chem&acc=C087806,847,CAT,https://ctdbase.org/detail.go?type=gene&acc=847,NULL,NULL,847,CAT,10090,Mus musculus (house mouse),Acanthoside B inhibits the reaction [scopolamine results in decreased activity of CAT protein],NULL,NULL,PMID:31077737,https://www.ncbi.nlm.nih.gov/pubmed/31077737,31077737,NULL,NULL
1145523,443024,CTD,Acanthoside B,C087806,acanthoside B,https://ctdbase.org/detail.go?type=chem&acc=C087806,1385,CREB1,https://ctdbase.org/detail.go?type=gene&acc=1385,NULL,NULL,1385,CREB1,10090,Mus musculus (house mouse),Acanthoside B inhibits the reaction [scopolamine results in decreased phosphorylation of CREB1 protein],NULL,NULL,PMID:31077737,https://www.ncbi.nlm.nih.gov/pubmed/31077737,31077737,NULL,NULL
1145524,443024,CTD,Acanthoside B,C087806,acanthoside B,https://ctdbase.org/detail.go?type=chem&acc=C087806,3586,IL10,https://ctdbase.org/detail.go?type=gene&acc=3586,NULL,NULL,3586,IL10,10090,Mus musculus (house mouse),Acanthoside B inhibits the reaction [scopolamine results in decreased expression of IL10 protein],NULL,NULL,PMID:31077737,https://www.ncbi.nlm.nih.gov/pubmed/31077737,31077737,NULL,NULL
1145525,443024,CTD,Acanthoside B,C087806,acanthoside B,https://ctdbase.org/detail.go?type=chem&acc=C087806,3553,IL1B,https://ctdbase.org/detail.go?type=gene&acc=3553,NULL,NULL,3553,IL1B,10090,Mus musculus (house mouse),Acanthoside B inhibits the reaction [scopolamine results in increased expression of IL1B protein],NULL,NULL,PMID:31077737,https://www.ncbi.nlm.nih.gov/pubmed/31077737,31077737,NULL,NULL
1145526,443024,CTD,Acanthoside B,C087806,acanthoside B,https://ctdbase.org/detail.go?type=chem&acc=C087806,3569,IL6,https://ctdbase.org/detail.go?type=gene&acc=3569,NULL,NULL,3569,IL6,10090,Mus musculus (house mouse),Acanthoside B inhibits the reaction [scopolamine results in increased expression of IL6 protein],NULL,NULL,PMID:31077737,https://www.ncbi.nlm.nih.gov/pubmed/31077737,31077737,NULL,NULL
1145527,443024,CTD,Acanthoside B,C087806,acanthoside B,https://ctdbase.org/detail.go?type=chem&acc=C087806,4843,NOS2,https://ctdbase.org/detail.go?type=gene&acc=4843,NULL,NULL,4843,NOS2,10090,Mus musculus (house mouse),Acanthoside B inhibits the reaction [scopolamine results in increased expression of NOS2 protein],NULL,NULL,PMID:31077737,https://www.ncbi.nlm.nih.gov/pubmed/31077737,31077737,NULL,NULL
1145689,443024,CTD,Acanthoside B,C087806,acanthoside B,https://ctdbase.org/detail.go?type=chem&acc=C087806,4915,NTRK2,https://ctdbase.org/detail.go?type=gene&acc=4915,NULL,NULL,4915,NTRK2,10090,Mus musculus (house mouse),[acanthoside B co-treated with scopolamine] results in increased phosphorylation of NTRK2 protein,NULL,NULL,PMID:31077737,https://www.ncbi.nlm.nih.gov/pubmed/31077737,31077737,NULL,NULL
1145690,443024,CTD,Acanthoside B,C087806,acanthoside B,https://ctdbase.org/detail.go?type=chem&acc=C087806,5743,PTGS2,https://ctdbase.org/detail.go?type=gene&acc=5743,NULL,NULL,5743,PTGS2,10090,Mus musculus (house mouse),Acanthoside B inhibits the reaction [scopolamine results in increased expression of PTGS2 protein],NULL,NULL,PMID:31077737,https://www.ncbi.nlm.nih.gov/pubmed/31077737,31077737,NULL,NULL
1145691,443024,CTD,Acanthoside B,C087806,acanthoside B,https://ctdbase.org/detail.go?type=chem&acc=C087806,7124,TNF,https://ctdbase.org/detail.go?type=gene&acc=7124,NULL,NULL,7124,TNF,10090,Mus musculus (house mouse),Acanthoside B inhibits the reaction [scopolamine results in increased expression of TNF protein],NULL,NULL,PMID:31077737,https://www.ncbi.nlm.nih.gov/pubmed/31077737,31077737,NULL,NULL
