﻿id,cid,dsn,cmpdname,srccmpd,srccmpdname,srccmpdurl,srctarget,srctargetname,srctargeturl,protacxn,protname,geneid,genename,taxid,taxname,action,actname,actvalue,evids,evurls,pmids,dois,citations
   13315,2948,DGIdb,Damnacanthal,NULL,DAMNACANTHAL,https://www.dgidb.org/drugs/DAMNACANTHAL,NULL,MAPT,https://www.dgidb.org/genes/MAPT,NULL,NULL,4137,MAPT,9606,Homo sapiens (human),NULL,NULL,NULL,NULL,NULL,NULL,NULL,NULL
174170,2948,DGIdb,Damnacanthal,NULL,DAMNACANTHAL,https://www.dgidb.org/drugs/DAMNACANTHAL,NULL,EHMT2,https://www.dgidb.org/genes/EHMT2,NULL,NULL,10919,EHMT2,9606,Homo sapiens (human),NULL,NULL,NULL,NULL,NULL,NULL,NULL,NULL
250590,2948,CTD,Damnacanthal,C079170,damnacanthal,https://ctdbase.org/detail.go?type=chem&acc=C079170,3932,LCK,https://ctdbase.org/detail.go?type=gene&acc=3932,NULL,NULL,3932,LCK,10116,Rattus norvegicus (Norway rat),Damnacanthal inhibits the reaction [p-methoxy-N-methylphenethylamine results in increased activity of LCK protein],NULL,NULL,PMID:27553716,https://www.ncbi.nlm.nih.gov/pubmed/27553716,27553716,NULL,NULL
296269,2948,DGIdb,Damnacanthal,NULL,DAMNACANTHAL,https://www.dgidb.org/drugs/DAMNACANTHAL,NULL,VDR,https://www.dgidb.org/genes/VDR,NULL,NULL,7421,VDR,9606,Homo sapiens (human),NULL,NULL,NULL,NULL,NULL,NULL,NULL,NULL
413697,2948,DGIdb,Damnacanthal,NULL,DAMNACANTHAL,https://www.dgidb.org/drugs/DAMNACANTHAL,NULL,ALDH1A1,https://www.dgidb.org/genes/ALDH1A1,NULL,NULL,216,ALDH1A1,9606,Homo sapiens (human),NULL,NULL,NULL,NULL,NULL,NULL,NULL,NULL
