﻿resolution,pdbid,title,expmethod,lignme,glytoucan,cids,protacxns,geneids,pmids,dois
   1.3,4XRG,"Crystal Structure of the Homospermidine Synthase (HSS) variant H296S from Blastochloris viridis in Complex with NAD, Putrescine and Agmatine",X-RAY DIFFRACTION,PUT|NAD|AG2|1PS|ACT,NULL,84929|5892|175|1045|199,O32323,NULL,26776105,10.1038/srep19501
1.5,1JL0,Structure of a Human S-Adenosylmethionine Decarboxylase Self-processing Ester Intermediate and Mechanism of Putrescine Stimulation of Processing as Revealed by the H243A Mutant,X-RAY DIFFRACTION,TRS|PUT,NULL,3777159|1045,P17707|3DZ2_A|3H0V_A|1I7C_A|1I7M_A,262,11583148,10.1021/bi010736o
1.63,6YE0,E.coli's Putrescine receptor PotF complexed with Putrescine,X-RAY DIFFRACTION,ONT|PUT|ONW|JFN,NULL,28154431|10313069|1045|155295715,P31133|1A99_A,66670872|945480,33406388,10.1016/j.str.2020.12.005
1.67,6XXM,Crystal Structure of Human Deoxyhypusine Synthase in complex with putrescine,X-RAY DIFFRACTION,PUT|MPD,NULL,5288834|1045,P49366,1725,32235505,10.3390/biom10040522
1.689,4TVB,"Crystal Structure of the Homospermidine Synthase (HSS) from Blastochloris viridis in Complex with NAD, Putrescine and sym-Homospermidine",X-RAY DIFFRACTION,NAI|PUT|NAD|1PS|37Z,NULL,84929|368|439153|5892|1045,O32323,NULL,26776105,10.1038/srep19501
1.75,1MSV,The S68A S-adenosylmethionine decarboxylase proenzyme processing mutant.,X-RAY DIFFRACTION,TRS|PUT,NULL,3777159|1045,P17707|3DZ2_A|3H0V_A|1I7C_A|1I7M_A,262,12600205,10.1021/bi0268854
1.75,3EPB,Human AdoMetDC E256Q mutant complexed with putrescine,X-RAY DIFFRACTION,PUT|PYR,NULL,1060|1045,P17707|3DZ2_A|3H0V_A|1I7C_A|1I7M_A,262,19053272,10.1021/bi801732m
1.81,3H0W,Human AdoMetDC with 5'-Deoxy-5'-[(N-dimethyl)amino]-8-methyl-adenosine,X-RAY DIFFRACTION,PUT|PYR|N8M,NULL,25231308|1060|1045,P17707|3DZ2_A|3H0V_A|1I7C_A|1I7M_A,262,19527050,10.1021/bi900590m
1.83,3DZ6,Human AdoMetDC with 5'-[(4-aminooxybutyl)methylamino]-5'deoxy-8-ethyladenosine,X-RAY DIFFRACTION,PUT|M8E,NULL,1045|25181315,P17707|3DZ2_A|3H0V_A|1I7C_A|1I7M_A,262,19209891,10.1021/jm801126a
1.84,3DZ4,Human AdoMetDC with 5'-[(2-carboxamidoethyl)methylamino]-5'-deoxy-8-methyladenosine,X-RAY DIFFRACTION,PUT|C8M,NULL,1045|25181313,P17707|3DZ2_A|3H0V_A|1I7C_A|1I7M_A,262,19209891,10.1021/jm801126a
1.86,3DZ2,Human AdoMetDC with 5'-[(3-aminopropyl)methylamino]-5'deoxy-8-methyladenosine,X-RAY DIFFRACTION,PUT|A8M,NULL,25181312|1045,P17707|3DZ2_A|3H0V_A|1I7C_A|1I7M_A,262,19209891,10.1021/jm801126a
1.87,6S72,Crystal Structure of the Homospermidine Synthase (HSS) variant W229A from Blastochloris viridis in Complex with NAD and PUT,X-RAY DIFFRACTION,PUT|NAD,NULL,5892|1045,O32323,NULL,NULL,NULL
1.9,1I7B,HUMAN S-ADENOSYLMETHIONINE DECARBOXYLASE WITH COVALENTLY BOUND PYRUVOYL GROUP AND COVALENTLY BOUND S-ADENOSYLMETHIONINE METHYL ESTER,X-RAY DIFFRACTION,PUT|SMM,NULL,1045,P17707|3DZ2_A|3H0V_A|1I7C_A|1I7M_A,262,11583147,10.1021/bi010735w
1.91,3DZ7,Human AdoMetDC with 5'-[(carboxamidomethyl)methylamino]-5'-deoxy-8-methyladenosine,X-RAY DIFFRACTION,PUT|O8M,NULL,1045|25181316,P17707|3DZ2_A|3H0V_A|1I7C_A|1I7M_A,262,19209891,10.1021/jm801126a
2,1F3T,"CRYSTAL STRUCTURE OF TRYPANOSOMA BRUCEI ORNITHINE DECARBOXYLASE (ODC) COMPLEXED WITH PUTRESCINE, ODC'S REACTION PRODUCT.",X-RAY DIFFRACTION,PUT|PLP,NULL,1051|1045,P07805,NULL,10985770,10.1021/bi001209s
2,1I72,HUMAN S-ADENOSYLMETHIONINE DECARBOXYLASE WITH COVALENTLY BOUND PYRUVOYL GROUP AND COVALENTLY BOUND 5'-DEOXY-5'-[N-METHYL-N-(2-AMINOOXYETHYL) AMINO]ADENOSINE,X-RAY DIFFRACTION,PUT|MAO,NULL,1045|446204,P17707|3DZ2_A|3H0V_A|1I7C_A|1I7M_A,262,11583147,10.1021/bi010735w
2,2O06,Human spermidine synthase,X-RAY DIFFRACTION,MG|MTA|PUT,NULL,439176|1045|888,P19623|3RW9_A,6723,17585781,10.1021/bi602498k
2,3TTM,Crystal structure of SpuD in complex with putrescine,X-RAY DIFFRACTION,PUT,NULL,1045,Q9I6J1|3TTM_A,880655,22300763,10.1016/j.jmb.2012.01.010
2.01,1I79,HUMAN S-ADENOSYLMETHIONINE DECARBOXYLASE WITH COVALENTLY BOUND PYRUVOYL GROUP AND COVALENTLY BOUND 5'-DEOXY-5'-[(3-HYDRAZINOPROPYL)METHYLAMINO]ADENOSINE,X-RAY DIFFRACTION,PUT|MHZ,NULL,1045|122092,P17707|3DZ2_A|3H0V_A|1I7C_A|1I7M_A,262,11583147,10.1021/bi010735w
2.085,4UOX,Crystal structure of YgjG in complex with Pyridoxal-5'-phosphate and putrescine,X-RAY DIFFRACTION,PUT|PEG|GOL|PLP|FMT,NULL,284|753|1051|8117|1045,P42588,947120,25423189,10.1371/journal.pone.0113212
2.1,3EPA,Human AdoMetDC E178Q mutant complexed with putrescine,X-RAY DIFFRACTION,TRS|PUT|PYR,NULL,3777159|1045|1060,P17707|3DZ2_A|3H0V_A|1I7C_A|1I7M_A,262,19053272,10.1021/bi801732m
2.1,4YBB,High-resolution structure of the Escherichia coli ribosome,X-RAY DIFFRACTION,1PE|PG4|PGE|TRS|PUT|MPD|ACY|MG|SPD|GUN|ZN|PEG|EDO,NULL,62551|1102|135398634|3777159|32051|8117|174|5288834|8172|888|176|1045|8200,P68679|P0A7M6|P0AG51|P60422|P0ADZ4|P0ADY7|P0AG44|P0A7V3|P61175|P0A7M2|P0AG63|P0A7W1|P0A7Q1|P68919|P60624|P0A7S3|P0A7T3|P0A7T7|P0A7J7|P0AG59|P02359|P0A7L3|P0A7S9|P60723|P0A7J3|P0A7L8|P0A7X3|P02413|P0A7R5|P0A7U7|P60438|P0A7W7|P0A7N4|P0AG55|P0A7V8|P0A7P5|P0A7Q6|P0ADY3|P0A7K6|P0A7N9|P02358|P62399|P0AA10|P0AG48|P0A7R1|P0A7R9|P0ADZ0|Q31VV8|P0C018|P0A7U3|P0A7V0,947577|9732014|67415353|947807|67415343|69475430|947797|60371122|67415358|69620283|947820|66672933|947686|67415354|69475419|947806|67463958|72531674|947784|72531654|947814|60373126|67415356|69620285|947813|64292959|67417639|69473774|946941|60371752|67415352|69475421|947808|69733388|947795|64336986|67415577|72533836|946349|67414531|945618|64293236|67415350|69753151|947810|67463992|72531640|947845|67414073|947103|948721|9735149|67415316|69475358|948484|67415348|69475425|947801|947846|67462539|72533835|945152|67415339|69475434|947791|67463983|72531649|947818|67415314|69475360|948490|66672913|945190|60373613|64293309|67415938|69753235|949000|947798|67415362|69475411|947816|66671687|944759|67415361|69475412|947817|67415347|69620294|947802|67414282|69616003|945657|67415346|69475427|947803|67415337|69475436|947793|72531240|948216|72531669|947805|67415351|69475422|947809|67414076|69475165|947096|8913847|946318|948723|64293237|67415349|69753152|947800|66672873|947828|67415980|69473963|949057|67414822|69472824|948720|67415338|69620303|947792|67415359|69475414|947819|64338599|72408392|947804|67463980|72531652|947811|67416245|69474083|947874,25775265,10.1038/nsmb.2994
2.15,6Y87,Crystal Structure of the Homospermidine Synthase (HSS) from Pseudomonas aeruginosa in Complex with NAD and PUT,X-RAY DIFFRACTION,PUT|NAD,NULL,5892|1045,NULL,NULL,NULL,NULL
2.17,4BP1,Crystal Structure of Plasmodium Falciparum Spermidine Synthase in Complex with 5'-Methylthioadenosine and Putrescine,X-RAY DIFFRACTION,1PG|GOL|PUT|MTA,NULL,90255|753|1045|439176,NULL,NULL,25760598,10.1107/s1399004714027011
2.18,6QMM,"Crystal structure of Synecochoccus Spermidine Synthase in complex with putrescine, spermidine and MTA",X-RAY DIFFRACTION,PXN|PUT|MTA|SPD,NULL,45489525|1102|1045|439176,Q5N3N4|Q31QK9,NULL,30877192,10.1042/bcj20180811
2.2,1A99,PUTRESCINE RECEPTOR (POTF) FROM E. COLI,X-RAY DIFFRACTION,PUT,NULL,1045,P31133|1A99_A,66670872|945480,9651355,10.1074/jbc.273.28.17604
2.21,7QI4,Human mitochondrial ribosome at 2.2 A resolution,ELECTRON MICROSCOPY,MG|GDP|SPD|FES|SPM|ZN|ATP|PUT|NAD|VAL|K,NULL,813|1103|1102|5957|32051|6287|888|5892|135398619|1045,P82663|Q9BQC6|Q9BYD2|Q9BYD6|Q9Y2R5|P82673|Q9Y3D5|P49406|Q9NWU5|Q9BYN8|Q9NX20|Q9Y2R9|O60783|Q13084|P82930|P82664|Q8TAE8|Q8IXM3|Q92552|Q9H2W6|Q92665|Q9HD33|Q9P015|Q9Y291|Q7Z7F7|Q9NZE8|Q96DV4|Q9Y3D9|Q9Y3D3|Q8N5N7|Q9P0M9|Q86TS9|Q9Y6G3|Q9BQ48|P82675|Q9BYD1|O15235|Q6P1L8|Q7Z2W9|P51398|Q9NRX2|P82932|O75394|Q13405|Q9BZE1|Q9H0U6|Q9Y3B7|Q9Y676|Q9NWT8|Q16540|Q9NYK5|Q8TCC3|P82650|Q9BYC9|Q9NVS2|Q14197|Q8N983|P82914|Q5T653|Q96EY7|Q9Y2Q9|P52815|Q9H9J2|P82912|P82933|Q96BP2|Q9BYC8|Q9BYD3|Q4U2R6|Q9BRJ2|Q9NP92|Q96EL3|Q6P161|P09001|Q96A35|Q7Z7H8|Q9P0J6|Q9Y399|Q96GC5|Q9NQ50|Q96EL2,64432|78988|65005|65008|51373|60488|51023|9801|29093|64949|54948|51081|63931|10573|65993|55173|90480|64975|23107|26589|10240|57129|29088|51650|128308|51318|64978|51649|51021|54534|51264|122704|28977|64981|64969|28998|6183|64928|219927|7818|63875|64968|9553|740|51253|29074|65003|28973|54998|6150|54148|51263|56945|55052|55168|3396|84545|64960|51069|55037|28957|6182|65080|64963|64965|118487|64983|51073|51258|10884|116540|116541|11222|79590|124995|64979|51116|51642|64976|64951,NULL,NULL
2.24,1I7M,HUMAN S-ADENOSYLMETHIONINE DECARBOXYLASE WITH COVALENTLY BOUND PYRUVOYL GROUP AND COMPLEXED WITH 4-AMIDINOINDAN-1-ONE-2'-AMIDINOHYDRAZONE,X-RAY DIFFRACTION,PUT|CG,NULL,1045|9576789,P17707|3DZ2_A|3H0V_A|1I7C_A|1I7M_A,262,11583147,10.1021/bi010735w
2.24,3H0V,Human AdoMetDC with 5'-Deoxy-5'-(dimethylsulfonio) adenosine,X-RAY DIFFRACTION,M2T|PUT|PYR,NULL,1060|1045,P17707|3DZ2_A|3H0V_A|1I7C_A|1I7M_A,262,19527050,10.1021/bi900590m
2.29,5H8L,Crystal structure of Medicago truncatula N-carbamoylputrescine amidohydrolase (MtCPA) C158S mutant in complex with putrescine,X-RAY DIFFRACTION,PEG|PUT|GOL|EDO,NULL,8117|753|1045|174,NULL,NULL,27066023,10.3389/fpls.2016.00350
2.32,7PZY,Structure of the vacant Candida albicans 80S ribosome,ELECTRON MICROSCOPY,MG|PUT|ZN|SPD,NULL,32051|1102|1045|888,P83774|P40910|O42817|Q96W54|O59931,30515006|30515048|30515273|3636573|30515386|3645907|3635194|30515338|3642934|3647558|3645439|30514975|3641025|30515120|30515014|3636924|30515007|30515049|3641174|3643678|3635701|30515109|30514969|30515000|3640568|3635257|3635198|30515082|30515062|3638438|3647299|3645565|30515349|30515044|3637057|3640195|30515429|3643347|3639515|30515127|3643489|30515041|3637400|3635156|30515208|30515232|3647719|3639338|3636850|3642071|3635787|3640242|30514981|3639551|3638348|30515053|30515301|3636841|3637700|30515328|30515149|30515072|30515390|30515442|3646972|30515207|30515205|3635615|30515267|30515319|30515104|30514961|30515335|3637953|30514974,NULL,NULL
2.33,7N1P,Elongating 70S ribosome complex in a classical pre-translocation (PRE-C) conformation,ELECTRON MICROSCOPY,MG|SPD|ATP|PUT|ZN,NULL,1102|5957|32051|888|1045,P0A7R5|P68679|P60438|P0A7Q1|P0AG55|P02358|P0A7N4|P0ADZ0|Q31VV8|P0ADZ4|P0A7J3|P0A7L3|P0A7V0|P0A7K6|P0A7N9|P0A7L8|P68919|P02359|P0A7M2|P0A7T7|P0C018|P0A7U7|P60624|P0A7M9|P0A7Q6|P0A7T3|P0A7J7|P0A7R1|P0A7W1|P0A7W7|P0ADY7|P61175|P0AG63|P62399|P0A7X3|P0AA10|P60422|P60723|P0A7V3|P0AG44|P02413|P0AG48|P0A7U3|P0A7R9|P0A7P5|P0A7S9|P0AG59|P0A7V8|P0A7M6|P0ADY3|P0AG51,67415362|69475411|947816|947577|9732014|67415361|69475412|947817|64336986|67415577|72533836|946349|67415346|69475427|947803|948723|67414282|69616003|945657|67415359|69475414|947819|66672933|947686|67415314|69475360|948490|67462539|72533835|945152|67416245|69474083|947874|67414076|69475165|947096|8913847|946318|66672913|945190|67414531|945618|947846|64292959|67417639|69473774|946941|948721|9735149|64338599|72408392|947804|66671687|944759|64293236|67415350|69753151|947810|66672156|948425|72531669|947805|67414073|947103|67415316|69475358|948484|67414822|69472824|948720|69733388|947795|67415347|69620294|947802|67415354|69475419|947806|60373126|67415356|69620285|947813|60371752|67415352|69475421|947808|64293237|67415349|69753152|947800|60373613|64293309|67415938|69753235|949000|66672873|947828|60371122|67415358|69620283|947820|67463983|72531649|947818|72531654|947814|67463958|72531674|947784|947798|67415980|69473963|949057|67463980|72531652|947811|67415338|69620303|947792|72531240|948216|67415339|69475434|947791|67415348|69475425|947801|67415337|69475436|947793|67415353|947807|67415351|69475422|947809|67415343|69475430|947797,NULL,NULL
2.368,7SNZ,"Crystal Structure of HIV-1 Reverse Transcriptase in Complex with 6-((2-((4-cyanophenyl)amino)pyrimidin-4-yl)amino)-5,7-dimethylindolizine-2-carbonitrile (JLJ604)",X-RAY DIFFRACTION,MG|9WI|SO4|PUT,NULL,1117|1045|888,P03366|1SBG_A|3TLH_A|3IRX_A|1ZSF_A|3D1X_A|2HS1_A|3QO9_A|4H4M_A|1BV7_A|1IKV_A|1MET_A|2B5J_A|1BQM_A|1SDU_A|1GNN_A|3ITH_C|1ZP8_A|1W5V_A|1AJV_A|2HS2_A|1A9M_A|1SDV_A|1TVR_A|3AV9_A|1SDT_A|3NUJ_A|1D4H_A|2IEO_A|2AVS_A|1HEF_E|3IG1_A|1BV9_A|2I4D_A|1BQN_A|2I5J_A|1BWA_A|2I4V_A|1IKW_A|1GNM_A|3TKW_A|1UWB_A|1EBY_A|1TV6_A,NULL,35237658,10.3389/fmolb.2022.805187
2.38,7QIZ,Specific features and methylation sites of a plant 80S ribosome,ELECTRON MICROSCOPY,PUT|K|MG|SPD|BGC|SPM|ZN,NULL,813|1102|1103|32051|1045|888|64689,P49215|P46291|P29766,544221|544287,NULL,NULL
2.388,6F9G,Ligand binding domain of P. putida KT2440 polyamine chemorecpetors McpU in complex putrescine.,X-RAY DIFFRACTION,PUT|GOL|ACT,NULL,175|753|1045,Q88NI1,69751079,29758259,10.1016/j.jmb.2018.05.008
2.4,1I7C,HUMAN S-ADENOSYLMETHIONINE DECARBOXYLASE WITH COVALENTLY BOUND PYRUVOYL GROUP AND COMPLEXED WITH METHYLGLYOXAL BIS-(GUANYLHYDRAZONE),X-RAY DIFFRACTION,PUT|MGB,NULL,5351154|1045,P17707|3DZ2_A|3H0V_A|1I7C_A|1I7M_A,262,11583147,10.1021/bi010735w
2.4,7P7Q,"E. faecalis 70S ribosome bound by PoxtA-EQ2, high-resolution combined volume",ELECTRON MICROSCOPY,ATP|ZN|PUT|K|IAS|MG|SCM,NULL,813|15541|5957|32051|888|1045|5960,Q839E9|Q839G3,NULL,NULL,NULL
2.408,5TVM,Crystal structure of Trypanosoma brucei AdoMetDC/prozyme heterodimer,X-RAY DIFFRACTION,PUT|B3P,NULL,125132|1045,NULL,NULL,27977001,10.7554/elife.20198
2.42,5TVF,Crystal structure of Trypanosoma brucei AdoMetDC/prozyme heterodimer in complex with inhibitor CGP 40215,X-RAY DIFFRACTION,CGQ|PUT|B3P,NULL,125132|1045|9600407,NULL,NULL,27977001,10.7554/elife.20198
2.43,3DZ5,Human AdoMetDC with covalently bound 5'-[(2-aminooxyethyl)methylamino]-5'-deoxy-8-methyladenosine,X-RAY DIFFRACTION,PUT|M8M,NULL,25181314|1045,P17707|3DZ2_A|3H0V_A|1I7C_A|1I7M_A,262,19209891,10.1021/jm801126a
2.53,7N2U,Elongating 70S ribosome complex in a hybrid-H1 pre-translocation (PRE-H1) conformation,ELECTRON MICROSCOPY,MG|SPD|ATP|PUT|ZN,NULL,1102|5957|32051|888|1045,P0A7R5|P68679|P60438|P0A7Q1|P0AG55|P02358|P0A7N4|P0ADZ0|Q31VV8|P0ADZ4|P0A7L3|P0A7V0|P0A7K6|P0A7N9|P0A7L8|P68919|P02359|P0A7M2|P0A7T7|P0C018|P0A7U7|P60624|P0A7M9|P0A7Q6|P0A7T3|P0A7R1|P0A7W1|P0A7W7|P0ADY7|P61175|P0AG63|P62399|P0A7X3|P0AA10|P60422|P60723|P0A7V3|P0AG44|P02413|P0AG48|P0A7U3|P0A7R9|P0A7P5|P0A7S9|P0AG59|P0A7V8|P0A7M6|P0ADY3|P0AG51,67415362|69475411|947816|947577|9732014|67415361|69475412|947817|64336986|67415577|72533836|946349|67415346|69475427|947803|948723|67414282|69616003|945657|67415359|69475414|947819|66672933|947686|67462539|72533835|945152|67416245|69474083|947874|67414076|69475165|947096|8913847|946318|66672913|945190|67414531|945618|947846|64292959|67417639|69473774|946941|948721|9735149|64338599|72408392|947804|66671687|944759|64293236|67415350|69753151|947810|66672156|948425|72531669|947805|67414073|947103|67414822|69472824|948720|69733388|947795|67415347|69620294|947802|67415354|69475419|947806|60373126|67415356|69620285|947813|60371752|67415352|69475421|947808|64293237|67415349|69753152|947800|60373613|64293309|67415938|69753235|949000|66672873|947828|60371122|67415358|69620283|947820|67463983|72531649|947818|72531654|947814|67463958|72531674|947784|947798|67415980|69473963|949057|67463980|72531652|947811|67415338|69620303|947792|72531240|948216|67415339|69475434|947791|67415348|69475425|947801|67415337|69475436|947793|67415353|947807|67415351|69475422|947809|67415343|69475430|947797,NULL,NULL
2.54,7N2V,"Elongating 70S ribosome complex in a spectinomycin-stalled intermediate state of translocation bound to EF-G in an active, GTP conformation (INT1)",ELECTRON MICROSCOPY,SCM|GTP|MG|SPD|ATP|PUT|ZN,NULL,1102|15541|135398633|5957|32051|888|1045,P0A7R5|P68679|P60438|P0A7Q1|P0AG55|P02358|P0A7N4|P0ADZ0|Q31VV8|P0ADZ4|P0A7J3|P0A7L3|P0A7V0|P0A7K6|P0A7N9|P0A7L8|P68919|P02359|P0A7M2|P0A7T7|P0C018|P0A7U7|P60624|P0A7M9|P0A7Q6|P0A7T3|P0A7J7|P0A7R1|P0A7W1|P0A7W7|P0ADY7|P61175|P0AG63|P62399|P0A7X3|P0AA10|P60422|P60723|P0A7V3|P0AG44|P02413|P0AG48|P0A7U3|P0A7R9|P0A7P5|P0A7S9|P0AG59|P0A7V8|P0A7M6|P0ADY3|P0AG51,67415362|69475411|947816|947577|9732014|67415361|69475412|947817|64336986|67415577|72533836|946349|67415346|69475427|947803|948723|67414282|69616003|945657|67415359|69475414|947819|66672933|947686|67415314|69475360|948490|67462539|72533835|945152|67416245|69474083|947874|67414076|69475165|947096|8913847|946318|66672913|945190|67414531|945618|947846|64292959|67417639|69473774|946941|948721|9735149|64338599|72408392|947804|66671687|944759|64293236|67415350|69753151|947810|66672156|948425|72531669|947805|67414073|947103|67415316|69475358|948484|67414822|69472824|948720|69733388|947795|67415347|69620294|947802|67415354|69475419|947806|60373126|67415356|69620285|947813|60371752|67415352|69475421|947808|64293237|67415349|69753152|947800|60373613|64293309|67415938|69753235|949000|66672873|947828|60371122|67415358|69620283|947820|67463983|72531649|947818|72531654|947814|67463958|72531674|947784|947798|67415980|69473963|949057|67463980|72531652|947811|67415338|69620303|947792|72531240|948216|67415339|69475434|947791|67415348|69475425|947801|67415337|69475436|947793|67415353|947807|67415351|69475422|947809|67415343|69475430|947797,NULL,NULL
2.58,7UG7,70S ribosome complex in an intermediate state of translocation bound to EF-G(GDP) stalled by Argyrin B,ELECTRON MICROSCOPY,PUT|FME|MG|ZN|SPD|GDP|PHE,NULL,1102|32051|888|439750|135398619|6140|1045,P0A7S3|P0A7W1|B7MIU7|B7MCR3|B7MAS6|P0A7M9|B7MIX0|P0A6M8|B7MCS9|P60422|P0ADY7|P60438|P0A7L8|P0A7J3|B7MGC4|P02358|P61175|P0A7J7|P0A7V8|P0A7Q1|P02359,67463992|72531640|947845|69733388|947795|67414073|67415338|69620303|67462539|72533835|66672156|948425|66672105|67416971|69473413|947847|72531654|60371122|67415358|69620283|947820|67415354|69475419|947806|67415361|69475412|947817|66672913|945190|67415314|69475360|948490|72531240|948723|60373126|67415356|69620285|947813|67415316|69475358|948484|67415337|69475436|947793|64336986|67415577|72533836|946349|947846,35500116,10.1073/pnas.2114214119
2.58,7QIY,Specific features and methylation sites of a plant ribosome. 40S head ribosomal subunit.,ELECTRON MICROSCOPY,ZN|PUT|MG|BGC|K,NULL,813|32051|1045|888|64689,P49215,544221,35643637,10.1016/j.xplc.2022.100342
2.62,3DZ3,Human AdoMetDC F223A mutant with covalently bound S-Adenosylmethionine methyl ester,X-RAY DIFFRACTION,PUT|SMM,NULL,1045,P17707|3DZ2_A|3H0V_A|1I7C_A|1I7M_A,262,19209891,10.1021/jm801126a
2.66,7N30,Elongating 70S ribosome complex in a hybrid-H2* pre-translocation (PRE-H2*) conformation,ELECTRON MICROSCOPY,MG|SPD|ATP|PUT|ZN,NULL,1102|5957|32051|888|1045,P0A7R5|P68679|P60438|P0A7Q1|P0AG55|P02358|P0A7N4|P0ADZ0|Q31VV8|P0ADZ4|P0A7L3|P0A7V0|P0A7K6|P0A7N9|P0A7L8|P68919|P02359|P0A7M2|P0A7T7|P0C018|P0A7U7|P60624|P0A7M9|P0A7Q6|P0A7T3|P0A7R1|P0A7W1|P0A7W7|P0ADY7|P61175|P0AG63|P62399|P0A7X3|P0AA10|P60422|P60723|P0A7V3|P0AG44|P02413|P0AG48|P0A7U3|P0A7R9|P0A7P5|P0A7S9|P0AG59|P0A7V8|P0A7M6|P0ADY3|P0AG51,67415362|69475411|947816|947577|9732014|67415361|69475412|947817|64336986|67415577|72533836|946349|67415346|69475427|947803|948723|67414282|69616003|945657|67415359|69475414|947819|66672933|947686|67462539|72533835|945152|67416245|69474083|947874|67414076|69475165|947096|8913847|946318|66672913|945190|67414531|945618|947846|64292959|67417639|69473774|946941|948721|9735149|64338599|72408392|947804|66671687|944759|64293236|67415350|69753151|947810|66672156|948425|72531669|947805|67414073|947103|67414822|69472824|948720|69733388|947795|67415347|69620294|947802|67415354|69475419|947806|60373126|67415356|69620285|947813|60371752|67415352|69475421|947808|64293237|67415349|69753152|947800|60373613|64293309|67415938|69753235|949000|66672873|947828|60371122|67415358|69620283|947820|67463983|72531649|947818|72531654|947814|67463958|72531674|947784|947798|67415980|69473963|949057|67463980|72531652|947811|67415338|69620303|947792|72531240|948216|67415339|69475434|947791|67415348|69475425|947801|67415337|69475436|947793|67415353|947807|67415351|69475422|947809|67415343|69475430|947797,NULL,NULL
2.69,7N31,Elongating 70S ribosome complex in a post-translocation (POST) conformation,ELECTRON MICROSCOPY,MG|SPD|ATP|PUT|ZN,NULL,1102|5957|32051|888|1045,P0A7R5|P68679|P60438|P0A7Q1|P0AG55|P02358|P0A7N4|P0ADZ0|Q31VV8|P0ADZ4|P0A7L3|P0A7V0|P0A7K6|P0A7N9|P0A7L8|P68919|P02359|P0A7M2|P0A7T7|P0C018|P0A7U7|P60624|P0A7M9|P0A7Q6|P0A7T3|P0A7R1|P0A7W1|P0A7W7|P0ADY7|P61175|P0AG63|P62399|P0A7X3|P0AA10|P60422|P60723|P0A7V3|P0AG44|P02413|P0AG48|P0A7U3|P0A7R9|P0A7P5|P0A7S9|P0AG59|P0A7V8|P0A7M6|P0ADY3|P0AG51,67415362|69475411|947816|947577|9732014|67415361|69475412|947817|64336986|67415577|72533836|946349|67415346|69475427|947803|948723|67414282|69616003|945657|67415359|69475414|947819|66672933|947686|67462539|72533835|945152|67416245|69474083|947874|67414076|69475165|947096|8913847|946318|66672913|945190|67414531|945618|947846|64292959|67417639|69473774|946941|948721|9735149|64338599|72408392|947804|66671687|944759|64293236|67415350|69753151|947810|66672156|948425|72531669|947805|67414073|947103|67414822|69472824|948720|69733388|947795|67415347|69620294|947802|67415354|69475419|947806|60373126|67415356|69620285|947813|60371752|67415352|69475421|947808|64293237|67415349|69753152|947800|60373613|64293309|67415938|69753235|949000|66672873|947828|60371122|67415358|69620283|947820|67463983|72531649|947818|72531654|947814|67463958|72531674|947784|947798|67415980|69473963|949057|67463980|72531652|947811|67415338|69620303|947792|72531240|948216|67415339|69475434|947791|67415348|69475425|947801|67415337|69475436|947793|67415353|947807|67415351|69475422|947809|67415343|69475430|947797,NULL,NULL
2.72,7N2C,Elongating 70S ribosome complex in a fusidic acid-stalled intermediate state of translocation bound to EF-G(GDP) (INT2),ELECTRON MICROSCOPY,MG|SPD|ATP|PUT|ZN|FUA|GDP,NULL,1102|3000226|5957|32051|888|135398619|1045,P0A7R5|P68679|P60438|P0A7Q1|P0AG55|P02358|P0A7N4|P0ADZ0|Q31VV8|P0ADZ4|P0A7J3|P0A7L3|P0A7V0|P0A7K6|P0A7N9|P0A7L8|P68919|P02359|P0A7M2|P0A7T7|P0C018|P0A7K2|P0A7U7|P60624|P0A7M9|P0A7Q6|P0A7T3|P0A7J7|P0A7R1|P0A7W1|P0A7W7|P0ADY7|P0A6M8|P61175|P0AG63|P62399|P0A7X3|P0AA10|P60422|P60723|P0A7V3|P0AG44|P02413|P0AG48|P0A7U3|P0A7R9|P0A7P5|P0A7S9|P0AG59|P0A7V8|P0A7M6|P0ADY3|P0AG51,67415362|69475411|947816|947577|9732014|67415361|69475412|947817|64336986|67415577|72533836|946349|67415346|69475427|947803|948723|67414282|69616003|945657|67415359|69475414|947819|66672933|947686|67415314|69475360|948490|67462539|72533835|945152|67416245|69474083|947874|67414076|69475165|947096|8913847|946318|66672913|945190|67414531|945618|947846|64292959|67417639|69473774|946941|948721|9735149|64338599|72408392|947804|67415313|69475361|948489|66671687|944759|64293236|67415350|69753151|947810|66672156|948425|72531669|947805|67414073|947103|67415316|69475358|948484|67414822|69472824|948720|69733388|947795|67415347|69620294|947802|67415354|69475419|947806|67416971|69473413|947847|60373126|67415356|69620285|947813|60371752|67415352|69475421|947808|64293237|67415349|69753152|947800|60373613|64293309|67415938|69753235|949000|66672873|947828|60371122|67415358|69620283|947820|67463983|72531649|947818|72531654|947814|67463958|72531674|947784|947798|67415980|69473963|949057|67463980|72531652|947811|67415338|69620303|947792|72531240|948216|67415339|69475434|947791|67415348|69475425|947801|67415337|69475436|947793|67415353|947807|67415351|69475422|947809|67415343|69475430|947797,NULL,NULL
2.8,5J5B,Structure of the WT E coli ribosome bound to tetracycline,X-RAY DIFFRACTION,1PE|PG4|PGE|TRS|PUT|MPD|ACY|MG|SPD|GUN|ZN|PEG|TAC|EDO,NULL,62551|1102|135398634|3777159|32051|8117|174|5288834|8172|888|176|1045|8200,P68679|P0A7M6|P0AG51|P60422|P0ADZ4|P0ADY7|P0AG44|P0A7V3|P61175|P0A7M2|P0AG63|P0A7W1|P0A7Q1|P68919|P60624|P0A7S3|P0A7T3|P0A7T7|P0A7J7|P0AG59|P02359|P0A7L3|P0A7S9|P60723|P0A7J3|P0A7L8|P0A7X3|P02413|P0A7R5|P0A7U7|P60438|P0A7W7|P0A7N4|P0AG55|P0A7V8|P0A7P5|P0A7Q6|P0ADY3|P0A7K6|P0A7N9|P02358|P62399|P0AA10|P0AG48|P0A7R1|P0A7R9|P0ADZ0|Q31VV8|P0C018|P0A7U3|P0A7V0,947577|9732014|67415353|947807|67415343|69475430|947797|60371122|67415358|69620283|947820|66672933|947686|67415354|69475419|947806|67463958|72531674|947784|72531654|947814|60373126|67415356|69620285|947813|64292959|67417639|69473774|946941|60371752|67415352|69475421|947808|69733388|947795|64336986|67415577|72533836|946349|67414531|945618|64293236|67415350|69753151|947810|67463992|72531640|947845|67414073|947103|948721|9735149|67415316|69475358|948484|67415348|69475425|947801|947846|67462539|72533835|945152|67415339|69475434|947791|67463983|72531649|947818|67415314|69475360|948490|66672913|945190|60373613|64293309|67415938|69753235|949000|947798|67415362|69475411|947816|66671687|944759|67415361|69475412|947817|67415347|69620294|947802|67414282|69616003|945657|67415346|69475427|947803|67415337|69475436|947793|72531240|948216|72531669|947805|67415351|69475422|947809|67414076|69475165|947096|8913847|946318|948723|64293237|67415349|69753152|947800|66672873|947828|67415980|69473963|949057|67414822|69472824|948720|67415338|69620303|947792|67415359|69475414|947819|64338599|72408392|947804|67463980|72531652|947811|67416245|69474083|947874,27382179,10.1073/pnas.1605127113
2.9,6I7V,Ribosomal protein paralogs bL31 and bL36,X-RAY DIFFRACTION,1PE|PG4|PGE|PUT|MPD|MG|SPD|GUN|ACY|EDO|PEG,NULL,62551|1102|135398634|174|8117|5288834|8172|888|176|1045|8200,P68679|P0A7M6|P0AG51|P60422|P0ADY7|P0AG44|P0A7V3|P61175|P0A7M2|P0AG63|P0A7W1|P0A7Q1|P68919|P60624|P0A7S3|P0A7T3|P0A7T7|P0A7J7|P0AG59|P02359|P0A7L3|P0A7S9|P60723|P0A7L8|P0A7X3|P02413|P0A7R5|P0A7N1|P0A7U7|Q2EEQ2|P60438|P0A7W7|P0A7N4|P0AG55|P0A7V8|P0A7P5|P0ADY3|P0A7K6|P0A7N9|P02358|P62399|P0AA10|P0AG48|P0A7R1|P0A7R9|P0ADZ0|Q31VV8|P0C018|P0A7U3|P0A7V0,947577|9732014|67415353|947807|67415343|69475430|947797|60371122|67415358|69620283|947820|67415354|69475419|947806|67463958|72531674|947784|72531654|947814|60373126|67415356|69620285|947813|64292959|67417639|69473774|946941|60371752|67415352|69475421|947808|69733388|947795|64336986|67415577|72533836|946349|67414531|945618|64293236|67415350|69753151|947810|67463992|72531640|947845|67414073|947103|948721|9735149|67415316|69475358|948484|67415348|69475425|947801|947846|67462539|72533835|945152|67415339|69475434|947791|67463983|72531649|947818|66672913|945190|60373613|64293309|67415938|69753235|949000|947798|67415362|69475411|947816|944960|66671687|944759|1450238|66671409|69475014|67415361|69475412|947817|67415347|69620294|947802|67414282|69616003|945657|67415346|69475427|947803|67415337|69475436|947793|72531240|948216|67415351|69475422|947809|67414076|69475165|947096|8913847|946318|948723|64293237|67415349|69753152|947800|66672873|947828|67415980|69473963|949057|67414822|69472824|948720|67415338|69620303|947792|67415359|69475414|947819|64338599|72408392|947804|67463980|72531652|947811|67416245|69474083|947874,30359641,10.1016/j.biochi.2018.10.013
2.9,7P7R,"PoxtA-EQ2 antibiotic resistance ABCF bound to E. faecalis 70S ribosome, state I",ELECTRON MICROSCOPY,K|PUT|MG|ZN|SCM|ATP,NULL,813|15541|5957|32051|888|1045,P59754|Q839E8|Q839G5|Q82YU9|Q836E3|Q836X6|Q839F2|Q839G3|Q839G0|Q82Z47|Q839Y8|Q839F7|Q839F5|Q839G1|P59628|Q839H1|Q833P5|Q839F9|Q831U9|Q82ZE4|Q839E6|Q839F4|Q839E1|Q839F0|Q839F8|Q830Q6|Q839E7|Q839Z0|Q839D8|Q836R0|Q837C7|Q839F3|Q839G4|Q839G2|Q837C8|Q834F9|Q839E5|Q831Q7|Q839F1|Q82ZJ1|Q836X4|Q839F6|Q839E0|Q839E9|Q839H0|Q82ZI6,60892725|60892717|60892700|66472329|60893564|60893303|60892713|60892705|60892466|60892572|60892708|60892710|60892704|60999657|60892694|66474860|60892706|60894451|60892363|60892719|60892711|61000921|66496339|60892715|60892707|60894705|60892718|60892570|60892728|60893433|60893253|60892712|60892701|60892703|60893252|60893992|60892720|60894490|61000911|60894954|60893305|60892709|60892726|60892695|60894959,NULL,NULL
2.9,7P7T,"PoxtA-EQ2 antibiotic resistance ABCF bound to E. faecalis 70S ribosome, state III",ELECTRON MICROSCOPY,ATP|ZN|PUT|K|MG|SCM,NULL,813|15541|5957|32051|888|1045,Q839E9|Q839G3,NULL,NULL,NULL
2.9,7NHK,"LsaA, an antibiotic resistance ABCF, in complex with 70S ribosome from Enterococcus faecalis",ELECTRON MICROSCOPY,MG|K|PUT|ZN|ATP,NULL,813|5957|32051|888|1045,NULL,NULL,NULL,NULL
2.9,7OTC,Cryo-EM structure of an Escherichia coli 70S ribosome in complex with elongation factor G and the antibiotic Argyrin B,ELECTRON MICROSCOPY,ATP|1I7|SPD|ZN|MG|PUT|GDP,NULL,9940787|1102|5957|32051|888|135398619|1045,NULL,NULL,35500116,10.1073/pnas.2114214119
2.96,5J91,Structure of the Wild-type 70S E coli ribosome bound to Tigecycline,X-RAY DIFFRACTION,1PE|PG4|PGE|TRS|PUT|MPD|ACY|MG|SPD|GUN|ZN|PEG|T1C|EDO,NULL,62551|1102|135398634|3777159|32051|8117|174|5288834|8172|888|176|1045|8200,P68679|P0A7M6|P0AG51|P60422|P0ADZ4|P0ADY7|P0AG44|P0A7V3|P61175|P0A7M2|P0AG63|P0A7W1|P0A7Q1|P68919|P60624|P0A7S3|P0A7T3|P0A7T7|P0A7J7|P0AG59|P02359|P0A7L3|P0A7S9|P60723|P0A7J3|P0A7L8|P0A7X3|P02413|P0A7R5|P0A7U7|P60438|P0A7W7|P0A7N4|P0AG55|P0A7V8|P0A7P5|P0A7Q6|P0ADY3|P0A7K6|P0A7N9|P02358|P62399|P0AA10|P0AG48|P0A7R1|P0A7R9|P0ADZ0|Q31VV8|P0C018|P0A7U3|P0A7V0,947577|9732014|67415353|947807|67415343|69475430|947797|60371122|67415358|69620283|947820|66672933|947686|67415354|69475419|947806|67463958|72531674|947784|72531654|947814|60373126|67415356|69620285|947813|64292959|67417639|69473774|946941|60371752|67415352|69475421|947808|69733388|947795|64336986|67415577|72533836|946349|67414531|945618|64293236|67415350|69753151|947810|67463992|72531640|947845|67414073|947103|948721|9735149|67415316|69475358|948484|67415348|69475425|947801|947846|67462539|72533835|945152|67415339|69475434|947791|67463983|72531649|947818|67415314|69475360|948490|66672913|945190|60373613|64293309|67415938|69753235|949000|947798|67415362|69475411|947816|66671687|944759|67415361|69475412|947817|67415347|69620294|947802|67414282|69616003|945657|67415346|69475427|947803|67415337|69475436|947793|72531240|948216|72531669|947805|67415351|69475422|947809|67414076|69475165|947096|8913847|946318|948723|64293237|67415349|69753152|947800|66672873|947828|67415980|69473963|949057|67414822|69472824|948720|67415338|69620303|947792|67415359|69475414|947819|64338599|72408392|947804|67463980|72531652|947811|67416245|69474083|947874,27382179,10.1073/pnas.1605127113
2.98,6BM7,Crystal structure of Trypanosoma brucei AdoMetDC/prozyme heterodimer in complex with pyrimidineamine inhibitor UTSAM568,X-RAY DIFFRACTION,PG4|PGE|PUT|B3P|DY7,NULL,131953517|125132|8172|1045|8200,A5HNV6,NULL,29271204,10.1021/acs.jmedchem.7b01654
3,5J7L,Structure of the 70S E coli ribosome with the U1052G mutation in the 16S rRNA bound to tetracycline,X-RAY DIFFRACTION,1PE|PG4|PGE|TRS|PUT|MPD|ACY|MG|SPD|GUN|ZN|PEG|TAC|EDO,NULL,62551|1102|135398634|3777159|32051|8117|174|5288834|8172|888|176|1045|8200,P68679|P0A7M6|P0AG51|P60422|P0ADZ4|P0ADY7|P0AG44|P0A7V3|P61175|P0A7M2|P0AG63|P0A7W1|P0A7Q1|P68919|P60624|P0A7S3|P0A7T3|P0A7T7|P0A7J7|P0AG59|P02359|P0A7L3|P0A7S9|P60723|P0A7J3|P0A7L8|P0A7X3|P02413|P0A7R5|P0A7U7|P60438|P0A7W7|P0A7N4|P0AG55|P0A7V8|P0A7P5|P0A7Q6|P0ADY3|P0A7K6|P0A7N9|P02358|P62399|P0AA10|P0AG48|P0A7R1|P0A7R9|P0ADZ0|Q31VV8|P0C018|P0A7U3|P0A7V0,947577|9732014|67415353|947807|67415343|69475430|947797|60371122|67415358|69620283|947820|66672933|947686|67415354|69475419|947806|67463958|72531674|947784|72531654|947814|60373126|67415356|69620285|947813|64292959|67417639|69473774|946941|60371752|67415352|69475421|947808|69733388|947795|64336986|67415577|72533836|946349|67414531|945618|64293236|67415350|69753151|947810|67463992|72531640|947845|67414073|947103|948721|9735149|67415316|69475358|948484|67415348|69475425|947801|947846|67462539|72533835|945152|67415339|69475434|947791|67463983|72531649|947818|67415314|69475360|948490|66672913|945190|60373613|64293309|67415938|69753235|949000|947798|67415362|69475411|947816|66671687|944759|67415361|69475412|947817|67415347|69620294|947802|67414282|69616003|945657|67415346|69475427|947803|67415337|69475436|947793|72531240|948216|72531669|947805|67415351|69475422|947809|67414076|69475165|947096|8913847|946318|948723|64293237|67415349|69753152|947800|66672873|947828|67415980|69473963|949057|67414822|69472824|948720|67415338|69620303|947792|67415359|69475414|947819|64338599|72408392|947804|67463980|72531652|947811|67416245|69474083|947874,27382179,10.1073/pnas.1605127113
3,7P7S,"PoxtA-EQ2 antibiotic resistance ABCF bound to E. faecalis 70S ribosome, state II",ELECTRON MICROSCOPY,ATP|ZN|PUT|K|MG|SCM,NULL,813|15541|5957|32051|888|1045,Q839E9|Q839G3,NULL,NULL,NULL
3.03,5JC9,Structure of the Escherichia coli ribosome with the U1052G mutation in the 16S rRNA,X-RAY DIFFRACTION,1PE|PG4|PGE|TRS|PUT|MPD|ACY|MG|SPD|GUN|ZN|PEG|EDO,NULL,62551|1102|135398634|3777159|32051|8117|174|5288834|8172|888|176|1045|8200,P68679|P0A7M6|P0AG51|P60422|P0ADZ4|P0ADY7|P0AG44|P0A7V3|P61175|P0A7M2|P0AG63|P0A7W1|P0A7Q1|P68919|P60624|P0A7S3|P0A7T3|P0A7T7|P0A7J7|P0AG59|P02359|P0A7L3|P0A7S9|P60723|P0A7J3|P0A7L8|P0A7X3|P02413|P0A7R5|P0A7U7|P60438|P0A7W7|P0A7N4|P0AG55|P0A7V8|P0A7P5|P0A7Q6|P0ADY3|P0A7K6|P0A7N9|P02358|P62399|P0AA10|P0AG48|P0A7R1|P0A7R9|P0ADZ0|Q31VV8|P0C018|P0A7U3|P0A7V0,947577|9732014|67415353|947807|67415343|69475430|947797|60371122|67415358|69620283|947820|66672933|947686|67415354|69475419|947806|67463958|72531674|947784|72531654|947814|60373126|67415356|69620285|947813|64292959|67417639|69473774|946941|60371752|67415352|69475421|947808|69733388|947795|64336986|67415577|72533836|946349|67414531|945618|64293236|67415350|69753151|947810|67463992|72531640|947845|67414073|947103|948721|9735149|67415316|69475358|948484|67415348|69475425|947801|947846|67462539|72533835|945152|67415339|69475434|947791|67463983|72531649|947818|67415314|69475360|948490|66672913|945190|60373613|64293309|67415938|69753235|949000|947798|67415362|69475411|947816|66671687|944759|67415361|69475412|947817|67415347|69620294|947802|67414282|69616003|945657|67415346|69475427|947803|67415337|69475436|947793|72531240|948216|72531669|947805|67415351|69475422|947809|67414076|69475165|947096|8913847|946318|948723|64293237|67415349|69753152|947800|66672873|947828|67415980|69473963|949057|67414822|69472824|948720|67415338|69620303|947792|67415359|69475414|947819|64338599|72408392|947804|67463980|72531652|947811|67416245|69474083|947874,27382179,10.1073/pnas.1605127113
3.1,5J8A,Structure of the E coli 70S ribosome with the U1052G mutation in 16S rRNA bound to tigecycline,X-RAY DIFFRACTION,1PE|PG4|PGE|TRS|PUT|MPD|ACY|MG|SPD|GUN|ZN|PEG|T1C|EDO,NULL,62551|1102|135398634|3777159|32051|8117|174|5288834|8172|888|176|1045|8200,P68679|P0A7M6|P0AG51|P60422|P0ADZ4|P0ADY7|P0AG44|P0A7V3|P61175|P0A7M2|P0AG63|P0A7W1|P0A7Q1|P68919|P60624|P0A7S3|P0A7T3|P0A7T7|P0A7J7|P0AG59|P02359|P0A7L3|P0A7S9|P60723|P0A7J3|P0A7L8|P0A7X3|P02413|P0A7R5|P0A7U7|P60438|P0A7W7|P0A7N4|P0AG55|P0A7V8|P0A7P5|P0A7Q6|P0ADY3|P0A7K6|P0A7N9|P02358|P62399|P0AA10|P0AG48|P0A7R1|P0A7R9|P0ADZ0|Q31VV8|P0C018|P0A7U3|P0A7V0,947577|9732014|67415353|947807|67415343|69475430|947797|60371122|67415358|69620283|947820|66672933|947686|67415354|69475419|947806|67463958|72531674|947784|72531654|947814|60373126|67415356|69620285|947813|64292959|67417639|69473774|946941|60371752|67415352|69475421|947808|69733388|947795|64336986|67415577|72533836|946349|67414531|945618|64293236|67415350|69753151|947810|67463992|72531640|947845|67414073|947103|948721|9735149|67415316|69475358|948484|67415348|69475425|947801|947846|67462539|72533835|945152|67415339|69475434|947791|67463983|72531649|947818|67415314|69475360|948490|66672913|945190|60373613|64293309|67415938|69753235|949000|947798|67415362|69475411|947816|66671687|944759|67415361|69475412|947817|67415347|69620294|947802|67414282|69616003|945657|67415346|69475427|947803|67415337|69475436|947793|72531240|948216|72531669|947805|67415351|69475422|947809|67414076|69475165|947096|8913847|946318|948723|64293237|67415349|69753152|947800|66672873|947828|67415980|69473963|949057|67414822|69472824|948720|67415338|69620303|947792|67415359|69475414|947819|64338599|72408392|947804|67463980|72531652|947811|67416245|69474083|947874,27382179,10.1073/pnas.1605127113
3.1,7P7U,"E. faecalis 70S ribosome with P-tRNA, state IV",ELECTRON MICROSCOPY,ZN|PUT|K|MG|SCM,NULL,813|15541|32051|888|1045,Q839E9|Q839G3,NULL,NULL,NULL
3.12,5IT8,High-resolution structure of the Escherichia coli ribosome,X-RAY DIFFRACTION,1PE|PG4|PGE|TRS|PUT|MPD|ACY|MG|SPD|GUN|ZN|PEG|EDO,NULL,62551|1102|135398634|3777159|32051|8117|174|5288834|8172|888|176|1045|8200,P68679|P0A7M6|P0AG51|P60422|P0ADZ4|P0ADY7|P0AG44|P0A7V3|P61175|P0A7M2|P0AG63|P0A7W1|P0A7Q1|P68919|P60624|P0A7S3|P0A7T3|P0A7T7|P0A7J7|P0AG59|P02359|P0A7L3|P0A7S9|P60723|P0A7J3|P0A7L8|A8APV6|P0A7X3|P02413|P0A7R5|P0A7U7|P60438|P0A7W7|P0A7N4|P0AG55|P0A7V8|P0A7P5|P0A7Q6|P0ADY3|P0A7K6|P0A7N9|P02358|P62399|P0AA10|P0AG48|P0A7R1|P0A7R9|P0ADZ0|Q31VV8|P0C018|P0A7U3|P0A7V0,947577|9732014|67415353|947807|67415343|69475430|947797|60371122|67415358|69620283|947820|66672933|947686|67415354|69475419|947806|67463958|72531674|947784|72531654|947814|60373126|67415356|69620285|947813|64292959|67417639|69473774|946941|60371752|67415352|69475421|947808|69733388|947795|64336986|67415577|72533836|946349|67414531|945618|64293236|67415350|69753151|947810|67463992|72531640|947845|67414073|947103|948721|9735149|67415316|69475358|948484|67415348|69475425|947801|947846|67462539|72533835|945152|67415339|69475434|947791|67463983|72531649|947818|67415314|69475360|948490|66672913|945190|60373613|64293309|67415938|69753235|949000|947798|67415362|69475411|947816|66671687|944759|67415361|69475412|947817|67415347|69620294|947802|67414282|69616003|945657|67415346|69475427|947803|67415337|69475436|947793|72531240|948216|72531669|947805|67415351|69475422|947809|67414076|69475165|947096|8913847|946318|948723|64293237|67415349|69753152|947800|66672873|947828|67415980|69473963|949057|67414822|69472824|948720|67415338|69620303|947792|67415359|69475414|947819|64338599|72408392|947804|67463980|72531652|947811|67416245|69474083|947874,27382179,10.1073/pnas.1605127113
3.32,5J88,Structure of the E coli 70S ribosome with the U1060A mutation in 16S rRNA,X-RAY DIFFRACTION,1PE|PG4|PGE|TRS|PUT|MPD|ACY|MG|SPD|GUN|ZN|PEG|EDO,NULL,62551|1102|135398634|3777159|32051|8117|174|5288834|8172|888|176|1045|8200,P68679|P0A7M6|P0AG51|P60422|P0ADZ4|P0ADY7|P0AG44|P0A7V3|P61175|P0A7M2|P0AG63|P0A7W1|P0A7Q1|P68919|P60624|P0A7S3|P0A7T3|P0A7T7|P0A7J7|P0AG59|P02359|P0A7L3|P0A7S9|P60723|P0A7J3|P0A7L8|P0A7X3|P02413|P0A7R5|P0A7U7|P60438|P0A7W7|P0A7N4|P0AG55|P0A7V8|P0A7P5|P0A7Q6|P0ADY3|P0A7K6|P0A7N9|P02358|P62399|P0AA10|P0AG48|P0A7R1|P0A7R9|P0ADZ0|Q31VV8|P0C018|P0A7U3|P0A7V0,947577|9732014|67415353|947807|67415343|69475430|947797|60371122|67415358|69620283|947820|66672933|947686|67415354|69475419|947806|67463958|72531674|947784|72531654|947814|60373126|67415356|69620285|947813|64292959|67417639|69473774|946941|60371752|67415352|69475421|947808|69733388|947795|64336986|67415577|72533836|946349|67414531|945618|64293236|67415350|69753151|947810|67463992|72531640|947845|67414073|947103|948721|9735149|67415316|69475358|948484|67415348|69475425|947801|947846|67462539|72533835|945152|67415339|69475434|947791|67463983|72531649|947818|67415314|69475360|948490|66672913|945190|60373613|64293309|67415938|69753235|949000|947798|67415362|69475411|947816|66671687|944759|67415361|69475412|947817|67415347|69620294|947802|67414282|69616003|945657|67415346|69475427|947803|67415337|69475436|947793|72531240|948216|72531669|947805|67415351|69475422|947809|67414076|69475165|947096|8913847|946318|948723|64293237|67415349|69753152|947800|66672873|947828|67415980|69473963|949057|67414822|69472824|948720|67415338|69620303|947792|67415359|69475414|947819|64338599|72408392|947804|67463980|72531652|947811|67416245|69474083|947874,27382179,10.1073/pnas.1605127113
