﻿id,cid,dsn,cmpdname,srccmpd,srccmpdname,srccmpdurl,srctarget,srctargetname,srctargeturl,protacxn,protname,geneid,genename,taxid,taxname,action,actname,actvalue,evids,evurls,pmids,dois,citations
   43943,547,CTD,"3,4-Dihydroxyphenylacetic acid",D015102,"3,4-Dihydroxyphenylacetic Acid",https://ctdbase.org/detail.go?type=chem&acc=D015102,1312,COMT,https://ctdbase.org/detail.go?type=gene&acc=1312,NULL,NULL,1312,COMT,10116,Rattus norvegicus (Norway rat),"[tolcapone results in decreased activity of COMT protein] which results in increased abundance of 3,4-dihydroxyphenylacetic acid",NULL,NULL,PMID:15190105|PMID:16012872,https://www.ncbi.nlm.nih.gov/pubmed/15190105|https://www.ncbi.nlm.nih.gov/pubmed/16012872,15190105|16012872,NULL,NULL
43944,547,CTD,"3,4-Dihydroxyphenylacetic acid",D015102,"3,4-Dihydroxyphenylacetic Acid",https://ctdbase.org/detail.go?type=chem&acc=D015102,1312,COMT,https://ctdbase.org/detail.go?type=gene&acc=1312,NULL,NULL,1312,COMT,9521,Saimiri sciureus (common squirrel monkey),"[tolcapone results in decreased activity of COMT protein] promotes the reaction [1-methyl-4-phenyl-1,2,3,6-tetrahydropyridine results in decreased abundance of 3,4-dihydroxyphenylacetic acid]|[tolcapone results in decreased activity of COMT protein] which results in increased abundance of 3,4-dihydroxyphenylacetic acid",NULL,NULL,PMID:12957500,https://www.ncbi.nlm.nih.gov/pubmed/12957500,12957500,NULL,NULL
43945,547,CTD,"3,4-Dihydroxyphenylacetic acid",D015102,"3,4-Dihydroxyphenylacetic Acid",https://ctdbase.org/detail.go?type=chem&acc=D015102,2950,GSTP1,https://ctdbase.org/detail.go?type=gene&acc=2950,NULL,NULL,2950,GSTP1,10116,Rattus norvegicus (Norway rat),"3,4-dihydroxyphenylacetic acid results in increased expression of GSTP1 mRNA",NULL,NULL,PMID:19743802,https://www.ncbi.nlm.nih.gov/pubmed/19743802,19743802,NULL,NULL
43946,547,CTD,"3,4-Dihydroxyphenylacetic acid",D015102,"3,4-Dihydroxyphenylacetic Acid",https://ctdbase.org/detail.go?type=chem&acc=D015102,2997,GYS1,https://ctdbase.org/detail.go?type=gene&acc=2997,NULL,NULL,2997,GYS1,10116,Rattus norvegicus (Norway rat),"3,4-dihydroxyphenylacetic acid inhibits the reaction [glucose results in increased phosphorylation of GYS1 protein]|3,4-dihydroxyphenylacetic acid results in decreased phosphorylation of GYS1 protein",NULL,NULL,PMID:29981789,https://www.ncbi.nlm.nih.gov/pubmed/29981789,29981789,NULL,NULL
43947,547,CTD,"3,4-Dihydroxyphenylacetic acid",D015102,"3,4-Dihydroxyphenylacetic Acid",https://ctdbase.org/detail.go?type=chem&acc=D015102,3643,INSR,https://ctdbase.org/detail.go?type=gene&acc=3643,NULL,NULL,3643,INSR,10116,Rattus norvegicus (Norway rat),"3,4-dihydroxyphenylacetic acid inhibits the reaction [glucose results in decreased expression of and results in decreased phosphorylation of INSR protein]|3,4-dihydroxyphenylacetic acid results in increased expression of and results in increased phosphorylation of INSR protein",NULL,NULL,PMID:29981789,https://www.ncbi.nlm.nih.gov/pubmed/29981789,29981789,NULL,NULL
44119,547,CTD,"3,4-Dihydroxyphenylacetic acid",D015102,"3,4-Dihydroxyphenylacetic Acid",https://ctdbase.org/detail.go?type=chem&acc=D015102,4129,MAOB,https://ctdbase.org/detail.go?type=gene&acc=4129,NULL,NULL,4129,MAOB,10116,Rattus norvegicus (Norway rat),"[selegiline results in decreased activity of MAOB protein] which results in decreased abundance of 3,4-dihydroxyphenylacetic acid",NULL,NULL,PMID:16012872,https://www.ncbi.nlm.nih.gov/pubmed/16012872,16012872,NULL,NULL
44120,547,CTD,"3,4-Dihydroxyphenylacetic acid",D015102,"3,4-Dihydroxyphenylacetic Acid",https://ctdbase.org/detail.go?type=chem&acc=D015102,4842,NOS1,https://ctdbase.org/detail.go?type=gene&acc=4842,NULL,NULL,4842,NOS1,10090,Mus musculus (house mouse),"NOS1 protein affects the reaction [methamphetamine results in decreased abundance of 3,4-dihydroxyphenylacetic acid]",NULL,NULL,PMID:11085313,https://www.ncbi.nlm.nih.gov/pubmed/11085313,11085313,NULL,NULL
44121,547,CTD,"3,4-Dihydroxyphenylacetic acid",D015102,"3,4-Dihydroxyphenylacetic Acid",https://ctdbase.org/detail.go?type=chem&acc=D015102,1728,NQO1,https://ctdbase.org/detail.go?type=gene&acc=1728,NULL,NULL,1728,NQO1,10116,Rattus norvegicus (Norway rat),"3,4-dihydroxyphenylacetic acid results in increased expression of NQO1 mRNA",NULL,NULL,PMID:19743802,https://www.ncbi.nlm.nih.gov/pubmed/19743802,19743802,NULL,NULL
44122,547,CTD,"3,4-Dihydroxyphenylacetic acid",D015102,"3,4-Dihydroxyphenylacetic Acid",https://ctdbase.org/detail.go?type=chem&acc=D015102,2908,NR3C1,https://ctdbase.org/detail.go?type=gene&acc=2908,NULL,NULL,2908,NR3C1,10090,Mus musculus (house mouse),"NR3C1 protein results in increased abundance of 3,4-dihydroxyphenylacetic acid",NULL,NULL,PMID:11226678,https://www.ncbi.nlm.nih.gov/pubmed/11226678,11226678,NULL,NULL
44123,547,CTD,"3,4-Dihydroxyphenylacetic acid",D015102,"3,4-Dihydroxyphenylacetic Acid",https://ctdbase.org/detail.go?type=chem&acc=D015102,4922,NTS,https://ctdbase.org/detail.go?type=gene&acc=4922,NULL,NULL,4922,NTS,9606,Homo sapiens (human),"NTS protein results in increased abundance of 3,4-dihydroxyphenylacetic acid",NULL,NULL,PMID:6682440,https://www.ncbi.nlm.nih.gov/pubmed/6682440,6682440,NULL,NULL
44124,547,CTD,"3,4-Dihydroxyphenylacetic acid",D015102,"3,4-Dihydroxyphenylacetic Acid",https://ctdbase.org/detail.go?type=chem&acc=D015102,4988,OPRM1,https://ctdbase.org/detail.go?type=gene&acc=4988,NULL,NULL,4988,OPRM1,10116,Rattus norvegicus (Norway rat),"[beta-funaltrexamine binds to and results in decreased activity of OPRM1 protein] inhibits the reaction [morphine results in increased abundance of 3,4-dihydroxyphenylacetic acid]",NULL,NULL,PMID:8884884,https://www.ncbi.nlm.nih.gov/pubmed/8884884,8884884,NULL,NULL
44125,547,CTD,"3,4-Dihydroxyphenylacetic acid",D015102,"3,4-Dihydroxyphenylacetic Acid",https://ctdbase.org/detail.go?type=chem&acc=D015102,142,PARP1,https://ctdbase.org/detail.go?type=gene&acc=142,NULL,NULL,142,PARP1,10090,Mus musculus (house mouse),"[PARP1 protein results in increased susceptibility to 1-methyl-4-phenyl-1,2,3,6-tetrahydropyridine] which results in increased abundance of 3,4-dihydroxyphenylacetic acid",NULL,NULL,PMID:10318960,https://www.ncbi.nlm.nih.gov/pubmed/10318960,10318960,NULL,NULL
44126,547,CTD,"3,4-Dihydroxyphenylacetic acid",D015102,"3,4-Dihydroxyphenylacetic Acid",https://ctdbase.org/detail.go?type=chem&acc=D015102,5742,PTGS1,https://ctdbase.org/detail.go?type=gene&acc=5742,NULL,NULL,5742,PTGS1,9940,Ovis aries (sheep),"PTGS1 protein results in increased activity of and results in increased oxidation of 3,4-dihydroxyphenylacetic acid|[ptgs1 protein results in increased activity of and results in increased oxidation of 3,4-dihydroxyphenylacetic acid] which results in increased chemical synthesis of reactive oxygen species|[[ptgs1 protein results in increased activity of and results in increased oxidation of 3,4-dihydroxyphenylacetic acid] which results in increased chemical synthesis of reactive oxygen species] which results in increased abundance of 8-hydroxy-2'-deoxyguanosine",NULL,NULL,PMID:19374330,https://www.ncbi.nlm.nih.gov/pubmed/19374330,19374330,NULL,NULL
44127,547,CTD,"3,4-Dihydroxyphenylacetic acid",D015102,"3,4-Dihydroxyphenylacetic Acid",https://ctdbase.org/detail.go?type=chem&acc=D015102,9376,SLC22A8,https://ctdbase.org/detail.go?type=gene&acc=9376,NULL,NULL,9376,SLC22A8,10116,Rattus norvegicus (Norway rat),"3,4-dihydroxyphenylacetic acid inhibits the reaction [SLC22A8 protein results in increased uptake of estrone sulfate]",NULL,NULL,PMID:10224140,https://www.ncbi.nlm.nih.gov/pubmed/10224140,10224140,NULL,NULL
44302,547,CTD,"3,4-Dihydroxyphenylacetic acid",D015102,"3,4-Dihydroxyphenylacetic Acid",https://ctdbase.org/detail.go?type=chem&acc=D015102,6622,SNCA,https://ctdbase.org/detail.go?type=gene&acc=6622,NULL,NULL,6622,SNCA,10090,Mus musculus (house mouse),"SNCA protein mutant form results in decreased abundance of 3,4-dihydroxyphenylacetic acid",NULL,NULL,PMID:18622040,https://www.ncbi.nlm.nih.gov/pubmed/18622040,18622040,NULL,NULL
44303,547,CTD,"3,4-Dihydroxyphenylacetic acid",D015102,"3,4-Dihydroxyphenylacetic Acid",https://ctdbase.org/detail.go?type=chem&acc=D015102,7019,TFAM,https://ctdbase.org/detail.go?type=gene&acc=7019,NULL,NULL,7019,TFAM,10090,Mus musculus (house mouse),"TFAM gene mutant form results in decreased abundance of 3,4-dihydroxyphenylacetic acid",NULL,NULL,PMID:28595911,https://www.ncbi.nlm.nih.gov/pubmed/28595911,28595911,NULL,NULL
44304,547,CTD,"3,4-Dihydroxyphenylacetic acid",D015102,"3,4-Dihydroxyphenylacetic Acid",https://ctdbase.org/detail.go?type=chem&acc=D015102,60,ACTB,https://ctdbase.org/detail.go?type=gene&acc=60,NULL,NULL,60,ACTB,10116,Rattus norvegicus (Norway rat),"Quercetin inhibits the reaction [3,4-dihydroxyphenylacetic acid analog binds to ACTB protein]|3,4-dihydroxyphenylacetic acid analog binds to ACTB protein|catechin inhibits the reaction [3,4-dihydroxyphenylacetic acid analog binds to ACTB protein]|epicatechin gallate inhibits the reaction [3,4-dihydroxyphenylacetic acid analog binds to ACTB protein]",NULL,NULL,PMID:19743802,https://www.ncbi.nlm.nih.gov/pubmed/19743802,19743802,NULL,NULL
44305,547,CTD,"3,4-Dihydroxyphenylacetic acid",D015102,"3,4-Dihydroxyphenylacetic Acid",https://ctdbase.org/detail.go?type=chem&acc=D015102,207,AKT1,https://ctdbase.org/detail.go?type=gene&acc=207,NULL,NULL,207,AKT1,10116,Rattus norvegicus (Norway rat),"3,4-dihydroxyphenylacetic acid results in increased phosphorylation of AKT1 protein|[3,4-dihydroxyphenylacetic acid co-treated with glucose] results in increased phosphorylation of AKT1 protein",NULL,NULL,PMID:29981789,https://www.ncbi.nlm.nih.gov/pubmed/29981789,29981789,NULL,NULL
44306,547,CTD,"3,4-Dihydroxyphenylacetic acid",D015102,"3,4-Dihydroxyphenylacetic Acid",https://ctdbase.org/detail.go?type=chem&acc=D015102,9607,CARTPT,https://ctdbase.org/detail.go?type=gene&acc=9607,NULL,NULL,9607,CARTPT,10116,Rattus norvegicus (Norway rat),"CARTPT protein results in increased abundance of 3,4-dihydroxyphenylacetic acid",NULL,NULL,PMID:15659233,https://www.ncbi.nlm.nih.gov/pubmed/15659233,15659233,NULL,NULL
44307,547,CTD,"3,4-Dihydroxyphenylacetic acid",D015102,"3,4-Dihydroxyphenylacetic Acid",https://ctdbase.org/detail.go?type=chem&acc=D015102,847,CAT,https://ctdbase.org/detail.go?type=gene&acc=847,NULL,NULL,847,CAT,9606,Homo sapiens (human),"CAT protein inhibits the reaction [N-methyl-3,4-methylenedioxyamphetamine results in decreased abundance of 3,4-dihydroxyphenylacetic acid]",NULL,NULL,PMID:11435997,https://www.ncbi.nlm.nih.gov/pubmed/11435997,11435997,NULL,NULL
44308,547,CTD,"3,4-Dihydroxyphenylacetic acid",D015102,"3,4-Dihydroxyphenylacetic Acid",https://ctdbase.org/detail.go?type=chem&acc=D015102,1312,COMT,https://ctdbase.org/detail.go?type=gene&acc=1312,NULL,NULL,1312,COMT,9606,Homo sapiens (human),"COMT protein results in increased methylation of 3,4-dihydroxyphenylacetic acid",NULL,NULL,PMID:11160877,https://www.ncbi.nlm.nih.gov/pubmed/11160877,11160877,NULL,NULL
44309,547,CTD,"3,4-Dihydroxyphenylacetic acid",D015102,"3,4-Dihydroxyphenylacetic Acid",https://ctdbase.org/detail.go?type=chem&acc=D015102,1312,COMT,https://ctdbase.org/detail.go?type=gene&acc=1312,NULL,NULL,1312,COMT,9606,Homo sapiens (human),"[tolcapone results in decreased activity of COMT protein] which results in increased abundance of 3,4-dihydroxyphenylacetic acid",NULL,NULL,PMID:11793163,https://www.ncbi.nlm.nih.gov/pubmed/11793163,11793163,NULL,NULL
62039,547,DrugBank,"3,4-Dihydroxyphenylacetic acid",DB01702,"2-(3,4-Dihydroxyphenyl)Acetic Acid",https://www.drugbank.ca/drugs/DB01702,BE0004035,"Protocatechuate 3,4-dioxygenase beta chain",https://www.drugbank.ca/bio_entities/BE0004035,P00437,"Protocatechuate 3,4-dioxygenase beta chain",NULL,NULL,303,Pseudomonas putida,NULL,NULL,NULL,PMID:10592235,https://www.ncbi.nlm.nih.gov/pubmed/10592235,10592235,NULL,"Berman HM, Westbrook J, Feng Z, Gilliland G, Bhat TN, Weissig H, Shindyalov IN, Bourne PE: The Protein Data Bank. Nucleic Acids Res. 2000 Jan 1;28(1):235-42."
62040,547,DrugBank,"3,4-Dihydroxyphenylacetic acid",DB01702,"2-(3,4-Dihydroxyphenyl)Acetic Acid",https://www.drugbank.ca/drugs/DB01702,BE0003806,Penicillin G acylase,https://www.drugbank.ca/bio_entities/BE0003806,P06875,Penicillin G acylase,66671774,NULL,562,Escherichia coli,NULL,NULL,NULL,PMID:10592235,https://www.ncbi.nlm.nih.gov/pubmed/10592235,10592235,NULL,"Berman HM, Westbrook J, Feng Z, Gilliland G, Bhat TN, Weissig H, Shindyalov IN, Bourne PE: The Protein Data Bank. Nucleic Acids Res. 2000 Jan 1;28(1):235-42."
62041,547,DrugBank,"3,4-Dihydroxyphenylacetic acid",DB01702,"2-(3,4-Dihydroxyphenyl)Acetic Acid",https://www.drugbank.ca/drugs/DB01702,BE0004034,"Protocatechuate 3,4-dioxygenase alpha chain",https://www.drugbank.ca/bio_entities/BE0004034,P00436,"Protocatechuate 3,4-dioxygenase alpha chain",45522229,pcaG,303,Pseudomonas putida,NULL,NULL,NULL,PMID:10592235,https://www.ncbi.nlm.nih.gov/pubmed/10592235,10592235,NULL,"Berman HM, Westbrook J, Feng Z, Gilliland G, Bhat TN, Weissig H, Shindyalov IN, Bourne PE: The Protein Data Bank. Nucleic Acids Res. 2000 Jan 1;28(1):235-42."
73236,547,DGIdb,"3,4-Dihydroxyphenylacetic acid",NULL,"3,4-DIHYDROXYPHENYLACETIC ACID ","https://www.dgidb.org/drugs/3,4-DIHYDROXYPHENYLACETIC ACID ",NULL,HSD17B10,https://www.dgidb.org/genes/HSD17B10,NULL,NULL,3028,HSD17B10,9606,Homo sapiens (human),NULL,NULL,NULL,NULL,NULL,NULL,NULL,NULL
73237,547,DGIdb,"3,4-Dihydroxyphenylacetic acid",NULL,"3,4-DIHYDROXYPHENYLACETIC ACID ","https://www.dgidb.org/drugs/3,4-DIHYDROXYPHENYLACETIC ACID ",NULL,KDM4A,https://www.dgidb.org/genes/KDM4A,NULL,NULL,9682,KDM4A,9606,Homo sapiens (human),NULL,NULL,NULL,NULL,NULL,NULL,NULL,NULL
78196,547,BindingDB,"3,4-Dihydroxyphenylacetic acid",52946,"2-(3,4-dihydroxyphenyl)acetic acid",https://www.bindingdb.org/rwd/bind/chemsearch/marvin/MolStructure.jsp?monomerid=52946,5270,"Procollagen-proline,2-oxoglutarate-4-dioxygenase",https://www.bindingdb.org/rwd/jsp/dbsearch/PrimarySearch_ki.jsp?tag=pol&polymerid=5270,P16924,Prolyl 4-hydroxylase subunit alpha-1,NULL,NULL,9031,Gallus gallus (chicken),NULL,Ki (nM),9000,PMID:3011801,https://www.ncbi.nlm.nih.gov/pubmed/3011801,3011801,NULL,NULL
84923,547,BindingDB,"3,4-Dihydroxyphenylacetic acid",52946,"2-(3,4-dihydroxyphenyl)acetic acid",https://www.bindingdb.org/rwd/bind/chemsearch/marvin/MolStructure.jsp?monomerid=52946,9913,Olfactory receptor class A 1 (ORA1),https://www.bindingdb.org/rwd/jsp/dbsearch/PrimarySearch_ki.jsp?tag=pol&polymerid=9913,A0A0R4IM31,Olfactory receptor class A-like protein 1,553133,ora1,7955,Danio rerio (zebrafish),NULL,NULL,NULL,PMID:24831010,https://www.ncbi.nlm.nih.gov/pubmed/24831010,24831010,NULL,NULL
84924,547,DGIdb,"3,4-Dihydroxyphenylacetic acid",NULL,"3,4-DIHYDROXYPHENYLACETIC ACID ","https://www.dgidb.org/drugs/3,4-DIHYDROXYPHENYLACETIC ACID ",NULL,EHMT2,https://www.dgidb.org/genes/EHMT2,NULL,NULL,10919,EHMT2,9606,Homo sapiens (human),NULL,NULL,NULL,NULL,NULL,NULL,NULL,NULL
139293,547,DGIdb,"3,4-Dihydroxyphenylacetic acid",NULL,"3,4-DIHYDROXYPHENYLACETIC ACID ","https://www.dgidb.org/drugs/3,4-DIHYDROXYPHENYLACETIC ACID ",NULL,APEX1,https://www.dgidb.org/genes/APEX1,NULL,NULL,328,APEX1,9606,Homo sapiens (human),NULL,NULL,NULL,NULL,NULL,NULL,NULL,NULL
139294,547,DGIdb,"3,4-Dihydroxyphenylacetic acid",NULL,"3,4-DIHYDROXYPHENYLACETIC ACID ","https://www.dgidb.org/drugs/3,4-DIHYDROXYPHENYLACETIC ACID ",NULL,KDM4E,https://www.dgidb.org/genes/KDM4E,NULL,NULL,390245,KDM4E,9606,Homo sapiens (human),NULL,NULL,NULL,NULL,NULL,NULL,NULL,NULL
