﻿resolution,pdbid,title,expmethod,lignme,glytoucan,cids,protacxns,geneids,pmids,dois
   1.46,5BWH,"Structure of H200C variant of Homoprotocatechuate 2,3-Dioxygenase from B.fuscum in complex with HPCA at 1.46 Ang resolution",X-RAY DIFFRACTION,DHY|FE2|CL|P6G|CA,NULL,547|271|312|17472|27284,NULL,NULL,26485328,10.1021/acs.inorgchem.5b01576
1.5,4GHG,"Structure of Homoprotocatechuate 2,3-Dioxygenase from B.fuscum in complex with HPCA at 1.50 Ang resolution",X-RAY DIFFRACTION,DHY|FE2|PG4|CL|P6G|CA,NULL,547|27284|271|312|17472|8200,NULL,NULL,23066739,10.1021/bi301115c
1.57,4Z6Q,"Structure of H200N variant of Homoprotocatechuate 2,3-Dioxygenase from B.fuscum in complex with HPCA at 1.57 Ang resolution",X-RAY DIFFRACTION,DHY|FE2|CL|P6G|CA,NULL,547|271|312|17472|27284,NULL,NULL,26267790,10.1021/acs.biochem.5b00709
1.63,4Z6O,"Structure of H200E variant of Homoprotocatechuate 2,3-Dioxygenase from B.fuscum in complex with HPCA at 1.63 Ang resolution",X-RAY DIFFRACTION,DHY|FE2|PG4|CL|P6G|CA,NULL,547|27284|271|312|17472|8200,NULL,NULL,26267790,10.1021/acs.biochem.5b00709
1.75,4Z6P,"Structure of H200Q variant of Homoprotocatechuate 2,3-Dioxygenase from B.fuscum in complex with HPCA at 1.75 Ang resolution",X-RAY DIFFRACTION,DHY|FE2|PG4|CL|P6G,NULL,547|27284|312|17472|8200,NULL,NULL,26267790,10.1021/acs.biochem.5b00709
1.78,3MFL,"Axial Ligand Swapping In Double Mutant Maintains Intradiol-cleavage Chemistry in Protocatechuate 3,4-Dioxygenase",X-RAY DIFFRACTION,DHY|SO4|BME|CO3|CL|FE|GOL,NULL,547|753|19660|1567|29936|312|1117,P00437|3PCB_M|1YKP_B|P00436|1YKP_A,45522229,NULL,NULL
1.85,4GHD,"Structure of Y257F variant of Homoprotocatechuate 2,3-Dioxygenase from B.fuscum in complex with HPCA at 1.85 Ang resolution",X-RAY DIFFRACTION,DHY|FE2|PG4|CL|P6G|CA,NULL,547|27284|271|312|17472|8200,NULL,NULL,23066739,10.1021/bi301115c
1.9,1F1V,"ANAEROBIC SUBSTRATE COMPLEX OF HOMOPROTOCATECHUATE 2,3-DIOXYGENASE FROM ARTHROBACTER GLOBIFORMIS. (COMPLEX WITH 3,4-DIHYDROXYPHENYLACETATE)",X-RAY DIFFRACTION,MN|DHY,NULL,27854|547,NULL,NULL,15028678,10.1128/jb.186.7.1945-1958.2004
2.1,1Q0C,"Anerobic Substrate Complex of Homoprotocatechuate 2,3-Dioxygenase from Brevibacterium fuscum. (Complex with 3,4-Dihydroxyphenylacetate)",X-RAY DIFFRACTION,FE|DHY,NULL,547|29936,NULL,NULL,15028678,10.1128/jb.186.7.1945-1958.2004
2.35,1AI4,"PENICILLIN ACYLASE COMPLEXED WITH 3,4-DIHYDROXYPHENYLACETIC ACID",X-RAY DIFFRACTION,DHY|CA,NULL,547|271,P06875|1AI4_A,66671774,9813130,10.1006/jmbi.1998.2180
2.4,3PCN,"STRUCTURE OF PROTOCATECHUATE 3,4-DIOXYGENASE COMPLEXED WITH 3,4-DIHYDROXYPHENYLACETATE",X-RAY DIFFRACTION,FE|DHY|BME,NULL,1567|547|29936,P00437|3PCB_M|1YKP_B|P00436|1YKP_A,45522229,9298971,10.1021/bi970691k
