﻿resolution,pdbid,title,expmethod,lignme,glytoucan,cids,protacxns,geneids,pmids,dois
   1.08,1UWC,Feruloyl esterase from Aspergillus niger,X-RAY DIFFRACTION,FER|NAG|SO4,G67334XY,445858|24139|1117,O42807,NULL,15103133,10.1107/s0907444904004937
1.264,4PME,Human transthyretin (TTR) complexed with ferulic acid and curcumin.,X-RAY DIFFRACTION,CUR|FER|EDO|NA,NULL,88034079|923|445858|174,4DEU_A|3FC8_A|3KGT_A|3NES_A|3CFN_A|3HJ0_A|P02766|3NEE_A|1BM7_A,7276,25224922,10.1016/j.nbt.2014.09.002
1.36,6YUX,Crystal structure of Malus domestica Double Bond Reductase (MdDBR) ternary complex,X-RAY DIFFRACTION,FER|NAP|MPD|EDO|NA,NULL,445858|923|5885|174|5288834,NULL,NULL,33412202,10.1016/j.ijbiomac.2020.12.190
1.4,1GKL,S954A mutant of the feruloyl esterase module from clostridium thermocellum complexed with ferulic acid,X-RAY DIFFRACTION,FER|GOL|ACT|CD,NULL,445858|31193|175|753,P51584,NULL,11738044,10.1016/s0969-2126(01)00684-0
1.47,7ATJ,RECOMBINANT HORSERADISH PEROXIDASE C1A COMPLEX WITH CYANIDE AND FERULIC ACID,X-RAY DIFFRACTION,CYN|CA|FER|HEM,NULL,445858|271|5975,P00433,NULL,10574977,10.1074/jbc.274.49.35005
1.496,6MBY,Carbonic Anhydrase II in complex with Ferulic Acid,X-RAY DIFFRACTION,FER|GOL|DMS|ZN,NULL,445858|679|753|32051,1G45_A|2FOU_A|3RYV_B|1A42_A|2POV_A|P00918|1YDA_A|3DBU_A|1H4N_A|3M1K_A|1YDD_A|3KIG_A|1ZSB_A|1XPZ_A|1BNT_A|2Q1Q_A|3R16_A|1YDB_A,760,30839290,10.1107/s2053230x18018344
1.55,5CXX,"Structure of a CE1 ferulic acid esterase, AmCE1/Fae1A, from Anaeromyces mucronatus in complex with Ferulic acid",X-RAY DIFFRACTION,FER|SO4|GOL,NULL,445858|1117|753,NULL,NULL,27026397,10.1042/bj20151153
1.55,6HOP,Human protein kinase CK2 alpha in complex with curcumin degradation products,X-RAY DIFFRACTION,SO4|FER|CIY|V55|GJK|EDO,NULL,5280536|445858|5354238|174|1183|1117,P68400|3MB6_A|3U9C_A|3PE1_A|3OWL_A|2ZJW_A|3H30_A|3NGA_A,1457,31661600,10.1111/febs.15111
1.55,6HOQ,Human protein kinase CK2 alpha in complex with ferulic acid,X-RAY DIFFRACTION,FER|SO4|EDO,NULL,445858|1117|174,P68400|3MB6_A|3U9C_A|3PE1_A|3OWL_A|2ZJW_A|3H30_A|3NGA_A,1457,31661600,10.1111/febs.15111
1.6,2BNJ,The xylanase TA from Thermoascus aurantiacus utilizes arabinose decorations of xylan as significant substrate specificity determinants.,X-RAY DIFFRACTION,FER,G13626AS,445858,P23360|3NYD_A,NULL,16140328,10.1016/j.jmb.2005.07.051
1.68,5X14,Crystal structure of Bacillus subtilis PadR in complex with ferulic acid,X-RAY DIFFRACTION,FER|GOL,NULL,445858|753,NULL,NULL,29136175,10.1093/nar/gkx1055
1.7,1GWT,RECOMBINANT HORSERADISH PEROXIDASE C1A PHE221MET,X-RAY DIFFRACTION,FER|CA|NA|HEM,NULL,445858|923|271,P00433,NULL,NULL,NULL
1.75,3PFC,Crystal structure of the Lactobacillus johnsonii cinnamoyl esterase LJ0536 S106A mutant in complex with ferulic acid,X-RAY DIFFRACTION,FER|CL|PE4|NA,NULL,445858|312|448032|923,NULL,NULL,21876742,10.1371/journal.pone.0023269
1.75,7NTD,The structure of the SBP TarP_Csal in complex with ferulate,X-RAY DIFFRACTION,SO4|MG|FER,NULL,445858|1117|888,NULL,NULL,34375507,10.1111/febs.16156
1.8,1JT2,STRUCTURAL BASIS FOR THE SUBSTRATE SPECIFICITY OF THE FERUL DOMAIN OF THE CELLULOSOMAL XYLANASE Z FROM C. THERMOCELLUM,X-RAY DIFFRACTION,FER,NULL,445858,P10478,NULL,11601976,10.1021/bi011391c
1.85,6HOV,Crystal Structure of BRD4 first bromodomain in complex with ferulic acid,X-RAY DIFFRACTION,FER|EDO,NULL,445858|174,O60885|2YEM_A|3MXF_A|4HBW_A,23476,31661600,10.1111/febs.15111
1.891,4RGU,Crystal Structure of Putative MarR Family Transcriptional Regulator HcaR from Acinetobacter sp. ADP complexed with ferulic acid,X-RAY DIFFRACTION,FER|GOL|CL|NA,NULL,445858|312|753|923,NULL,NULL,NULL,NULL
1.91,4JB0,Rhodopseudomonas palustris (strain CGA009) Rp1789 transport protein,X-RAY DIFFRACTION,FER|GOL|ENO,NULL,445858|979|753,NULL,NULL,23555803,10.1371/journal.pone.0059844
2,3CBG,Functional and Structural Characterization of a Cationdependent O-Methyltransferase from the Cyanobacterium Synechocystis Sp. Strain PCC 6803,X-RAY DIFFRACTION,SAH|FER|MG|4FE,NULL,445858|736186|439155|888,NULL,NULL,18502765,10.1074/jbc.m801943200
2,6ATJ,RECOMBINANT HORSERADISH PEROXIDASE C COMPLEX WITH FERULIC ACID,X-RAY DIFFRACTION,FER|CA|HEM,NULL,445858|271,P00433,NULL,10574977,10.1074/jbc.274.49.35005
2.01,3NX2,Enterobacter sp. Px6-4 Ferulic Acid Decarboxylase in complex with substrate analogues,X-RAY DIFFRACTION,FER,NULL,445858,NULL,NULL,21283705,10.1371/journal.pone.0016262
2.1,2WTN,Ferulic Acid bound to Est1E from Butyrivibrio proteoclasticus,X-RAY DIFFRACTION,FER|GOL|PO4,NULL,445858|1061|753,NULL,NULL,20058325,10.1002/prot.22662
2.1,6G21,Crystal structure of an esterase from Aspergillus oryzae,X-RAY DIFFRACTION,FER|NAG|SO4|CA,G67334XY|G73541PI,445858|24139|1117|271,Q2UMX6,5991062,NULL,NULL
2.15,1GW2,RECOMBINANT HORSERADISH PEROXIDASE C1A THR171SER IN COMPLEX WITH FERULIC ACID,X-RAY DIFFRACTION,FER|CA|HEM,NULL,445858|271,P00433,NULL,NULL,NULL
2.2,1KYZ,Crystal Structure Analysis of Caffeic acid/5-hydroxyferulic acid 3/5-O-methyltransferase Ferulic Acid Complex,X-RAY DIFFRACTION,SAH|FER,NULL,445858|439155,P28002,NULL,12084826,10.1105/tpc.001412
2.54,2BJH,Crystal Structure Of S133A AnFaeA-ferulic acid complex,X-RAY DIFFRACTION,FER|NAG|NDG,G68544GH|G49108TO,445858|24139|82313,O42807,NULL,16128806,10.1111/j.1742-4658.2005.04849.x
