﻿resolution,pdbid,title,expmethod,lignme,glytoucan,cids,protacxns,geneids,pmids,dois
   1.55,4P1D,Structure of the complex of a bimolecular human telomeric DNA with Coptisine,X-RAY DIFFRACTION,KPT|K,NULL,813|72322,NULL,NULL,NULL,NULL
2.44,4D9X,The crystal structure of Coptisine bound to DNA d(CGTACG),X-RAY DIFFRACTION,KPT|CA,NULL,271|72322,NULL,NULL,NULL,NULL
2.71,4L5K,Crystal structure of the complex of DNA hexamer d(CGATCG) with Coptisine,X-RAY DIFFRACTION,KPT,NULL,72322,NULL,NULL,NULL,NULL
NULL,7X8O,NMR Solution Structure of the 2:1 Coptisine-KRAS-G4 Complex,SOLUTION NMR,KPT,NULL,72322,NULL,NULL,NULL,NULL
