﻿id,cid,dsn,cmpdname,srccmpd,srccmpdname,srccmpdurl,srctarget,srctargetname,srctargeturl,protacxn,protname,geneid,genename,taxid,taxname,action,actname,actvalue,evids,evurls,pmids,dois,citations
   1494466,5320954,CTD,Rhapontigenin,C431126,rhapontigenin,https://ctdbase.org/detail.go?type=chem&acc=C431126,196,AHR,https://ctdbase.org/detail.go?type=gene&acc=196,NULL,NULL,196,AHR,7955,Danio rerio (zebrafish),Rhapontigenin inhibits the reaction [benzo(a)pyrene results in increased activity of AHR protein],NULL,NULL,PMID:34597721,https://www.ncbi.nlm.nih.gov/pubmed/34597721,34597721,NULL,NULL
1494467,5320954,CTD,Rhapontigenin,C431126,rhapontigenin,https://ctdbase.org/detail.go?type=chem&acc=C431126,2099,ESR1,https://ctdbase.org/detail.go?type=gene&acc=2099,NULL,NULL,2099,ESR1,9606,Homo sapiens (human),Rhapontigenin analog results in increased activity of ESR1 protein,NULL,NULL,PMID:17935960,https://www.ncbi.nlm.nih.gov/pubmed/17935960,17935960,NULL,NULL
1494468,5320954,CTD,Rhapontigenin,C431126,rhapontigenin,https://ctdbase.org/detail.go?type=chem&acc=C431126,2100,ESR2,https://ctdbase.org/detail.go?type=gene&acc=2100,NULL,NULL,2100,ESR2,9606,Homo sapiens (human),Rhapontigenin analog results in increased activity of ESR2 protein|fulvestrant inhibits the reaction [rhapontigenin analog results in increased activity of ESR2 protein],NULL,NULL,PMID:17692514|PMID:17935960,https://www.ncbi.nlm.nih.gov/pubmed/17692514|https://www.ncbi.nlm.nih.gov/pubmed/17935960,17692514|17935960,NULL,NULL
1494469,5320954,CTD,Rhapontigenin,C431126,rhapontigenin,https://ctdbase.org/detail.go?type=chem&acc=C431126,7018,TF,https://ctdbase.org/detail.go?type=gene&acc=7018,NULL,NULL,7018,TF,9606,Homo sapiens (human),Rhapontigenin analog inhibits the reaction [lipopolysaccharides results in increased activity of TF protein],NULL,NULL,PMID:16507316,https://www.ncbi.nlm.nih.gov/pubmed/16507316,16507316,NULL,NULL
