﻿id,cid,dsn,cmpdname,srccmpd,srccmpdname,srccmpdurl,srctarget,srctargetname,srctargeturl,protacxn,protname,geneid,genename,taxid,taxname,action,actname,actvalue,evids,evurls,pmids,dois,citations
   1161728,96118,CTD,"4',5,6,7-Tetramethoxyflavone",C583906,scutellarein tetramethyl ether,https://ctdbase.org/detail.go?type=chem&acc=C583906,1147,CHUK,https://ctdbase.org/detail.go?type=gene&acc=1147,NULL,NULL,1147,CHUK,10090,Mus musculus (house mouse),Scutellarein tetramethyl ether inhibits the reaction [lipopolysaccharides results in increased phosphorylation of CHUK protein],NULL,NULL,PMID:23535395,https://www.ncbi.nlm.nih.gov/pubmed/23535395,23535395,NULL,NULL
1161729,96118,CTD,"4',5,6,7-Tetramethoxyflavone",C583906,scutellarein tetramethyl ether,https://ctdbase.org/detail.go?type=chem&acc=C583906,3551,IKBKB,https://ctdbase.org/detail.go?type=gene&acc=3551,NULL,NULL,3551,IKBKB,10090,Mus musculus (house mouse),Scutellarein tetramethyl ether inhibits the reaction [lipopolysaccharides results in increased phosphorylation of IKBKB protein],NULL,NULL,PMID:23535395,https://www.ncbi.nlm.nih.gov/pubmed/23535395,23535395,NULL,NULL
1161730,96118,CTD,"4',5,6,7-Tetramethoxyflavone",C583906,scutellarein tetramethyl ether,https://ctdbase.org/detail.go?type=chem&acc=C583906,3569,IL6,https://ctdbase.org/detail.go?type=gene&acc=3569,NULL,NULL,3569,IL6,10090,Mus musculus (house mouse),Scutellarein tetramethyl ether inhibits the reaction [lipopolysaccharides results in increased expression of IL6 mrna],NULL,NULL,PMID:23535395,https://www.ncbi.nlm.nih.gov/pubmed/23535395,23535395,NULL,NULL
1161731,96118,CTD,"4',5,6,7-Tetramethoxyflavone",C583906,scutellarein tetramethyl ether,https://ctdbase.org/detail.go?type=chem&acc=C583906,4792,NFKBIA,https://ctdbase.org/detail.go?type=gene&acc=4792,NULL,NULL,4792,NFKBIA,10090,Mus musculus (house mouse),Scutellarein tetramethyl ether inhibits the reaction [lipopolysaccharides results in increased phosphorylation of NFKBIA protein],NULL,NULL,PMID:23535395,https://www.ncbi.nlm.nih.gov/pubmed/23535395,23535395,NULL,NULL
1161732,96118,CTD,"4',5,6,7-Tetramethoxyflavone",C583906,scutellarein tetramethyl ether,https://ctdbase.org/detail.go?type=chem&acc=C583906,4843,NOS2,https://ctdbase.org/detail.go?type=gene&acc=4843,NULL,NULL,4843,NOS2,10090,Mus musculus (house mouse),Scutellarein tetramethyl ether inhibits the reaction [lipopolysaccharides results in increased expression of NOS2 protein]|scutellarein tetramethyl ether inhibits the reaction [lipopolysaccharides results in increased expression of NOS2 mrna],NULL,NULL,PMID:23535395,https://www.ncbi.nlm.nih.gov/pubmed/23535395,23535395,NULL,NULL
1161733,96118,CTD,"4',5,6,7-Tetramethoxyflavone",C583906,scutellarein tetramethyl ether,https://ctdbase.org/detail.go?type=chem&acc=C583906,5743,PTGS2,https://ctdbase.org/detail.go?type=gene&acc=5743,NULL,NULL,5743,PTGS2,10090,Mus musculus (house mouse),Scutellarein tetramethyl ether inhibits the reaction [lipopolysaccharides results in increased expression of PTGS2 protein]|scutellarein tetramethyl ether inhibits the reaction [lipopolysaccharides results in increased expression of PTGS2 mrna],NULL,NULL,PMID:23535395,https://www.ncbi.nlm.nih.gov/pubmed/23535395,23535395,NULL,NULL
1161734,96118,CTD,"4',5,6,7-Tetramethoxyflavone",C583906,scutellarein tetramethyl ether,https://ctdbase.org/detail.go?type=chem&acc=C583906,5970,RELA,https://ctdbase.org/detail.go?type=gene&acc=5970,NULL,NULL,5970,RELA,10090,Mus musculus (house mouse),Scutellarein tetramethyl ether inhibits the reaction [lipopolysaccharides results in increased localization of and results in increased activity of RELA protein],NULL,NULL,PMID:23535395,https://www.ncbi.nlm.nih.gov/pubmed/23535395,23535395,NULL,NULL
1161735,96118,CTD,"4',5,6,7-Tetramethoxyflavone",C583906,scutellarein tetramethyl ether,https://ctdbase.org/detail.go?type=chem&acc=C583906,7124,TNF,https://ctdbase.org/detail.go?type=gene&acc=7124,NULL,NULL,7124,TNF,10090,Mus musculus (house mouse),Scutellarein tetramethyl ether inhibits the reaction [lipopolysaccharides results in increased expression of TNF mrna],NULL,NULL,PMID:23535395,https://www.ncbi.nlm.nih.gov/pubmed/23535395,23535395,NULL,NULL
