﻿id,cid,dsn,cmpdname,srccmpd,srccmpdname,srccmpdurl,srctarget,srctargetname,srctargeturl,protacxn,protname,geneid,genename,taxid,taxname,action,actname,actvalue,evids,evurls,pmids,dois,citations
   820758,95168,DGIdb,Osajin,NULL,OSAJIN,https://www.dgidb.org/drugs/OSAJIN,NULL,MAPT,https://www.dgidb.org/genes/MAPT,NULL,NULL,4137,MAPT,9606,Homo sapiens (human),NULL,NULL,NULL,NULL,NULL,NULL,NULL,NULL
1118136,95168,DGIdb,Osajin,NULL,OSAJIN,https://www.dgidb.org/drugs/OSAJIN,NULL,SMAD3,https://www.dgidb.org/genes/SMAD3,NULL,NULL,4088,SMAD3,9606,Homo sapiens (human),NULL,NULL,NULL,NULL,NULL,NULL,NULL,NULL
1141648,95168,DGIdb,Osajin,NULL,OSAJIN,https://www.dgidb.org/drugs/OSAJIN,NULL,ALDH1A1,https://www.dgidb.org/genes/ALDH1A1,NULL,NULL,216,ALDH1A1,9606,Homo sapiens (human),NULL,NULL,NULL,NULL,NULL,NULL,NULL,NULL
1258970,95168,CTD,Osajin,C485800,osajin,https://ctdbase.org/detail.go?type=chem&acc=C485800,47,ACLY,https://ctdbase.org/detail.go?type=gene&acc=47,NULL,NULL,47,ACLY,9606,Homo sapiens (human),Osajin results in increased expression of ACLY mRNA,NULL,NULL,PMID:20706672,https://www.ncbi.nlm.nih.gov/pubmed/20706672,20706672,NULL,NULL
1258971,95168,CTD,Osajin,C485800,osajin,https://ctdbase.org/detail.go?type=chem&acc=C485800,358,AQP1,https://ctdbase.org/detail.go?type=gene&acc=358,NULL,NULL,358,AQP1,9606,Homo sapiens (human),Osajin results in increased expression of AQP1 mRNA,NULL,NULL,PMID:20706672,https://www.ncbi.nlm.nih.gov/pubmed/20706672,20706672,NULL,NULL
1258972,95168,CTD,Osajin,C485800,osajin,https://ctdbase.org/detail.go?type=chem&acc=C485800,360,AQP3,https://ctdbase.org/detail.go?type=gene&acc=360,NULL,NULL,360,AQP3,9606,Homo sapiens (human),Osajin results in increased expression of AQP3 mRNA,NULL,NULL,PMID:20706672,https://www.ncbi.nlm.nih.gov/pubmed/20706672,20706672,NULL,NULL
1258973,95168,CTD,Osajin,C485800,osajin,https://ctdbase.org/detail.go?type=chem&acc=C485800,367,AR,https://ctdbase.org/detail.go?type=gene&acc=367,NULL,NULL,367,AR,9606,Homo sapiens (human),Osajin results in decreased expression of AR mRNA,NULL,NULL,PMID:20706672,https://www.ncbi.nlm.nih.gov/pubmed/20706672,20706672,NULL,NULL
1258974,95168,CTD,Osajin,C485800,osajin,https://ctdbase.org/detail.go?type=chem&acc=C485800,960,CD44,https://ctdbase.org/detail.go?type=gene&acc=960,NULL,NULL,960,CD44,9606,Homo sapiens (human),Osajin results in increased expression of CD44 mRNA,NULL,NULL,PMID:20706672,https://www.ncbi.nlm.nih.gov/pubmed/20706672,20706672,NULL,NULL
1258975,95168,CTD,Osajin,C485800,osajin,https://ctdbase.org/detail.go?type=chem&acc=C485800,999,CDH1,https://ctdbase.org/detail.go?type=gene&acc=999,NULL,NULL,999,CDH1,9606,Homo sapiens (human),Osajin results in increased expression of CDH1 mRNA,NULL,NULL,PMID:20706672,https://www.ncbi.nlm.nih.gov/pubmed/20706672,20706672,NULL,NULL
1258976,95168,CTD,Osajin,C485800,osajin,https://ctdbase.org/detail.go?type=chem&acc=C485800,1277,COL1A1,https://ctdbase.org/detail.go?type=gene&acc=1277,NULL,NULL,1277,COL1A1,9606,Homo sapiens (human),Osajin results in increased expression of COL1A1 mRNA,NULL,NULL,PMID:20706672,https://www.ncbi.nlm.nih.gov/pubmed/20706672,20706672,NULL,NULL
1258977,95168,CTD,Osajin,C485800,osajin,https://ctdbase.org/detail.go?type=chem&acc=C485800,4512,COX1,https://ctdbase.org/detail.go?type=gene&acc=4512,NULL,NULL,4512,COX1,9606,Homo sapiens (human),Osajin results in increased expression of COX1 mRNA,NULL,NULL,PMID:20706672,https://www.ncbi.nlm.nih.gov/pubmed/20706672,20706672,NULL,NULL
1258978,95168,CTD,Osajin,C485800,osajin,https://ctdbase.org/detail.go?type=chem&acc=C485800,114757,CYGB,https://ctdbase.org/detail.go?type=gene&acc=114757,NULL,NULL,114757,CYGB,9606,Homo sapiens (human),Osajin results in decreased expression of CYGB mRNA,NULL,NULL,PMID:20706672,https://www.ncbi.nlm.nih.gov/pubmed/20706672,20706672,NULL,NULL
1258979,95168,CTD,Osajin,C485800,osajin,https://ctdbase.org/detail.go?type=chem&acc=C485800,1830,DSG3,https://ctdbase.org/detail.go?type=gene&acc=1830,NULL,NULL,1830,DSG3,9606,Homo sapiens (human),Osajin results in decreased expression of DSG3 mRNA,NULL,NULL,PMID:20706672,https://www.ncbi.nlm.nih.gov/pubmed/20706672,20706672,NULL,NULL
1258980,95168,CTD,Osajin,C485800,osajin,https://ctdbase.org/detail.go?type=chem&acc=C485800,1950,EGF,https://ctdbase.org/detail.go?type=gene&acc=1950,NULL,NULL,1950,EGF,9606,Homo sapiens (human),Osajin results in decreased expression of EGF mRNA,NULL,NULL,PMID:20706672,https://www.ncbi.nlm.nih.gov/pubmed/20706672,20706672,NULL,NULL
1258981,95168,CTD,Osajin,C485800,osajin,https://ctdbase.org/detail.go?type=chem&acc=C485800,2100,ESR2,https://ctdbase.org/detail.go?type=gene&acc=2100,NULL,NULL,2100,ESR2,9606,Homo sapiens (human),Osajin results in decreased expression of ESR2 mRNA,NULL,NULL,PMID:20706672,https://www.ncbi.nlm.nih.gov/pubmed/20706672,20706672,NULL,NULL
1259075,95168,CTD,Osajin,C485800,osajin,https://ctdbase.org/detail.go?type=chem&acc=C485800,2246,FGF1,https://ctdbase.org/detail.go?type=gene&acc=2246,NULL,NULL,2246,FGF1,9606,Homo sapiens (human),Osajin results in increased expression of FGF1 mRNA,NULL,NULL,PMID:20706672,https://www.ncbi.nlm.nih.gov/pubmed/20706672,20706672,NULL,NULL
1259076,95168,CTD,Osajin,C485800,osajin,https://ctdbase.org/detail.go?type=chem&acc=C485800,2896,GRN,https://ctdbase.org/detail.go?type=gene&acc=2896,NULL,NULL,2896,GRN,9606,Homo sapiens (human),Osajin results in increased expression of GRN mRNA,NULL,NULL,PMID:20706672,https://www.ncbi.nlm.nih.gov/pubmed/20706672,20706672,NULL,NULL
1259077,95168,CTD,Osajin,C485800,osajin,https://ctdbase.org/detail.go?type=chem&acc=C485800,3036,HAS1,https://ctdbase.org/detail.go?type=gene&acc=3036,NULL,NULL,3036,HAS1,9606,Homo sapiens (human),Osajin results in decreased expression of HAS1 mRNA,NULL,NULL,PMID:20706672,https://www.ncbi.nlm.nih.gov/pubmed/20706672,20706672,NULL,NULL
1259078,95168,CTD,Osajin,C485800,osajin,https://ctdbase.org/detail.go?type=chem&acc=C485800,3315,HSPB1,https://ctdbase.org/detail.go?type=gene&acc=3315,NULL,NULL,3315,HSPB1,9606,Homo sapiens (human),Osajin results in increased expression of HSPB1 mRNA,NULL,NULL,PMID:20706672,https://www.ncbi.nlm.nih.gov/pubmed/20706672,20706672,NULL,NULL
1259079,95168,CTD,Osajin,C485800,osajin,https://ctdbase.org/detail.go?type=chem&acc=C485800,3479,IGF1,https://ctdbase.org/detail.go?type=gene&acc=3479,NULL,NULL,3479,IGF1,9606,Homo sapiens (human),Osajin results in decreased expression of IGF1 mRNA,NULL,NULL,PMID:20706672,https://www.ncbi.nlm.nih.gov/pubmed/20706672,20706672,NULL,NULL
1259080,95168,CTD,Osajin,C485800,osajin,https://ctdbase.org/detail.go?type=chem&acc=C485800,3552,IL1A,https://ctdbase.org/detail.go?type=gene&acc=3552,NULL,NULL,3552,IL1A,9606,Homo sapiens (human),Osajin results in decreased expression of IL1A mRNA,NULL,NULL,PMID:20706672,https://www.ncbi.nlm.nih.gov/pubmed/20706672,20706672,NULL,NULL
1259081,95168,CTD,Osajin,C485800,osajin,https://ctdbase.org/detail.go?type=chem&acc=C485800,9365,KL,https://ctdbase.org/detail.go?type=gene&acc=9365,NULL,NULL,9365,KL,9606,Homo sapiens (human),Osajin results in decreased expression of KL mRNA,NULL,NULL,PMID:20706672,https://www.ncbi.nlm.nih.gov/pubmed/20706672,20706672,NULL,NULL
1259082,95168,CTD,Osajin,C485800,osajin,https://ctdbase.org/detail.go?type=chem&acc=C485800,3852,KRT5,https://ctdbase.org/detail.go?type=gene&acc=3852,NULL,NULL,3852,KRT5,9606,Homo sapiens (human),Osajin results in increased expression of KRT5 mRNA,NULL,NULL,PMID:20706672,https://www.ncbi.nlm.nih.gov/pubmed/20706672,20706672,NULL,NULL
1259083,95168,CTD,Osajin,C485800,osajin,https://ctdbase.org/detail.go?type=chem&acc=C485800,4157,MC1R,https://ctdbase.org/detail.go?type=gene&acc=4157,NULL,NULL,4157,MC1R,9606,Homo sapiens (human),Osajin results in decreased expression of MC1R mRNA,NULL,NULL,PMID:20706672,https://www.ncbi.nlm.nih.gov/pubmed/20706672,20706672,NULL,NULL
1259084,95168,CTD,Osajin,C485800,osajin,https://ctdbase.org/detail.go?type=chem&acc=C485800,4843,NOS2,https://ctdbase.org/detail.go?type=gene&acc=4843,NULL,NULL,4843,NOS2,9606,Homo sapiens (human),Osajin results in decreased expression of NOS2 mRNA,NULL,NULL,PMID:20706672,https://www.ncbi.nlm.nih.gov/pubmed/20706672,20706672,NULL,NULL
1259085,95168,CTD,Osajin,C485800,osajin,https://ctdbase.org/detail.go?type=chem&acc=C485800,4846,NOS3,https://ctdbase.org/detail.go?type=gene&acc=4846,NULL,NULL,4846,NOS3,9606,Homo sapiens (human),Osajin results in increased expression of NOS3 mRNA,NULL,NULL,PMID:20706672,https://www.ncbi.nlm.nih.gov/pubmed/20706672,20706672,NULL,NULL
1259086,95168,CTD,Osajin,C485800,osajin,https://ctdbase.org/detail.go?type=chem&acc=C485800,5241,PGR,https://ctdbase.org/detail.go?type=gene&acc=5241,NULL,NULL,5241,PGR,9606,Homo sapiens (human),Osajin results in decreased expression of PGR mRNA,NULL,NULL,PMID:20706672,https://www.ncbi.nlm.nih.gov/pubmed/20706672,20706672,NULL,NULL
1259203,95168,CTD,Osajin,C485800,osajin,https://ctdbase.org/detail.go?type=chem&acc=C485800,8985,PLOD3,https://ctdbase.org/detail.go?type=gene&acc=8985,NULL,NULL,8985,PLOD3,9606,Homo sapiens (human),Osajin results in increased expression of PLOD3 mRNA,NULL,NULL,PMID:20706672,https://www.ncbi.nlm.nih.gov/pubmed/20706672,20706672,NULL,NULL
1259204,95168,CTD,Osajin,C485800,osajin,https://ctdbase.org/detail.go?type=chem&acc=C485800,5443,POMC,https://ctdbase.org/detail.go?type=gene&acc=5443,NULL,NULL,5443,POMC,9606,Homo sapiens (human),Osajin results in decreased expression of POMC mRNA,NULL,NULL,PMID:20706672,https://www.ncbi.nlm.nih.gov/pubmed/20706672,20706672,NULL,NULL
1259205,95168,CTD,Osajin,C485800,osajin,https://ctdbase.org/detail.go?type=chem&acc=C485800,5468,PPARG,https://ctdbase.org/detail.go?type=gene&acc=5468,NULL,NULL,5468,PPARG,9606,Homo sapiens (human),Osajin results in decreased expression of PPARG mRNA,NULL,NULL,PMID:20706672,https://www.ncbi.nlm.nih.gov/pubmed/20706672,20706672,NULL,NULL
1259206,95168,CTD,Osajin,C485800,osajin,https://ctdbase.org/detail.go?type=chem&acc=C485800,5731,PTGER1,https://ctdbase.org/detail.go?type=gene&acc=5731,NULL,NULL,5731,PTGER1,9606,Homo sapiens (human),Osajin results in decreased expression of PTGER1 mRNA,NULL,NULL,PMID:20706672,https://www.ncbi.nlm.nih.gov/pubmed/20706672,20706672,NULL,NULL
1259207,95168,CTD,Osajin,C485800,osajin,https://ctdbase.org/detail.go?type=chem&acc=C485800,5886,RAD23A,https://ctdbase.org/detail.go?type=gene&acc=5886,NULL,NULL,5886,RAD23A,9606,Homo sapiens (human),Osajin results in decreased expression of RAD23A mRNA,NULL,NULL,PMID:20706672,https://www.ncbi.nlm.nih.gov/pubmed/20706672,20706672,NULL,NULL
1259208,95168,CTD,Osajin,C485800,osajin,https://ctdbase.org/detail.go?type=chem&acc=C485800,5914,RARA,https://ctdbase.org/detail.go?type=gene&acc=5914,NULL,NULL,5914,RARA,9606,Homo sapiens (human),Osajin results in increased expression of RARA mRNA,NULL,NULL,PMID:20706672,https://www.ncbi.nlm.nih.gov/pubmed/20706672,20706672,NULL,NULL
1259209,95168,CTD,Osajin,C485800,osajin,https://ctdbase.org/detail.go?type=chem&acc=C485800,6256,RXRA,https://ctdbase.org/detail.go?type=gene&acc=6256,NULL,NULL,6256,RXRA,9606,Homo sapiens (human),Osajin results in decreased expression of RXRA mRNA,NULL,NULL,PMID:20706672,https://www.ncbi.nlm.nih.gov/pubmed/20706672,20706672,NULL,NULL
1259210,95168,CTD,Osajin,C485800,osajin,https://ctdbase.org/detail.go?type=chem&acc=C485800,6649,SOD3,https://ctdbase.org/detail.go?type=gene&acc=6649,NULL,NULL,6649,SOD3,9606,Homo sapiens (human),Osajin results in decreased expression of SOD3 mRNA,NULL,NULL,PMID:20706672,https://www.ncbi.nlm.nih.gov/pubmed/20706672,20706672,NULL,NULL
1259211,95168,CTD,Osajin,C485800,osajin,https://ctdbase.org/detail.go?type=chem&acc=C485800,6716,SRD5A2,https://ctdbase.org/detail.go?type=gene&acc=6716,NULL,NULL,6716,SRD5A2,9606,Homo sapiens (human),Osajin results in decreased expression of SRD5A2 mRNA,NULL,NULL,PMID:20706672,https://www.ncbi.nlm.nih.gov/pubmed/20706672,20706672,NULL,NULL
1259212,95168,CTD,Osajin,C485800,osajin,https://ctdbase.org/detail.go?type=chem&acc=C485800,7015,TERT,https://ctdbase.org/detail.go?type=gene&acc=7015,NULL,NULL,7015,TERT,9606,Homo sapiens (human),Osajin results in decreased expression of TERT mRNA,NULL,NULL,PMID:20706672,https://www.ncbi.nlm.nih.gov/pubmed/20706672,20706672,NULL,NULL
1259213,95168,CTD,Osajin,C485800,osajin,https://ctdbase.org/detail.go?type=chem&acc=C485800,7178,TPT1,https://ctdbase.org/detail.go?type=gene&acc=7178,NULL,NULL,7178,TPT1,9606,Homo sapiens (human),Osajin results in increased expression of TPT1 mRNA,NULL,NULL,PMID:20706672,https://www.ncbi.nlm.nih.gov/pubmed/20706672,20706672,NULL,NULL
1259214,95168,CTD,Osajin,C485800,osajin,https://ctdbase.org/detail.go?type=chem&acc=C485800,7295,TXN,https://ctdbase.org/detail.go?type=gene&acc=7295,NULL,NULL,7295,TXN,9606,Homo sapiens (human),Osajin results in increased expression of TXN mRNA,NULL,NULL,PMID:20706672,https://www.ncbi.nlm.nih.gov/pubmed/20706672,20706672,NULL,NULL
1813989,95168,DGIdb,Osajin,NULL,OSAJIN,https://www.dgidb.org/drugs/OSAJIN,NULL,EHMT2,https://www.dgidb.org/genes/EHMT2,NULL,NULL,10919,EHMT2,9606,Homo sapiens (human),NULL,NULL,NULL,NULL,NULL,NULL,NULL,NULL
1813990,95168,BindingDB,Osajin,50442397,OSAJIN,https://www.bindingdb.org/rwd/bind/chemsearch/marvin/MolStructure.jsp?monomerid=50442397,770,Replicase polyprotein 1ab,https://www.bindingdb.org/rwd/jsp/dbsearch/PrimarySearch_ki.jsp?tag=pol&polymerid=770,P0DTD1,Replicase polyprotein 1ab,43740578,ORF1ab,2697049,Severe acute respiratory syndrome coronavirus 2,NULL,IC50 (nM),3870,PMID:32366720,https://www.ncbi.nlm.nih.gov/pubmed/32366720,32366720,NULL,NULL
1846635,95168,DGIdb,Osajin,NULL,OSAJIN,https://www.dgidb.org/drugs/OSAJIN,NULL,ATXN2,https://www.dgidb.org/genes/ATXN2,NULL,NULL,6311,ATXN2,9606,Homo sapiens (human),NULL,NULL,NULL,NULL,NULL,NULL,NULL,NULL
