﻿id,cid,dsn,cmpdname,srccmpd,srccmpdname,srccmpdurl,srctarget,srctargetname,srctargeturl,protacxn,protname,geneid,genename,taxid,taxname,action,actname,actvalue,evids,evurls,pmids,dois,citations
   1232481,123617,CTD,9-Methoxycamptothecin,C025724,9-methoxycamptothecin,https://ctdbase.org/detail.go?type=chem&acc=C025724,572,BAD,https://ctdbase.org/detail.go?type=gene&acc=572,NULL,NULL,572,BAD,9606,Homo sapiens (human),9-methoxycamptothecin results in increased expression of BAD mRNA,NULL,NULL,PMID:23369935,https://www.ncbi.nlm.nih.gov/pubmed/23369935,23369935,NULL,NULL
1232482,123617,CTD,9-Methoxycamptothecin,C025724,9-methoxycamptothecin,https://ctdbase.org/detail.go?type=chem&acc=C025724,581,BAX,https://ctdbase.org/detail.go?type=gene&acc=581,NULL,NULL,581,BAX,9606,Homo sapiens (human),9-methoxycamptothecin results in increased expression of BAX mRNA,NULL,NULL,PMID:23369935,https://www.ncbi.nlm.nih.gov/pubmed/23369935,23369935,NULL,NULL
1232483,123617,CTD,9-Methoxycamptothecin,C025724,9-methoxycamptothecin,https://ctdbase.org/detail.go?type=chem&acc=C025724,596,BCL2,https://ctdbase.org/detail.go?type=gene&acc=596,NULL,NULL,596,BCL2,9606,Homo sapiens (human),9-methoxycamptothecin results in increased expression of BCL2 mRNA,NULL,NULL,PMID:23369935,https://www.ncbi.nlm.nih.gov/pubmed/23369935,23369935,NULL,NULL
1232484,123617,CTD,9-Methoxycamptothecin,C025724,9-methoxycamptothecin,https://ctdbase.org/detail.go?type=chem&acc=C025724,598,BCL2L1,https://ctdbase.org/detail.go?type=gene&acc=598,NULL,NULL,598,BCL2L1,9606,Homo sapiens (human),9-methoxycamptothecin results in increased expression of BCL2L1 mRNA,NULL,NULL,PMID:23369935,https://www.ncbi.nlm.nih.gov/pubmed/23369935,23369935,NULL,NULL
1232485,123617,CTD,9-Methoxycamptothecin,C025724,9-methoxycamptothecin,https://ctdbase.org/detail.go?type=chem&acc=C025724,836,CASP3,https://ctdbase.org/detail.go?type=gene&acc=836,NULL,NULL,836,CASP3,9606,Homo sapiens (human),9-methoxycamptothecin results in increased activity of CASP3 protein,NULL,NULL,PMID:23369935,https://www.ncbi.nlm.nih.gov/pubmed/23369935,23369935,NULL,NULL
1232486,123617,CTD,9-Methoxycamptothecin,C025724,9-methoxycamptothecin,https://ctdbase.org/detail.go?type=chem&acc=C025724,841,CASP8,https://ctdbase.org/detail.go?type=gene&acc=841,NULL,NULL,841,CASP8,9606,Homo sapiens (human),9-methoxycamptothecin results in increased activity of CASP8 protein,NULL,NULL,PMID:23369935,https://www.ncbi.nlm.nih.gov/pubmed/23369935,23369935,NULL,NULL
1232487,123617,CTD,9-Methoxycamptothecin,C025724,9-methoxycamptothecin,https://ctdbase.org/detail.go?type=chem&acc=C025724,842,CASP9,https://ctdbase.org/detail.go?type=gene&acc=842,NULL,NULL,842,CASP9,9606,Homo sapiens (human),9-methoxycamptothecin results in increased activity of CASP9 protein,NULL,NULL,PMID:23369935,https://www.ncbi.nlm.nih.gov/pubmed/23369935,23369935,NULL,NULL
1232488,123617,CTD,9-Methoxycamptothecin,C025724,9-methoxycamptothecin,https://ctdbase.org/detail.go?type=chem&acc=C025724,891,CCNB1,https://ctdbase.org/detail.go?type=gene&acc=891,NULL,NULL,891,CCNB1,9606,Homo sapiens (human),9-methoxycamptothecin results in increased expression of CCNB1 mRNA,NULL,NULL,PMID:23369935,https://www.ncbi.nlm.nih.gov/pubmed/23369935,23369935,NULL,NULL
1232489,123617,CTD,9-Methoxycamptothecin,C025724,9-methoxycamptothecin,https://ctdbase.org/detail.go?type=chem&acc=C025724,1027,CDKN1B,https://ctdbase.org/detail.go?type=gene&acc=1027,NULL,NULL,1027,CDKN1B,9606,Homo sapiens (human),9-methoxycamptothecin results in increased expression of CDKN1B mrna|9-methoxycamptothecin results in increased expression of CDKN1B protein,NULL,NULL,PMID:23369935,https://www.ncbi.nlm.nih.gov/pubmed/23369935,23369935,NULL,NULL
1232490,123617,CTD,9-Methoxycamptothecin,C025724,9-methoxycamptothecin,https://ctdbase.org/detail.go?type=chem&acc=C025724,355,FAS,https://ctdbase.org/detail.go?type=gene&acc=355,NULL,NULL,355,FAS,9606,Homo sapiens (human),9-methoxycamptothecin results in increased expression of FAS protein|9-methoxycamptothecin results in increased expression of FAS mRNA,NULL,NULL,PMID:23369935,https://www.ncbi.nlm.nih.gov/pubmed/23369935,23369935,NULL,NULL
1232491,123617,CTD,9-Methoxycamptothecin,C025724,9-methoxycamptothecin,https://ctdbase.org/detail.go?type=chem&acc=C025724,898,CCNE1,https://ctdbase.org/detail.go?type=gene&acc=898,NULL,NULL,898,CCNE1,9606,Homo sapiens (human),9-methoxycamptothecin results in increased expression of CCNE1 mRNA,NULL,NULL,PMID:23369935,https://www.ncbi.nlm.nih.gov/pubmed/23369935,23369935,NULL,NULL
1232620,123617,CTD,9-Methoxycamptothecin,C025724,9-methoxycamptothecin,https://ctdbase.org/detail.go?type=chem&acc=C025724,1026,CDKN1A,https://ctdbase.org/detail.go?type=gene&acc=1026,NULL,NULL,1026,CDKN1A,9606,Homo sapiens (human),9-methoxycamptothecin results in increased expression of CDKN1A mRNA,NULL,NULL,PMID:23369935,https://www.ncbi.nlm.nih.gov/pubmed/23369935,23369935,NULL,NULL
1232621,123617,CTD,9-Methoxycamptothecin,C025724,9-methoxycamptothecin,https://ctdbase.org/detail.go?type=chem&acc=C025724,7157,TP53,https://ctdbase.org/detail.go?type=gene&acc=7157,NULL,NULL,7157,TP53,9606,Homo sapiens (human),9-methoxycamptothecin results in increased expression of TP53 protein|9-methoxycamptothecin results in increased expression of TP53 mRNA,NULL,NULL,PMID:23369935,https://www.ncbi.nlm.nih.gov/pubmed/23369935,23369935,NULL,NULL
1232622,123617,CTD,9-Methoxycamptothecin,C025724,9-methoxycamptothecin,https://ctdbase.org/detail.go?type=chem&acc=C025724,356,FASLG,https://ctdbase.org/detail.go?type=gene&acc=356,NULL,NULL,356,FASLG,9606,Homo sapiens (human),9-methoxycamptothecin results in increased expression of FASLG mRNA,NULL,NULL,PMID:23369935,https://www.ncbi.nlm.nih.gov/pubmed/23369935,23369935,NULL,NULL
1232623,123617,CTD,9-Methoxycamptothecin,C025724,9-methoxycamptothecin,https://ctdbase.org/detail.go?type=chem&acc=C025724,2353,FOS,https://ctdbase.org/detail.go?type=gene&acc=2353,NULL,NULL,2353,FOS,9606,Homo sapiens (human),9-methoxycamptothecin results in increased expression of FOS mRNA,NULL,NULL,PMID:23369935,https://www.ncbi.nlm.nih.gov/pubmed/23369935,23369935,NULL,NULL
1232624,123617,CTD,9-Methoxycamptothecin,C025724,9-methoxycamptothecin,https://ctdbase.org/detail.go?type=chem&acc=C025724,3725,JUN,https://ctdbase.org/detail.go?type=gene&acc=3725,NULL,NULL,3725,JUN,9606,Homo sapiens (human),9-methoxycamptothecin results in increased expression of JUN mRNA,NULL,NULL,PMID:23369935,https://www.ncbi.nlm.nih.gov/pubmed/23369935,23369935,NULL,NULL
1232625,123617,CTD,9-Methoxycamptothecin,C025724,9-methoxycamptothecin,https://ctdbase.org/detail.go?type=chem&acc=C025724,3726,JUNB,https://ctdbase.org/detail.go?type=gene&acc=3726,NULL,NULL,3726,JUNB,9606,Homo sapiens (human),9-methoxycamptothecin results in increased expression of JUNB mRNA,NULL,NULL,PMID:23369935,https://www.ncbi.nlm.nih.gov/pubmed/23369935,23369935,NULL,NULL
1232626,123617,CTD,9-Methoxycamptothecin,C025724,9-methoxycamptothecin,https://ctdbase.org/detail.go?type=chem&acc=C025724,5743,PTGS2,https://ctdbase.org/detail.go?type=gene&acc=5743,NULL,NULL,5743,PTGS2,9606,Homo sapiens (human),9-methoxycamptothecin results in increased expression of PTGS2 mRNA,NULL,NULL,PMID:23369935,https://www.ncbi.nlm.nih.gov/pubmed/23369935,23369935,NULL,NULL
1232627,123617,CTD,9-Methoxycamptothecin,C025724,9-methoxycamptothecin,https://ctdbase.org/detail.go?type=chem&acc=C025724,7124,TNF,https://ctdbase.org/detail.go?type=gene&acc=7124,NULL,NULL,7124,TNF,9606,Homo sapiens (human),9-methoxycamptothecin results in increased expression of TNF mrna|9-methoxycamptothecin results in increased expression of TNF protein,NULL,NULL,PMID:23369935,https://www.ncbi.nlm.nih.gov/pubmed/23369935,23369935,NULL,NULL
