﻿id,cid,dsn,cmpdname,srccmpd,srccmpdname,srccmpdurl,srctarget,srctargetname,srctargeturl,protacxn,protname,geneid,genename,taxid,taxname,action,actname,actvalue,evids,evurls,pmids,dois,citations
   554158,73549,DGIdb,"Indolo[2,1-b]quinazoline-6,12-dione",NULL,TRYPTANTHRIN,https://www.dgidb.org/drugs/TRYPTANTHRIN,NULL,IDO1,https://www.dgidb.org/genes/IDO1,NULL,NULL,3620,IDO1,9606,Homo sapiens (human),Inhibitor,NULL,NULL,NULL,NULL,NULL,NULL,NULL
796265,73549,Guide to PHARMACOLOGY,"Indolo[2,1-b]quinazoline-6,12-dione",8224,tryptanthrin,https://www.guidetopharmacology.org/GRAC/LigandDisplayForward?ligandId=8224,2829,"indoleamine 2,3-dioxygenase 1",https://guidetopharmacology.org/GRAC/ObjectDisplayForward?objectId=2829,P14902,"Indoleamine 2,3-dioxygenase 1",3620,IDO1,9606,Homo sapiens (human),Inhibition,pKi,5.32,PMID:24099220,https://www.ncbi.nlm.nih.gov/pubmed/24099220,24099220,NULL,NULL
796266,73549,DGIdb,"Indolo[2,1-b]quinazoline-6,12-dione",NULL,TRYPTANTHRIN,https://www.dgidb.org/drugs/TRYPTANTHRIN,NULL,GMNN,https://www.dgidb.org/genes/GMNN,NULL,NULL,51053,GMNN,9606,Homo sapiens (human),NULL,NULL,NULL,NULL,NULL,NULL,NULL,NULL
1113262,73549,CTD,"Indolo[2,1-b]quinazoline-6,12-dione",C046243,tryptanthrine,https://ctdbase.org/detail.go?type=chem&acc=C046243,5243,ABCB1,https://ctdbase.org/detail.go?type=gene&acc=5243,NULL,NULL,5243,ABCB1,9606,Homo sapiens (human),Tryptanthrine results in decreased expression of ABCB1 mrna|tryptanthrine results in decreased expression of ABCB1 protein|tryptanthrine binds to ABCB1 promoter,NULL,NULL,PMID:17482571,https://www.ncbi.nlm.nih.gov/pubmed/17482571,17482571,NULL,NULL
1113263,73549,CTD,"Indolo[2,1-b]quinazoline-6,12-dione",C046243,tryptanthrine,https://ctdbase.org/detail.go?type=chem&acc=C046243,196,AHR,https://ctdbase.org/detail.go?type=gene&acc=196,NULL,NULL,196,AHR,10090,Mus musculus (house mouse),Tryptanthrine promotes the reaction [[AHR protein binds to ARNT protein] which binds to CCL20 promoter],NULL,NULL,PMID:26259605,https://www.ncbi.nlm.nih.gov/pubmed/26259605,26259605,NULL,NULL
1113441,73549,CTD,"Indolo[2,1-b]quinazoline-6,12-dione",C046243,tryptanthrine,https://ctdbase.org/detail.go?type=chem&acc=C046243,207,AKT1,https://ctdbase.org/detail.go?type=gene&acc=207,NULL,NULL,207,AKT1,9606,Homo sapiens (human),Tryptanthrine results in decreased phosphorylation of AKT1 protein,NULL,NULL,PMID:26341616,https://www.ncbi.nlm.nih.gov/pubmed/26341616,26341616,NULL,NULL
1113442,73549,CTD,"Indolo[2,1-b]quinazoline-6,12-dione",C046243,tryptanthrine,https://ctdbase.org/detail.go?type=chem&acc=C046243,405,ARNT,https://ctdbase.org/detail.go?type=gene&acc=405,NULL,NULL,405,ARNT,10090,Mus musculus (house mouse),Tryptanthrine promotes the reaction [[AHR protein binds to ARNT protein] which binds to CCL20 promoter],NULL,NULL,PMID:26259605,https://www.ncbi.nlm.nih.gov/pubmed/26259605,26259605,NULL,NULL
1113443,73549,CTD,"Indolo[2,1-b]quinazoline-6,12-dione",C046243,tryptanthrine,https://ctdbase.org/detail.go?type=chem&acc=C046243,796,CALCA,https://ctdbase.org/detail.go?type=gene&acc=796,NULL,NULL,796,CALCA,9606,Homo sapiens (human),Tryptanthrine results in increased expression of CALCA mRNA,NULL,NULL,PMID:23500671,https://www.ncbi.nlm.nih.gov/pubmed/23500671,23500671,NULL,NULL
1113444,73549,CTD,"Indolo[2,1-b]quinazoline-6,12-dione",C046243,tryptanthrine,https://ctdbase.org/detail.go?type=chem&acc=C046243,6364,CCL20,https://ctdbase.org/detail.go?type=gene&acc=6364,NULL,NULL,6364,CCL20,9606,Homo sapiens (human),Tryptanthrine inhibits the reaction [[IL17A protein co-treated with TNF protein] results in increased expression of CCL20 mrna],NULL,NULL,PMID:32173427,https://www.ncbi.nlm.nih.gov/pubmed/32173427,32173427,NULL,NULL
1113445,73549,CTD,"Indolo[2,1-b]quinazoline-6,12-dione",C046243,tryptanthrine,https://ctdbase.org/detail.go?type=chem&acc=C046243,6364,CCL20,https://ctdbase.org/detail.go?type=gene&acc=6364,NULL,NULL,6364,CCL20,10090,Mus musculus (house mouse),Tryptanthrine promotes the reaction [[AHR protein binds to ARNT protein] which binds to CCL20 promoter],NULL,NULL,PMID:26259605,https://www.ncbi.nlm.nih.gov/pubmed/26259605,26259605,NULL,NULL
1113446,73549,CTD,"Indolo[2,1-b]quinazoline-6,12-dione",C046243,tryptanthrine,https://ctdbase.org/detail.go?type=chem&acc=C046243,8900,CCNA1,https://ctdbase.org/detail.go?type=gene&acc=8900,NULL,NULL,8900,CCNA1,9606,Homo sapiens (human),Tryptanthrine results in decreased expression of CCNA1 mrna|tryptanthrine results in decreased expression of CCNA1 protein,NULL,NULL,PMID:26341616,https://www.ncbi.nlm.nih.gov/pubmed/26341616,26341616,NULL,NULL
1113447,73549,CTD,"Indolo[2,1-b]quinazoline-6,12-dione",C046243,tryptanthrine,https://ctdbase.org/detail.go?type=chem&acc=C046243,891,CCNB1,https://ctdbase.org/detail.go?type=gene&acc=891,NULL,NULL,891,CCNB1,9606,Homo sapiens (human),Tryptanthrine results in decreased expression of CCNB1 mrna|tryptanthrine results in decreased expression of CCNB1 protein,NULL,NULL,PMID:26341616,https://www.ncbi.nlm.nih.gov/pubmed/26341616,26341616,NULL,NULL
1113448,73549,CTD,"Indolo[2,1-b]quinazoline-6,12-dione",C046243,tryptanthrine,https://ctdbase.org/detail.go?type=chem&acc=C046243,595,CCND1,https://ctdbase.org/detail.go?type=gene&acc=595,NULL,NULL,595,CCND1,9606,Homo sapiens (human),Tryptanthrine results in decreased expression of CCND1 protein,NULL,NULL,PMID:23500671,https://www.ncbi.nlm.nih.gov/pubmed/23500671,23500671,NULL,NULL
1113449,73549,CTD,"Indolo[2,1-b]quinazoline-6,12-dione",C046243,tryptanthrine,https://ctdbase.org/detail.go?type=chem&acc=C046243,896,CCND3,https://ctdbase.org/detail.go?type=gene&acc=896,NULL,NULL,896,CCND3,9606,Homo sapiens (human),Tryptanthrine results in decreased expression of CCND3 protein,NULL,NULL,PMID:23500671,https://www.ncbi.nlm.nih.gov/pubmed/23500671,23500671,NULL,NULL
1113450,73549,CTD,"Indolo[2,1-b]quinazoline-6,12-dione",C046243,tryptanthrine,https://ctdbase.org/detail.go?type=chem&acc=C046243,1017,CDK2,https://ctdbase.org/detail.go?type=gene&acc=1017,NULL,NULL,1017,CDK2,9606,Homo sapiens (human),Tryptanthrine results in decreased expression of CDK2 mrna|tryptanthrine results in decreased expression of CDK2 protein,NULL,NULL,PMID:26341616,https://www.ncbi.nlm.nih.gov/pubmed/26341616,26341616,NULL,NULL
1113451,73549,CTD,"Indolo[2,1-b]quinazoline-6,12-dione",C046243,tryptanthrine,https://ctdbase.org/detail.go?type=chem&acc=C046243,1019,CDK4,https://ctdbase.org/detail.go?type=gene&acc=1019,NULL,NULL,1019,CDK4,9606,Homo sapiens (human),Tryptanthrine results in decreased expression of CDK4 protein,NULL,NULL,PMID:23500671,https://www.ncbi.nlm.nih.gov/pubmed/23500671,23500671,NULL,NULL
1113598,73549,CTD,"Indolo[2,1-b]quinazoline-6,12-dione",C046243,tryptanthrine,https://ctdbase.org/detail.go?type=chem&acc=C046243,1021,CDK6,https://ctdbase.org/detail.go?type=gene&acc=1021,NULL,NULL,1021,CDK6,9606,Homo sapiens (human),Tryptanthrine results in decreased expression of CDK6 protein,NULL,NULL,PMID:23500671,https://www.ncbi.nlm.nih.gov/pubmed/23500671,23500671,NULL,NULL
1113599,73549,CTD,"Indolo[2,1-b]quinazoline-6,12-dione",C046243,tryptanthrine,https://ctdbase.org/detail.go?type=chem&acc=C046243,3576,CXCL8,https://ctdbase.org/detail.go?type=gene&acc=3576,NULL,NULL,3576,CXCL8,9606,Homo sapiens (human),Tryptanthrine inhibits the reaction [[IL17A protein co-treated with TNF protein] results in increased expression of CXCL8 mrna],NULL,NULL,PMID:32173427,https://www.ncbi.nlm.nih.gov/pubmed/32173427,32173427,NULL,NULL
1113600,73549,CTD,"Indolo[2,1-b]quinazoline-6,12-dione",C046243,tryptanthrine,https://ctdbase.org/detail.go?type=chem&acc=C046243,2596,GAP43,https://ctdbase.org/detail.go?type=gene&acc=2596,NULL,NULL,2596,GAP43,9606,Homo sapiens (human),Tryptanthrine results in increased expression of GAP43 mRNA,NULL,NULL,PMID:23500671,https://www.ncbi.nlm.nih.gov/pubmed/23500671,23500671,NULL,NULL
1113601,73549,CTD,"Indolo[2,1-b]quinazoline-6,12-dione",C046243,tryptanthrine,https://ctdbase.org/detail.go?type=chem&acc=C046243,3605,IL17A,https://ctdbase.org/detail.go?type=gene&acc=3605,NULL,NULL,3605,IL17A,9606,Homo sapiens (human),Tryptanthrine inhibits the reaction [[IL17A protein co-treated with TNF protein] results in increased expression of S100A9 mrna]|tryptanthrine inhibits the reaction [[IL17A protein co-treated with TNF protein] results in increased expression of TNF mrna]|tryptanthrine inhibits the reaction [[IL17A protein co-treated with TNF protein] results in increased expression of CXCL8 mrna]|tryptanthrine inhibits the reaction [[IL17A protein co-treated with TNF protein] results in increased expression of CCL20 mrna]|tryptanthrine inhibits the reaction [RORC protein results in increased expression of IL17A mrna]|tryptanthrine inhibits the reaction [[IL17A protein co-treated with TNF protein] results in increased expression of IL1B mrna]|tryptanthrine inhibits the reaction [[IL17A protein co-treated with TNF protein] results in increased expression of IL6 mrna],NULL,NULL,PMID:32173427,https://www.ncbi.nlm.nih.gov/pubmed/32173427,32173427,NULL,NULL
1113602,73549,CTD,"Indolo[2,1-b]quinazoline-6,12-dione",C046243,tryptanthrine,https://ctdbase.org/detail.go?type=chem&acc=C046243,112744,IL17F,https://ctdbase.org/detail.go?type=gene&acc=112744,NULL,NULL,112744,IL17F,9606,Homo sapiens (human),Tryptanthrine inhibits the reaction [RORC protein results in increased expression of IL17F mrna],NULL,NULL,PMID:32173427,https://www.ncbi.nlm.nih.gov/pubmed/32173427,32173427,NULL,NULL
1113603,73549,CTD,"Indolo[2,1-b]quinazoline-6,12-dione",C046243,tryptanthrine,https://ctdbase.org/detail.go?type=chem&acc=C046243,3553,IL1B,https://ctdbase.org/detail.go?type=gene&acc=3553,NULL,NULL,3553,IL1B,9606,Homo sapiens (human),Tryptanthrine inhibits the reaction [[IL17A protein co-treated with TNF protein] results in increased expression of IL1B mrna],NULL,NULL,PMID:32173427,https://www.ncbi.nlm.nih.gov/pubmed/32173427,32173427,NULL,NULL
1113604,73549,CTD,"Indolo[2,1-b]quinazoline-6,12-dione",C046243,tryptanthrine,https://ctdbase.org/detail.go?type=chem&acc=C046243,50616,IL22,https://ctdbase.org/detail.go?type=gene&acc=50616,NULL,NULL,50616,IL22,9606,Homo sapiens (human),Tryptanthrine inhibits the reaction [RORC protein results in increased expression of IL22 mrna],NULL,NULL,PMID:32173427,https://www.ncbi.nlm.nih.gov/pubmed/32173427,32173427,NULL,NULL
1113605,73549,CTD,"Indolo[2,1-b]quinazoline-6,12-dione",C046243,tryptanthrine,https://ctdbase.org/detail.go?type=chem&acc=C046243,3569,IL6,https://ctdbase.org/detail.go?type=gene&acc=3569,NULL,NULL,3569,IL6,9606,Homo sapiens (human),Tryptanthrine inhibits the reaction [[IL17A protein co-treated with TNF protein] results in increased expression of IL6 mrna],NULL,NULL,PMID:32173427,https://www.ncbi.nlm.nih.gov/pubmed/32173427,32173427,NULL,NULL
1113606,73549,CTD,"Indolo[2,1-b]quinazoline-6,12-dione",C046243,tryptanthrine,https://ctdbase.org/detail.go?type=chem&acc=C046243,4133,MAP2,https://ctdbase.org/detail.go?type=gene&acc=4133,NULL,NULL,4133,MAP2,9606,Homo sapiens (human),Tryptanthrine results in increased expression of MAP2 protein,NULL,NULL,PMID:23500671,https://www.ncbi.nlm.nih.gov/pubmed/23500671,23500671,NULL,NULL
1113607,73549,CTD,"Indolo[2,1-b]quinazoline-6,12-dione",C046243,tryptanthrine,https://ctdbase.org/detail.go?type=chem&acc=C046243,4137,MAPT,https://ctdbase.org/detail.go?type=gene&acc=4137,NULL,NULL,4137,MAPT,9606,Homo sapiens (human),Tryptanthrine results in increased expression of MAPT mRNA,NULL,NULL,PMID:23500671,https://www.ncbi.nlm.nih.gov/pubmed/23500671,23500671,NULL,NULL
1113775,73549,CTD,"Indolo[2,1-b]quinazoline-6,12-dione",C046243,tryptanthrine,https://ctdbase.org/detail.go?type=chem&acc=C046243,4613,MYCN,https://ctdbase.org/detail.go?type=gene&acc=4613,NULL,NULL,4613,MYCN,9606,Homo sapiens (human),Tryptanthrine results in decreased expression of MYCN protein|tryptanthrine results in decreased expression of MYCN mRNA,NULL,NULL,PMID:23500671,https://www.ncbi.nlm.nih.gov/pubmed/23500671,23500671,NULL,NULL
1113776,73549,CTD,"Indolo[2,1-b]quinazoline-6,12-dione",C046243,tryptanthrine,https://ctdbase.org/detail.go?type=chem&acc=C046243,4744,NEFH,https://ctdbase.org/detail.go?type=gene&acc=4744,NULL,NULL,4744,NEFH,9606,Homo sapiens (human),Tryptanthrine results in increased expression of NEFH protein,NULL,NULL,PMID:23500671,https://www.ncbi.nlm.nih.gov/pubmed/23500671,23500671,NULL,NULL
1113777,73549,CTD,"Indolo[2,1-b]quinazoline-6,12-dione",C046243,tryptanthrine,https://ctdbase.org/detail.go?type=chem&acc=C046243,5747,PTK2,https://ctdbase.org/detail.go?type=gene&acc=5747,NULL,NULL,5747,PTK2,9606,Homo sapiens (human),Tryptanthrine results in decreased phosphorylation of PTK2 protein,NULL,NULL,PMID:26341616,https://www.ncbi.nlm.nih.gov/pubmed/26341616,26341616,NULL,NULL
1113778,73549,CTD,"Indolo[2,1-b]quinazoline-6,12-dione",C046243,tryptanthrine,https://ctdbase.org/detail.go?type=chem&acc=C046243,6097,RORC,https://ctdbase.org/detail.go?type=gene&acc=6097,NULL,NULL,6097,RORC,9606,Homo sapiens (human),Tryptanthrine inhibits the reaction [RORC protein results in increased expression of IL17A mrna]|tryptanthrine inhibits the reaction [RORC protein results in increased expression of IL17F mrna]|tryptanthrine inhibits the reaction [RORC protein results in increased expression of IL22 mrna],NULL,NULL,PMID:32173427,https://www.ncbi.nlm.nih.gov/pubmed/32173427,32173427,NULL,NULL
1113779,73549,CTD,"Indolo[2,1-b]quinazoline-6,12-dione",C046243,tryptanthrine,https://ctdbase.org/detail.go?type=chem&acc=C046243,6280,S100A9,https://ctdbase.org/detail.go?type=gene&acc=6280,NULL,NULL,6280,S100A9,9606,Homo sapiens (human),Tryptanthrine inhibits the reaction [[IL17A protein co-treated with TNF protein] results in increased expression of S100A9 mrna],NULL,NULL,PMID:32173427,https://www.ncbi.nlm.nih.gov/pubmed/32173427,32173427,NULL,NULL
1113780,73549,CTD,"Indolo[2,1-b]quinazoline-6,12-dione",C046243,tryptanthrine,https://ctdbase.org/detail.go?type=chem&acc=C046243,6750,SST,https://ctdbase.org/detail.go?type=gene&acc=6750,NULL,NULL,6750,SST,9606,Homo sapiens (human),Tryptanthrine results in increased expression of SST mRNA,NULL,NULL,PMID:23500671,https://www.ncbi.nlm.nih.gov/pubmed/23500671,23500671,NULL,NULL
1113781,73549,CTD,"Indolo[2,1-b]quinazoline-6,12-dione",C046243,tryptanthrine,https://ctdbase.org/detail.go?type=chem&acc=C046243,7124,TNF,https://ctdbase.org/detail.go?type=gene&acc=7124,NULL,NULL,7124,TNF,9606,Homo sapiens (human),Tryptanthrine inhibits the reaction [[IL17A protein co-treated with TNF protein] results in increased expression of S100A9 mrna]|tryptanthrine inhibits the reaction [[IL17A protein co-treated with TNF protein] results in increased expression of CXCL8 mrna]|tryptanthrine inhibits the reaction [[IL17A protein co-treated with TNF protein] results in increased expression of CCL20 mrna]|tryptanthrine inhibits the reaction [[IL17A protein co-treated with TNF protein] results in increased expression of IL1B mrna]|tryptanthrine inhibits the reaction [[IL17A protein co-treated with TNF protein] results in increased expression of IL6 mrna],NULL,NULL,PMID:32173427,https://www.ncbi.nlm.nih.gov/pubmed/32173427,32173427,NULL,NULL
1113782,73549,CTD,"Indolo[2,1-b]quinazoline-6,12-dione",C046243,tryptanthrine,https://ctdbase.org/detail.go?type=chem&acc=C046243,7124,TNF,https://ctdbase.org/detail.go?type=gene&acc=7124,NULL,NULL,7124,TNF,9606,Homo sapiens (human),Tryptanthrine inhibits the reaction [[IL17A protein co-treated with TNF protein] results in increased expression of TNF mrna],NULL,NULL,PMID:32173427,https://www.ncbi.nlm.nih.gov/pubmed/32173427,32173427|32173427,NULL,NULL
1113783,73549,CTD,"Indolo[2,1-b]quinazoline-6,12-dione",C046243,tryptanthrine,https://ctdbase.org/detail.go?type=chem&acc=C046243,7157,TP53,https://ctdbase.org/detail.go?type=gene&acc=7157,NULL,NULL,7157,TP53,9606,Homo sapiens (human),Tryptanthrine results in decreased expression of and results in increased degradation of TP53 protein,NULL,NULL,PMID:17482571,https://www.ncbi.nlm.nih.gov/pubmed/17482571,17482571,NULL,NULL
1176256,73549,DGIdb,"Indolo[2,1-b]quinazoline-6,12-dione",NULL,TRYPTANTHRIN,https://www.dgidb.org/drugs/TRYPTANTHRIN,NULL,TOP1,https://www.dgidb.org/genes/TOP1,NULL,NULL,7150,TOP1,9606,Homo sapiens (human),NULL,NULL,NULL,PMID:20373766,https://www.ncbi.nlm.nih.gov/pubmed/20373766,20373766,NULL,NULL
1229724,73549,TTD,"Indolo[2,1-b]quinazoline-6,12-dione",D0I9AT,tryptanthrin,https://idrblab.net/ttd/data/drug/details/D0I9AT,T89697,"Indoleamine 2,3-dioxygenase 1 (IDO1)",https://idrblab.net/ttd/data/target/details/T89697,P14902,"Indoleamine 2,3-dioxygenase 1",3620,IDO1,9606,Homo sapiens (human),Inhibitor,NULL,NULL,NULL,NULL,NULL,NULL,NULL
1811921,73549,DGIdb,"Indolo[2,1-b]quinazoline-6,12-dione",NULL,TRYPTANTHRIN,https://www.dgidb.org/drugs/TRYPTANTHRIN,NULL,NFE2L2,https://www.dgidb.org/genes/NFE2L2,NULL,NULL,4780,NFE2L2,9606,Homo sapiens (human),NULL,NULL,NULL,NULL,NULL,NULL,NULL,NULL
1812429,73549,DGIdb,"Indolo[2,1-b]quinazoline-6,12-dione",NULL,TRYPTANTHRIN,https://www.dgidb.org/drugs/TRYPTANTHRIN,NULL,HTT,https://www.dgidb.org/genes/HTT,NULL,NULL,3064,HTT,9606,Homo sapiens (human),NULL,NULL,NULL,NULL,NULL,NULL,NULL,NULL
