﻿resolution,pdbid,title,expmethod,lignme,glytoucan,cids,protacxns,geneids,pmids,dois
   1.47,6G38,Crystal structure of haspin in complex with tubercidin,X-RAY DIFFRACTION,TBN|PO4|EPE|DMS,NULL,1061|679|6245|23830,Q8TF76,83903,29601130,10.1002/anie.201801666
1.77,5F7X,Crystal structure of Mutant Q289L of adenosine/Methylthioadenosine phosphorylase from Schistosoma mansoni in complex with Tubercidin,X-RAY DIFFRACTION,TBN|SO4,NULL,1117|6245,NULL,NULL,27935959,10.1371/journal.pntd.0005178
1.95,5TBV,Crystal Structure of Isoform 2 of Purine Nucleoside Phosphorylase complexed with tubercidin,X-RAY DIFFRACTION,TBN|SO4|DMS,NULL,679|1117|6245,NULL,NULL,NULL,NULL
2.2993,4L5A,Methylthioadenosine phosphorylase from Schistosoma mansoni in complex with tubercidin,X-RAY DIFFRACTION,TBN|SO4,NULL,1117|6245,NULL,NULL,27935959,10.1371/journal.pntd.0005178
2.343,3UQ9,Adenosine kinase from Schistosoma mansoni in complex with tubercidin,X-RAY DIFFRACTION,TBN|CL,NULL,312|6245,NULL,NULL,23275171,10.1107/s0907444912044800
2.5,1PR5,Escherichia coli Purine Nucleoside Phosphorylase Complexed with 7-deazaadenosine and Phosphate/Sulfate,X-RAY DIFFRACTION,PO4|TBN,NULL,1061|6245,P0ABP9|1PR1_A,66671728|913500,12937174,10.1074/jbc.m304622200
3.15,4DAR,Crystal structure of the hexameric purine nucleoside phosphorylase from Bacillus subtilis in complex with tubercidin,X-RAY DIFFRACTION,TBN,NULL,6245,O34925,940038,22957058,10.1371/journal.pone.0044282
