﻿id,cid,dsn,cmpdname,srccmpd,srccmpdname,srccmpdurl,srctarget,srctargetname,srctargeturl,protacxn,protname,geneid,genename,taxid,taxname,action,actname,actvalue,evids,evurls,pmids,dois,citations
   1555253,6918391,CTD,beta-Elemene,C445979,beta-elemene,https://ctdbase.org/detail.go?type=chem&acc=C445979,581,BAX,https://ctdbase.org/detail.go?type=gene&acc=581,NULL,NULL,581,BAX,10090,Mus musculus (house mouse),"Beta-elemene inhibits the reaction [[9,10-dimethyl-1,2-benzanthracene co-treated with tetradecanoylphorbol acetate] results in decreased expression of BAX protein]",NULL,NULL,PMID:32662567,https://www.ncbi.nlm.nih.gov/pubmed/32662567,32662567,NULL,NULL
1555254,6918391,CTD,beta-Elemene,C445979,beta-elemene,https://ctdbase.org/detail.go?type=chem&acc=C445979,581,BAX,https://ctdbase.org/detail.go?type=gene&acc=581,NULL,NULL,581,BAX,9986,Oryctolagus cuniculus (rabbit),Beta-elemene results in increased expression of BAX protein|beta-elemene results in increased expression of BAX,NULL,NULL,PMID:17090378,https://www.ncbi.nlm.nih.gov/pubmed/17090378,17090378,NULL,NULL
1555255,6918391,CTD,beta-Elemene,C445979,beta-elemene,https://ctdbase.org/detail.go?type=chem&acc=C445979,596,BCL2,https://ctdbase.org/detail.go?type=gene&acc=596,NULL,NULL,596,BCL2,10090,Mus musculus (house mouse),"Beta-elemene inhibits the reaction [[9,10-dimethyl-1,2-benzanthracene co-treated with tetradecanoylphorbol acetate] results in increased expression of BCL2 protein]",NULL,NULL,PMID:32662567,https://www.ncbi.nlm.nih.gov/pubmed/32662567,32662567,NULL,NULL
1555256,6918391,CTD,beta-Elemene,C445979,beta-elemene,https://ctdbase.org/detail.go?type=chem&acc=C445979,836,CASP3,https://ctdbase.org/detail.go?type=gene&acc=836,NULL,NULL,836,CASP3,10090,Mus musculus (house mouse),"Beta-elemene inhibits the reaction [[9,10-dimethyl-1,2-benzanthracene co-treated with tetradecanoylphorbol acetate] results in decreased expression of CASP3 protein]",NULL,NULL,PMID:32662567,https://www.ncbi.nlm.nih.gov/pubmed/32662567,32662567,NULL,NULL
1555257,6918391,CTD,beta-Elemene,C445979,beta-elemene,https://ctdbase.org/detail.go?type=chem&acc=C445979,842,CASP9,https://ctdbase.org/detail.go?type=gene&acc=842,NULL,NULL,842,CASP9,10090,Mus musculus (house mouse),"Beta-elemene inhibits the reaction [[9,10-dimethyl-1,2-benzanthracene co-treated with tetradecanoylphorbol acetate] results in decreased expression of CASP9 protein]",NULL,NULL,PMID:32662567,https://www.ncbi.nlm.nih.gov/pubmed/32662567,32662567,NULL,NULL
1555258,6918391,CTD,beta-Elemene,C445979,beta-elemene,https://ctdbase.org/detail.go?type=chem&acc=C445979,847,CAT,https://ctdbase.org/detail.go?type=gene&acc=847,NULL,NULL,847,CAT,10090,Mus musculus (house mouse),"Beta-elemene inhibits the reaction [[9,10-dimethyl-1,2-benzanthracene co-treated with tetradecanoylphorbol acetate] results in decreased activity of CAT protein]",NULL,NULL,PMID:32662567,https://www.ncbi.nlm.nih.gov/pubmed/32662567,32662567,NULL,NULL
1555259,6918391,CTD,beta-Elemene,C445979,beta-elemene,https://ctdbase.org/detail.go?type=chem&acc=C445979,595,CCND1,https://ctdbase.org/detail.go?type=gene&acc=595,NULL,NULL,595,CCND1,10090,Mus musculus (house mouse),"Beta-elemene inhibits the reaction [[9,10-dimethyl-1,2-benzanthracene co-treated with tetradecanoylphorbol acetate] results in increased expression of CCND1 mrna]",NULL,NULL,PMID:32662567,https://www.ncbi.nlm.nih.gov/pubmed/32662567,32662567,NULL,NULL
1555260,6918391,CTD,beta-Elemene,C445979,beta-elemene,https://ctdbase.org/detail.go?type=chem&acc=C445979,3569,IL6,https://ctdbase.org/detail.go?type=gene&acc=3569,NULL,NULL,3569,IL6,10090,Mus musculus (house mouse),"Beta-elemene inhibits the reaction [[9,10-dimethyl-1,2-benzanthracene co-treated with tetradecanoylphorbol acetate] results in increased expression of IL6 protein]",NULL,NULL,PMID:32662567,https://www.ncbi.nlm.nih.gov/pubmed/32662567,32662567,NULL,NULL
1555261,6918391,CTD,beta-Elemene,C445979,beta-elemene,https://ctdbase.org/detail.go?type=chem&acc=C445979,4843,NOS2,https://ctdbase.org/detail.go?type=gene&acc=4843,NULL,NULL,4843,NOS2,10090,Mus musculus (house mouse),"Beta-elemene inhibits the reaction [[9,10-dimethyl-1,2-benzanthracene co-treated with tetradecanoylphorbol acetate] results in increased expression of NOS2 protein]",NULL,NULL,PMID:32662567,https://www.ncbi.nlm.nih.gov/pubmed/32662567,32662567,NULL,NULL
1555262,6918391,CTD,beta-Elemene,C445979,beta-elemene,https://ctdbase.org/detail.go?type=chem&acc=C445979,5111,PCNA,https://ctdbase.org/detail.go?type=gene&acc=5111,NULL,NULL,5111,PCNA,10090,Mus musculus (house mouse),"Beta-elemene inhibits the reaction [[9,10-dimethyl-1,2-benzanthracene co-treated with tetradecanoylphorbol acetate] results in increased expression of PCNA mrna]",NULL,NULL,PMID:32662567,https://www.ncbi.nlm.nih.gov/pubmed/32662567,32662567,NULL,NULL
1555361,6918391,CTD,beta-Elemene,C445979,beta-elemene,https://ctdbase.org/detail.go?type=chem&acc=C445979,5743,PTGS2,https://ctdbase.org/detail.go?type=gene&acc=5743,NULL,NULL,5743,PTGS2,10090,Mus musculus (house mouse),"Beta-elemene inhibits the reaction [[9,10-dimethyl-1,2-benzanthracene co-treated with tetradecanoylphorbol acetate] results in increased expression of PTGS2 protein]",NULL,NULL,PMID:32662567,https://www.ncbi.nlm.nih.gov/pubmed/32662567,32662567,NULL,NULL
1555362,6918391,CTD,beta-Elemene,C445979,beta-elemene,https://ctdbase.org/detail.go?type=chem&acc=C445979,7124,TNF,https://ctdbase.org/detail.go?type=gene&acc=7124,NULL,NULL,7124,TNF,10090,Mus musculus (house mouse),"Beta-elemene inhibits the reaction [[9,10-dimethyl-1,2-benzanthracene co-treated with tetradecanoylphorbol acetate] results in increased expression of TNF protein]",NULL,NULL,PMID:32662567,https://www.ncbi.nlm.nih.gov/pubmed/32662567,32662567,NULL,NULL
