﻿id,cid,dsn,cmpdname,srccmpd,srccmpdname,srccmpdurl,srctarget,srctargetname,srctargeturl,protacxn,protname,geneid,genename,taxid,taxname,action,actname,actvalue,evids,evurls,pmids,dois,citations
   1099406,72326,CTD,Betulin,C002503,betulin,https://ctdbase.org/detail.go?type=chem&acc=C002503,5243,ABCB1,https://ctdbase.org/detail.go?type=gene&acc=5243,NULL,NULL,5243,ABCB1,9606,Homo sapiens (human),Betulin inhibits the reaction [ABCB1 protein results in increased export of rhodamine 123]|betulin inhibits the reaction [ABCB1 protein results in decreased susceptibility to doxorubicin],NULL,NULL,PMID:33321149,https://www.ncbi.nlm.nih.gov/pubmed/33321149,33321149,NULL,NULL
1099407,72326,CTD,Betulin,C002503,betulin,https://ctdbase.org/detail.go?type=chem&acc=C002503,59,ACTA2,https://ctdbase.org/detail.go?type=gene&acc=59,NULL,NULL,59,ACTA2,10116,Rattus norvegicus (Norway rat),Betulin inhibits the reaction [ethanol results in increased expression of ACTA2 protein],NULL,NULL,PMID:21172400,https://www.ncbi.nlm.nih.gov/pubmed/21172400,21172400,NULL,NULL
1099408,72326,CTD,Betulin,C002503,betulin,https://ctdbase.org/detail.go?type=chem&acc=C002503,196,AHR,https://ctdbase.org/detail.go?type=gene&acc=196,NULL,NULL,196,AHR,10116,Rattus norvegicus (Norway rat),"Betulin inhibits the reaction [9,10-dimethyl-1,2-benzanthracene results in increased expression of AHR protein]",NULL,NULL,PMID:33759307,https://www.ncbi.nlm.nih.gov/pubmed/33759307,33759307,NULL,NULL
1099409,72326,CTD,Betulin,C002503,betulin,https://ctdbase.org/detail.go?type=chem&acc=C002503,207,AKT1,https://ctdbase.org/detail.go?type=gene&acc=207,NULL,NULL,207,AKT1,9606,Homo sapiens (human),Betulin results in increased phosphorylation of AKT1 protein,NULL,NULL,PMID:32190974,https://www.ncbi.nlm.nih.gov/pubmed/32190974,32190974,NULL,NULL
1099410,72326,CTD,Betulin,C002503,betulin,https://ctdbase.org/detail.go?type=chem&acc=C002503,405,ARNT,https://ctdbase.org/detail.go?type=gene&acc=405,NULL,NULL,405,ARNT,10116,Rattus norvegicus (Norway rat),"Betulin inhibits the reaction [9,10-dimethyl-1,2-benzanthracene results in increased expression of ARNT protein]",NULL,NULL,PMID:33759307,https://www.ncbi.nlm.nih.gov/pubmed/33759307,33759307,NULL,NULL
1099411,72326,CTD,Betulin,C002503,betulin,https://ctdbase.org/detail.go?type=chem&acc=C002503,581,BAX,https://ctdbase.org/detail.go?type=gene&acc=581,NULL,NULL,581,BAX,9606,Homo sapiens (human),Betulin results in increased expression of BAX protein,NULL,NULL,PMID:33181113,https://www.ncbi.nlm.nih.gov/pubmed/33181113,33181113,NULL,NULL
1099412,72326,CTD,Betulin,C002503,betulin,https://ctdbase.org/detail.go?type=chem&acc=C002503,596,BCL2,https://ctdbase.org/detail.go?type=gene&acc=596,NULL,NULL,596,BCL2,9606,Homo sapiens (human),[betulin co-treated with oxygen deficiency] results in decreased expression of BCL2 protein,NULL,NULL,PMID:33181113,https://www.ncbi.nlm.nih.gov/pubmed/33181113,33181113,NULL,NULL
1099413,72326,CTD,Betulin,C002503,betulin,https://ctdbase.org/detail.go?type=chem&acc=C002503,332,BIRC5,https://ctdbase.org/detail.go?type=gene&acc=332,NULL,NULL,332,BIRC5,9606,Homo sapiens (human),Betulin analog results in decreased expression of BIRC5 protein|betulin analog promotes the reaction [oxygen deficiency results in decreased expression of BIRC5 protein],NULL,NULL,PMID:26540049,https://www.ncbi.nlm.nih.gov/pubmed/26540049,26540049,NULL,NULL
1099414,72326,CTD,Betulin,C002503,betulin,https://ctdbase.org/detail.go?type=chem&acc=C002503,673,BRAF,https://ctdbase.org/detail.go?type=gene&acc=673,NULL,NULL,673,BRAF,9606,Homo sapiens (human),Betulin affects the reaction [BRAF protein affects the susceptibility to [dabrafenib co-treated with trametinib]]|betulin affects the reaction [BRAF protein affects the susceptibility to vemurafenib]|betulin affects the reaction [BRAF protein affects the reaction [vemurafenib results in decreased cleavage of SREBF1 protein]],NULL,NULL,PMID:29950559,https://www.ncbi.nlm.nih.gov/pubmed/29950559,29950559,NULL,NULL
1099415,72326,CTD,Betulin,C002503,betulin,https://ctdbase.org/detail.go?type=chem&acc=C002503,768,CA9,https://ctdbase.org/detail.go?type=gene&acc=768,NULL,NULL,768,CA9,9606,Homo sapiens (human),Betulin analog inhibits the reaction [oxygen deficiency results in increased expression of CA9 protein],NULL,NULL,PMID:26540049,https://www.ncbi.nlm.nih.gov/pubmed/26540049,26540049,NULL,NULL
1099554,72326,CTD,Betulin,C002503,betulin,https://ctdbase.org/detail.go?type=chem&acc=C002503,836,CASP3,https://ctdbase.org/detail.go?type=gene&acc=836,NULL,NULL,836,CASP3,9606,Homo sapiens (human),Chloroquine inhibits the reaction [betulin results in increased cleavage of CASP3 protein]|betulin results in increased cleavage of CASP3 protein,NULL,NULL,PMID:32190974,https://www.ncbi.nlm.nih.gov/pubmed/32190974,32190974,NULL,NULL
1099555,72326,CTD,Betulin,C002503,betulin,https://ctdbase.org/detail.go?type=chem&acc=C002503,841,CASP8,https://ctdbase.org/detail.go?type=gene&acc=841,NULL,NULL,841,CASP8,9606,Homo sapiens (human),Betulin results in increased cleavage of CASP8 protein,NULL,NULL,PMID:32190974,https://www.ncbi.nlm.nih.gov/pubmed/32190974,32190974,NULL,NULL
1099556,72326,CTD,Betulin,C002503,betulin,https://ctdbase.org/detail.go?type=chem&acc=C002503,842,CASP9,https://ctdbase.org/detail.go?type=gene&acc=842,NULL,NULL,842,CASP9,9606,Homo sapiens (human),Betulin results in increased cleavage of CASP9 protein,NULL,NULL,PMID:32190974,https://www.ncbi.nlm.nih.gov/pubmed/32190974,32190974,NULL,NULL
1099557,72326,CTD,Betulin,C002503,betulin,https://ctdbase.org/detail.go?type=chem&acc=C002503,847,CAT,https://ctdbase.org/detail.go?type=gene&acc=847,NULL,NULL,847,CAT,10116,Rattus norvegicus (Norway rat),"Betulin inhibits the reaction [9,10-dimethyl-1,2-benzanthracene results in decreased activity of CAT protein]",NULL,NULL,PMID:33759307,https://www.ncbi.nlm.nih.gov/pubmed/33759307,33759307,NULL,NULL
1099558,72326,CTD,Betulin,C002503,betulin,https://ctdbase.org/detail.go?type=chem&acc=C002503,1499,CTNNB1,https://ctdbase.org/detail.go?type=gene&acc=1499,NULL,NULL,1499,CTNNB1,9606,Homo sapiens (human),[betulin co-treated with oxygen deficiency] results in decreased expression of CTNNB1 protein,NULL,NULL,PMID:33181113,https://www.ncbi.nlm.nih.gov/pubmed/33181113,33181113,NULL,NULL
1099559,72326,CTD,Betulin,C002503,betulin,https://ctdbase.org/detail.go?type=chem&acc=C002503,1543,CYP1A1,https://ctdbase.org/detail.go?type=gene&acc=1543,NULL,NULL,1543,CYP1A1,10116,Rattus norvegicus (Norway rat),"Betulin inhibits the reaction [9,10-dimethyl-1,2-benzanthracene results in increased expression of CYP1A1 protein]",NULL,NULL,PMID:33759307,https://www.ncbi.nlm.nih.gov/pubmed/33759307,33759307,NULL,NULL
1099560,72326,CTD,Betulin,C002503,betulin,https://ctdbase.org/detail.go?type=chem&acc=C002503,1956,EGFR,https://ctdbase.org/detail.go?type=gene&acc=1956,NULL,NULL,1956,EGFR,9606,Homo sapiens (human),[gefitinib co-treated with betulin] results in decreased expression of and results in decreased phosphorylation of EGFR protein|betulin results in decreased phosphorylation of EGFR protein,NULL,NULL,PMID:27447558,https://www.ncbi.nlm.nih.gov/pubmed/27447558,27447558,NULL,NULL
1099561,72326,CTD,Betulin,C002503,betulin,https://ctdbase.org/detail.go?type=chem&acc=C002503,1978,EIF4EBP1,https://ctdbase.org/detail.go?type=gene&acc=1978,NULL,NULL,1978,EIF4EBP1,9606,Homo sapiens (human),Betulin results in decreased phosphorylation of EIF4EBP1 protein,NULL,NULL,PMID:32190974,https://www.ncbi.nlm.nih.gov/pubmed/32190974,32190974,NULL,NULL
1099562,72326,CTD,Betulin,C002503,betulin,https://ctdbase.org/detail.go?type=chem&acc=C002503,2194,FASN,https://ctdbase.org/detail.go?type=gene&acc=2194,NULL,NULL,2194,FASN,9606,Homo sapiens (human),Betulin results in decreased expression of FASN mRNA,NULL,NULL,PMID:27378817,https://www.ncbi.nlm.nih.gov/pubmed/27378817,27378817,NULL,NULL
1099563,72326,CTD,Betulin,C002503,betulin,https://ctdbase.org/detail.go?type=chem&acc=C002503,2194,FASN,https://ctdbase.org/detail.go?type=gene&acc=2194,NULL,NULL,2194,FASN,9606,Homo sapiens (human),Betulin results in decreased expression of FASN protein,NULL,NULL,PMID:27447558,https://www.ncbi.nlm.nih.gov/pubmed/27447558,27447558,NULL,NULL
1099564,72326,CTD,Betulin,C002503,betulin,https://ctdbase.org/detail.go?type=chem&acc=C002503,2538,G6PC1,https://ctdbase.org/detail.go?type=gene&acc=2538,NULL,NULL,2538,G6PC1,9606,Homo sapiens (human),Betulin results in decreased expression of G6PC1 protein,NULL,NULL,PMID:34500009,https://www.ncbi.nlm.nih.gov/pubmed/34500009,34500009,NULL,NULL
1099724,72326,CTD,Betulin,C002503,betulin,https://ctdbase.org/detail.go?type=chem&acc=C002503,2932,GSK3B,https://ctdbase.org/detail.go?type=gene&acc=2932,NULL,NULL,2932,GSK3B,9606,Homo sapiens (human),[betulin co-treated with oxygen deficiency] affects the phosphorylation of GSK3B protein,NULL,NULL,PMID:33181113,https://www.ncbi.nlm.nih.gov/pubmed/33181113,33181113,NULL,NULL
1099725,72326,CTD,Betulin,C002503,betulin,https://ctdbase.org/detail.go?type=chem&acc=C002503,3091,HIF1A,https://ctdbase.org/detail.go?type=gene&acc=3091,NULL,NULL,3091,HIF1A,9606,Homo sapiens (human),Betulin analog results in decreased expression of HIF1A protein|betulin analog inhibits the reaction [oxygen deficiency results in increased expression of HIF1A protein],NULL,NULL,PMID:26540049,https://www.ncbi.nlm.nih.gov/pubmed/26540049,26540049,NULL,NULL
1099726,72326,CTD,Betulin,C002503,betulin,https://ctdbase.org/detail.go?type=chem&acc=C002503,3091,HIF1A,https://ctdbase.org/detail.go?type=gene&acc=3091,NULL,NULL,3091,HIF1A,9606,Homo sapiens (human),Betulin results in decreased expression of HIF1A protein,NULL,NULL,PMID:33181113,https://www.ncbi.nlm.nih.gov/pubmed/33181113,33181113,NULL,NULL
1099727,72326,CTD,Betulin,C002503,betulin,https://ctdbase.org/detail.go?type=chem&acc=C002503,3156,HMGCR,https://ctdbase.org/detail.go?type=gene&acc=3156,NULL,NULL,3156,HMGCR,9606,Homo sapiens (human),Betulin results in decreased expression of HMGCR mRNA,NULL,NULL,PMID:27378817,https://www.ncbi.nlm.nih.gov/pubmed/27378817,27378817,NULL,NULL
1099728,72326,CTD,Betulin,C002503,betulin,https://ctdbase.org/detail.go?type=chem&acc=C002503,3156,HMGCR,https://ctdbase.org/detail.go?type=gene&acc=3156,NULL,NULL,3156,HMGCR,9606,Homo sapiens (human),Betulin results in decreased expression of HMGCR protein,NULL,NULL,PMID:27447558,https://www.ncbi.nlm.nih.gov/pubmed/27447558,27447558,NULL,NULL
1099729,72326,CTD,Betulin,C002503,betulin,https://ctdbase.org/detail.go?type=chem&acc=C002503,3157,HMGCS1,https://ctdbase.org/detail.go?type=gene&acc=3157,NULL,NULL,3157,HMGCS1,9606,Homo sapiens (human),Betulin results in decreased expression of HMGCS1 mRNA,NULL,NULL,PMID:27378817,https://www.ncbi.nlm.nih.gov/pubmed/27378817,27378817,NULL,NULL
1099730,72326,CTD,Betulin,C002503,betulin,https://ctdbase.org/detail.go?type=chem&acc=C002503,3162,HMOX1,https://ctdbase.org/detail.go?type=gene&acc=3162,NULL,NULL,3162,HMOX1,10116,Rattus norvegicus (Norway rat),"Betulin inhibits the reaction [9,10-dimethyl-1,2-benzanthracene results in decreased expression of HMOX1 protein]",NULL,NULL,PMID:33759307,https://www.ncbi.nlm.nih.gov/pubmed/33759307,33759307,NULL,NULL
1099731,72326,CTD,Betulin,C002503,betulin,https://ctdbase.org/detail.go?type=chem&acc=C002503,3458,IFNG,https://ctdbase.org/detail.go?type=gene&acc=3458,NULL,NULL,3458,IFNG,10090,Mus musculus (house mouse),Betulin results in increased secretion of IFNG protein,NULL,NULL,PMID:25756279,https://www.ncbi.nlm.nih.gov/pubmed/25756279,25756279,NULL,NULL
1099732,72326,CTD,Betulin,C002503,betulin,https://ctdbase.org/detail.go?type=chem&acc=C002503,3592,IL12A,https://ctdbase.org/detail.go?type=gene&acc=3592,NULL,NULL,3592,IL12A,10090,Mus musculus (house mouse),Betulin results in increased secretion of [IL12A protein binds to IL12B protein]|betulin results in increased expression of IL12A mRNA,NULL,NULL,PMID:25756279,https://www.ncbi.nlm.nih.gov/pubmed/25756279,25756279,NULL,NULL
1099733,72326,CTD,Betulin,C002503,betulin,https://ctdbase.org/detail.go?type=chem&acc=C002503,3593,IL12B,https://ctdbase.org/detail.go?type=gene&acc=3593,NULL,NULL,3593,IL12B,10090,Mus musculus (house mouse),Betulin results in increased secretion of [IL12A protein binds to IL12B protein],NULL,NULL,PMID:25756279,https://www.ncbi.nlm.nih.gov/pubmed/25756279,25756279,NULL,NULL
1099734,72326,CTD,Betulin,C002503,betulin,https://ctdbase.org/detail.go?type=chem&acc=C002503,3553,IL1B,https://ctdbase.org/detail.go?type=gene&acc=3553,NULL,NULL,3553,IL1B,9606,Homo sapiens (human),Betulin inhibits the reaction [lipopolysaccharides results in increased expression of IL1B protein],NULL,NULL,PMID:34500009,https://www.ncbi.nlm.nih.gov/pubmed/34500009,34500009,NULL,NULL
1099897,72326,CTD,Betulin,C002503,betulin,https://ctdbase.org/detail.go?type=chem&acc=C002503,3558,IL2,https://ctdbase.org/detail.go?type=gene&acc=3558,NULL,NULL,3558,IL2,10090,Mus musculus (house mouse),Betulin results in increased secretion of IL2 protein,NULL,NULL,PMID:25756279,https://www.ncbi.nlm.nih.gov/pubmed/25756279,25756279,NULL,NULL
1099898,72326,CTD,Betulin,C002503,betulin,https://ctdbase.org/detail.go?type=chem&acc=C002503,9817,KEAP1,https://ctdbase.org/detail.go?type=gene&acc=9817,NULL,NULL,9817,KEAP1,10116,Rattus norvegicus (Norway rat),"Betulin inhibits the reaction [9,10-dimethyl-1,2-benzanthracene results in increased expression of KEAP1 protein]",NULL,NULL,PMID:33759307,https://www.ncbi.nlm.nih.gov/pubmed/33759307,33759307,NULL,NULL
1099899,72326,CTD,Betulin,C002503,betulin,https://ctdbase.org/detail.go?type=chem&acc=C002503,5594,MAPK1,https://ctdbase.org/detail.go?type=gene&acc=5594,NULL,NULL,5594,MAPK1,9606,Homo sapiens (human),[betulin co-treated with oxygen deficiency] results in increased phosphorylation of MAPK1 protein|betulin results in increased phosphorylation of MAPK1 protein,NULL,NULL,PMID:33181113,https://www.ncbi.nlm.nih.gov/pubmed/33181113,33181113,NULL,NULL
1099900,72326,CTD,Betulin,C002503,betulin,https://ctdbase.org/detail.go?type=chem&acc=C002503,5595,MAPK3,https://ctdbase.org/detail.go?type=gene&acc=5595,NULL,NULL,5595,MAPK3,9606,Homo sapiens (human),[betulin co-treated with oxygen deficiency] results in increased phosphorylation of MAPK3 protein|betulin results in increased phosphorylation of MAPK3 protein,NULL,NULL,PMID:33181113,https://www.ncbi.nlm.nih.gov/pubmed/33181113,33181113,NULL,NULL
1099901,72326,CTD,Betulin,C002503,betulin,https://ctdbase.org/detail.go?type=chem&acc=C002503,5595,MAPK3,https://ctdbase.org/detail.go?type=gene&acc=5595,NULL,NULL,5595,MAPK3,10116,Rattus norvegicus (Norway rat),"Betulin inhibits the reaction [9,10-dimethyl-1,2-benzanthracene results in increased expression of MAPK3 mrna]",NULL,NULL,PMID:33759307,https://www.ncbi.nlm.nih.gov/pubmed/33759307,33759307,NULL,NULL
1099902,72326,CTD,Betulin,C002503,betulin,https://ctdbase.org/detail.go?type=chem&acc=C002503,5599,MAPK8,https://ctdbase.org/detail.go?type=gene&acc=5599,NULL,NULL,5599,MAPK8,10116,Rattus norvegicus (Norway rat),"Betulin inhibits the reaction [9,10-dimethyl-1,2-benzanthracene results in increased expression of MAPK8 mrna]",NULL,NULL,PMID:33759307,https://www.ncbi.nlm.nih.gov/pubmed/33759307,33759307,NULL,NULL
1099903,72326,CTD,Betulin,C002503,betulin,https://ctdbase.org/detail.go?type=chem&acc=C002503,83742,MARVELD1,https://ctdbase.org/detail.go?type=gene&acc=83742,NULL,NULL,83742,MARVELD1,9606,Homo sapiens (human),Betulin results in decreased expression of MARVELD1 mRNA,NULL,NULL,PMID:27447558,https://www.ncbi.nlm.nih.gov/pubmed/27447558,27447558,NULL,NULL
1099904,72326,CTD,Betulin,C002503,betulin,https://ctdbase.org/detail.go?type=chem&acc=C002503,4288,MKI67,https://ctdbase.org/detail.go?type=gene&acc=4288,NULL,NULL,4288,MKI67,9606,Homo sapiens (human),[gefitinib co-treated with betulin] results in decreased expression of MKI67 protein,NULL,NULL,PMID:27447558,https://www.ncbi.nlm.nih.gov/pubmed/27447558,27447558,NULL,NULL
1099905,72326,CTD,Betulin,C002503,betulin,https://ctdbase.org/detail.go?type=chem&acc=C002503,4313,MMP2,https://ctdbase.org/detail.go?type=gene&acc=4313,NULL,NULL,4313,MMP2,10116,Rattus norvegicus (Norway rat),Betulin inhibits the reaction [ethanol results in increased expression of MMP2 protein],NULL,NULL,PMID:21172400,https://www.ncbi.nlm.nih.gov/pubmed/21172400,21172400,NULL,NULL
1099906,72326,CTD,Betulin,C002503,betulin,https://ctdbase.org/detail.go?type=chem&acc=C002503,2475,MTOR,https://ctdbase.org/detail.go?type=gene&acc=2475,NULL,NULL,2475,MTOR,9606,Homo sapiens (human),Betulin results in decreased phosphorylation of MTOR protein,NULL,NULL,PMID:32190974,https://www.ncbi.nlm.nih.gov/pubmed/32190974,32190974,NULL,NULL
1099907,72326,CTD,Betulin,C002503,betulin,https://ctdbase.org/detail.go?type=chem&acc=C002503,4609,MYC,https://ctdbase.org/detail.go?type=gene&acc=4609,NULL,NULL,4609,MYC,9606,Homo sapiens (human),[betulin co-treated with oxygen deficiency] results in decreased expression of MYC protein,NULL,NULL,PMID:33181113,https://www.ncbi.nlm.nih.gov/pubmed/33181113,33181113,NULL,NULL
1100055,72326,CTD,Betulin,C002503,betulin,https://ctdbase.org/detail.go?type=chem&acc=C002503,4780,NFE2L2,https://ctdbase.org/detail.go?type=gene&acc=4780,NULL,NULL,4780,NFE2L2,10116,Rattus norvegicus (Norway rat),"Betulin inhibits the reaction [9,10-dimethyl-1,2-benzanthracene results in decreased expression of NFE2L2 protein]",NULL,NULL,PMID:33759307,https://www.ncbi.nlm.nih.gov/pubmed/33759307,33759307,NULL,NULL
1100056,72326,CTD,Betulin,C002503,betulin,https://ctdbase.org/detail.go?type=chem&acc=C002503,2908,NR3C1,https://ctdbase.org/detail.go?type=gene&acc=2908,NULL,NULL,2908,NR3C1,9606,Homo sapiens (human),Betulin binds to and affects the localization of NR3C1 protein,NULL,NULL,PMID:34500009,https://www.ncbi.nlm.nih.gov/pubmed/34500009,34500009,NULL,NULL
1100057,72326,CTD,Betulin,C002503,betulin,https://ctdbase.org/detail.go?type=chem&acc=C002503,142,PARP1,https://ctdbase.org/detail.go?type=gene&acc=142,NULL,NULL,142,PARP1,9606,Homo sapiens (human),Betulin analog promotes the reaction [oxygen deficiency results in increased expression of PARP1 protein modified form],NULL,NULL,PMID:26540049,https://www.ncbi.nlm.nih.gov/pubmed/26540049,26540049,NULL,NULL
1100058,72326,CTD,Betulin,C002503,betulin,https://ctdbase.org/detail.go?type=chem&acc=C002503,142,PARP1,https://ctdbase.org/detail.go?type=gene&acc=142,NULL,NULL,142,PARP1,9606,Homo sapiens (human),[betulin co-treated with oxygen] results in increased cleavage of PARP1 protein,NULL,NULL,PMID:33181113,https://www.ncbi.nlm.nih.gov/pubmed/33181113,33181113,NULL,NULL
1100059,72326,CTD,Betulin,C002503,betulin,https://ctdbase.org/detail.go?type=chem&acc=C002503,142,PARP1,https://ctdbase.org/detail.go?type=gene&acc=142,NULL,NULL,142,PARP1,9606,Homo sapiens (human),Betulin results in increased cleavage of PARP1 protein,NULL,NULL,PMID:32190974|PMID:33181113,https://www.ncbi.nlm.nih.gov/pubmed/32190974|https://www.ncbi.nlm.nih.gov/pubmed/33181113,32190974|33181113,NULL,NULL
1100060,72326,CTD,Betulin,C002503,betulin,https://ctdbase.org/detail.go?type=chem&acc=C002503,142,PARP1,https://ctdbase.org/detail.go?type=gene&acc=142,NULL,NULL,142,PARP1,9606,Homo sapiens (human),Chloroquine inhibits the reaction [betulin results in increased cleavage of PARP1 protein],NULL,NULL,PMID:32190974,https://www.ncbi.nlm.nih.gov/pubmed/32190974,32190974,NULL,NULL
1100061,72326,CTD,Betulin,C002503,betulin,https://ctdbase.org/detail.go?type=chem&acc=C002503,5105,PCK1,https://ctdbase.org/detail.go?type=gene&acc=5105,NULL,NULL,5105,PCK1,9606,Homo sapiens (human),Betulin results in increased expression of PCK1 protein,NULL,NULL,PMID:34500009,https://www.ncbi.nlm.nih.gov/pubmed/34500009,34500009,NULL,NULL
1100062,72326,CTD,Betulin,C002503,betulin,https://ctdbase.org/detail.go?type=chem&acc=C002503,5970,RELA,https://ctdbase.org/detail.go?type=gene&acc=5970,NULL,NULL,5970,RELA,10116,Rattus norvegicus (Norway rat),Betulin inhibits the reaction [ethanol results in increased phosphorylation of RELA protein],NULL,NULL,PMID:21172400,https://www.ncbi.nlm.nih.gov/pubmed/21172400,21172400,NULL,NULL
1100063,72326,CTD,Betulin,C002503,betulin,https://ctdbase.org/detail.go?type=chem&acc=C002503,6319,SCD,https://ctdbase.org/detail.go?type=gene&acc=6319,NULL,NULL,6319,SCD,9606,Homo sapiens (human),Betulin results in decreased expression of SCD mRNA,NULL,NULL,PMID:27378817,https://www.ncbi.nlm.nih.gov/pubmed/27378817,27378817,NULL,NULL
1100064,72326,CTD,Betulin,C002503,betulin,https://ctdbase.org/detail.go?type=chem&acc=C002503,6319,SCD,https://ctdbase.org/detail.go?type=gene&acc=6319,NULL,NULL,6319,SCD,9606,Homo sapiens (human),Betulin results in decreased expression of SCD protein,NULL,NULL,PMID:27447558,https://www.ncbi.nlm.nih.gov/pubmed/27447558,27447558,NULL,NULL
1100065,72326,CTD,Betulin,C002503,betulin,https://ctdbase.org/detail.go?type=chem&acc=C002503,4088,SMAD3,https://ctdbase.org/detail.go?type=gene&acc=4088,NULL,NULL,4088,SMAD3,10116,Rattus norvegicus (Norway rat),Betulin inhibits the reaction [ethanol results in increased phosphorylation of SMAD3 protein],NULL,NULL,PMID:21172400,https://www.ncbi.nlm.nih.gov/pubmed/21172400,21172400,NULL,NULL
1100220,72326,CTD,Betulin,C002503,betulin,https://ctdbase.org/detail.go?type=chem&acc=C002503,6720,SREBF1,https://ctdbase.org/detail.go?type=gene&acc=6720,NULL,NULL,6720,SREBF1,9606,Homo sapiens (human),Betulin results in decreased cleavage of SREBF1 protein|betulin affects the reaction [BRAF protein affects the reaction [vemurafenib results in decreased cleavage of SREBF1 protein]],NULL,NULL,PMID:29950559,https://www.ncbi.nlm.nih.gov/pubmed/29950559,29950559,NULL,NULL
1100221,72326,CTD,Betulin,C002503,betulin,https://ctdbase.org/detail.go?type=chem&acc=C002503,6720,SREBF1,https://ctdbase.org/detail.go?type=gene&acc=6720,NULL,NULL,6720,SREBF1,9606,Homo sapiens (human),[gefitinib co-treated with betulin] results in decreased expression of SREBF1 protein|betulin results in decreased expression of SREBF1 protein,NULL,NULL,PMID:27447558,https://www.ncbi.nlm.nih.gov/pubmed/27447558,27447558,NULL,NULL
1100222,72326,CTD,Betulin,C002503,betulin,https://ctdbase.org/detail.go?type=chem&acc=C002503,6822,SULT2A1,https://ctdbase.org/detail.go?type=gene&acc=6822,NULL,NULL,6822,SULT2A1,9606,Homo sapiens (human),SULT2A1 protein results in increased sulfation of betulin,NULL,NULL,PMID:30776358,https://www.ncbi.nlm.nih.gov/pubmed/30776358,30776358,NULL,NULL
1100223,72326,CTD,Betulin,C002503,betulin,https://ctdbase.org/detail.go?type=chem&acc=C002503,7040,TGFB1,https://ctdbase.org/detail.go?type=gene&acc=7040,NULL,NULL,7040,TGFB1,10116,Rattus norvegicus (Norway rat),Betulin inhibits the reaction [ethanol results in increased expression of TGFB1 protein],NULL,NULL,PMID:21172400,https://www.ncbi.nlm.nih.gov/pubmed/21172400,21172400,NULL,NULL
1100224,72326,CTD,Betulin,C002503,betulin,https://ctdbase.org/detail.go?type=chem&acc=C002503,7076,TIMP1,https://ctdbase.org/detail.go?type=gene&acc=7076,NULL,NULL,7076,TIMP1,10116,Rattus norvegicus (Norway rat),Betulin inhibits the reaction [ethanol results in increased expression of TIMP1 protein],NULL,NULL,PMID:21172400,https://www.ncbi.nlm.nih.gov/pubmed/21172400,21172400,NULL,NULL
1100225,72326,CTD,Betulin,C002503,betulin,https://ctdbase.org/detail.go?type=chem&acc=C002503,7077,TIMP2,https://ctdbase.org/detail.go?type=gene&acc=7077,NULL,NULL,7077,TIMP2,10116,Rattus norvegicus (Norway rat),Betulin inhibits the reaction [ethanol results in increased expression of TIMP2 protein],NULL,NULL,PMID:21172400,https://www.ncbi.nlm.nih.gov/pubmed/21172400,21172400,NULL,NULL
1100226,72326,CTD,Betulin,C002503,betulin,https://ctdbase.org/detail.go?type=chem&acc=C002503,7124,TNF,https://ctdbase.org/detail.go?type=gene&acc=7124,NULL,NULL,7124,TNF,9606,Homo sapiens (human),Betulin inhibits the reaction [lipopolysaccharides results in increased expression of TNF protein],NULL,NULL,PMID:34500009,https://www.ncbi.nlm.nih.gov/pubmed/34500009,34500009,NULL,NULL
1100227,72326,CTD,Betulin,C002503,betulin,https://ctdbase.org/detail.go?type=chem&acc=C002503,54659,UGT1A3,https://ctdbase.org/detail.go?type=gene&acc=54659,NULL,NULL,54659,UGT1A3,9606,Homo sapiens (human),UGT1A3 protein results in increased glucuronidation of betulin,NULL,NULL,PMID:30776358,https://www.ncbi.nlm.nih.gov/pubmed/30776358,30776358,NULL,NULL
1100228,72326,CTD,Betulin,C002503,betulin,https://ctdbase.org/detail.go?type=chem&acc=C002503,54657,UGT1A4,https://ctdbase.org/detail.go?type=gene&acc=54657,NULL,NULL,54657,UGT1A4,9606,Homo sapiens (human),UGT1A4 protein results in increased glucuronidation of betulin,NULL,NULL,PMID:30776358,https://www.ncbi.nlm.nih.gov/pubmed/30776358,30776358,NULL,NULL
1811397,72326,TTD,Betulin,D05KJY,BETULIN,https://idrblab.net/ttd/data/drug/details/D05KJY,T98062,Glycogen phosphorylase muscle form (GP),https://idrblab.net/ttd/data/target/details/T98062,P11217,"Glycogen phosphorylase, muscle form",5837,PYGM,9606,Homo sapiens (human),Inhibitor,NULL,NULL,NULL,NULL,NULL,NULL,NULL
1811467,72326,BindingDB,Betulin,23207,"(1R,2R,5S,8R,9R,10R,13R,14R,17S,19R)-5-(hydroxymethyl)-1,2,14,18,18-pentamethyl-8-(prop-1-en-2-yl)pentacyclo[11.8.0.0^{2,10}.0^{5,9}.0^{14,19}]henicosan-17-ol",https://www.bindingdb.org/rwd/bind/chemsearch/marvin/MolStructure.jsp?monomerid=23207,2338,"Glycogen phosphorylase, muscle form",https://www.bindingdb.org/rwd/jsp/dbsearch/PrimarySearch_ki.jsp?tag=pol&polymerid=2338,P00489,"Glycogen phosphorylase, muscle form",100008972,PYGM,9986,Oryctolagus cuniculus (rabbit),NULL,IC50 (nM),17000,PMID:18517260,https://www.ncbi.nlm.nih.gov/pubmed/18517260,18517260,NULL,NULL
1811468,72326,DGIdb,Betulin,NULL,BETULIN,https://www.dgidb.org/drugs/BETULIN,NULL,TOP2A,https://www.dgidb.org/genes/TOP2A,NULL,NULL,7153,TOP2A,9606,Homo sapiens (human),NULL,NULL,NULL,PMID:11754608,https://www.ncbi.nlm.nih.gov/pubmed/11754608,11754608,NULL,NULL
