﻿resolution,pdbid,title,expmethod,lignme,glytoucan,cids,protacxns,geneids,pmids,dois
   1.74,7SZE,Structure of the Rieske Non-heme Iron Oxygenase GxtA with Saxitoxin Bound,X-RAY DIFFRACTION,GOL|FES|9SL|CL|FE,NULL,312|29936|753|56947150,NULL,NULL,NULL,NULL
2.12,6O0F,"Saxiphilin:STX complex, co-crystal",X-RAY DIFFRACTION,9SL,NULL,56947150,P31226,NULL,31223657,10.1126/sciadv.aax2650
2.5,6O0E,"Saxiphilin:STX complex, soaking",X-RAY DIFFRACTION,9SL,NULL,56947150,P31226,NULL,31223657,10.1126/sciadv.aax2650
2.9,7W9P,"Cryo-EM structure of human Nav1.7(E406K) in complex with auxiliary beta subunits, huwentoxin-IV and saxitoxin (S6IV pi helix conformer)",ELECTRON MICROSCOPY,Y01|LPE|NAG|1PW|9SL|P5S|PCW,NULL,448653|446876|9547096|15199918|24139|65082|56947150,Q07699|Q15858|O60939,6324|6335|6327,35476982,10.1016/j.celrep.2022.110735
3,7W9T,"Cryo-EM structure of human Nav1.7(E406K) in complex with auxiliary beta subunits, huwentoxin-IV and saxitoxin (S6IV alpha helix conformer)",ELECTRON MICROSCOPY,Y01|LPE|9Z9|NAG|9SL|P5S|PCW,NULL,448653|446876|9547096|134817783|24139|65082|56947150,Q07699|Q15858|O60939,6324|6335|6327,35476982,10.1016/j.celrep.2022.110735
3.2,6A91,Complex of voltage-gated sodium channel NavPaS from American cockroach Periplaneta americana bound with saxitoxin and Dc1a,ELECTRON MICROSCOPY,PC1|NAG|9SL,G73541PI|G67334XY,24139|94190|56947150,P49126|D0E0C2,NULL,30049784,10.1126/science.aau2596
3.2,6J8G,"Structure of human voltage-gated sodium channel Nav1.7 in complex with auxiliary beta subunits, huwentoxin-IV and saxitoxin (Y1755 up)",ELECTRON MICROSCOPY,NAG|9SL,G67334XY|G73541PI,24139|56947150,O60939|Q07699|Q15858,6327|6324|6335,30765606,10.1126/science.aaw2493
3.2,6J8H,"Structure of human voltage-gated sodium channel Nav1.7 in complex with auxiliary beta subunits, huwentoxin-IV and saxitoxin (Y1755 down)",ELECTRON MICROSCOPY,NAG|9SL,G73541PI|G67334XY,24139|56947150,O60939|Q07699|Q15858,6327|6324|6335,30765606,10.1126/science.aaw2493
