﻿resolution,pdbid,title,expmethod,lignme,glytoucan,cids,protacxns,geneids,pmids,dois
   1.9,4LXJ,Saccharomyces cerevisiae lanosterol 14-alpha demethylase with lanosterol bound,X-RAY DIFFRACTION,OXY|LAN|HEM,NULL,246983|977,P10614,856398,24613931,10.1073/pnas.1324245111
1.98,6UEZ,Human sterol 14a-demethylase (CYP51) in complex with the substrate lanosterol,X-RAY DIFFRACTION,LAN|HEM,NULL,246983,Q16850,1595,32493730,10.1074/jbc.ra120.014064
2.1,1W6K,Structure of human OSC in complex with Lanosterol,X-RAY DIFFRACTION,BOG|LAN,G71142DF,62852|64689|246983,P48449,4047,15525992,10.1038/nature02993
2.55,7SNM,Lanosterol-bound P450 domain of the CYP51-ferredoxin fusion protein from Methylococcus capsulatus,X-RAY DIFFRACTION,HEM|LAN,NULL,246983,NULL,NULL,36171457,10.1038/s41598-022-20671-0
