﻿id,cid,dsn,cmpdname,srccmpd,srccmpdname,srccmpdurl,srctarget,srctargetname,srctargeturl,protacxn,protname,geneid,genename,taxid,taxname,action,actname,actvalue,evids,evurls,pmids,dois,citations
   1426147,717531,CTD,"3,4-Dimethoxycinnamic acid",C065784,"3-(3,4-dimethoxyphenyl)propenoic acid",https://ctdbase.org/detail.go?type=chem&acc=C065784,31,ACACA,https://ctdbase.org/detail.go?type=gene&acc=31,NULL,NULL,31,ACACA,9606,Homo sapiens (human),"3-(3,4-dimethoxyphenyl)propenoic acid inhibits the reaction [ethanol results in decreased phosphorylation of ACACA protein]",NULL,NULL,PMID:29940154,https://www.ncbi.nlm.nih.gov/pubmed/29940154,29940154,NULL,NULL
1426581,717531,CTD,"3,4-Dimethoxycinnamic acid",C065784,"3-(3,4-dimethoxyphenyl)propenoic acid",https://ctdbase.org/detail.go?type=chem&acc=C065784,1374,CPT1A,https://ctdbase.org/detail.go?type=gene&acc=1374,NULL,NULL,1374,CPT1A,9606,Homo sapiens (human),"3-(3,4-dimethoxyphenyl)propenoic acid inhibits the reaction [ethanol results in decreased expression of CPT1A mrna]",NULL,NULL,PMID:29940154,https://www.ncbi.nlm.nih.gov/pubmed/29940154,29940154,NULL,NULL
1426582,717531,CTD,"3,4-Dimethoxycinnamic acid",C065784,"3-(3,4-dimethoxyphenyl)propenoic acid",https://ctdbase.org/detail.go?type=chem&acc=C065784,2308,FOXO1,https://ctdbase.org/detail.go?type=gene&acc=2308,NULL,NULL,2308,FOXO1,9606,Homo sapiens (human),"3-(3,4-dimethoxyphenyl)propenoic acid inhibits the reaction [ethanol results in decreased phosphorylation of FOXO1 protein]",NULL,NULL,PMID:29940154,https://www.ncbi.nlm.nih.gov/pubmed/29940154,29940154,NULL,NULL
1426583,717531,CTD,"3,4-Dimethoxycinnamic acid",C065784,"3-(3,4-dimethoxyphenyl)propenoic acid",https://ctdbase.org/detail.go?type=chem&acc=C065784,2875,GPT,https://ctdbase.org/detail.go?type=gene&acc=2875,NULL,NULL,2875,GPT,10116,Rattus norvegicus (Norway rat),"3-(3,4-dimethoxyphenyl)propenoic acid inhibits the reaction [ethanol results in decreased expression of GPT protein]",NULL,NULL,PMID:29940154,https://www.ncbi.nlm.nih.gov/pubmed/29940154,29940154,NULL,NULL
1426584,717531,CTD,"3,4-Dimethoxycinnamic acid",C065784,"3-(3,4-dimethoxyphenyl)propenoic acid",https://ctdbase.org/detail.go?type=chem&acc=C065784,5594,MAPK1,https://ctdbase.org/detail.go?type=gene&acc=5594,NULL,NULL,5594,MAPK1,9606,Homo sapiens (human),"3-(3,4-dimethoxyphenyl)propenoic acid inhibits the reaction [ethanol results in increased phosphorylation of MAPK1 protein]",NULL,NULL,PMID:29940154,https://www.ncbi.nlm.nih.gov/pubmed/29940154,29940154,NULL,NULL
1426585,717531,CTD,"3,4-Dimethoxycinnamic acid",C065784,"3-(3,4-dimethoxyphenyl)propenoic acid",https://ctdbase.org/detail.go?type=chem&acc=C065784,5595,MAPK3,https://ctdbase.org/detail.go?type=gene&acc=5595,NULL,NULL,5595,MAPK3,9606,Homo sapiens (human),"3-(3,4-dimethoxyphenyl)propenoic acid inhibits the reaction [ethanol results in increased phosphorylation of MAPK3 protein]",NULL,NULL,PMID:29940154,https://www.ncbi.nlm.nih.gov/pubmed/29940154,29940154,NULL,NULL
1426586,717531,CTD,"3,4-Dimethoxycinnamic acid",C065784,"3-(3,4-dimethoxyphenyl)propenoic acid",https://ctdbase.org/detail.go?type=chem&acc=C065784,5465,PPARA,https://ctdbase.org/detail.go?type=gene&acc=5465,NULL,NULL,5465,PPARA,9606,Homo sapiens (human),"3-(3,4-dimethoxyphenyl)propenoic acid inhibits the reaction [ethanol results in decreased expression of PPARA mrna]",NULL,NULL,PMID:29940154,https://www.ncbi.nlm.nih.gov/pubmed/29940154,29940154,NULL,NULL
1426587,717531,CTD,"3,4-Dimethoxycinnamic acid",C065784,"3-(3,4-dimethoxyphenyl)propenoic acid",https://ctdbase.org/detail.go?type=chem&acc=C065784,23411,SIRT1,https://ctdbase.org/detail.go?type=gene&acc=23411,NULL,NULL,23411,SIRT1,9606,Homo sapiens (human),"3-(3,4-dimethoxyphenyl)propenoic acid inhibits the reaction [ethanol results in decreased expression of SIRT1 mrna]",NULL,NULL,PMID:29940154,https://www.ncbi.nlm.nih.gov/pubmed/29940154,29940154,NULL,NULL
1906391,717531,BindingDB,"3,4-Dimethoxycinnamic acid",50341141,"(E)-3,4-dimethoxycinnamic acid",https://www.bindingdb.org/rwd/bind/chemsearch/marvin/MolStructure.jsp?monomerid=50341141,3619,Acetylcholinesterase,https://www.bindingdb.org/rwd/jsp/dbsearch/PrimarySearch_ki.jsp?tag=pol&polymerid=3619,P22303,Acetylcholinesterase,43,ACHE,9606,Homo sapiens (human),NULL,IC50 (nM),7.204e+6,PMID:21067438,https://www.ncbi.nlm.nih.gov/pubmed/21067438,21067438,NULL,NULL
1910606,717531,DGIdb,"3,4-Dimethoxycinnamic acid",NULL,"O,O'-DIMETHYLCAFFEIC ACID","https://www.dgidb.org/drugs/O,O'-DIMETHYLCAFFEIC ACID",NULL,HSD17B10,https://www.dgidb.org/genes/HSD17B10,NULL,NULL,3028,HSD17B10,9606,Homo sapiens (human),NULL,NULL,NULL,NULL,NULL,NULL,NULL,NULL
