﻿resolution,pdbid,title,expmethod,lignme,glytoucan,cids,protacxns,geneids,pmids,dois
   1.2,4QER,Crystal Structure of the Complex of Phospholipase A2 with Resveratrol at 1.20 A Resolution,X-RAY DIFFRACTION,SO4|STL,NULL,1117|445154,P59071|1FV0_A|3H1X_A|1JQ8_A,NULL,25541253,10.1016/j.bbapap.2014.12.017
1.4,7CCW,Crystal structure of death-associated protein kinase 1 in complex with resveratrol and MES,X-RAY DIFFRACTION,SO4|STL|MES,NULL,1117|445154|78165,P53355|2YAK_A,1612,NULL,NULL
1.5,1SG0,Crystal structure analysis of QR2 in complex with resveratrol,X-RAY DIFFRACTION,FAD|STL|ZN,NULL,445154|643975|32051,P16083,4835,15350128,10.1021/bi049162o
1.545,5CR1,Crystal structure of TTR/resveratrol/T4 complex,X-RAY DIFFRACTION,STL|T44,NULL,5819|445154,4DEU_A|3FC8_A|3KGT_A|3NES_A|3CFN_A|3HJ0_A|P02766|3NEE_A|1BM7_A,7276,26468275,10.1074/jbc.m115.690172
1.6,4QOH,Crystal structure of fad quinone reductase 2 in complex with resveratrol at 1.6A,X-RAY DIFFRACTION,ZN|GOL|STL|FAD,NULL,445154|753|32051|643975,P16083,4835,NULL,NULL
1.649,7CCU,Crystal structure of death-associated protein kinase 1 in complex with resveratrol,X-RAY DIFFRACTION,SO4|STL,NULL,1117|445154,P53355|2YAK_A,1612,NULL,NULL
1.7,1CGZ,CHALCONE SYNTHASE FROM ALFALFA COMPLEXED WITH RESVERATROL,X-RAY DIFFRACTION,STL,NULL,445154,P30074,NULL,10426957,10.1038/11553
1.71,7KD8,TtgR C137I I141W M167L F168Y mutant in complex with resveratrol,X-RAY DIFFRACTION,STL|MG,NULL,445154|888,Q9AIU0|2UXI_A,NULL,34548494,10.1038/s41467-021-25826-7
1.72,7VB8,SbSOMT2 in complex with resveratrol and nicotinamide adenine dinucleotide(NAD+),X-RAY DIFFRACTION,NAD|ACT|EDO|STL|GOL|CL,NULL,753|174|445154|312|5892|175,NULL,NULL,NULL,NULL
1.85,4QOJ,CRYSTAL STRUCTURE OF FMN QUINONE REDUCTASE 2 IN COMPLEX WITH RESVERATROL AT 1.85A,X-RAY DIFFRACTION,FMN|STL|ZN,NULL,32051|445154|643976,P16083,4835,NULL,NULL
1.89,5J54,"The Structure and Mechanism of NOV1, a Resveratrol-Cleaving Dioxygenase",X-RAY DIFFRACTION,FE|OXY|STL,NULL,445154|29936|977,NULL,NULL,27911781,10.1073/pnas.1608917113
1.9,5U90,Crystal structure of Co-CAO1 in complex with resveratrol,X-RAY DIFFRACTION,STL|DMS|CO,NULL,679|445154|104729,NULL,NULL,28493664,10.1021/acs.biochem.7b00251
1.9,7K1C,TtgR in complex with resveratrol,X-RAY DIFFRACTION,STL|MG,NULL,445154|888,Q9AIU0|2UXI_A,NULL,34548494,10.1038/s41467-021-25826-7
2,1DVS,CRYSTAL STRUCTURE OF HUMAN TRANSTHYRETIN IN COMPLEX WITH RESVERATROL,X-RAY DIFFRACTION,STL,NULL,445154,4DEU_A|3FC8_A|3KGT_A|3NES_A|3CFN_A|3HJ0_A|P02766|3NEE_A|1BM7_A,7276,10742177,10.1038/74082
2,1U0W,An Aldol Switch Discovered in Stilbene Synthases Mediates Cyclization Specificity of Type III Polyketide Synthases: 18xCHS+resveratrol Structure,X-RAY DIFFRACTION,STL,NULL,445154,P30074,NULL,15380179,10.1016/j.chembiol.2004.05.024
2,3CKL,Crystal structure of human cytosolic sulfotransferase SULT1B1 in complex with PAP and resveratrol,X-RAY DIFFRACTION,A3P|STL,NULL,159296|445154,O43704,27284,NULL,NULL
2.1,4Q93,Crystal structure of resveratrol bound human tyrosyl tRNA synthetase,X-RAY DIFFRACTION,SO4|CL|STL|PO4|GOL,NULL,753|1061|445154|312|1117,P54577,8565,25533949,10.1038/nature14028
2.2,3MNQ,Crystal structure of myosin-2 motor domain in complex with ADP-metavanadate and resveratrol,X-RAY DIFFRACTION,MG|EDO|STL|AD9,NULL,174|445154|888,P08799|2Y8I_X|1LVK_A|2XEL_A|2XO8_A,8625606,NULL,NULL
2.201,4PP6,Crystal Structure of the Estrogen Receptor alpha Ligand-binding Domain in Complex with Resveratrol,X-RAY DIFFRACTION,STL,NULL,445154,Q15596|P03372|4DMA_A|1ZKY_A|1X7E_A|2P15_A|1GWQ_A|2IOG_A|1UOM_A|1QKT_A|1QKU_A|1PCG_A|1SJ0_A|2IOK_A,10499|2099,24771768,10.7554/elife.02057
2.3,2JIZ,The Structure of F1-ATPase inhibited by resveratrol.,X-RAY DIFFRACTION,AZI|MG|STL|PO4|ADP|GOL|ANP,NULL,753|1061|445154|33558|888|6022|33113,P00829|P19483|P05631,327675|282578|327668,17698806,10.1073/pnas.0706290104
2.33,3FTS,Leukotriene A4 hydrolase in complex with resveratrol,X-RAY DIFFRACTION,ZN|ACT|STL|YB|IMD,NULL,32051|445154|444234|175|105055,P09960|2R59_A|3B7R_L|3CHO_A,4048,19618939,10.1021/jm900259h
2.4,5NZL,Crystal structure of UDP-glucose pyrophosphorylase from Leishmania major in complex with resveratrol,X-RAY DIFFRACTION,EDO|STL,NULL,174|445154,NULL,NULL,NULL,NULL
2.55,4DPN,Crystal Structure of ConM Complexed with Resveratrol,X-RAY DIFFRACTION,MN|CA|STL,NULL,445154|27854|271,P81460,NULL,NULL,NULL
2.6,6JEM,Structure of Phytolacca americana UGT2 complexed with UDP-2fluoro-glucose and resveratrol,X-RAY DIFFRACTION,U2F|STL,NULL,448923|445154,NULL,NULL,32525309,10.1021/acs.biochem.0c00224
2.601,4HDA,Crystal structure of human Sirt5 in complex with Fluor-de-Lys peptide and resveratrol,X-RAY DIFFRACTION,STL|ZN,NULL,445154|32051,Q9NXA8|2NYR_B,23408,23185430,10.1371/journal.pone.0049761
2.8,2YDX,"Crystal structure of human S-adenosylmethionine synthetase 2, beta subunit",X-RAY DIFFRACTION,SO4|TXP|NAP|STL|CA,NULL,444643|5885|445154|271|1117,Q9NZL9,27430,23425511,10.1042/bj20121580
2.85,4JAZ,Crystal structure of the complex between PPARgamma LBD and trans-resveratrol,X-RAY DIFFRACTION,STL,NULL,445154,P37231|1NYX_A|2YFE_A|2I4J_A|1FM9_D|3B1M_A|3U9Q_A|2HFP_A|3OSI_A|3BC5_A|3T03_A|1I7I_A|3R5N_A|1ZEO_A|2ATH_A|4PRG_A,5468,24796862,10.1002/cbic.201300754
2.9,1Z1F,Crystal structure of stilbene synthase from Arachis hypogaea (resveratrol-bound form),X-RAY DIFFRACTION,CIT|STL,NULL,311|445154,NULL,NULL,16028220,10.1002/prot.20584
3.2,5BTR,Crystal structure of SIRT1 in complex with resveratrol and an AMC-containing peptide,X-RAY DIFFRACTION,STL|ZN,NULL,445154|32051,Q96EB6,23411,26109052,10.1101/gad.265462.115
NULL,2L98,Structure of trans-Resveratrol in complex with the cardiac regulatory protein Troponin C,SOLUTION NMR,CA|STL,NULL,445154|271,P63316|2KFX_T|2KDH_A|1IH0_A|1LXF_C,7134,21226534,10.1021/bi101985j
