﻿id,cid,dsn,cmpdname,srccmpd,srccmpdname,srccmpdurl,srctarget,srctargetname,srctargeturl,protacxn,protname,geneid,genename,taxid,taxname,action,actname,actvalue,evids,evurls,pmids,dois,citations
   1256676,345501,CTD,Deoxypodophyllotoxin,C014451,deoxypodophyllotoxin,https://ctdbase.org/detail.go?type=chem&acc=C014451,31,ACACA,https://ctdbase.org/detail.go?type=gene&acc=31,NULL,NULL,31,ACACA,9606,Homo sapiens (human),Deoxypodophyllotoxin inhibits the reaction [T0901317 results in increased expression of ACACA mrna]|deoxypodophyllotoxin results in increased phosphorylation of ACACA protein|deoxypodophyllotoxin inhibits the reaction [dietary fats results in decreased phosphorylation of ACACA protein],NULL,NULL,PMID:30148990,https://www.ncbi.nlm.nih.gov/pubmed/30148990,30148990,NULL,NULL
1256677,345501,CTD,Deoxypodophyllotoxin,C014451,deoxypodophyllotoxin,https://ctdbase.org/detail.go?type=chem&acc=C014451,2194,FASN,https://ctdbase.org/detail.go?type=gene&acc=2194,NULL,NULL,2194,FASN,9606,Homo sapiens (human),Deoxypodophyllotoxin inhibits the reaction [T0901317 results in increased expression of FASN mrna],NULL,NULL,PMID:30148990,https://www.ncbi.nlm.nih.gov/pubmed/30148990,30148990,NULL,NULL
1261361,345501,CTD,Deoxypodophyllotoxin,C014451,deoxypodophyllotoxin,https://ctdbase.org/detail.go?type=chem&acc=C014451,2875,GPT,https://ctdbase.org/detail.go?type=gene&acc=2875,NULL,NULL,2875,GPT,10090,Mus musculus (house mouse),Deoxypodophyllotoxin inhibits the reaction [dietary fats results in increased activity of GPT protein],NULL,NULL,PMID:30148990,https://www.ncbi.nlm.nih.gov/pubmed/30148990,30148990,NULL,NULL
1261362,345501,CTD,Deoxypodophyllotoxin,C014451,deoxypodophyllotoxin,https://ctdbase.org/detail.go?type=chem&acc=C014451,6319,SCD,https://ctdbase.org/detail.go?type=gene&acc=6319,NULL,NULL,6319,SCD,9606,Homo sapiens (human),Deoxypodophyllotoxin inhibits the reaction [T0901317 results in increased expression of SCD mrna],NULL,NULL,PMID:30148990,https://www.ncbi.nlm.nih.gov/pubmed/30148990,30148990,NULL,NULL
1261363,345501,CTD,Deoxypodophyllotoxin,C014451,deoxypodophyllotoxin,https://ctdbase.org/detail.go?type=chem&acc=C014451,6720,SREBF1,https://ctdbase.org/detail.go?type=gene&acc=6720,NULL,NULL,6720,SREBF1,9606,Homo sapiens (human),Deoxypodophyllotoxin inhibits the reaction [T0901317 results in increased expression of SREBF1 mrna]|dorsomorphin inhibits the reaction [deoxypodophyllotoxin inhibits the reaction [T0901317 results in increased expression of SREBF1 protein]]|deoxypodophyllotoxin inhibits the reaction [T0901317 results in increased expression of SREBF1 protein]|deoxypodophyllotoxin inhibits the reaction [dietary fats results in increased expression of SREBF1 protein],NULL,NULL,PMID:30148990,https://www.ncbi.nlm.nih.gov/pubmed/30148990,30148990,NULL,NULL
1261364,345501,CTD,Deoxypodophyllotoxin,C014451,deoxypodophyllotoxin,https://ctdbase.org/detail.go?type=chem&acc=C014451,6794,STK11,https://ctdbase.org/detail.go?type=gene&acc=6794,NULL,NULL,6794,STK11,9606,Homo sapiens (human),Deoxypodophyllotoxin results in increased phosphorylation of STK11 protein,NULL,NULL,PMID:30148990,https://www.ncbi.nlm.nih.gov/pubmed/30148990,30148990,NULL,NULL
