﻿taxname,pwacc,name,pwtype,category,url,source,srcid,externalid,extid,taxid,core,cids,geneids,protacxns,pmids,ecs,annotation
   NULL,BioCyc:META_PWY-4201,volatile cinnamoic ester biosynthesis,conserved,pathway,https://biocyc.org/META/NEW-IMAGE?object=PWY-4201,BioCyc,1,META_PWY-4201,PWY-4201,NULL,1,1038|3314|7127|8815|27099|27284|27854|29936|32051|68148|637520|637776|853433|5957728|24762165|25246222,NULL,B8RCD3|Q7X9J1,9159948|9439593|10415125|10712525|11884690|12732318|15326281,2.1.1.279,NULL
NULL,BioCyc:META_PWY-7113,furcatin degradation,conserved,pathway,https://biocyc.org/META/NEW-IMAGE?object=PWY-7113,BioCyc,1,META_PWY-7113,PWY-7113,NULL,1,962|7511|23954|26623|27099|68148|442789|25200845,NULL,Q75W17,12481100|13717574|14579595|14976214|17998137|18667453,3.2.1.161,NULL
NULL,PlantCyc:PLANT_PWY-4201,volatile cinnamoic ester biosynthesis,conserved,pathway,https://pmn.plantcyc.org/PLANT/new-image?object=PWY-4201,PlantCyc,12,PLANT_PWY-4201,PWY-4201,NULL,1,1038|3314|7127|8815|27099|27284|27854|29936|32051|68148|637520|853433|1549045|5957728|24762165|25246222,NULL,NULL,9159948|9439593|10415125|10712525|10995350|11884690|12657305|12732318|12872929|15326281|21492885|21807213|21879766,NULL,NULL
NULL,PlantCyc:PLANT_PWY-7113,furcatin degradation,conserved,pathway,https://pmn.plantcyc.org/PLANT/new-image?object=PWY-7113,PlantCyc,12,PLANT_PWY-7113,PWY-7113,NULL,1,962|7511|23954|26623|27099|68148|442789,NULL,Q75W17,12481100|13717574|14579595|14976214|17998137|18667453,3.2.1.161,NULL
