﻿id,cid,dsn,cmpdname,srccmpd,srccmpdname,srccmpdurl,srctarget,srctargetname,srctargeturl,protacxn,protname,geneid,genename,taxid,taxname,action,actname,actvalue,evids,evurls,pmids,dois,citations
   1124506,114917,DGIdb,Tanshinone I,NULL,TANSHINONE I,https://www.dgidb.org/drugs/TANSHINONE I,NULL,ATXN2,https://www.dgidb.org/genes/ATXN2,NULL,NULL,6311,ATXN2,9606,Homo sapiens (human),NULL,NULL,NULL,NULL,NULL,NULL,NULL,NULL
1130851,114917,DGIdb,Tanshinone I,NULL,TANSHINONE I,https://www.dgidb.org/drugs/TANSHINONE I,NULL,POLB,https://www.dgidb.org/genes/POLB,NULL,NULL,5423,POLB,9606,Homo sapiens (human),NULL,NULL,NULL,NULL,NULL,NULL,NULL,NULL
1138587,114917,DGIdb,Tanshinone I,NULL,TANSHINONE I,https://www.dgidb.org/drugs/TANSHINONE I,NULL,POLK,https://www.dgidb.org/genes/POLK,NULL,NULL,51426,POLK,9606,Homo sapiens (human),NULL,NULL,NULL,NULL,NULL,NULL,NULL,NULL
1154680,114917,DGIdb,Tanshinone I,NULL,TANSHINONE I,https://www.dgidb.org/drugs/TANSHINONE I,NULL,POLH,https://www.dgidb.org/genes/POLH,NULL,NULL,5429,POLH,9606,Homo sapiens (human),NULL,NULL,NULL,NULL,NULL,NULL,NULL,NULL
1154681,114917,DGIdb,Tanshinone I,NULL,TANSHINONE I,https://www.dgidb.org/drugs/TANSHINONE I,NULL,BAZ2B,https://www.dgidb.org/genes/BAZ2B,NULL,NULL,29994,BAZ2B,9606,Homo sapiens (human),NULL,NULL,NULL,NULL,NULL,NULL,NULL,NULL
1165163,114917,DGIdb,Tanshinone I,NULL,TANSHINONE I,https://www.dgidb.org/drugs/TANSHINONE I,NULL,RAPGEF3,https://www.dgidb.org/genes/RAPGEF3,NULL,NULL,10411,RAPGEF3,9606,Homo sapiens (human),NULL,NULL,NULL,NULL,NULL,NULL,NULL,NULL
1190426,114917,DGIdb,Tanshinone I,NULL,TANSHINONE I,https://www.dgidb.org/drugs/TANSHINONE I,NULL,USP1,https://www.dgidb.org/genes/USP1,NULL,NULL,7398,USP1,9606,Homo sapiens (human),NULL,NULL,NULL,NULL,NULL,NULL,NULL,NULL
1190427,114917,DGIdb,Tanshinone I,NULL,TANSHINONE I,https://www.dgidb.org/drugs/TANSHINONE I,NULL,GMNN,https://www.dgidb.org/genes/GMNN,NULL,NULL,51053,GMNN,9606,Homo sapiens (human),NULL,NULL,NULL,NULL,NULL,NULL,NULL,NULL
1191007,114917,BindingDB,Tanshinone I,51317,"1,6-dimethylnaphtho[1,2-g][1]benzofuran-10,11-dione",https://www.bindingdb.org/rwd/bind/chemsearch/marvin/MolStructure.jsp?monomerid=51317,4753,3C-like proteinase (3CL-PRO),https://www.bindingdb.org/rwd/jsp/dbsearch/PrimarySearch_ki.jsp?tag=pol&polymerid=4753,P0C6X7,Replicase polyprotein 1ab,1489680,ORF1ab,694009,Severe acute respiratory syndrome-related coronavirus,NULL,IC50 (nM),38700,PMID:34798775,https://www.ncbi.nlm.nih.gov/pubmed/34798775,34798775,NULL,NULL
1191008,114917,BindingDB,Tanshinone I,51317,"1,6-dimethylnaphtho[1,2-g][1]benzofuran-10,11-dione",https://www.bindingdb.org/rwd/bind/chemsearch/marvin/MolStructure.jsp?monomerid=51317,4753,3C-like proteinase (3CL-PRO),https://www.bindingdb.org/rwd/jsp/dbsearch/PrimarySearch_ki.jsp?tag=pol&polymerid=4753,P0C6X7,Replicase polyprotein 1ab,1489680,ORF1ab,694009,Severe acute respiratory syndrome-related coronavirus,NULL,Ki (nM),13700,PMID:34798775,https://www.ncbi.nlm.nih.gov/pubmed/34798775,34798775,NULL,NULL
1229325,114917,DGIdb,Tanshinone I,NULL,TANSHINONE I,https://www.dgidb.org/drugs/TANSHINONE I,NULL,MAPT,https://www.dgidb.org/genes/MAPT,NULL,NULL,4137,MAPT,9606,Homo sapiens (human),NULL,NULL,NULL,NULL,NULL,NULL,NULL,NULL
1263960,114917,DGIdb,Tanshinone I,NULL,TANSHINONE I,https://www.dgidb.org/drugs/TANSHINONE I,NULL,KDM4A,https://www.dgidb.org/genes/KDM4A,NULL,NULL,9682,KDM4A,9606,Homo sapiens (human),NULL,NULL,NULL,NULL,NULL,NULL,NULL,NULL
1874311,114917,CTD,Tanshinone I,C021751,tanshinone,https://ctdbase.org/detail.go?type=chem&acc=C021751,8647,ABCB11,https://ctdbase.org/detail.go?type=gene&acc=8647,NULL,NULL,8647,ABCB11,9606,Homo sapiens (human),Tanshinone inhibits the reaction [ABCB11 protein results in increased transport of taurodeoxycholic acid],NULL,NULL,PMID:35101544,https://www.ncbi.nlm.nih.gov/pubmed/35101544,35101544,NULL,NULL
1874312,114917,CTD,Tanshinone I,C021751,tanshinone,https://ctdbase.org/detail.go?type=chem&acc=C021751,8647,ABCB11,https://ctdbase.org/detail.go?type=gene&acc=8647,NULL,NULL,8647,ABCB11,10116,Rattus norvegicus (Norway rat),Tanshinone inhibits the reaction [rifampin results in decreased expression of ABCB11 mrna]|tanshinone inhibits the reaction [rifampin results in decreased expression of ABCB11 protein],NULL,NULL,PMID:35544702,https://www.ncbi.nlm.nih.gov/pubmed/35544702,35544702,NULL,NULL
1874313,114917,CTD,Tanshinone I,C021751,tanshinone,https://ctdbase.org/detail.go?type=chem&acc=C021751,1244,ABCC2,https://ctdbase.org/detail.go?type=gene&acc=1244,NULL,NULL,1244,ABCC2,9606,Homo sapiens (human),[tanshinone co-treated with acetaminophen] results in increased expression of ABCC2 mrna|nfe2l2 gene mutant form inhibits the reaction [[tanshinone co-treated with acetaminophen] results in increased expression of ABCC2 mrna]|nfe2l2 gene mutant form inhibits the reaction [[tanshinone co-treated with acetaminophen] results in increased expression of ABCC2 protein]|[tanshinone co-treated with acetaminophen] results in increased expression of ABCC2 protein,NULL,NULL,PMID:35243748,https://www.ncbi.nlm.nih.gov/pubmed/35243748,35243748,NULL,NULL
1874357,114917,CTD,Tanshinone I,C021751,tanshinone,https://ctdbase.org/detail.go?type=chem&acc=C021751,10257,ABCC4,https://ctdbase.org/detail.go?type=gene&acc=10257,NULL,NULL,10257,ABCC4,9606,Homo sapiens (human),[tanshinone co-treated with acetaminophen] results in increased expression of ABCC4 protein|nfe2l2 gene mutant form inhibits the reaction [[tanshinone co-treated with acetaminophen] results in increased expression of ABCC4 mrna]|[tanshinone co-treated with acetaminophen] results in increased expression of ABCC4 mrna|nfe2l2 gene mutant form inhibits the reaction [[tanshinone co-treated with acetaminophen] results in increased expression of ABCC4 protein],NULL,NULL,PMID:35243748,https://www.ncbi.nlm.nih.gov/pubmed/35243748,35243748,NULL,NULL
1874358,114917,CTD,Tanshinone I,C021751,tanshinone,https://ctdbase.org/detail.go?type=chem&acc=C021751,37,ACADVL,https://ctdbase.org/detail.go?type=gene&acc=37,NULL,NULL,37,ACADVL,9606,Homo sapiens (human),Tanshinone results in increased expression of ACADVL mRNA,NULL,NULL,PMID:15849732,https://www.ncbi.nlm.nih.gov/pubmed/15849732,15849732,NULL,NULL
1874359,114917,CTD,Tanshinone I,C021751,tanshinone,https://ctdbase.org/detail.go?type=chem&acc=C021751,2180,ACSL1,https://ctdbase.org/detail.go?type=gene&acc=2180,NULL,NULL,2180,ACSL1,9606,Homo sapiens (human),Tanshinone results in increased expression of ACSL1 mRNA,NULL,NULL,PMID:15849732,https://www.ncbi.nlm.nih.gov/pubmed/15849732,15849732,NULL,NULL
1874360,114917,CTD,Tanshinone I,C021751,tanshinone,https://ctdbase.org/detail.go?type=chem&acc=C021751,59,ACTA2,https://ctdbase.org/detail.go?type=gene&acc=59,NULL,NULL,59,ACTA2,9606,Homo sapiens (human),NFE2L2 protein promotes the reaction [tanshinone inhibits the reaction [silicon dioxide results in increased expression of ACTA2 protein]]|tanshinone inhibits the reaction [silicon dioxide results in increased expression of ACTA2 protein],NULL,NULL,PMID:32097614,https://www.ncbi.nlm.nih.gov/pubmed/32097614,32097614,NULL,NULL
1874361,114917,CTD,Tanshinone I,C021751,tanshinone,https://ctdbase.org/detail.go?type=chem&acc=C021751,183,AGT,https://ctdbase.org/detail.go?type=gene&acc=183,NULL,NULL,183,AGT,9823,Sus scrofa (pig),Tanshinone inhibits the reaction [AGT protein results in decreased expression of NOS3 protein]|tanshinone inhibits the reaction [AGT protein results in decreased expression of NOS3 mrna],NULL,NULL,PMID:17717927,https://www.ncbi.nlm.nih.gov/pubmed/17717927,17717927,NULL,NULL
1874362,114917,CTD,Tanshinone I,C021751,tanshinone,https://ctdbase.org/detail.go?type=chem&acc=C021751,196,AHR,https://ctdbase.org/detail.go?type=gene&acc=196,NULL,NULL,196,AHR,9606,Homo sapiens (human),Tanshinone promotes the reaction [beta-naphthoflavone results in increased expression of AHR mrna]|tanshinone binds to and results in increased activity of AHR protein,NULL,NULL,PMID:21262253,https://www.ncbi.nlm.nih.gov/pubmed/21262253,21262253,NULL,NULL
1874363,114917,CTD,Tanshinone I,C021751,tanshinone,https://ctdbase.org/detail.go?type=chem&acc=C021751,220,ALDH1A3,https://ctdbase.org/detail.go?type=gene&acc=220,NULL,NULL,220,ALDH1A3,9606,Homo sapiens (human),Tanshinone results in decreased expression of ALDH1A3 mRNA,NULL,NULL,PMID:15849732,https://www.ncbi.nlm.nih.gov/pubmed/15849732,15849732,NULL,NULL
1874364,114917,CTD,Tanshinone I,C021751,tanshinone,https://ctdbase.org/detail.go?type=chem&acc=C021751,224,ALDH3A2,https://ctdbase.org/detail.go?type=gene&acc=224,NULL,NULL,224,ALDH3A2,9606,Homo sapiens (human),Tanshinone results in decreased expression of ALDH3A2 mRNA,NULL,NULL,PMID:15849732,https://www.ncbi.nlm.nih.gov/pubmed/15849732,15849732,NULL,NULL
1874365,114917,CTD,Tanshinone I,C021751,tanshinone,https://ctdbase.org/detail.go?type=chem&acc=C021751,341,APOC1,https://ctdbase.org/detail.go?type=gene&acc=341,NULL,NULL,341,APOC1,9606,Homo sapiens (human),Tanshinone results in increased expression of APOC1 mRNA,NULL,NULL,PMID:15849732,https://www.ncbi.nlm.nih.gov/pubmed/15849732,15849732,NULL,NULL
1874366,114917,CTD,Tanshinone I,C021751,tanshinone,https://ctdbase.org/detail.go?type=chem&acc=C021751,55937,APOM,https://ctdbase.org/detail.go?type=gene&acc=55937,NULL,NULL,55937,APOM,9606,Homo sapiens (human),Tanshinone results in increased expression of APOM mRNA,NULL,NULL,PMID:15849732,https://www.ncbi.nlm.nih.gov/pubmed/15849732,15849732,NULL,NULL
1874432,114917,CTD,Tanshinone I,C021751,tanshinone,https://ctdbase.org/detail.go?type=chem&acc=C021751,366,AQP9,https://ctdbase.org/detail.go?type=gene&acc=366,NULL,NULL,366,AQP9,10090,Mus musculus (house mouse),[indirubin co-treated with tanshinone] promotes the reaction [tetraarsenic tetrasulfide results in increased expression of AQP9 protein]|tanshinone promotes the reaction [tetraarsenic tetrasulfide results in increased expression of AQP9 protein]|[[tetraarsenic tetrasulfide co-treated with tanshinone] results in increased expression of AQP9 protein] which results in increased uptake of tetraarsenic tetrasulfide|[[tetraarsenic tetrasulfide co-treated with tanshinone co-treated with indirubin] results in increased expression of AQP9 protein] which results in increased uptake of tetraarsenic tetrasulfide|tanshinone promotes the reaction [tetraarsenic tetrasulfide results in increased expression of AQP9 mrna]|[tetraarsenic tetrasulfide co-treated with tanshinone co-treated with indirubin] results in increased expression of AQP9 protein,NULL,NULL,PMID:18344322,https://www.ncbi.nlm.nih.gov/pubmed/18344322,18344322,NULL,NULL
1874433,114917,CTD,Tanshinone I,C021751,tanshinone,https://ctdbase.org/detail.go?type=chem&acc=C021751,440,ASNS,https://ctdbase.org/detail.go?type=gene&acc=440,NULL,NULL,440,ASNS,9606,Homo sapiens (human),Tanshinone results in decreased expression of ASNS mRNA,NULL,NULL,PMID:15849732,https://www.ncbi.nlm.nih.gov/pubmed/15849732,15849732,NULL,NULL
1874434,114917,CTD,Tanshinone I,C021751,tanshinone,https://ctdbase.org/detail.go?type=chem&acc=C021751,445,ASS1,https://ctdbase.org/detail.go?type=gene&acc=445,NULL,NULL,445,ASS1,9606,Homo sapiens (human),Tanshinone results in decreased expression of ASS1 mRNA,NULL,NULL,PMID:15849732,https://www.ncbi.nlm.nih.gov/pubmed/15849732,15849732,NULL,NULL
1874435,114917,CTD,Tanshinone I,C021751,tanshinone,https://ctdbase.org/detail.go?type=chem&acc=C021751,533,ATP6V0B,https://ctdbase.org/detail.go?type=gene&acc=533,NULL,NULL,533,ATP6V0B,9606,Homo sapiens (human),Tanshinone results in increased expression of ATP6V0B mRNA,NULL,NULL,PMID:15849732,https://www.ncbi.nlm.nih.gov/pubmed/15849732,15849732,NULL,NULL
1874436,114917,CTD,Tanshinone I,C021751,tanshinone,https://ctdbase.org/detail.go?type=chem&acc=C021751,529,ATP6V1E1,https://ctdbase.org/detail.go?type=gene&acc=529,NULL,NULL,529,ATP6V1E1,9606,Homo sapiens (human),Tanshinone results in increased expression of ATP6V1E1 mRNA,NULL,NULL,PMID:15849732,https://www.ncbi.nlm.nih.gov/pubmed/15849732,15849732,NULL,NULL
1874437,114917,CTD,Tanshinone I,C021751,tanshinone,https://ctdbase.org/detail.go?type=chem&acc=C021751,581,BAX,https://ctdbase.org/detail.go?type=gene&acc=581,NULL,NULL,581,BAX,9606,Homo sapiens (human),Tanshinone results in increased expression of BAX protein,NULL,NULL,PMID:21699893,https://www.ncbi.nlm.nih.gov/pubmed/21699893,21699893,NULL,NULL
1874438,114917,CTD,Tanshinone I,C021751,tanshinone,https://ctdbase.org/detail.go?type=chem&acc=C021751,594,BCKDHB,https://ctdbase.org/detail.go?type=gene&acc=594,NULL,NULL,594,BCKDHB,9606,Homo sapiens (human),Tanshinone results in decreased expression of BCKDHB mRNA,NULL,NULL,PMID:15849732,https://www.ncbi.nlm.nih.gov/pubmed/15849732,15849732,NULL,NULL
1874439,114917,CTD,Tanshinone I,C021751,tanshinone,https://ctdbase.org/detail.go?type=chem&acc=C021751,596,BCL2,https://ctdbase.org/detail.go?type=gene&acc=596,NULL,NULL,596,BCL2,9606,Homo sapiens (human),Tanshinone results in decreased expression of BCL2 protein,NULL,NULL,PMID:16009009|PMID:19885617|PMID:20369472|PMID:21699893,https://www.ncbi.nlm.nih.gov/pubmed/16009009|https://www.ncbi.nlm.nih.gov/pubmed/19885617|https://www.ncbi.nlm.nih.gov/pubmed/20369472|https://www.ncbi.nlm.nih.gov/pubmed/21699893,16009009|19885617|20369472|21699893,NULL,NULL
1874440,114917,CTD,Tanshinone I,C021751,tanshinone,https://ctdbase.org/detail.go?type=chem&acc=C021751,330,BIRC3,https://ctdbase.org/detail.go?type=gene&acc=330,NULL,NULL,330,BIRC3,9606,Homo sapiens (human),Tanshinone results in decreased expression of BIRC3 mRNA,NULL,NULL,PMID:15849732,https://www.ncbi.nlm.nih.gov/pubmed/15849732,15849732,NULL,NULL
1874441,114917,CTD,Tanshinone I,C021751,tanshinone,https://ctdbase.org/detail.go?type=chem&acc=C021751,332,BIRC5,https://ctdbase.org/detail.go?type=gene&acc=332,NULL,NULL,332,BIRC5,9606,Homo sapiens (human),Tanshinone results in decreased expression of BIRC5 mrna|sb 203580 inhibits the reaction [tanshinone results in decreased expression of BIRC5 mrna]|tanshinone inhibits the reaction [cisplatin results in increased expression of BIRC5 mrna],NULL,NULL,PMID:21165580,https://www.ncbi.nlm.nih.gov/pubmed/21165580,21165580,NULL,NULL
1874490,114917,CTD,Tanshinone I,C021751,tanshinone,https://ctdbase.org/detail.go?type=chem&acc=C021751,10241,CALCOCO2,https://ctdbase.org/detail.go?type=gene&acc=10241,NULL,NULL,10241,CALCOCO2,9606,Homo sapiens (human),Tanshinone results in increased expression of CALCOCO2 mRNA,NULL,NULL,PMID:15849732,https://www.ncbi.nlm.nih.gov/pubmed/15849732,15849732,NULL,NULL
1874491,114917,CTD,Tanshinone I,C021751,tanshinone,https://ctdbase.org/detail.go?type=chem&acc=C021751,836,CASP3,https://ctdbase.org/detail.go?type=gene&acc=836,NULL,NULL,836,CASP3,9606,Homo sapiens (human),Tanshinone results in increased activity of CASP3 protein,NULL,NULL,PMID:21699893,https://www.ncbi.nlm.nih.gov/pubmed/21699893,21699893,NULL,NULL
1874492,114917,CTD,Tanshinone I,C021751,tanshinone,https://ctdbase.org/detail.go?type=chem&acc=C021751,836,CASP3,https://ctdbase.org/detail.go?type=gene&acc=836,NULL,NULL,836,CASP3,9606,Homo sapiens (human),Tanshinone results in increased expression of CASP3 protein,NULL,NULL,PMID:15849732,https://www.ncbi.nlm.nih.gov/pubmed/15849732,15849732,NULL,NULL
1874493,114917,CTD,Tanshinone I,C021751,tanshinone,https://ctdbase.org/detail.go?type=chem&acc=C021751,841,CASP8,https://ctdbase.org/detail.go?type=gene&acc=841,NULL,NULL,841,CASP8,9606,Homo sapiens (human),Tanshinone promotes the reaction [TNFSF10 protein results in increased cleavage of CASP8 protein],NULL,NULL,PMID:26203587,https://www.ncbi.nlm.nih.gov/pubmed/26203587,26203587,NULL,NULL
1874494,114917,CTD,Tanshinone I,C021751,tanshinone,https://ctdbase.org/detail.go?type=chem&acc=C021751,945,CD33,https://ctdbase.org/detail.go?type=gene&acc=945,NULL,NULL,945,CD33,9606,Homo sapiens (human),Tanshinone results in decreased expression of CD33 protein,NULL,NULL,PMID:16009009,https://www.ncbi.nlm.nih.gov/pubmed/16009009,16009009,NULL,NULL
1874495,114917,CTD,Tanshinone I,C021751,tanshinone,https://ctdbase.org/detail.go?type=chem&acc=C021751,948,CD36,https://ctdbase.org/detail.go?type=gene&acc=948,NULL,NULL,948,CD36,10090,Mus musculus (house mouse),Troglitazone inhibits the reaction [tanshinone results in decreased expression of CD36 mrna]|15-deoxyprostaglandin J2 inhibits the reaction [tanshinone results in decreased expression of CD36 mrna]|tanshinone results in decreased expression of CD36 protein|tanshinone inhibits the reaction [15-deoxyprostaglandin J2 results in increased expression of CD36 mrna]|tanshinone results in decreased expression of CD36 mrna|tanshinone inhibits the reaction [troglitazone results in increased expression of CD36 mrna],NULL,NULL,PMID:20854809,https://www.ncbi.nlm.nih.gov/pubmed/20854809,20854809,NULL,NULL
1874496,114917,CTD,Tanshinone I,C021751,tanshinone,https://ctdbase.org/detail.go?type=chem&acc=C021751,968,CD68,https://ctdbase.org/detail.go?type=gene&acc=968,NULL,NULL,968,CD68,10090,Mus musculus (house mouse),Tanshinone results in decreased expression of CD68 protein,NULL,NULL,PMID:20854809,https://www.ncbi.nlm.nih.gov/pubmed/20854809,20854809,NULL,NULL
1874497,114917,CTD,Tanshinone I,C021751,tanshinone,https://ctdbase.org/detail.go?type=chem&acc=C021751,999,CDH1,https://ctdbase.org/detail.go?type=gene&acc=999,NULL,NULL,999,CDH1,9606,Homo sapiens (human),WAY-262611 affects the reaction [[doxorubicin co-treated with tanshinone] affects the expression of CDH1 protein]|[doxorubicin co-treated with tanshinone] affects the expression of CDH1 protein,NULL,NULL,PMID:32886829,https://www.ncbi.nlm.nih.gov/pubmed/32886829,32886829,NULL,NULL
1874498,114917,CTD,Tanshinone I,C021751,tanshinone,https://ctdbase.org/detail.go?type=chem&acc=C021751,999,CDH1,https://ctdbase.org/detail.go?type=gene&acc=999,NULL,NULL,999,CDH1,9606,Homo sapiens (human),NFE2L2 protein promotes the reaction [tanshinone inhibits the reaction [silicon dioxide results in decreased expression of CDH1 protein]]|tanshinone inhibits the reaction [silicon dioxide results in decreased expression of CDH1 protein],NULL,NULL,PMID:32097614,https://www.ncbi.nlm.nih.gov/pubmed/32097614,32097614,NULL,NULL
1874499,114917,CTD,Tanshinone I,C021751,tanshinone,https://ctdbase.org/detail.go?type=chem&acc=C021751,1017,CDK2,https://ctdbase.org/detail.go?type=gene&acc=1017,NULL,NULL,1017,CDK2,10090,Mus musculus (house mouse),[tanshinone co-treated with tetraarsenic tetrasulfide] promotes the reaction [indirubin results in decreased expression of CDK2 protein]|[tanshinone co-treated with indirubin] promotes the reaction [tetraarsenic tetrasulfide results in decreased expression of CDK2 protein],NULL,NULL,PMID:18344322,https://www.ncbi.nlm.nih.gov/pubmed/18344322,18344322,NULL,NULL
1874539,114917,CTD,Tanshinone I,C021751,tanshinone,https://ctdbase.org/detail.go?type=chem&acc=C021751,1026,CDKN1A,https://ctdbase.org/detail.go?type=gene&acc=1026,NULL,NULL,1026,CDKN1A,9606,Homo sapiens (human),Tanshinone results in increased expression of CDKN1A mRNA,NULL,NULL,PMID:15849732,https://www.ncbi.nlm.nih.gov/pubmed/15849732,15849732,NULL,NULL
1874540,114917,CTD,Tanshinone I,C021751,tanshinone,https://ctdbase.org/detail.go?type=chem&acc=C021751,1027,CDKN1B,https://ctdbase.org/detail.go?type=gene&acc=1027,NULL,NULL,1027,CDKN1B,10090,Mus musculus (house mouse),Indirubin promotes the reaction [tanshinone promotes the reaction [tetraarsenic tetrasulfide results in increased expression of CDKN1B protein]]|tanshinone results in increased expression of CDKN1B protein|indirubin promotes the reaction [tanshinone results in increased expression of CDKN1B protein]|tetraarsenic tetrasulfide promotes the reaction [indirubin promotes the reaction [tanshinone results in increased expression of CDKN1B protein]]|tanshinone promotes the reaction [tetraarsenic tetrasulfide results in increased expression of CDKN1B protein]|tanshinone promotes the reaction [indirubin promotes the reaction [tetraarsenic tetrasulfide results in increased expression of CDKN1B protein]],NULL,NULL,PMID:18344322,https://www.ncbi.nlm.nih.gov/pubmed/18344322,18344322,NULL,NULL
1874541,114917,CTD,Tanshinone I,C021751,tanshinone,https://ctdbase.org/detail.go?type=chem&acc=C021751,4680,CEACAM6,https://ctdbase.org/detail.go?type=gene&acc=4680,NULL,NULL,4680,CEACAM6,9606,Homo sapiens (human),Tanshinone results in decreased expression of CEACAM6 mRNA,NULL,NULL,PMID:15849732,https://www.ncbi.nlm.nih.gov/pubmed/15849732,15849732,NULL,NULL
1874542,114917,CTD,Tanshinone I,C021751,tanshinone,https://ctdbase.org/detail.go?type=chem&acc=C021751,1050,CEBPA,https://ctdbase.org/detail.go?type=gene&acc=1050,NULL,NULL,1050,CEBPA,10090,Mus musculus (house mouse),[indirubin co-treated with tanshinone] promotes the reaction [tetraarsenic tetrasulfide results in increased expression of CEBPA protein]|[indirubin co-treated with tetraarsenic tetrasulfide] promotes the reaction [tanshinone results in increased expression of CEBPA protein]|tanshinone results in increased expression of CEBPA protein,NULL,NULL,PMID:18344322,https://www.ncbi.nlm.nih.gov/pubmed/18344322,18344322,NULL,NULL
1874543,114917,CTD,Tanshinone I,C021751,tanshinone,https://ctdbase.org/detail.go?type=chem&acc=C021751,1051,CEBPB,https://ctdbase.org/detail.go?type=gene&acc=1051,NULL,NULL,1051,CEBPB,10090,Mus musculus (house mouse),Tanshinone results in increased expression of CEBPB protein|[indirubin co-treated with tanshinone] promotes the reaction [tetraarsenic tetrasulfide results in increased expression of CEBPB protein]|[indirubin co-treated with tetraarsenic tetrasulfide] promotes the reaction [tanshinone results in increased expression of CEBPB protein],NULL,NULL,PMID:18344322,https://www.ncbi.nlm.nih.gov/pubmed/18344322,18344322,NULL,NULL
1874544,114917,CTD,Tanshinone I,C021751,tanshinone,https://ctdbase.org/detail.go?type=chem&acc=C021751,1053,CEBPE,https://ctdbase.org/detail.go?type=gene&acc=1053,NULL,NULL,1053,CEBPE,10090,Mus musculus (house mouse),[indirubin co-treated with tanshinone] promotes the reaction [tetraarsenic tetrasulfide results in increased expression of CEBPE protein]|tanshinone results in increased expression of CEBPE protein|[indirubin co-treated with tetraarsenic tetrasulfide] promotes the reaction [tanshinone results in increased expression of CEBPE protein],NULL,NULL,PMID:18344322,https://www.ncbi.nlm.nih.gov/pubmed/18344322,18344322,NULL,NULL
1874545,114917,CTD,Tanshinone I,C021751,tanshinone,https://ctdbase.org/detail.go?type=chem&acc=C021751,8837,CFLAR,https://ctdbase.org/detail.go?type=gene&acc=8837,NULL,NULL,8837,CFLAR,9606,Homo sapiens (human),Tanshinone results in increased expression of CFLAR protein,NULL,NULL,PMID:26203587,https://www.ncbi.nlm.nih.gov/pubmed/26203587,26203587,NULL,NULL
1874546,114917,CTD,Tanshinone I,C021751,tanshinone,https://ctdbase.org/detail.go?type=chem&acc=C021751,1191,CLU,https://ctdbase.org/detail.go?type=gene&acc=1191,NULL,NULL,1191,CLU,9606,Homo sapiens (human),Tanshinone results in increased expression of CLU mRNA,NULL,NULL,PMID:15849732,https://www.ncbi.nlm.nih.gov/pubmed/15849732,15849732,NULL,NULL
1874547,114917,CTD,Tanshinone I,C021751,tanshinone,https://ctdbase.org/detail.go?type=chem&acc=C021751,1291,COL6A1,https://ctdbase.org/detail.go?type=gene&acc=1291,NULL,NULL,1291,COL6A1,9606,Homo sapiens (human),Tanshinone results in decreased expression of COL6A1 mRNA,NULL,NULL,PMID:15849732,https://www.ncbi.nlm.nih.gov/pubmed/15849732,15849732,NULL,NULL
1874589,114917,CTD,Tanshinone I,C021751,tanshinone,https://ctdbase.org/detail.go?type=chem&acc=C021751,1474,CST6,https://ctdbase.org/detail.go?type=gene&acc=1474,NULL,NULL,1474,CST6,9606,Homo sapiens (human),Tanshinone results in increased expression of CST6 mRNA,NULL,NULL,PMID:15849732,https://www.ncbi.nlm.nih.gov/pubmed/15849732,15849732,NULL,NULL
1874590,114917,CTD,Tanshinone I,C021751,tanshinone,https://ctdbase.org/detail.go?type=chem&acc=C021751,1499,CTNNB1,https://ctdbase.org/detail.go?type=gene&acc=1499,NULL,NULL,1499,CTNNB1,9606,Homo sapiens (human),[doxorubicin co-treated with tanshinone] affects the expression of CTNNB1 protein|way-262611 affects the reaction [[doxorubicin co-treated with tanshinone] affects the expression of CTNNB1 protein],NULL,NULL,PMID:32886829,https://www.ncbi.nlm.nih.gov/pubmed/32886829,32886829,NULL,NULL
1874591,114917,CTD,Tanshinone I,C021751,tanshinone,https://ctdbase.org/detail.go?type=chem&acc=C021751,1499,CTNNB1,https://ctdbase.org/detail.go?type=gene&acc=1499,NULL,NULL,1499,CTNNB1,10090,Mus musculus (house mouse),Tanshinone results in increased expression of CTNNB1 mRNA,NULL,NULL,PMID:25186638,https://www.ncbi.nlm.nih.gov/pubmed/25186638,25186638,NULL,NULL
1874592,114917,CTD,Tanshinone I,C021751,tanshinone,https://ctdbase.org/detail.go?type=chem&acc=C021751,3576,CXCL8,https://ctdbase.org/detail.go?type=gene&acc=3576,NULL,NULL,3576,CXCL8,9606,Homo sapiens (human),Tanshinone results in decreased expression of CXCL8 mRNA,NULL,NULL,PMID:15849732,https://www.ncbi.nlm.nih.gov/pubmed/15849732,15849732,NULL,NULL
1874593,114917,CTD,Tanshinone I,C021751,tanshinone,https://ctdbase.org/detail.go?type=chem&acc=C021751,1543,CYP1A1,https://ctdbase.org/detail.go?type=gene&acc=1543,NULL,NULL,1543,CYP1A1,9606,Homo sapiens (human),Tanshinone promotes the reaction [benzo(a)pyrene results in increased expression of CYP1A1 protein]|dactinomycin inhibits the reaction [tanshinone results in increased expression of CYP1A1 mrna]|tanshinone promotes the reaction [benzo(a)pyrene results in increased expression of CYP1A1 mrna]|resveratrol inhibits the reaction [tanshinone results in increased expression of CYP1A1 mrna]|tanshinone results in increased expression of CYP1A1 protein,NULL,NULL,PMID:21262253,https://www.ncbi.nlm.nih.gov/pubmed/21262253,21262253,NULL,NULL
1874594,114917,CTD,Tanshinone I,C021751,tanshinone,https://ctdbase.org/detail.go?type=chem&acc=C021751,1543,CYP1A1,https://ctdbase.org/detail.go?type=gene&acc=1543,NULL,NULL,1543,CYP1A1,9606,Homo sapiens (human),Tanshinone results in increased expression of CYP1A1 mRNA,NULL,NULL,PMID:15849732|PMID:16955220|PMID:21262253,https://www.ncbi.nlm.nih.gov/pubmed/15849732|https://www.ncbi.nlm.nih.gov/pubmed/16955220|https://www.ncbi.nlm.nih.gov/pubmed/21262253,15849732|16955220|21262253,NULL,NULL
1874595,114917,CTD,Tanshinone I,C021751,tanshinone,https://ctdbase.org/detail.go?type=chem&acc=C021751,1544,CYP1A2,https://ctdbase.org/detail.go?type=gene&acc=1544,NULL,NULL,1544,CYP1A2,9606,Homo sapiens (human),Dactinomycin inhibits the reaction [tanshinone results in increased expression of CYP1A2 mrna]|resveratrol inhibits the reaction [tanshinone results in increased expression of CYP1A2 mrna]|tanshinone promotes the reaction [benzo(a)pyrene results in increased expression of CYP1A2 protein]|tanshinone results in increased expression of CYP1A2 protein|tanshinone promotes the reaction [benzo(a)pyrene results in increased expression of CYP1A2 mrna]|tanshinone results in increased expression of CYP1A2 mRNA,NULL,NULL,PMID:21262253,https://www.ncbi.nlm.nih.gov/pubmed/21262253,21262253,NULL,NULL
1874596,114917,CTD,Tanshinone I,C021751,tanshinone,https://ctdbase.org/detail.go?type=chem&acc=C021751,1557,CYP2C19,https://ctdbase.org/detail.go?type=gene&acc=1557,NULL,NULL,1557,CYP2C19,9606,Homo sapiens (human),Tanshinone results in decreased activity of CYP2C19 protein,NULL,NULL,PMID:25686904,https://www.ncbi.nlm.nih.gov/pubmed/25686904,25686904,NULL,NULL
1874597,114917,CTD,Tanshinone I,C021751,tanshinone,https://ctdbase.org/detail.go?type=chem&acc=C021751,1558,CYP2C8,https://ctdbase.org/detail.go?type=gene&acc=1558,NULL,NULL,1558,CYP2C8,9606,Homo sapiens (human),Tanshinone results in decreased activity of CYP2C8 protein,NULL,NULL,PMID:29689254,https://www.ncbi.nlm.nih.gov/pubmed/29689254,29689254,NULL,NULL
1874598,114917,CTD,Tanshinone I,C021751,tanshinone,https://ctdbase.org/detail.go?type=chem&acc=C021751,1576,CYP3A4,https://ctdbase.org/detail.go?type=gene&acc=1576,NULL,NULL,1576,CYP3A4,9606,Homo sapiens (human),NR1I3 protein affects the reaction [tanshinone results in increased expression of CYP3A4 protein]|tanshinone results in increased expression of CYP3A4 protein|nr3c1 protein affects the reaction [tanshinone results in increased expression of CYP3A4 protein]|nr1i2 protein promotes the reaction [tanshinone results in increased expression of CYP3A4 protein],NULL,NULL,PMID:18805405,https://www.ncbi.nlm.nih.gov/pubmed/18805405,18805405,NULL,NULL
1874640,114917,CTD,Tanshinone I,C021751,tanshinone,https://ctdbase.org/detail.go?type=chem&acc=C021751,1633,DCK,https://ctdbase.org/detail.go?type=gene&acc=1633,NULL,NULL,1633,DCK,9606,Homo sapiens (human),Tanshinone results in increased expression of DCK mRNA,NULL,NULL,PMID:15849732,https://www.ncbi.nlm.nih.gov/pubmed/15849732,15849732,NULL,NULL
1874641,114917,CTD,Tanshinone I,C021751,tanshinone,https://ctdbase.org/detail.go?type=chem&acc=C021751,1649,DDIT3,https://ctdbase.org/detail.go?type=gene&acc=1649,NULL,NULL,1649,DDIT3,9606,Homo sapiens (human),Pyrazolanthrone inhibits the reaction [tanshinone results in increased expression of DDIT3 protein]|ddit3 mutant form inhibits the reaction [[TNFSF10 protein co-treated with tanshinone] results in increased cleavage of PARP1 protein]|[tnfsf10 protein co-treated with tanshinone] results in increased expression of DDIT3 protein|ddit3 mutant form inhibits the reaction [[TNFSF10 protein co-treated with tanshinone] results in increased expression of TNFRSF10B protein]|tanshinone results in increased expression of DDIT3 protein|tanshinone results in increased expression of DDIT3 mrna|acetylcysteine inhibits the reaction [tanshinone results in increased expression of DDIT3 protein],NULL,NULL,PMID:26203587,https://www.ncbi.nlm.nih.gov/pubmed/26203587,26203587,NULL,NULL
1874642,114917,CTD,Tanshinone I,C021751,tanshinone,https://ctdbase.org/detail.go?type=chem&acc=C021751,1843,DUSP1,https://ctdbase.org/detail.go?type=gene&acc=1843,NULL,NULL,1843,DUSP1,10090,Mus musculus (house mouse),Tanshinone analog inhibits the reaction [lipopolysaccharides results in decreased expression of DUSP1 protein],NULL,NULL,PMID:29906494,https://www.ncbi.nlm.nih.gov/pubmed/29906494,29906494,NULL,NULL
1874643,114917,CTD,Tanshinone I,C021751,tanshinone,https://ctdbase.org/detail.go?type=chem&acc=C021751,8446,DUSP11,https://ctdbase.org/detail.go?type=gene&acc=8446,NULL,NULL,8446,DUSP11,9606,Homo sapiens (human),Tanshinone results in increased expression of DUSP11 mRNA,NULL,NULL,PMID:15849732,https://www.ncbi.nlm.nih.gov/pubmed/15849732,15849732,NULL,NULL
1874644,114917,CTD,Tanshinone I,C021751,tanshinone,https://ctdbase.org/detail.go?type=chem&acc=C021751,1847,DUSP5,https://ctdbase.org/detail.go?type=gene&acc=1847,NULL,NULL,1847,DUSP5,9606,Homo sapiens (human),Tanshinone results in increased expression of DUSP5 mRNA,NULL,NULL,PMID:15849732,https://www.ncbi.nlm.nih.gov/pubmed/15849732,15849732,NULL,NULL
1874645,114917,CTD,Tanshinone I,C021751,tanshinone,https://ctdbase.org/detail.go?type=chem&acc=C021751,8798,DYRK4,https://ctdbase.org/detail.go?type=gene&acc=8798,NULL,NULL,8798,DYRK4,9606,Homo sapiens (human),Tanshinone results in decreased expression of DYRK4 mRNA,NULL,NULL,PMID:15849732,https://www.ncbi.nlm.nih.gov/pubmed/15849732,15849732,NULL,NULL
1874646,114917,CTD,Tanshinone I,C021751,tanshinone,https://ctdbase.org/detail.go?type=chem&acc=C021751,1906,EDN1,https://ctdbase.org/detail.go?type=gene&acc=1906,NULL,NULL,1906,EDN1,10116,Rattus norvegicus (Norway rat),Tanshinone inhibits the reaction [oxygen deficiency results in increased expression of EDN1 protein],NULL,NULL,PMID:28985491,https://www.ncbi.nlm.nih.gov/pubmed/28985491,28985491,NULL,NULL
1874647,114917,CTD,Tanshinone I,C021751,tanshinone,https://ctdbase.org/detail.go?type=chem&acc=C021751,1909,EDNRA,https://ctdbase.org/detail.go?type=gene&acc=1909,NULL,NULL,1909,EDNRA,10116,Rattus norvegicus (Norway rat),Tanshinone inhibits the reaction [oxygen deficiency results in increased expression of EDNRA protein],NULL,NULL,PMID:28985491,https://www.ncbi.nlm.nih.gov/pubmed/28985491,28985491,NULL,NULL
1874648,114917,CTD,Tanshinone I,C021751,tanshinone,https://ctdbase.org/detail.go?type=chem&acc=C021751,1910,EDNRB,https://ctdbase.org/detail.go?type=gene&acc=1910,NULL,NULL,1910,EDNRB,10116,Rattus norvegicus (Norway rat),Tanshinone inhibits the reaction [oxygen deficiency results in decreased expression of EDNRB protein],NULL,NULL,PMID:28985491,https://www.ncbi.nlm.nih.gov/pubmed/28985491,28985491,NULL,NULL
1874649,114917,CTD,Tanshinone I,C021751,tanshinone,https://ctdbase.org/detail.go?type=chem&acc=C021751,2002,ELK1,https://ctdbase.org/detail.go?type=gene&acc=2002,NULL,NULL,2002,ELK1,9606,Homo sapiens (human),Tanshinone results in decreased expression of ELK1 mrna|elk1 mRNA results in decreased susceptibility to tanshinone,NULL,NULL,PMID:30506648,https://www.ncbi.nlm.nih.gov/pubmed/30506648,30506648,NULL,NULL
1874690,114917,CTD,Tanshinone I,C021751,tanshinone,https://ctdbase.org/detail.go?type=chem&acc=C021751,8507,ENC1,https://ctdbase.org/detail.go?type=gene&acc=8507,NULL,NULL,8507,ENC1,9606,Homo sapiens (human),Tanshinone results in increased expression of ENC1 mRNA,NULL,NULL,PMID:15849732,https://www.ncbi.nlm.nih.gov/pubmed/15849732,15849732,NULL,NULL
1874691,114917,CTD,Tanshinone I,C021751,tanshinone,https://ctdbase.org/detail.go?type=chem&acc=C021751,2067,ERCC1,https://ctdbase.org/detail.go?type=gene&acc=2067,NULL,NULL,2067,ERCC1,9606,Homo sapiens (human),SB 203580 inhibits the reaction [tanshinone results in decreased expression of ERCC1 mrna]|tanshinone results in decreased expression of ERCC1 mRNA,NULL,NULL,PMID:21165580,https://www.ncbi.nlm.nih.gov/pubmed/21165580,21165580,NULL,NULL
1874692,114917,CTD,Tanshinone I,C021751,tanshinone,https://ctdbase.org/detail.go?type=chem&acc=C021751,2114,ETS2,https://ctdbase.org/detail.go?type=gene&acc=2114,NULL,NULL,2114,ETS2,9606,Homo sapiens (human),Tanshinone results in decreased expression of ETS2 mRNA,NULL,NULL,PMID:15849732,https://www.ncbi.nlm.nih.gov/pubmed/15849732,15849732,NULL,NULL
1874693,114917,CTD,Tanshinone I,C021751,tanshinone,https://ctdbase.org/detail.go?type=chem&acc=C021751,2150,F2RL1,https://ctdbase.org/detail.go?type=gene&acc=2150,NULL,NULL,2150,F2RL1,9606,Homo sapiens (human),Tanshinone results in increased expression of F2RL1 mRNA,NULL,NULL,PMID:15849732,https://www.ncbi.nlm.nih.gov/pubmed/15849732,15849732,NULL,NULL
1874694,114917,CTD,Tanshinone I,C021751,tanshinone,https://ctdbase.org/detail.go?type=chem&acc=C021751,80308,FLAD1,https://ctdbase.org/detail.go?type=gene&acc=80308,NULL,NULL,80308,FLAD1,9606,Homo sapiens (human),Tanshinone results in increased expression of FLAD1 mRNA,NULL,NULL,PMID:15849732,https://www.ncbi.nlm.nih.gov/pubmed/15849732,15849732,NULL,NULL
1874695,114917,CTD,Tanshinone I,C021751,tanshinone,https://ctdbase.org/detail.go?type=chem&acc=C021751,2335,FN1,https://ctdbase.org/detail.go?type=gene&acc=2335,NULL,NULL,2335,FN1,9606,Homo sapiens (human),NFE2L2 protein promotes the reaction [tanshinone inhibits the reaction [silicon dioxide results in increased expression of FN1 protein]]|tanshinone inhibits the reaction [silicon dioxide results in increased expression of FN1 protein],NULL,NULL,PMID:32097614,https://www.ncbi.nlm.nih.gov/pubmed/32097614,32097614,NULL,NULL
1874696,114917,CTD,Tanshinone I,C021751,tanshinone,https://ctdbase.org/detail.go?type=chem&acc=C021751,2353,FOS,https://ctdbase.org/detail.go?type=gene&acc=2353,NULL,NULL,2353,FOS,9606,Homo sapiens (human),Tanshinone results in increased expression of FOS protein,NULL,NULL,PMID:16009009,https://www.ncbi.nlm.nih.gov/pubmed/16009009,16009009,NULL,NULL
1874697,114917,CTD,Tanshinone I,C021751,tanshinone,https://ctdbase.org/detail.go?type=chem&acc=C021751,2629,GBA1,https://ctdbase.org/detail.go?type=gene&acc=2629,NULL,NULL,2629,GBA1,9606,Homo sapiens (human),Tanshinone results in increased expression of GBA1 mRNA,NULL,NULL,PMID:15849732,https://www.ncbi.nlm.nih.gov/pubmed/15849732,15849732,NULL,NULL
1874698,114917,CTD,Tanshinone I,C021751,tanshinone,https://ctdbase.org/detail.go?type=chem&acc=C021751,2670,GFAP,https://ctdbase.org/detail.go?type=gene&acc=2670,NULL,NULL,2670,GFAP,9606,Homo sapiens (human),Tanshinone results in increased expression of GFAP protein|tanshinone results in increased expression of GFAP mRNA,NULL,NULL,PMID:16955220,https://www.ncbi.nlm.nih.gov/pubmed/16955220,16955220,NULL,NULL
1874699,114917,CTD,Tanshinone I,C021751,tanshinone,https://ctdbase.org/detail.go?type=chem&acc=C021751,2886,GRB7,https://ctdbase.org/detail.go?type=gene&acc=2886,NULL,NULL,2886,GRB7,9606,Homo sapiens (human),Tanshinone results in increased expression of GRB7 mRNA,NULL,NULL,PMID:15849732,https://www.ncbi.nlm.nih.gov/pubmed/15849732,15849732,NULL,NULL
1874700,114917,CTD,Tanshinone I,C021751,tanshinone,https://ctdbase.org/detail.go?type=chem&acc=C021751,2932,GSK3B,https://ctdbase.org/detail.go?type=gene&acc=2932,NULL,NULL,2932,GSK3B,10090,Mus musculus (house mouse),Tanshinone results in decreased expression of GSK3B mRNA,NULL,NULL,PMID:25186638,https://www.ncbi.nlm.nih.gov/pubmed/25186638,25186638,NULL,NULL
1874742,114917,CTD,Tanshinone I,C021751,tanshinone,https://ctdbase.org/detail.go?type=chem&acc=C021751,2950,GSTP1,https://ctdbase.org/detail.go?type=gene&acc=2950,NULL,NULL,2950,GSTP1,9606,Homo sapiens (human),Tanshinone results in decreased expression of GSTP1 mRNA,NULL,NULL,PMID:21165580,https://www.ncbi.nlm.nih.gov/pubmed/21165580,21165580,NULL,NULL
1874743,114917,CTD,Tanshinone I,C021751,tanshinone,https://ctdbase.org/detail.go?type=chem&acc=C021751,50708,H1F2,https://ctdbase.org/detail.go?type=gene&acc=50708,NULL,NULL,50708,H1f2,10090,Mus musculus (house mouse),[tanshinone co-treated with tetraarsenic tetrasulfide] promotes the reaction [indirubin results in decreased phosphorylation of H1F2 protein]|tanshinone promotes the reaction [indirubin results in decreased phosphorylation of H1F2 protein],NULL,NULL,PMID:18344322,https://www.ncbi.nlm.nih.gov/pubmed/18344322,18344322,NULL,NULL
1874744,114917,CTD,Tanshinone I,C021751,tanshinone,https://ctdbase.org/detail.go?type=chem&acc=C021751,3065,HDAC1,https://ctdbase.org/detail.go?type=gene&acc=3065,NULL,NULL,3065,HDAC1,10090,Mus musculus (house mouse),Indirubin promotes the reaction [[tetraarsenic tetrasulfide co-treated with tanshinone] inhibits the reaction [RARB protein binds to HDAC1 protein]]|tetraarsenic tetrasulfide promotes the reaction [[tanshinone co-treated with indirubin] inhibits the reaction [RARB protein binds to HDAC1 protein]]|[tetraarsenic tetrasulfide co-treated with tanshinone] inhibits the reaction [RARB protein binds to HDAC1 protein]|[tanshinone co-treated with indirubin] inhibits the reaction [RARB protein binds to HDAC1 protein],NULL,NULL,PMID:18344322,https://www.ncbi.nlm.nih.gov/pubmed/18344322,18344322,NULL,NULL
1874745,114917,CTD,Tanshinone I,C021751,tanshinone,https://ctdbase.org/detail.go?type=chem&acc=C021751,8841,HDAC3,https://ctdbase.org/detail.go?type=gene&acc=8841,NULL,NULL,8841,HDAC3,9606,Homo sapiens (human),Tanshinone results in increased expression of HDAC3 mRNA,NULL,NULL,PMID:15849732,https://www.ncbi.nlm.nih.gov/pubmed/15849732,15849732,NULL,NULL
1874746,114917,CTD,Tanshinone I,C021751,tanshinone,https://ctdbase.org/detail.go?type=chem&acc=C021751,3162,HMOX1,https://ctdbase.org/detail.go?type=gene&acc=3162,NULL,NULL,3162,HMOX1,9606,Homo sapiens (human),Tanshinone promotes the reaction [silicon dioxide results in increased expression of HMOX1 protein],NULL,NULL,PMID:32097614,https://www.ncbi.nlm.nih.gov/pubmed/32097614,32097614,NULL,NULL
1874747,114917,CTD,Tanshinone I,C021751,tanshinone,https://ctdbase.org/detail.go?type=chem&acc=C021751,3162,HMOX1,https://ctdbase.org/detail.go?type=gene&acc=3162,NULL,NULL,3162,HMOX1,10116,Rattus norvegicus (Norway rat),Tanshinone results in increased expression of HMOX1 protein,NULL,NULL,PMID:19356721,https://www.ncbi.nlm.nih.gov/pubmed/19356721,19356721,NULL,NULL
1874748,114917,CTD,Tanshinone I,C021751,tanshinone,https://ctdbase.org/detail.go?type=chem&acc=C021751,3398,ID2,https://ctdbase.org/detail.go?type=gene&acc=3398,NULL,NULL,3398,ID2,9606,Homo sapiens (human),Tanshinone results in increased expression of ID2 mRNA,NULL,NULL,PMID:15849732,https://www.ncbi.nlm.nih.gov/pubmed/15849732,15849732,NULL,NULL
1874749,114917,CTD,Tanshinone I,C021751,tanshinone,https://ctdbase.org/detail.go?type=chem&acc=C021751,3553,IL1B,https://ctdbase.org/detail.go?type=gene&acc=3553,NULL,NULL,3553,IL1B,10090,Mus musculus (house mouse),Tanshinone inhibits the reaction [IL1B protein results in increased expression of MMP1 mrna],NULL,NULL,PMID:30098273,https://www.ncbi.nlm.nih.gov/pubmed/30098273,30098273,NULL,NULL
1874750,114917,CTD,Tanshinone I,C021751,tanshinone,https://ctdbase.org/detail.go?type=chem&acc=C021751,3569,IL6,https://ctdbase.org/detail.go?type=gene&acc=3569,NULL,NULL,3569,IL6,9606,Homo sapiens (human),Tanshinone analog inhibits the reaction [lipopolysaccharides results in increased expression of IL6 mrna]|tanshinone analog inhibits the reaction [lipopolysaccharides results in increased expression of IL6 protein],NULL,NULL,PMID:29906494,https://www.ncbi.nlm.nih.gov/pubmed/29906494,29906494,NULL,NULL
1874751,114917,CTD,Tanshinone I,C021751,tanshinone,https://ctdbase.org/detail.go?type=chem&acc=C021751,3636,INPPL1,https://ctdbase.org/detail.go?type=gene&acc=3636,NULL,NULL,3636,INPPL1,9606,Homo sapiens (human),Tanshinone results in increased expression of INPPL1 mRNA,NULL,NULL,PMID:15849732,https://www.ncbi.nlm.nih.gov/pubmed/15849732,15849732,NULL,NULL
1874793,114917,CTD,Tanshinone I,C021751,tanshinone,https://ctdbase.org/detail.go?type=chem&acc=C021751,3669,ISG20,https://ctdbase.org/detail.go?type=gene&acc=3669,NULL,NULL,3669,ISG20,9606,Homo sapiens (human),Tanshinone results in increased expression of ISG20 mRNA,NULL,NULL,PMID:15849732,https://www.ncbi.nlm.nih.gov/pubmed/15849732,15849732,NULL,NULL
1874794,114917,CTD,Tanshinone I,C021751,tanshinone,https://ctdbase.org/detail.go?type=chem&acc=C021751,3655,ITGA6,https://ctdbase.org/detail.go?type=gene&acc=3655,NULL,NULL,3655,ITGA6,9606,Homo sapiens (human),Tanshinone results in decreased expression of ITGA6 mRNA,NULL,NULL,PMID:15849732,https://www.ncbi.nlm.nih.gov/pubmed/15849732,15849732,NULL,NULL
1874795,114917,CTD,Tanshinone I,C021751,tanshinone,https://ctdbase.org/detail.go?type=chem&acc=C021751,3684,ITGAM,https://ctdbase.org/detail.go?type=gene&acc=3684,NULL,NULL,3684,ITGAM,9606,Homo sapiens (human),Tanshinone results in increased expression of ITGAM protein,NULL,NULL,PMID:16009009,https://www.ncbi.nlm.nih.gov/pubmed/16009009,16009009,NULL,NULL
1874796,114917,CTD,Tanshinone I,C021751,tanshinone,https://ctdbase.org/detail.go?type=chem&acc=C021751,9817,KEAP1,https://ctdbase.org/detail.go?type=gene&acc=9817,NULL,NULL,9817,KEAP1,9606,Homo sapiens (human),Tanshinone promotes the reaction [silicon dioxide results in decreased expression of KEAP1 protein],NULL,NULL,PMID:32097614,https://www.ncbi.nlm.nih.gov/pubmed/32097614,32097614,NULL,NULL
1874797,114917,CTD,Tanshinone I,C021751,tanshinone,https://ctdbase.org/detail.go?type=chem&acc=C021751,3845,KRAS,https://ctdbase.org/detail.go?type=gene&acc=3845,NULL,NULL,3845,KRAS,9606,Homo sapiens (human),KRAS mRNA results in decreased susceptibility to tanshinone|tanshinone results in decreased expression of KRAS mrna|tanshinone results in decreased expression of KRAS protein,NULL,NULL,PMID:30506648,https://www.ncbi.nlm.nih.gov/pubmed/30506648,30506648,NULL,NULL
1874798,114917,CTD,Tanshinone I,C021751,tanshinone,https://ctdbase.org/detail.go?type=chem&acc=C021751,4035,LRP1,https://ctdbase.org/detail.go?type=gene&acc=4035,NULL,NULL,4035,LRP1,9606,Homo sapiens (human),Tanshinone results in decreased expression of LRP1 mrna|sb 203580 inhibits the reaction [tanshinone results in decreased expression of LRP1 mrna]|tanshinone inhibits the reaction [cisplatin results in increased expression of LRP1 mrna],NULL,NULL,PMID:21165580,https://www.ncbi.nlm.nih.gov/pubmed/21165580,21165580,NULL,NULL
1874799,114917,CTD,Tanshinone I,C021751,tanshinone,https://ctdbase.org/detail.go?type=chem&acc=C021751,4041,LRP5,https://ctdbase.org/detail.go?type=gene&acc=4041,NULL,NULL,4041,LRP5,9606,Homo sapiens (human),Tanshinone results in decreased expression of LRP5 mRNA,NULL,NULL,PMID:15849732,https://www.ncbi.nlm.nih.gov/pubmed/15849732,15849732,NULL,NULL
1874800,114917,CTD,Tanshinone I,C021751,tanshinone,https://ctdbase.org/detail.go?type=chem&acc=C021751,7804,LRP8,https://ctdbase.org/detail.go?type=gene&acc=7804,NULL,NULL,7804,LRP8,9606,Homo sapiens (human),Tanshinone results in decreased expression of LRP8 mRNA,NULL,NULL,PMID:15849732,https://www.ncbi.nlm.nih.gov/pubmed/15849732,15849732,NULL,NULL
1874801,114917,CTD,Tanshinone I,C021751,tanshinone,https://ctdbase.org/detail.go?type=chem&acc=C021751,4129,MAOB,https://ctdbase.org/detail.go?type=gene&acc=4129,NULL,NULL,4129,MAOB,9606,Homo sapiens (human),Tanshinone results in increased expression of MAOB mRNA,NULL,NULL,PMID:15849732,https://www.ncbi.nlm.nih.gov/pubmed/15849732,15849732,NULL,NULL
1874802,114917,CTD,Tanshinone I,C021751,tanshinone,https://ctdbase.org/detail.go?type=chem&acc=C021751,4214,MAP3K1,https://ctdbase.org/detail.go?type=gene&acc=4214,NULL,NULL,4214,MAP3K1,9606,Homo sapiens (human),Tanshinone results in decreased expression of MAP3K1 mRNA,NULL,NULL,PMID:15849732,https://www.ncbi.nlm.nih.gov/pubmed/15849732,15849732,NULL,NULL
1874803,114917,CTD,Tanshinone I,C021751,tanshinone,https://ctdbase.org/detail.go?type=chem&acc=C021751,5599,MAPK8,https://ctdbase.org/detail.go?type=gene&acc=5599,NULL,NULL,5599,MAPK8,10090,Mus musculus (house mouse),Tanshinone analog inhibits the reaction [lipopolysaccharides results in increased phosphorylation of MAPK8 protein],NULL,NULL,PMID:29906494,https://www.ncbi.nlm.nih.gov/pubmed/29906494,29906494,NULL,NULL
1874804,114917,CTD,Tanshinone I,C021751,tanshinone,https://ctdbase.org/detail.go?type=chem&acc=C021751,5601,MAPK9,https://ctdbase.org/detail.go?type=gene&acc=5601,NULL,NULL,5601,MAPK9,10090,Mus musculus (house mouse),Tanshinone analog inhibits the reaction [lipopolysaccharides results in increased phosphorylation of MAPK9 protein],NULL,NULL,PMID:29906494,https://www.ncbi.nlm.nih.gov/pubmed/29906494,29906494,NULL,NULL
1874805,114917,CTD,Tanshinone I,C021751,tanshinone,https://ctdbase.org/detail.go?type=chem&acc=C021751,4285,MIPEP,https://ctdbase.org/detail.go?type=gene&acc=4285,NULL,NULL,4285,MIPEP,9606,Homo sapiens (human),Tanshinone results in decreased expression of MIPEP mRNA,NULL,NULL,PMID:15849732,https://www.ncbi.nlm.nih.gov/pubmed/15849732,15849732,NULL,NULL
1874806,114917,CTD,Tanshinone I,C021751,tanshinone,https://ctdbase.org/detail.go?type=chem&acc=C021751,4312,MMP1,https://ctdbase.org/detail.go?type=gene&acc=4312,NULL,NULL,4312,MMP1,10090,Mus musculus (house mouse),Tanshinone inhibits the reaction [IL1B protein results in increased expression of MMP1 mrna],NULL,NULL,PMID:30098273,https://www.ncbi.nlm.nih.gov/pubmed/30098273,30098273,NULL,NULL
1874807,114917,CTD,Tanshinone I,C021751,tanshinone,https://ctdbase.org/detail.go?type=chem&acc=C021751,4313,MMP2,https://ctdbase.org/detail.go?type=gene&acc=4313,NULL,NULL,4313,MMP2,9606,Homo sapiens (human),WAY-262611 affects the reaction [[doxorubicin co-treated with tanshinone] affects the expression of MMP2 protein]|[doxorubicin co-treated with tanshinone] affects the expression of MMP2 protein,NULL,NULL,PMID:32886829,https://www.ncbi.nlm.nih.gov/pubmed/32886829,32886829,NULL,NULL
1874808,114917,CTD,Tanshinone I,C021751,tanshinone,https://ctdbase.org/detail.go?type=chem&acc=C021751,4316,MMP7,https://ctdbase.org/detail.go?type=gene&acc=4316,NULL,NULL,4316,MMP7,9606,Homo sapiens (human),Tanshinone results in decreased expression of MMP7 mRNA,NULL,NULL,PMID:15849732,https://www.ncbi.nlm.nih.gov/pubmed/15849732,15849732,NULL,NULL
1874809,114917,CTD,Tanshinone I,C021751,tanshinone,https://ctdbase.org/detail.go?type=chem&acc=C021751,4318,MMP9,https://ctdbase.org/detail.go?type=gene&acc=4318,NULL,NULL,4318,MMP9,9606,Homo sapiens (human),WAY-262611 affects the reaction [[doxorubicin co-treated with tanshinone] affects the expression of MMP9 protein]|[doxorubicin co-treated with tanshinone] affects the expression of MMP9 protein,NULL,NULL,PMID:32886829,https://www.ncbi.nlm.nih.gov/pubmed/32886829,32886829,NULL,NULL
1874810,114917,CTD,Tanshinone I,C021751,tanshinone,https://ctdbase.org/detail.go?type=chem&acc=C021751,4318,MMP9,https://ctdbase.org/detail.go?type=gene&acc=4318,NULL,NULL,4318,MMP9,9606,Homo sapiens (human),Tanshinone inhibits the reaction [norepinephrine results in increased expression of MMP9 mrna],NULL,NULL,PMID:24929186,https://www.ncbi.nlm.nih.gov/pubmed/24929186,24929186,NULL,NULL
1874811,114917,CTD,Tanshinone I,C021751,tanshinone,https://ctdbase.org/detail.go?type=chem&acc=C021751,4481,MSR1,https://ctdbase.org/detail.go?type=gene&acc=4481,NULL,NULL,4481,MSR1,10090,Mus musculus (house mouse),Tanshinone results in decreased expression of MSR1 mRNA,NULL,NULL,PMID:20854809,https://www.ncbi.nlm.nih.gov/pubmed/20854809,20854809,NULL,NULL
1874812,114917,CTD,Tanshinone I,C021751,tanshinone,https://ctdbase.org/detail.go?type=chem&acc=C021751,4605,MYBL2,https://ctdbase.org/detail.go?type=gene&acc=4605,NULL,NULL,4605,MYBL2,9606,Homo sapiens (human),Tanshinone results in increased expression of MYBL2 mRNA,NULL,NULL,PMID:15849732,https://www.ncbi.nlm.nih.gov/pubmed/15849732,15849732,NULL,NULL
1874813,114917,CTD,Tanshinone I,C021751,tanshinone,https://ctdbase.org/detail.go?type=chem&acc=C021751,4609,MYC,https://ctdbase.org/detail.go?type=gene&acc=4609,NULL,NULL,4609,MYC,9606,Homo sapiens (human),[doxorubicin co-treated with tanshinone] affects the expression of MYC protein|way-262611 affects the reaction [[doxorubicin co-treated with tanshinone] affects the expression of MYC protein],NULL,NULL,PMID:32886829,https://www.ncbi.nlm.nih.gov/pubmed/32886829,32886829,NULL,NULL
1874814,114917,CTD,Tanshinone I,C021751,tanshinone,https://ctdbase.org/detail.go?type=chem&acc=C021751,4609,MYC,https://ctdbase.org/detail.go?type=gene&acc=4609,NULL,NULL,4609,MYC,9606,Homo sapiens (human),Tanshinone results in decreased expression of MYC protein,NULL,NULL,PMID:16009009|PMID:21699893,https://www.ncbi.nlm.nih.gov/pubmed/16009009|https://www.ncbi.nlm.nih.gov/pubmed/21699893,16009009|21699893,NULL,NULL
1874868,114917,CTD,Tanshinone I,C021751,tanshinone,https://ctdbase.org/detail.go?type=chem&acc=C021751,4609,MYC,https://ctdbase.org/detail.go?type=gene&acc=4609,NULL,NULL,4609,MYC,10090,Mus musculus (house mouse),Tanshinone results in decreased expression of MYC mrna|[indirubin co-treated with tetraarsenic tetrasulfide] promotes the reaction [tanshinone results in decreased expression of MYC protein]|[indirubin co-treated with tetraarsenic tetrasulfide] promotes the reaction [tanshinone results in decreased expression of MYC mrna]|[indirubin co-treated with tanshinone] promotes the reaction [tetraarsenic tetrasulfide results in decreased expression of MYC protein]|[indirubin co-treated with tanshinone] promotes the reaction [tetraarsenic tetrasulfide results in decreased expression of MYC mrna]|tanshinone results in decreased expression of MYC protein,NULL,NULL,PMID:18344322,https://www.ncbi.nlm.nih.gov/pubmed/18344322,18344322,NULL,NULL
1874869,114917,CTD,Tanshinone I,C021751,tanshinone,https://ctdbase.org/detail.go?type=chem&acc=C021751,4632,MYL1,https://ctdbase.org/detail.go?type=gene&acc=4632,NULL,NULL,4632,MYL1,9606,Homo sapiens (human),Tanshinone results in increased expression of MYL1 mRNA,NULL,NULL,PMID:15849732,https://www.ncbi.nlm.nih.gov/pubmed/15849732,15849732,NULL,NULL
1874870,114917,CTD,Tanshinone I,C021751,tanshinone,https://ctdbase.org/detail.go?type=chem&acc=C021751,8260,NAA10,https://ctdbase.org/detail.go?type=gene&acc=8260,NULL,NULL,8260,NAA10,9606,Homo sapiens (human),Tanshinone results in increased expression of NAA10 mRNA,NULL,NULL,PMID:15849732,https://www.ncbi.nlm.nih.gov/pubmed/15849732,15849732,NULL,NULL
1874871,114917,CTD,Tanshinone I,C021751,tanshinone,https://ctdbase.org/detail.go?type=chem&acc=C021751,79923,NANOG,https://ctdbase.org/detail.go?type=gene&acc=79923,NULL,NULL,79923,NANOG,10090,Mus musculus (house mouse),Tanshinone results in increased expression of NANOG mRNA,NULL,NULL,PMID:25186638,https://www.ncbi.nlm.nih.gov/pubmed/25186638,25186638,NULL,NULL
1874872,114917,CTD,Tanshinone I,C021751,tanshinone,https://ctdbase.org/detail.go?type=chem&acc=C021751,79923,NANOG,https://ctdbase.org/detail.go?type=gene&acc=79923,NULL,NULL,79923,NANOG,10116,Rattus norvegicus (Norway rat),Tanshinone inhibits the reaction [estrogens deficiency results in decreased expression of NANOG protein],NULL,NULL,PMID:31108107,https://www.ncbi.nlm.nih.gov/pubmed/31108107,31108107,NULL,NULL
1874873,114917,CTD,Tanshinone I,C021751,tanshinone,https://ctdbase.org/detail.go?type=chem&acc=C021751,4708,NDUFB2,https://ctdbase.org/detail.go?type=gene&acc=4708,NULL,NULL,4708,NDUFB2,9606,Homo sapiens (human),Tanshinone results in increased expression of NDUFB2 mRNA,NULL,NULL,PMID:15849732,https://www.ncbi.nlm.nih.gov/pubmed/15849732,15849732,NULL,NULL
1874874,114917,CTD,Tanshinone I,C021751,tanshinone,https://ctdbase.org/detail.go?type=chem&acc=C021751,4723,NDUFV1,https://ctdbase.org/detail.go?type=gene&acc=4723,NULL,NULL,4723,NDUFV1,9606,Homo sapiens (human),Tanshinone results in increased expression of NDUFV1 mRNA,NULL,NULL,PMID:15849732,https://www.ncbi.nlm.nih.gov/pubmed/15849732,15849732,NULL,NULL
1874875,114917,CTD,Tanshinone I,C021751,tanshinone,https://ctdbase.org/detail.go?type=chem&acc=C021751,10763,NES,https://ctdbase.org/detail.go?type=gene&acc=10763,NULL,NULL,10763,NES,9606,Homo sapiens (human),Tanshinone results in decreased expression of NES protein|tanshinone results in decreased expression of NES mRNA,NULL,NULL,PMID:16955220,https://www.ncbi.nlm.nih.gov/pubmed/16955220,16955220,NULL,NULL
1874876,114917,CTD,Tanshinone I,C021751,tanshinone,https://ctdbase.org/detail.go?type=chem&acc=C021751,84106,PRAM1,https://ctdbase.org/detail.go?type=gene&acc=84106,NULL,NULL,84106,PRAM1,10090,Mus musculus (house mouse),[tetraarsenic tetrasulfide co-treated with indirubin co-treated with tanshinone] results in increased ubiquitination of and results in increased degradation of PRAM1 protein,NULL,NULL,PMID:18344322,https://www.ncbi.nlm.nih.gov/pubmed/18344322,18344322,NULL,NULL
1874877,114917,CTD,Tanshinone I,C021751,tanshinone,https://ctdbase.org/detail.go?type=chem&acc=C021751,24148,PRPF6,https://ctdbase.org/detail.go?type=gene&acc=24148,NULL,NULL,24148,PRPF6,9606,Homo sapiens (human),Tanshinone results in decreased expression of PRPF6 mRNA,NULL,NULL,PMID:15849732,https://www.ncbi.nlm.nih.gov/pubmed/15849732,15849732,NULL,NULL
1874914,114917,CTD,Tanshinone I,C021751,tanshinone,https://ctdbase.org/detail.go?type=chem&acc=C021751,5693,PSMB5,https://ctdbase.org/detail.go?type=gene&acc=5693,NULL,NULL,5693,PSMB5,9606,Homo sapiens (human),Tanshinone results in increased expression of PSMB5 mRNA,NULL,NULL,PMID:15849732,https://www.ncbi.nlm.nih.gov/pubmed/15849732,15849732,NULL,NULL
1874915,114917,CTD,Tanshinone I,C021751,tanshinone,https://ctdbase.org/detail.go?type=chem&acc=C021751,5708,PSMD2,https://ctdbase.org/detail.go?type=gene&acc=5708,NULL,NULL,5708,PSMD2,9606,Homo sapiens (human),Tanshinone results in increased expression of PSMD2 mRNA,NULL,NULL,PMID:15849732,https://www.ncbi.nlm.nih.gov/pubmed/15849732,15849732,NULL,NULL
1874916,114917,CTD,Tanshinone I,C021751,tanshinone,https://ctdbase.org/detail.go?type=chem&acc=C021751,4780,NFE2L2,https://ctdbase.org/detail.go?type=gene&acc=4780,NULL,NULL,4780,NFE2L2,9606,Homo sapiens (human),NFE2L2 protein promotes the reaction [tanshinone inhibits the reaction [silicon dioxide results in increased expression of VIM protein]]|nfe2l2 protein promotes the reaction [tanshinone inhibits the reaction [silicon dioxide results in decreased expression of CDH1 protein]]|tanshinone promotes the reaction [silicon dioxide results in increased expression of NFE2L2 protein]|nfe2l2 protein promotes the reaction [tanshinone inhibits the reaction [silicon dioxide results in increased expression of FN1 protein]]|nfe2l2 protein promotes the reaction [tanshinone inhibits the reaction [silicon dioxide results in decreased expression of SMAD7 protein]]|nfe2l2 protein promotes the reaction [tanshinone inhibits the reaction [silicon dioxide results in increased expression of ACTA2 protein]]|nfe2l2 protein promotes the reaction [tanshinone inhibits the reaction [silicon dioxide results in increased phosphorylation of SMAD3 protein]]|nfe2l2 protein promotes the reaction [tanshinone inhibits the reaction [silicon dioxide results in increased expression of TGFB1 protein]],NULL,NULL,PMID:32097614,https://www.ncbi.nlm.nih.gov/pubmed/32097614,32097614,NULL,NULL
1874917,114917,CTD,Tanshinone I,C021751,tanshinone,https://ctdbase.org/detail.go?type=chem&acc=C021751,9159,PCSK7,https://ctdbase.org/detail.go?type=gene&acc=9159,NULL,NULL,9159,PCSK7,9606,Homo sapiens (human),Tanshinone results in increased expression of PCSK7 mRNA,NULL,NULL,PMID:15849732,https://www.ncbi.nlm.nih.gov/pubmed/15849732,15849732,NULL,NULL
1874918,114917,CTD,Tanshinone I,C021751,tanshinone,https://ctdbase.org/detail.go?type=chem&acc=C021751,26227,PHGDH,https://ctdbase.org/detail.go?type=gene&acc=26227,NULL,NULL,26227,PHGDH,10116,Rattus norvegicus (Norway rat),Tanshinone inhibits the reaction [estrogens deficiency results in increased methylation of PHGDH promoter]|tanshinone results in increased expression of PHGDH mRNA,NULL,NULL,PMID:31108107,https://www.ncbi.nlm.nih.gov/pubmed/31108107,31108107,NULL,NULL
1874919,114917,CTD,Tanshinone I,C021751,tanshinone,https://ctdbase.org/detail.go?type=chem&acc=C021751,4780,NFE2L2,https://ctdbase.org/detail.go?type=gene&acc=4780,NULL,NULL,4780,NFE2L2,9606,Homo sapiens (human),[tanshinone co-treated with acetaminophen] results in increased expression of NFE2L2 mrna|[tanshinone co-treated with acetaminophen] results in increased expression of NFE2L2 protein|nfe2l2 gene mutant form inhibits the reaction [[tanshinone co-treated with acetaminophen] results in increased expression of ABCC4 mrna]|tanshinone promotes the reaction [acetaminophen results in increased expression of NFE2L2 mrna]|nfe2l2 gene mutant form inhibits the reaction [[tanshinone co-treated with acetaminophen] results in increased expression of ABCC4 protein]|nfe2l2 gene mutant form inhibits the reaction [[tanshinone co-treated with acetaminophen] results in increased expression of ABCC2 mrna]|nfe2l2 gene mutant form inhibits the reaction [[tanshinone co-treated with acetaminophen] results in increased expression of ABCC2 protein],NULL,NULL,PMID:35243748,https://www.ncbi.nlm.nih.gov/pubmed/35243748,35243748,NULL,NULL
1874920,114917,CTD,Tanshinone I,C021751,tanshinone,https://ctdbase.org/detail.go?type=chem&acc=C021751,4780,NFE2L2,https://ctdbase.org/detail.go?type=gene&acc=4780,NULL,NULL,4780,NFE2L2,10090,Mus musculus (house mouse),NFE2L2 gene mutant form inhibits the reaction [[tanshinone co-treated with acetaminophen] results in increased expression of NFE2L2 mrna]|nfe2l2 gene mutant form inhibits the reaction [[tanshinone co-treated with acetaminophen] results in increased expression of NFE2L2 protein],NULL,NULL,PMID:35243748,https://www.ncbi.nlm.nih.gov/pubmed/35243748,35243748|35243748,NULL,NULL
1874921,114917,CTD,Tanshinone I,C021751,tanshinone,https://ctdbase.org/detail.go?type=chem&acc=C021751,4792,NFKBIA,https://ctdbase.org/detail.go?type=gene&acc=4792,NULL,NULL,4792,NFKBIA,9606,Homo sapiens (human),Tanshinone inhibits the reaction [TNF protein results in decreased expression of NFKBIA protein],NULL,NULL,PMID:30268796,https://www.ncbi.nlm.nih.gov/pubmed/30268796,30268796,NULL,NULL
1874965,114917,CTD,Tanshinone I,C021751,tanshinone,https://ctdbase.org/detail.go?type=chem&acc=C021751,4792,NFKBIA,https://ctdbase.org/detail.go?type=gene&acc=4792,NULL,NULL,4792,NFKBIA,10090,Mus musculus (house mouse),Tanshinone analog inhibits the reaction [lipopolysaccharides results in increased phosphorylation of NFKBIA protein],NULL,NULL,PMID:29906494,https://www.ncbi.nlm.nih.gov/pubmed/29906494,29906494,NULL,NULL
1874966,114917,CTD,Tanshinone I,C021751,tanshinone,https://ctdbase.org/detail.go?type=chem&acc=C021751,4843,NOS2,https://ctdbase.org/detail.go?type=gene&acc=4843,NULL,NULL,4843,NOS2,10090,Mus musculus (house mouse),Tanshinone analog inhibits the reaction [lipopolysaccharides results in increased expression of NOS2 protein],NULL,NULL,PMID:29906494,https://www.ncbi.nlm.nih.gov/pubmed/29906494,29906494,NULL,NULL
1874967,114917,CTD,Tanshinone I,C021751,tanshinone,https://ctdbase.org/detail.go?type=chem&acc=C021751,4843,NOS2,https://ctdbase.org/detail.go?type=gene&acc=4843,NULL,NULL,4843,NOS2,10090,Mus musculus (house mouse),Tanshinone inhibits the reaction [humic substances results in increased expression of NOS2 protein],NULL,NULL,PMID:24239652,https://www.ncbi.nlm.nih.gov/pubmed/24239652,24239652,NULL,NULL
1874968,114917,CTD,Tanshinone I,C021751,tanshinone,https://ctdbase.org/detail.go?type=chem&acc=C021751,4843,NOS2,https://ctdbase.org/detail.go?type=gene&acc=4843,NULL,NULL,4843,NOS2,10090,Mus musculus (house mouse),Tanshinone inhibits the reaction [lipoteichoic acid results in increased expression of NOS2 protein],NULL,NULL,PMID:23500011,https://www.ncbi.nlm.nih.gov/pubmed/23500011,23500011,NULL,NULL
1874969,114917,CTD,Tanshinone I,C021751,tanshinone,https://ctdbase.org/detail.go?type=chem&acc=C021751,4846,NOS3,https://ctdbase.org/detail.go?type=gene&acc=4846,NULL,NULL,4846,NOS3,9606,Homo sapiens (human),Tanshinone results in increased expression of NOS3 mRNA,NULL,NULL,PMID:15849732,https://www.ncbi.nlm.nih.gov/pubmed/15849732,15849732,NULL,NULL
1874970,114917,CTD,Tanshinone I,C021751,tanshinone,https://ctdbase.org/detail.go?type=chem&acc=C021751,4846,NOS3,https://ctdbase.org/detail.go?type=gene&acc=4846,NULL,NULL,4846,NOS3,10116,Rattus norvegicus (Norway rat),Tanshinone inhibits the reaction [oxygen deficiency results in decreased expression of NOS3 protein],NULL,NULL,PMID:28985491,https://www.ncbi.nlm.nih.gov/pubmed/28985491,28985491,NULL,NULL
1874971,114917,CTD,Tanshinone I,C021751,tanshinone,https://ctdbase.org/detail.go?type=chem&acc=C021751,4846,NOS3,https://ctdbase.org/detail.go?type=gene&acc=4846,NULL,NULL,4846,NOS3,9823,Sus scrofa (pig),Tanshinone inhibits the reaction [AGT protein results in decreased expression of NOS3 protein]|tanshinone inhibits the reaction [AGT protein results in decreased expression of NOS3 mrna],NULL,NULL,PMID:17717927,https://www.ncbi.nlm.nih.gov/pubmed/17717927,17717927,NULL,NULL
1874972,114917,CTD,Tanshinone I,C021751,tanshinone,https://ctdbase.org/detail.go?type=chem&acc=C021751,1728,NQO1,https://ctdbase.org/detail.go?type=gene&acc=1728,NULL,NULL,1728,NQO1,9606,Homo sapiens (human),Tanshinone promotes the reaction [silicon dioxide results in increased expression of NQO1 protein],NULL,NULL,PMID:32097614,https://www.ncbi.nlm.nih.gov/pubmed/32097614,32097614,NULL,NULL
1874973,114917,CTD,Tanshinone I,C021751,tanshinone,https://ctdbase.org/detail.go?type=chem&acc=C021751,8856,NR1I2,https://ctdbase.org/detail.go?type=gene&acc=8856,NULL,NULL,8856,NR1I2,9606,Homo sapiens (human),Tanshinone results in increased activity of NR1I2 protein|nr1i2 protein promotes the reaction [tanshinone results in increased expression of CYP3A4 protein],NULL,NULL,PMID:18805405,https://www.ncbi.nlm.nih.gov/pubmed/18805405,18805405,NULL,NULL
1874974,114917,CTD,Tanshinone I,C021751,tanshinone,https://ctdbase.org/detail.go?type=chem&acc=C021751,9970,NR1I3,https://ctdbase.org/detail.go?type=gene&acc=9970,NULL,NULL,9970,NR1I3,9606,Homo sapiens (human),NR1I3 protein affects the reaction [tanshinone results in increased expression of CYP3A4 protein],NULL,NULL,PMID:18805405,https://www.ncbi.nlm.nih.gov/pubmed/18805405,18805405,NULL,NULL
1874975,114917,CTD,Tanshinone I,C021751,tanshinone,https://ctdbase.org/detail.go?type=chem&acc=C021751,2908,NR3C1,https://ctdbase.org/detail.go?type=gene&acc=2908,NULL,NULL,2908,NR3C1,9606,Homo sapiens (human),NR3C1 protein affects the reaction [tanshinone results in increased expression of CYP3A4 protein],NULL,NULL,PMID:18805405,https://www.ncbi.nlm.nih.gov/pubmed/18805405,18805405,NULL,NULL
1875018,114917,CTD,Tanshinone I,C021751,tanshinone,https://ctdbase.org/detail.go?type=chem&acc=C021751,4973,OLR1,https://ctdbase.org/detail.go?type=gene&acc=4973,NULL,NULL,4973,OLR1,10090,Mus musculus (house mouse),Tanshinone results in decreased expression of OLR1 mrna|tanshinone results in decreased expression of OLR1 protein,NULL,NULL,PMID:22677363,https://www.ncbi.nlm.nih.gov/pubmed/22677363,22677363,NULL,NULL
1875019,114917,CTD,Tanshinone I,C021751,tanshinone,https://ctdbase.org/detail.go?type=chem&acc=C021751,44039,PAK,https://ctdbase.org/detail.go?type=gene&acc=44039,NULL,NULL,44039,Pak,9606,Homo sapiens (human),Tanshinone results in decreased expression of PAK mRNA,NULL,NULL,PMID:15849732,https://www.ncbi.nlm.nih.gov/pubmed/15849732,15849732,NULL,NULL
1875020,114917,CTD,Tanshinone I,C021751,tanshinone,https://ctdbase.org/detail.go?type=chem&acc=C021751,142,PARP1,https://ctdbase.org/detail.go?type=gene&acc=142,NULL,NULL,142,PARP1,9606,Homo sapiens (human),TNFSF10 protein promotes the reaction [tanshinone results in increased cleavage of PARP1 protein]|tanshinone promotes the reaction [TNFSF10 protein results in increased cleavage of PARP1 protein]|ddit3 mutant form inhibits the reaction [[TNFSF10 protein co-treated with tanshinone] results in increased cleavage of PARP1 protein]|acetylcysteine inhibits the reaction [[TNFSF10 protein co-treated with tanshinone] results in increased cleavage of PARP1 protein]|tanshinone results in increased cleavage of PARP1 protein|[tnfsf10 protein co-treated with tanshinone] results in increased cleavage of PARP1 protein,NULL,NULL,PMID:26203587,https://www.ncbi.nlm.nih.gov/pubmed/26203587,26203587,NULL,NULL
1875021,114917,CTD,Tanshinone I,C021751,tanshinone,https://ctdbase.org/detail.go?type=chem&acc=C021751,143,PARP4,https://ctdbase.org/detail.go?type=gene&acc=143,NULL,NULL,143,PARP4,9606,Homo sapiens (human),Tanshinone results in increased expression of PARP4 mRNA,NULL,NULL,PMID:15849732|PMID:16955220,https://www.ncbi.nlm.nih.gov/pubmed/15849732|https://www.ncbi.nlm.nih.gov/pubmed/16955220,15849732|16955220,NULL,NULL
1875022,114917,CTD,Tanshinone I,C021751,tanshinone,https://ctdbase.org/detail.go?type=chem&acc=C021751,5352,PLOD2,https://ctdbase.org/detail.go?type=gene&acc=5352,NULL,NULL,5352,PLOD2,9606,Homo sapiens (human),Tanshinone results in decreased expression of PLOD2 mRNA,NULL,NULL,PMID:15849732,https://www.ncbi.nlm.nih.gov/pubmed/15849732,15849732,NULL,NULL
1875023,114917,CTD,Tanshinone I,C021751,tanshinone,https://ctdbase.org/detail.go?type=chem&acc=C021751,5460,POU5F1,https://ctdbase.org/detail.go?type=gene&acc=5460,NULL,NULL,5460,POU5F1,10090,Mus musculus (house mouse),Tanshinone results in increased expression of POU5F1 mRNA,NULL,NULL,PMID:25186638,https://www.ncbi.nlm.nih.gov/pubmed/25186638,25186638,NULL,NULL
1875024,114917,CTD,Tanshinone I,C021751,tanshinone,https://ctdbase.org/detail.go?type=chem&acc=C021751,5460,POU5F1,https://ctdbase.org/detail.go?type=gene&acc=5460,NULL,NULL,5460,POU5F1,10116,Rattus norvegicus (Norway rat),Tanshinone inhibits the reaction [estrogens deficiency results in decreased expression of POU5F1 protein],NULL,NULL,PMID:31108107,https://www.ncbi.nlm.nih.gov/pubmed/31108107,31108107,NULL,NULL
1875025,114917,CTD,Tanshinone I,C021751,tanshinone,https://ctdbase.org/detail.go?type=chem&acc=C021751,5468,PPARG,https://ctdbase.org/detail.go?type=gene&acc=5468,NULL,NULL,5468,PPARG,10090,Mus musculus (house mouse),Tanshinone results in decreased expression of PPARG mRNA,NULL,NULL,PMID:20854809,https://www.ncbi.nlm.nih.gov/pubmed/20854809,20854809,NULL,NULL
1875026,114917,CTD,Tanshinone I,C021751,tanshinone,https://ctdbase.org/detail.go?type=chem&acc=C021751,5743,PTGS2,https://ctdbase.org/detail.go?type=gene&acc=5743,NULL,NULL,5743,PTGS2,9606,Homo sapiens (human),Tanshinone inhibits the reaction [2-aminodiphenyl results in increased expression of PTGS2 protein],NULL,NULL,PMID:22288910,https://www.ncbi.nlm.nih.gov/pubmed/22288910,22288910,NULL,NULL
1875027,114917,CTD,Tanshinone I,C021751,tanshinone,https://ctdbase.org/detail.go?type=chem&acc=C021751,5743,PTGS2,https://ctdbase.org/detail.go?type=gene&acc=5743,NULL,NULL,5743,PTGS2,9606,Homo sapiens (human),Tanshinone inhibits the reaction [lipopolysaccharides results in increased expression of PTGS2 protein],NULL,NULL,PMID:24967690,https://www.ncbi.nlm.nih.gov/pubmed/24967690,24967690,NULL,NULL
1875060,114917,CTD,Tanshinone I,C021751,tanshinone,https://ctdbase.org/detail.go?type=chem&acc=C021751,5743,PTGS2,https://ctdbase.org/detail.go?type=gene&acc=5743,NULL,NULL,5743,PTGS2,10090,Mus musculus (house mouse),Tanshinone inhibits the reaction [humic substances results in increased expression of PTGS2 protein],NULL,NULL,PMID:24239652,https://www.ncbi.nlm.nih.gov/pubmed/24239652,24239652,NULL,NULL
1875061,114917,CTD,Tanshinone I,C021751,tanshinone,https://ctdbase.org/detail.go?type=chem&acc=C021751,5743,PTGS2,https://ctdbase.org/detail.go?type=gene&acc=5743,NULL,NULL,5743,PTGS2,10090,Mus musculus (house mouse),Tanshinone inhibits the reaction [lipoteichoic acid results in increased expression of PTGS2 protein],NULL,NULL,PMID:23500011,https://www.ncbi.nlm.nih.gov/pubmed/23500011,23500011,NULL,NULL
1875062,114917,CTD,Tanshinone I,C021751,tanshinone,https://ctdbase.org/detail.go?type=chem&acc=C021751,5796,PTPRK,https://ctdbase.org/detail.go?type=gene&acc=5796,NULL,NULL,5796,PTPRK,9606,Homo sapiens (human),Tanshinone results in decreased expression of PTPRK mRNA,NULL,NULL,PMID:15849732,https://www.ncbi.nlm.nih.gov/pubmed/15849732,15849732,NULL,NULL
1875063,114917,CTD,Tanshinone I,C021751,tanshinone,https://ctdbase.org/detail.go?type=chem&acc=C021751,5806,PTX3,https://ctdbase.org/detail.go?type=gene&acc=5806,NULL,NULL,5806,PTX3,9606,Homo sapiens (human),Tanshinone inhibits the reaction [TNF protein results in increased expression of PTX3 mrna]|tanshinone results in decreased secretion of PTX3 protein|tanshinone inhibits the reaction [TNF protein results in increased secretion of PTX3 protein]|tanshinone results in decreased expression of PTX3 mRNA,NULL,NULL,PMID:30268796,https://www.ncbi.nlm.nih.gov/pubmed/30268796,30268796,NULL,NULL
1875064,114917,CTD,Tanshinone I,C021751,tanshinone,https://ctdbase.org/detail.go?type=chem&acc=C021751,5915,RARB,https://ctdbase.org/detail.go?type=gene&acc=5915,NULL,NULL,5915,RARB,10090,Mus musculus (house mouse),[indirubin co-treated with tanshinone] promotes the reaction [tetraarsenic tetrasulfide results in increased expression of RARB mrna]|[indirubin co-treated with tetraarsenic tetrasulfide] promotes the reaction [tanshinone results in increased expression of RARB mrna]|tetraarsenic tetrasulfide promotes the reaction [[tanshinone co-treated with indirubin] inhibits the reaction [RARB protein binds to HDAC1 protein]]|[tetraarsenic tetrasulfide co-treated with tanshinone] inhibits the reaction [RARB protein binds to HDAC1 protein]|[tanshinone co-treated with indirubin] inhibits the reaction [RARB protein binds to HDAC1 protein]|indirubin promotes the reaction [[tetraarsenic tetrasulfide co-treated with tanshinone] inhibits the reaction [RARB protein binds to HDAC1 protein]]|tanshinone results in increased expression of RARB mRNA,NULL,NULL,PMID:18344322,https://www.ncbi.nlm.nih.gov/pubmed/18344322,18344322,NULL,NULL
1875065,114917,CTD,Tanshinone I,C021751,tanshinone,https://ctdbase.org/detail.go?type=chem&acc=C021751,5925,RB1,https://ctdbase.org/detail.go?type=gene&acc=5925,NULL,NULL,5925,RB1,10090,Mus musculus (house mouse),[indirubin co-treated with tanshinone co-treated with tetraarsenic tetrasulfide] results in increased phosphorylation of RB1 protein|[tanshinone co-treated with indirubin] results in increased expression of RB1 protein|tanshinone results in increased expression of RB1 protein|[tanshinone co-treated with tetraarsenic tetrasulfide] results in increased expression of RB1 protein|[indirubin co-treated with tanshinone co-treated with tetraarsenic tetrasulfide] results in increased expression of RB1 protein,NULL,NULL,PMID:18344322,https://www.ncbi.nlm.nih.gov/pubmed/18344322,18344322,NULL,NULL
1875066,114917,CTD,Tanshinone I,C021751,tanshinone,https://ctdbase.org/detail.go?type=chem&acc=C021751,5970,RELA,https://ctdbase.org/detail.go?type=gene&acc=5970,NULL,NULL,5970,RELA,9606,Homo sapiens (human),Tanshinone inhibits the reaction [TNF protein results in increased expression of RELA protein],NULL,NULL,PMID:30268796,https://www.ncbi.nlm.nih.gov/pubmed/30268796,30268796,NULL,NULL
1875067,114917,CTD,Tanshinone I,C021751,tanshinone,https://ctdbase.org/detail.go?type=chem&acc=C021751,389,RHOC,https://ctdbase.org/detail.go?type=gene&acc=389,NULL,NULL,389,RHOC,9606,Homo sapiens (human),Tanshinone results in increased expression of RHOC mRNA,NULL,NULL,PMID:15849732,https://www.ncbi.nlm.nih.gov/pubmed/15849732,15849732,NULL,NULL
1875068,114917,CTD,Tanshinone I,C021751,tanshinone,https://ctdbase.org/detail.go?type=chem&acc=C021751,22928,SEPHS2,https://ctdbase.org/detail.go?type=gene&acc=22928,NULL,NULL,22928,SEPHS2,9606,Homo sapiens (human),Tanshinone results in increased expression of SEPHS2 mRNA,NULL,NULL,PMID:15849732,https://www.ncbi.nlm.nih.gov/pubmed/15849732,15849732,NULL,NULL
1875109,114917,CTD,Tanshinone I,C021751,tanshinone,https://ctdbase.org/detail.go?type=chem&acc=C021751,4088,SMAD3,https://ctdbase.org/detail.go?type=gene&acc=4088,NULL,NULL,4088,SMAD3,9606,Homo sapiens (human),Tanshinone inhibits the reaction [silicon dioxide results in increased phosphorylation of SMAD3 protein]|nfe2l2 protein promotes the reaction [tanshinone inhibits the reaction [silicon dioxide results in increased phosphorylation of SMAD3 protein]],NULL,NULL,PMID:32097614,https://www.ncbi.nlm.nih.gov/pubmed/32097614,32097614,NULL,NULL
1875110,114917,CTD,Tanshinone I,C021751,tanshinone,https://ctdbase.org/detail.go?type=chem&acc=C021751,4092,SMAD7,https://ctdbase.org/detail.go?type=gene&acc=4092,NULL,NULL,4092,SMAD7,9606,Homo sapiens (human),NFE2L2 protein promotes the reaction [tanshinone inhibits the reaction [silicon dioxide results in decreased expression of SMAD7 protein]]|tanshinone inhibits the reaction [silicon dioxide results in decreased expression of SMAD7 protein],NULL,NULL,PMID:32097614,https://www.ncbi.nlm.nih.gov/pubmed/32097614,32097614,NULL,NULL
1875111,114917,CTD,Tanshinone I,C021751,tanshinone,https://ctdbase.org/detail.go?type=chem&acc=C021751,6657,SOX2,https://ctdbase.org/detail.go?type=gene&acc=6657,NULL,NULL,6657,SOX2,10090,Mus musculus (house mouse),Tanshinone results in increased expression of SOX2 mRNA,NULL,NULL,PMID:25186638,https://www.ncbi.nlm.nih.gov/pubmed/25186638,25186638,NULL,NULL
1875112,114917,CTD,Tanshinone I,C021751,tanshinone,https://ctdbase.org/detail.go?type=chem&acc=C021751,6657,SOX2,https://ctdbase.org/detail.go?type=gene&acc=6657,NULL,NULL,6657,SOX2,10116,Rattus norvegicus (Norway rat),Tanshinone inhibits the reaction [estrogens deficiency results in decreased expression of SOX2 protein],NULL,NULL,PMID:31108107,https://www.ncbi.nlm.nih.gov/pubmed/31108107,31108107,NULL,NULL
1875113,114917,CTD,Tanshinone I,C021751,tanshinone,https://ctdbase.org/detail.go?type=chem&acc=C021751,6668,SP2,https://ctdbase.org/detail.go?type=gene&acc=6668,NULL,NULL,6668,SP2,9606,Homo sapiens (human),Tanshinone results in decreased expression of SP2 mRNA,NULL,NULL,PMID:15849732,https://www.ncbi.nlm.nih.gov/pubmed/15849732,15849732,NULL,NULL
1875114,114917,CTD,Tanshinone I,C021751,tanshinone,https://ctdbase.org/detail.go?type=chem&acc=C021751,6696,SPP1,https://ctdbase.org/detail.go?type=gene&acc=6696,NULL,NULL,6696,SPP1,10116,Rattus norvegicus (Norway rat),Tanshinone inhibits the reaction [cobaltous chloride results in increased expression of SPP1 protein],NULL,NULL,PMID:19356721,https://www.ncbi.nlm.nih.gov/pubmed/19356721,19356721,NULL,NULL
1875115,114917,CTD,Tanshinone I,C021751,tanshinone,https://ctdbase.org/detail.go?type=chem&acc=C021751,7016,TESK1,https://ctdbase.org/detail.go?type=gene&acc=7016,NULL,NULL,7016,TESK1,9606,Homo sapiens (human),Tanshinone results in increased expression of TESK1 mRNA,NULL,NULL,PMID:15849732,https://www.ncbi.nlm.nih.gov/pubmed/15849732,15849732,NULL,NULL
1875116,114917,CTD,Tanshinone I,C021751,tanshinone,https://ctdbase.org/detail.go?type=chem&acc=C021751,7023,TFAP4,https://ctdbase.org/detail.go?type=gene&acc=7023,NULL,NULL,7023,TFAP4,9606,Homo sapiens (human),Tanshinone results in decreased expression of TFAP4 mRNA,NULL,NULL,PMID:15849732,https://www.ncbi.nlm.nih.gov/pubmed/15849732,15849732,NULL,NULL
1875117,114917,CTD,Tanshinone I,C021751,tanshinone,https://ctdbase.org/detail.go?type=chem&acc=C021751,7040,TGFB1,https://ctdbase.org/detail.go?type=gene&acc=7040,NULL,NULL,7040,TGFB1,9606,Homo sapiens (human),NFE2L2 protein promotes the reaction [tanshinone inhibits the reaction [silicon dioxide results in increased expression of TGFB1 protein]]|tanshinone inhibits the reaction [silicon dioxide results in increased expression of TGFB1 protein],NULL,NULL,PMID:32097614,https://www.ncbi.nlm.nih.gov/pubmed/32097614,32097614,NULL,NULL
1875118,114917,CTD,Tanshinone I,C021751,tanshinone,https://ctdbase.org/detail.go?type=chem&acc=C021751,7083,TK1,https://ctdbase.org/detail.go?type=gene&acc=7083,NULL,NULL,7083,TK1,9606,Homo sapiens (human),Tanshinone results in increased expression of TK1 mRNA,NULL,NULL,PMID:15849732,https://www.ncbi.nlm.nih.gov/pubmed/15849732,15849732,NULL,NULL
1875119,114917,CTD,Tanshinone I,C021751,tanshinone,https://ctdbase.org/detail.go?type=chem&acc=C021751,7099,TLR4,https://ctdbase.org/detail.go?type=gene&acc=7099,NULL,NULL,7099,TLR4,9606,Homo sapiens (human),Tanshinone analog inhibits the reaction [TLR4 protein binds to TLR4 protein],NULL,NULL,PMID:29906494,https://www.ncbi.nlm.nih.gov/pubmed/29906494,29906494,NULL,NULL
1875120,114917,CTD,Tanshinone I,C021751,tanshinone,https://ctdbase.org/detail.go?type=chem&acc=C021751,7124,TNF,https://ctdbase.org/detail.go?type=gene&acc=7124,NULL,NULL,7124,TNF,9606,Homo sapiens (human),Tanshinone analog inhibits the reaction [lipopolysaccharides results in increased expression of TNF protein],NULL,NULL,PMID:29906494,https://www.ncbi.nlm.nih.gov/pubmed/29906494,29906494,NULL,NULL
1875121,114917,CTD,Tanshinone I,C021751,tanshinone,https://ctdbase.org/detail.go?type=chem&acc=C021751,7124,TNF,https://ctdbase.org/detail.go?type=gene&acc=7124,NULL,NULL,7124,TNF,9606,Homo sapiens (human),Tanshinone inhibits the reaction [TNF protein results in decreased expression of NFKBIA protein]|tanshinone inhibits the reaction [TNF protein results in increased expression of PTX3 mrna]|tanshinone inhibits the reaction [TNF protein results in increased secretion of PTX3 protein]|tanshinone inhibits the reaction [TNF protein results in increased expression of RELA protein],NULL,NULL,PMID:30268796,https://www.ncbi.nlm.nih.gov/pubmed/30268796,30268796,NULL,NULL
1875122,114917,CTD,Tanshinone I,C021751,tanshinone,https://ctdbase.org/detail.go?type=chem&acc=C021751,8795,TNFRSF10B,https://ctdbase.org/detail.go?type=gene&acc=8795,NULL,NULL,8795,TNFRSF10B,9606,Homo sapiens (human),DDIT3 mutant form inhibits the reaction [[TNFSF10 protein co-treated with tanshinone] results in increased expression of TNFRSF10B protein]|tanshinone results in increased expression of TNFRSF10B protein|[tnfsf10 protein co-treated with tanshinone] results in increased expression of TNFRSF10B protein|tanshinone results in increased expression of TNFRSF10B mrna|pyrazolanthrone inhibits the reaction [tanshinone results in increased expression of TNFRSF10B protein],NULL,NULL,PMID:26203587,https://www.ncbi.nlm.nih.gov/pubmed/26203587,26203587,NULL,NULL
1875123,114917,CTD,Tanshinone I,C021751,tanshinone,https://ctdbase.org/detail.go?type=chem&acc=C021751,7431,VIM,https://ctdbase.org/detail.go?type=gene&acc=7431,NULL,NULL,7431,VIM,9606,Homo sapiens (human),Tanshinone inhibits the reaction [silicon dioxide results in increased expression of VIM protein]|nfe2l2 protein promotes the reaction [tanshinone inhibits the reaction [silicon dioxide results in increased expression of VIM protein]],NULL,NULL,PMID:32097614,https://www.ncbi.nlm.nih.gov/pubmed/32097614,32097614,NULL,NULL
1875124,114917,CTD,Tanshinone I,C021751,tanshinone,https://ctdbase.org/detail.go?type=chem&acc=C021751,10406,WFDC2,https://ctdbase.org/detail.go?type=gene&acc=10406,NULL,NULL,10406,WFDC2,9606,Homo sapiens (human),Tanshinone results in increased expression of WFDC2 mRNA,NULL,NULL,PMID:15849732,https://www.ncbi.nlm.nih.gov/pubmed/15849732,15849732,NULL,NULL
1875125,114917,CTD,Tanshinone I,C021751,tanshinone,https://ctdbase.org/detail.go?type=chem&acc=C021751,8743,TNFSF10,https://ctdbase.org/detail.go?type=gene&acc=8743,NULL,NULL,8743,TNFSF10,9606,Homo sapiens (human),TNFSF10 protein promotes the reaction [tanshinone results in increased cleavage of PARP1 protein]|tanshinone promotes the reaction [TNFSF10 protein results in increased cleavage of CASP8 protein]|tanshinone promotes the reaction [TNFSF10 protein results in increased cleavage of PARP1 protein]|ddit3 mutant form inhibits the reaction [[TNFSF10 protein co-treated with tanshinone] results in increased cleavage of PARP1 protein]|[tnfsf10 protein co-treated with tanshinone] results in increased expression of DDIT3 protein|ddit3 mutant form inhibits the reaction [[TNFSF10 protein co-treated with tanshinone] results in increased expression of TNFRSF10B protein]|acetylcysteine inhibits the reaction [[TNFSF10 protein co-treated with tanshinone] results in increased cleavage of PARP1 protein]|[tnfsf10 protein co-treated with tanshinone] results in increased expression of TNFRSF10B protein|[tnfsf10 protein co-treated with tanshinone] results in increased cleavage of PARP1 protein|tanshinone results in increased susceptibility to TNFSF10 protein,NULL,NULL,PMID:26203587,https://www.ncbi.nlm.nih.gov/pubmed/26203587,26203587,NULL,NULL
1875126,114917,CTD,Tanshinone I,C021751,tanshinone,https://ctdbase.org/detail.go?type=chem&acc=C021751,7157,TP53,https://ctdbase.org/detail.go?type=gene&acc=7157,NULL,NULL,7157,TP53,9606,Homo sapiens (human),Tanshinone results in decreased expression of TP53 protein,NULL,NULL,PMID:19885617|PMID:20369472,https://www.ncbi.nlm.nih.gov/pubmed/19885617|https://www.ncbi.nlm.nih.gov/pubmed/20369472,19885617|20369472,NULL,NULL
1875127,114917,CTD,Tanshinone I,C021751,tanshinone,https://ctdbase.org/detail.go?type=chem&acc=C021751,7157,TP53,https://ctdbase.org/detail.go?type=gene&acc=7157,NULL,NULL,7157,TP53,9606,Homo sapiens (human),Tanshinone results in increased expression of TP53 protein,NULL,NULL,PMID:16009009,https://www.ncbi.nlm.nih.gov/pubmed/16009009,16009009,NULL,NULL
1875156,114917,CTD,Tanshinone I,C021751,tanshinone,https://ctdbase.org/detail.go?type=chem&acc=C021751,7422,VEGFA,https://ctdbase.org/detail.go?type=gene&acc=7422,NULL,NULL,7422,VEGFA,10090,Mus musculus (house mouse),Tanshinone results in increased expression of VEGFA mRNA,NULL,NULL,PMID:25186638,https://www.ncbi.nlm.nih.gov/pubmed/25186638,25186638,NULL,NULL
