﻿id,cid,dsn,cmpdname,srccmpd,srccmpdname,srccmpdurl,srctarget,srctargetname,srctargeturl,protacxn,protname,geneid,genename,taxid,taxname,action,actname,actvalue,evids,evurls,pmids,dois,citations
   1753647,21672114,T3DB,Aplysiatoxin,T3D4235,Aplysiatoxin,http://www.t3db.ca/toxins/T3D4235,BE0004895,Protein kinase C,http://www.t3db.ca/biodb/bio_entities/BE0004895,P17252,Protein kinase C alpha type,5578,PRKCA,9606,Homo sapiens (human),NULL,NULL,NULL,PMID:24824022,https://www.ncbi.nlm.nih.gov/pubmed/24824022,24824022,NULL,NULL
1753648,21672114,T3DB,Aplysiatoxin,T3D4235,Aplysiatoxin,http://www.t3db.ca/toxins/T3D4235,BE0004895,Protein kinase C,http://www.t3db.ca/biodb/bio_entities/BE0004895,P05771,Protein kinase C beta type,5579,PRKCB,9606,Homo sapiens (human),NULL,NULL,NULL,PMID:24824022,https://www.ncbi.nlm.nih.gov/pubmed/24824022,24824022,NULL,NULL
1753649,21672114,T3DB,Aplysiatoxin,T3D4235,Aplysiatoxin,http://www.t3db.ca/toxins/T3D4235,BE0004895,Protein kinase C,http://www.t3db.ca/biodb/bio_entities/BE0004895,Q05655,Protein kinase C delta type,5580,PRKCD,9606,Homo sapiens (human),NULL,NULL,NULL,PMID:24824022,https://www.ncbi.nlm.nih.gov/pubmed/24824022,24824022,NULL,NULL
1753650,21672114,T3DB,Aplysiatoxin,T3D4235,Aplysiatoxin,http://www.t3db.ca/toxins/T3D4235,BE0004895,Protein kinase C,http://www.t3db.ca/biodb/bio_entities/BE0004895,Q02156,Protein kinase C epsilon type,5581,PRKCE,9606,Homo sapiens (human),NULL,NULL,NULL,PMID:24824022,https://www.ncbi.nlm.nih.gov/pubmed/24824022,24824022,NULL,NULL
1753651,21672114,T3DB,Aplysiatoxin,T3D4235,Aplysiatoxin,http://www.t3db.ca/toxins/T3D4235,BE0004895,Protein kinase C,http://www.t3db.ca/biodb/bio_entities/BE0004895,P05129,Protein kinase C gamma type,5582,PRKCG,9606,Homo sapiens (human),NULL,NULL,NULL,PMID:24824022,https://www.ncbi.nlm.nih.gov/pubmed/24824022,24824022,NULL,NULL
1753652,21672114,T3DB,Aplysiatoxin,T3D4235,Aplysiatoxin,http://www.t3db.ca/toxins/T3D4235,BE0004895,Protein kinase C,http://www.t3db.ca/biodb/bio_entities/BE0004895,P41743,Protein kinase C iota type,5584,PRKCI,9606,Homo sapiens (human),NULL,NULL,NULL,PMID:24824022,https://www.ncbi.nlm.nih.gov/pubmed/24824022,24824022,NULL,NULL
1753653,21672114,T3DB,Aplysiatoxin,T3D4235,Aplysiatoxin,http://www.t3db.ca/toxins/T3D4235,BE0004895,Protein kinase C,http://www.t3db.ca/biodb/bio_entities/BE0004895,Q04759,Protein kinase C theta type,5588,PRKCQ,9606,Homo sapiens (human),NULL,NULL,NULL,PMID:24824022,https://www.ncbi.nlm.nih.gov/pubmed/24824022,24824022,NULL,NULL
1753654,21672114,T3DB,Aplysiatoxin,T3D4235,Aplysiatoxin,http://www.t3db.ca/toxins/T3D4235,BE0004895,Protein kinase C,http://www.t3db.ca/biodb/bio_entities/BE0004895,Q05513,Protein kinase C zeta type,5590,PRKCZ,9606,Homo sapiens (human),NULL,NULL,NULL,PMID:24824022,https://www.ncbi.nlm.nih.gov/pubmed/24824022,24824022,NULL,NULL
