﻿id,cid,dsn,cmpdname,srccmpd,srccmpdname,srccmpdurl,srctarget,srctargetname,srctargeturl,protacxn,protname,geneid,genename,taxid,taxname,action,actname,actvalue,evids,evurls,pmids,dois,citations
   1857660,354398,CTD,Annonacin,C053442,annonacin,https://ctdbase.org/detail.go?type=chem&acc=C053442,836,CASP3,https://ctdbase.org/detail.go?type=gene&acc=836,NULL,NULL,836,CASP3,9606,Homo sapiens (human),Annonacin results in increased activity of CASP3 protein,NULL,NULL,PMID:12697268,https://www.ncbi.nlm.nih.gov/pubmed/12697268,12697268,NULL,NULL
1857661,354398,CTD,Annonacin,C053442,annonacin,https://ctdbase.org/detail.go?type=chem&acc=C053442,581,BAX,https://ctdbase.org/detail.go?type=gene&acc=581,NULL,NULL,581,BAX,9606,Homo sapiens (human),Annonacin results in increased expression of BAX,NULL,NULL,PMID:12697268,https://www.ncbi.nlm.nih.gov/pubmed/12697268,12697268,NULL,NULL
1857662,354398,CTD,Annonacin,C053442,annonacin,https://ctdbase.org/detail.go?type=chem&acc=C053442,596,BCL2,https://ctdbase.org/detail.go?type=gene&acc=596,NULL,NULL,596,BCL2,9606,Homo sapiens (human),Annonacin results in decreased expression of BCL2 protein|[annonacin co-treated with afimoxifene] results in decreased expression of BCL2 protein,NULL,NULL,PMID:21840388,https://www.ncbi.nlm.nih.gov/pubmed/21840388,21840388,NULL,NULL
1857663,354398,CTD,Annonacin,C053442,annonacin,https://ctdbase.org/detail.go?type=chem&acc=C053442,595,CCND1,https://ctdbase.org/detail.go?type=gene&acc=595,NULL,NULL,595,CCND1,9606,Homo sapiens (human),Annonacin results in decreased expression of CCND1 protein,NULL,NULL,PMID:21840388,https://www.ncbi.nlm.nih.gov/pubmed/21840388,21840388,NULL,NULL
1857664,354398,CTD,Annonacin,C053442,annonacin,https://ctdbase.org/detail.go?type=chem&acc=C053442,1026,CDKN1A,https://ctdbase.org/detail.go?type=gene&acc=1026,NULL,NULL,1026,CDKN1A,9606,Homo sapiens (human),Annonacin results in increased expression of CDKN1A,NULL,NULL,PMID:12697268,https://www.ncbi.nlm.nih.gov/pubmed/12697268,12697268,NULL,NULL
1857665,354398,CTD,Annonacin,C053442,annonacin,https://ctdbase.org/detail.go?type=chem&acc=C053442,1026,CDKN1A,https://ctdbase.org/detail.go?type=gene&acc=1026,NULL,NULL,1026,CDKN1A,9606,Homo sapiens (human),Annonacin results in increased expression of CDKN1A protein,NULL,NULL,PMID:21840388,https://www.ncbi.nlm.nih.gov/pubmed/21840388,21840388,NULL,NULL
1857666,354398,CTD,Annonacin,C053442,annonacin,https://ctdbase.org/detail.go?type=chem&acc=C053442,1027,CDKN1B,https://ctdbase.org/detail.go?type=gene&acc=1027,NULL,NULL,1027,CDKN1B,9606,Homo sapiens (human),Annonacin results in increased expression of CDKN1B protein,NULL,NULL,PMID:21840388,https://www.ncbi.nlm.nih.gov/pubmed/21840388,21840388,NULL,NULL
1857667,354398,CTD,Annonacin,C053442,annonacin,https://ctdbase.org/detail.go?type=chem&acc=C053442,2099,ESR1,https://ctdbase.org/detail.go?type=gene&acc=2099,NULL,NULL,2099,ESR1,9606,Homo sapiens (human),[annonacin co-treated with afimoxifene] results in decreased activity of ESR1 protein|annonacin results in decreased expression of ESR1 protein,NULL,NULL,PMID:21840388,https://www.ncbi.nlm.nih.gov/pubmed/21840388,21840388,NULL,NULL
1857668,354398,CTD,Annonacin,C053442,annonacin,https://ctdbase.org/detail.go?type=chem&acc=C053442,3091,HIF1A,https://ctdbase.org/detail.go?type=gene&acc=3091,NULL,NULL,3091,HIF1A,9606,Homo sapiens (human),Annonacin inhibits the reaction [oxygen deficiency results in increased expression of and affects the localization of HIF1A protein],NULL,NULL,PMID:20423107,https://www.ncbi.nlm.nih.gov/pubmed/20423107,20423107,NULL,NULL
1857669,354398,CTD,Annonacin,C053442,annonacin,https://ctdbase.org/detail.go?type=chem&acc=C053442,5594,MAPK1,https://ctdbase.org/detail.go?type=gene&acc=5594,NULL,NULL,5594,MAPK1,9606,Homo sapiens (human),Annonacin results in decreased phosphorylation of MAPK1 protein,NULL,NULL,PMID:21840388,https://www.ncbi.nlm.nih.gov/pubmed/21840388,21840388,NULL,NULL
1857670,354398,CTD,Annonacin,C053442,annonacin,https://ctdbase.org/detail.go?type=chem&acc=C053442,5595,MAPK3,https://ctdbase.org/detail.go?type=gene&acc=5595,NULL,NULL,5595,MAPK3,9606,Homo sapiens (human),Annonacin results in decreased phosphorylation of MAPK3 protein,NULL,NULL,PMID:21840388,https://www.ncbi.nlm.nih.gov/pubmed/21840388,21840388,NULL,NULL
1857700,354398,CTD,Annonacin,C053442,annonacin,https://ctdbase.org/detail.go?type=chem&acc=C053442,4137,MAPT,https://ctdbase.org/detail.go?type=gene&acc=4137,NULL,NULL,4137,MAPT,9606,Homo sapiens (human),Annonacin results in increased expression of MAPT protein alternative form|annonacin results in increased splicing of MAPT mrna|srsf2 promotes the reaction [annonacin results in increased splicing of MAPT mrna]|srsf2 promotes the reaction [annonacin results in increased expression of MAPT protein alternative form],NULL,NULL,PMID:25402454,https://www.ncbi.nlm.nih.gov/pubmed/25402454,25402454,NULL,NULL
1857701,354398,CTD,Annonacin,C053442,annonacin,https://ctdbase.org/detail.go?type=chem&acc=C053442,4137,MAPT,https://ctdbase.org/detail.go?type=gene&acc=4137,NULL,NULL,4137,MAPT,9606,Homo sapiens (human),Annonacin results in increased phosphorylation of MAPT protein mutant form|mapt gene mutant form results in increased susceptibility to annonacin|annonacin results in increased phosphorylation of MAPT protein,NULL,NULL,PMID:27569447,https://www.ncbi.nlm.nih.gov/pubmed/27569447,27569447,NULL,NULL
1857702,354398,CTD,Annonacin,C053442,annonacin,https://ctdbase.org/detail.go?type=chem&acc=C053442,4137,MAPT,https://ctdbase.org/detail.go?type=gene&acc=4137,NULL,NULL,4137,MAPT,10090,Mus musculus (house mouse),Annonacin results in decreased degradation of and results in increased phosphorylation of and affects the localization of MAPT protein mutant form,NULL,NULL,PMID:24389273,https://www.ncbi.nlm.nih.gov/pubmed/24389273,24389273,NULL,NULL
1857703,354398,CTD,Annonacin,C053442,annonacin,https://ctdbase.org/detail.go?type=chem&acc=C053442,4137,MAPT,https://ctdbase.org/detail.go?type=gene&acc=4137,NULL,NULL,4137,MAPT,10116,Rattus norvegicus (Norway rat),Paclitaxel inhibits the reaction [annonacin affects the localization of MAPT protein]|annonacin affects the localization of MAPT protein|[annonacin results in decreased abundance of adenosine triphosphate] which affects the localization of MAPT protein,NULL,NULL,PMID:17634376,https://www.ncbi.nlm.nih.gov/pubmed/17634376,17634376,NULL,NULL
1857704,354398,CTD,Annonacin,C053442,annonacin,https://ctdbase.org/detail.go?type=chem&acc=C053442,6513,SLC2A1,https://ctdbase.org/detail.go?type=gene&acc=6513,NULL,NULL,6513,SLC2A1,9606,Homo sapiens (human),Annonacin inhibits the reaction [oxygen deficiency results in increased expression of SLC2A1 mrna],NULL,NULL,PMID:20423107,https://www.ncbi.nlm.nih.gov/pubmed/20423107,20423107,NULL,NULL
1857705,354398,CTD,Annonacin,C053442,annonacin,https://ctdbase.org/detail.go?type=chem&acc=C053442,6427,SRSF2,https://ctdbase.org/detail.go?type=gene&acc=6427,NULL,NULL,6427,SRSF2,9606,Homo sapiens (human),SRSF2 promotes the reaction [annonacin results in increased expression of MAPT protein alternative form]|srsf2 promotes the reaction [annonacin results in increased splicing of MAPT mrna]|annonacin results in increased expression of SRSF2 protein,NULL,NULL,PMID:25402454,https://www.ncbi.nlm.nih.gov/pubmed/25402454,25402454,NULL,NULL
1857706,354398,CTD,Annonacin,C053442,annonacin,https://ctdbase.org/detail.go?type=chem&acc=C053442,6774,STAT3,https://ctdbase.org/detail.go?type=gene&acc=6774,NULL,NULL,6774,STAT3,9606,Homo sapiens (human),Annonacin results in decreased phosphorylation of STAT3 protein,NULL,NULL,PMID:21840388,https://www.ncbi.nlm.nih.gov/pubmed/21840388,21840388,NULL,NULL
1857707,354398,CTD,Annonacin,C053442,annonacin,https://ctdbase.org/detail.go?type=chem&acc=C053442,6855,SYP,https://ctdbase.org/detail.go?type=gene&acc=6855,NULL,NULL,6855,SYP,10090,Mus musculus (house mouse),Annonacin results in decreased expression of SYP protein,NULL,NULL,PMID:27569447,https://www.ncbi.nlm.nih.gov/pubmed/27569447,27569447,NULL,NULL
1857708,354398,CTD,Annonacin,C053442,annonacin,https://ctdbase.org/detail.go?type=chem&acc=C053442,7422,VEGFA,https://ctdbase.org/detail.go?type=gene&acc=7422,NULL,NULL,7422,VEGFA,9606,Homo sapiens (human),Annonacin inhibits the reaction [oxygen deficiency results in increased expression of VEGFA mrna]|annonacin inhibits the reaction [oxygen deficiency results in increased secretion of VEGFA protein],NULL,NULL,PMID:20423107,https://www.ncbi.nlm.nih.gov/pubmed/20423107,20423107,NULL,NULL
