﻿id,cid,dsn,cmpdname,srccmpd,srccmpdname,srccmpdurl,srctarget,srctargetname,srctargeturl,protacxn,protname,geneid,genename,taxid,taxname,action,actname,actvalue,evids,evurls,pmids,dois,citations
   1812887,88308,CTD,Dihydromethysticin,C107882,"7,8-dihydromethysticin",https://ctdbase.org/detail.go?type=chem&acc=C107882,196,AHR,https://ctdbase.org/detail.go?type=gene&acc=196,NULL,NULL,196,AHR,10090,Mus musculus (house mouse),"AHR protein affects the susceptibility to [7,8-dihydromethysticin results in increased expression of CYP1A1 mrna]|[7,8-dihydromethysticin results in increased activity of AHR protein] which results in increased expression of CYP1A1 mrna|7,8-dihydromethysticin results in increased activity of AHR protein|ahr protein affects the susceptibility to [7,8-dihydromethysticin results in increased activity of CYP1A1 protein]",NULL,NULL,PMID:21908763,https://www.ncbi.nlm.nih.gov/pubmed/21908763,21908763,NULL,NULL
1812888,88308,CTD,Dihydromethysticin,C107882,"7,8-dihydromethysticin",https://ctdbase.org/detail.go?type=chem&acc=C107882,1066,CES1,https://ctdbase.org/detail.go?type=gene&acc=1066,NULL,NULL,1066,CES1,9606,Homo sapiens (human),"7,8-dihydromethysticin inhibits the reaction [[CES1 protein results in increased metabolism of oseltamivir] which results in increased abundance of oseltamivir carboxylate]|7,8-dihydromethysticin results in decreased activity of CES1 protein",NULL,NULL,PMID:35278473,https://www.ncbi.nlm.nih.gov/pubmed/35278473,35278473,NULL,NULL
1812889,88308,CTD,Dihydromethysticin,C107882,"7,8-dihydromethysticin",https://ctdbase.org/detail.go?type=chem&acc=C107882,1543,CYP1A1,https://ctdbase.org/detail.go?type=gene&acc=1543,NULL,NULL,1543,CYP1A1,10090,Mus musculus (house mouse),"AHR protein affects the susceptibility to [7,8-dihydromethysticin results in increased activity of CYP1A1 protein]|[7,8-dihydromethysticin results in increased activity of AHR protein] which results in increased expression of CYP1A1 mrna|3',4'-dimethoxyflavone inhibits the reaction [7,8-dihydromethysticin results in increased activity of CYP1A1 protein]|7,8-dihydromethysticin results in increased expression of and results in increased activity of CYP1A1 protein|ahr protein affects the susceptibility to [7,8-dihydromethysticin results in increased expression of CYP1A1 mrna]|7,8-dihydromethysticin results in increased expression of CYP1A1 mrna|3',4'-dimethoxyflavone inhibits the reaction [7,8-dihydromethysticin results in increased expression of CYP1A1 mrna]",NULL,NULL,PMID:21908763,https://www.ncbi.nlm.nih.gov/pubmed/21908763,21908763,NULL,NULL
1812890,88308,CTD,Dihydromethysticin,C107882,"7,8-dihydromethysticin",https://ctdbase.org/detail.go?type=chem&acc=C107882,1557,CYP2C19,https://ctdbase.org/detail.go?type=gene&acc=1557,NULL,NULL,1557,CYP2C19,10116,Rattus norvegicus (Norway rat),"7,8-dihydromethysticin results in decreased activity of CYP2C19 protein",NULL,NULL,PMID:16033948,https://www.ncbi.nlm.nih.gov/pubmed/16033948,16033948,NULL,NULL
1812891,88308,CTD,Dihydromethysticin,C107882,"7,8-dihydromethysticin",https://ctdbase.org/detail.go?type=chem&acc=C107882,1559,CYP2C9,https://ctdbase.org/detail.go?type=gene&acc=1559,NULL,NULL,1559,CYP2C9,10116,Rattus norvegicus (Norway rat),"7,8-dihydromethysticin results in decreased activity of CYP2C9 protein",NULL,NULL,PMID:16033948,https://www.ncbi.nlm.nih.gov/pubmed/16033948,16033948,NULL,NULL
