﻿id,cid,dsn,cmpdname,srccmpd,srccmpdname,srccmpdurl,srctarget,srctargetname,srctargeturl,protacxn,protname,geneid,genename,taxid,taxname,action,actname,actvalue,evids,evurls,pmids,dois,citations
   1858812,442070,CTD,Phorbol,C033085,phorbol,https://ctdbase.org/detail.go?type=chem&acc=C033085,179412,EGL-3,https://ctdbase.org/detail.go?type=gene&acc=179412,NULL,NULL,179412,egl-3,6239,Caenorhabditis elegans,EGL-3 gene mutant form results in decreased susceptibility to [aldicarb co-treated with phorbol],NULL,NULL,PMID:16049479,https://www.ncbi.nlm.nih.gov/pubmed/16049479,16049479,NULL,NULL
1858813,442070,CTD,Phorbol,C033085,phorbol,https://ctdbase.org/detail.go?type=chem&acc=C033085,172659,FER-1,https://ctdbase.org/detail.go?type=gene&acc=172659,NULL,NULL,172659,fer-1,6239,Caenorhabditis elegans,FER-1 gene mutant form results in decreased susceptibility to [aldicarb co-treated with phorbol],NULL,NULL,PMID:16049479,https://www.ncbi.nlm.nih.gov/pubmed/16049479,16049479,NULL,NULL
1858814,442070,CTD,Phorbol,C033085,phorbol,https://ctdbase.org/detail.go?type=chem&acc=C033085,179381,FSHR-1,https://ctdbase.org/detail.go?type=gene&acc=179381,NULL,NULL,179381,fshr-1,6239,Caenorhabditis elegans,FSHR-1 gene mutant form results in decreased susceptibility to [aldicarb co-treated with phorbol],NULL,NULL,PMID:16049479,https://www.ncbi.nlm.nih.gov/pubmed/16049479,16049479,NULL,NULL
1858815,442070,CTD,Phorbol,C033085,phorbol,https://ctdbase.org/detail.go?type=chem&acc=C033085,178104,LET-60,https://ctdbase.org/detail.go?type=gene&acc=178104,NULL,NULL,178104,let-60,6239,Caenorhabditis elegans,LET-60 gene mutant form results in decreased susceptibility to [aldicarb co-treated with phorbol],NULL,NULL,PMID:16049479,https://www.ncbi.nlm.nih.gov/pubmed/16049479,16049479,NULL,NULL
1858816,442070,CTD,Phorbol,C033085,phorbol,https://ctdbase.org/detail.go?type=chem&acc=C033085,177117,OSM-9,https://ctdbase.org/detail.go?type=gene&acc=177117,NULL,NULL,177117,osm-9,6239,Caenorhabditis elegans,OSM-9 gene mutant form results in decreased susceptibility to [aldicarb co-treated with phorbol],NULL,NULL,PMID:16049479,https://www.ncbi.nlm.nih.gov/pubmed/16049479,16049479,NULL,NULL
1858817,442070,CTD,Phorbol,C033085,phorbol,https://ctdbase.org/detail.go?type=chem&acc=C033085,179649,PKC-1,https://ctdbase.org/detail.go?type=gene&acc=179649,NULL,NULL,179649,pkc-1,6239,Caenorhabditis elegans,PKC-1 gene mutant form results in decreased susceptibility to [aldicarb co-treated with phorbol],NULL,NULL,PMID:16049479,https://www.ncbi.nlm.nih.gov/pubmed/16049479,16049479,NULL,NULL
1858870,442070,CTD,Phorbol,C033085,phorbol,https://ctdbase.org/detail.go?type=chem&acc=C033085,175437,PRK-2,https://ctdbase.org/detail.go?type=gene&acc=175437,NULL,NULL,175437,prk-2,6239,Caenorhabditis elegans,PRK-2 gene mutant form results in decreased susceptibility to [aldicarb co-treated with phorbol],NULL,NULL,PMID:16049479,https://www.ncbi.nlm.nih.gov/pubmed/16049479,16049479,NULL,NULL
1858871,442070,CTD,Phorbol,C033085,phorbol,https://ctdbase.org/detail.go?type=chem&acc=C033085,173971,RAB-3,https://ctdbase.org/detail.go?type=gene&acc=173971,NULL,NULL,173971,rab-3,6239,Caenorhabditis elegans,RAB-3 gene mutant form results in decreased susceptibility to [aldicarb co-treated with phorbol],NULL,NULL,PMID:16049479,https://www.ncbi.nlm.nih.gov/pubmed/16049479,16049479,NULL,NULL
1858872,442070,CTD,Phorbol,C033085,phorbol,https://ctdbase.org/detail.go?type=chem&acc=C033085,179427,RIC-4,https://ctdbase.org/detail.go?type=gene&acc=179427,NULL,NULL,179427,ric-4,6239,Caenorhabditis elegans,RIC-4 gene mutant form results in decreased susceptibility to [aldicarb co-treated with phorbol],NULL,NULL,PMID:16049479,https://www.ncbi.nlm.nih.gov/pubmed/16049479,16049479,NULL,NULL
1858873,442070,CTD,Phorbol,C033085,phorbol,https://ctdbase.org/detail.go?type=chem&acc=C033085,180366,SBT-1,https://ctdbase.org/detail.go?type=gene&acc=180366,NULL,NULL,180366,sbt-1,6239,Caenorhabditis elegans,SBT-1 gene mutant form results in decreased susceptibility to [aldicarb co-treated with phorbol],NULL,NULL,PMID:16049479,https://www.ncbi.nlm.nih.gov/pubmed/16049479,16049479,NULL,NULL
1858874,442070,CTD,Phorbol,C033085,phorbol,https://ctdbase.org/detail.go?type=chem&acc=C033085,172418,SMG-1,https://ctdbase.org/detail.go?type=gene&acc=172418,NULL,NULL,172418,smg-1,6239,Caenorhabditis elegans,SMG-1 gene mutant form results in decreased susceptibility to [aldicarb co-treated with phorbol],NULL,NULL,PMID:16049479,https://www.ncbi.nlm.nih.gov/pubmed/16049479,16049479,NULL,NULL
1858875,442070,CTD,Phorbol,C033085,phorbol,https://ctdbase.org/detail.go?type=chem&acc=C033085,266648,SNB-1,https://ctdbase.org/detail.go?type=gene&acc=266648,NULL,NULL,266648,snb-1,6239,Caenorhabditis elegans,SNB-1 gene mutant form results in decreased susceptibility to [aldicarb co-treated with phorbol],NULL,NULL,PMID:16049479,https://www.ncbi.nlm.nih.gov/pubmed/16049479,16049479,NULL,NULL
1858876,442070,CTD,Phorbol,C033085,phorbol,https://ctdbase.org/detail.go?type=chem&acc=C033085,178846,SOS-1,https://ctdbase.org/detail.go?type=gene&acc=178846,NULL,NULL,178846,sos-1,6239,Caenorhabditis elegans,SOS-1 gene mutant form results in decreased susceptibility to [aldicarb co-treated with phorbol],NULL,NULL,PMID:16049479,https://www.ncbi.nlm.nih.gov/pubmed/16049479,16049479,NULL,NULL
1858877,442070,CTD,Phorbol,C033085,phorbol,https://ctdbase.org/detail.go?type=chem&acc=C033085,180990,UNC-10,https://ctdbase.org/detail.go?type=gene&acc=180990,NULL,NULL,180990,unc-10,6239,Caenorhabditis elegans,UNC-10 gene mutant form results in decreased susceptibility to [aldicarb co-treated with phorbol],NULL,NULL,PMID:16049479,https://www.ncbi.nlm.nih.gov/pubmed/16049479,16049479,NULL,NULL
1858878,442070,CTD,Phorbol,C033085,phorbol,https://ctdbase.org/detail.go?type=chem&acc=C033085,181227,UNC-115,https://ctdbase.org/detail.go?type=gene&acc=181227,NULL,NULL,181227,unc-115,6239,Caenorhabditis elegans,UNC-115 gene mutant form results in decreased susceptibility to [aldicarb co-treated with phorbol],NULL,NULL,PMID:16049479,https://www.ncbi.nlm.nih.gov/pubmed/16049479,16049479,NULL,NULL
1858879,442070,CTD,Phorbol,C033085,phorbol,https://ctdbase.org/detail.go?type=chem&acc=C033085,178233,UNC-31,https://ctdbase.org/detail.go?type=gene&acc=178233,NULL,NULL,178233,unc-31,6239,Caenorhabditis elegans,UNC-31 gene mutant form results in decreased susceptibility to [aldicarb co-treated with phorbol],NULL,NULL,PMID:16049479,https://www.ncbi.nlm.nih.gov/pubmed/16049479,16049479,NULL,NULL
