﻿id,cid,dsn,cmpdname,srccmpd,srccmpdname,srccmpdurl,srctarget,srctargetname,srctargeturl,protacxn,protname,geneid,genename,taxid,taxname,action,actname,actvalue,evids,evurls,pmids,dois,citations
   1215304,259846,DGIdb,Lupeol,NULL,LUPEOL,https://www.dgidb.org/drugs/LUPEOL,NULL,TOP2A,https://www.dgidb.org/genes/TOP2A,NULL,NULL,7153,TOP2A,9606,Homo sapiens (human),NULL,NULL,NULL,PMID:11754608,https://www.ncbi.nlm.nih.gov/pubmed/11754608,11754608,NULL,NULL
1342597,259846,DrugBank,Lupeol,DB12622,Lupeol,https://www.drugbank.ca/drugs/DB12622,BE0000394,Neutrophil elastase,https://www.drugbank.ca/bio_entities/BE0000394,P08246,Neutrophil elastase,1991,ELANE,9606,Homo sapiens (human),Inhibitor,NULL,NULL,PMID:12391559,https://www.ncbi.nlm.nih.gov/pubmed/12391559,12391559,NULL,"Mitaine-Offer AC, Hornebeck W, Sauvain M, Zeches-Hanrot M: Triterpenes and phytosterols as human leucocyte elastase inhibitors. Planta Med. 2002 Oct;68(10):930-2. doi: 10.1055/s-2002-34929."
1876639,259846,TTD,Lupeol,D0RA6H,LUPEOL,https://idrblab.net/ttd/data/drug/details/D0RA6H,T96144,DNA topoisomerase II (TOP2),https://idrblab.net/ttd/data/target/details/T96144,P11388,DNA topoisomerase 2-alpha,7153,TOP2A,9606,Homo sapiens (human),Inhibitor,NULL,NULL,NULL,NULL,NULL,NULL,NULL
1876640,259846,TTD,Lupeol,D0RA6H,LUPEOL,https://idrblab.net/ttd/data/drug/details/D0RA6H,T96144,DNA topoisomerase II (TOP2),https://idrblab.net/ttd/data/target/details/T96144,Q02880,DNA topoisomerase 2-beta,7155,TOP2B,9606,Homo sapiens (human),Inhibitor,NULL,NULL,NULL,NULL,NULL,NULL,NULL
1889074,259846,CTD,Lupeol,C010480,lupeol,https://ctdbase.org/detail.go?type=chem&acc=C010480,9429,ABCG2,https://ctdbase.org/detail.go?type=gene&acc=9429,NULL,NULL,9429,ABCG2,10090,Mus musculus (house mouse),Lupeol results in decreased expression of ABCG2 protein,NULL,NULL,PMID:20979057,https://www.ncbi.nlm.nih.gov/pubmed/20979057,20979057,NULL,NULL
1889075,259846,CTD,Lupeol,C010480,lupeol,https://ctdbase.org/detail.go?type=chem&acc=C010480,581,BAX,https://ctdbase.org/detail.go?type=gene&acc=581,NULL,NULL,581,BAX,9606,Homo sapiens (human),Lupeol inhibits the reaction [mancozeb results in increased expression of BAX mrna],NULL,NULL,PMID:27235710,https://www.ncbi.nlm.nih.gov/pubmed/27235710,27235710,NULL,NULL
1889076,259846,CTD,Lupeol,C010480,lupeol,https://ctdbase.org/detail.go?type=chem&acc=C010480,581,BAX,https://ctdbase.org/detail.go?type=gene&acc=581,NULL,NULL,581,BAX,9606,Homo sapiens (human),Lupeol results in increased expression of BAX mRNA,NULL,NULL,PMID:30506710|PMID:31112703,https://www.ncbi.nlm.nih.gov/pubmed/30506710|https://www.ncbi.nlm.nih.gov/pubmed/31112703,30506710|31112703,NULL,NULL
1889077,259846,CTD,Lupeol,C010480,lupeol,https://ctdbase.org/detail.go?type=chem&acc=C010480,581,BAX,https://ctdbase.org/detail.go?type=gene&acc=581,NULL,NULL,581,BAX,9606,Homo sapiens (human),Lupeol results in increased expression of BAX protein,NULL,NULL,PMID:30506710,https://www.ncbi.nlm.nih.gov/pubmed/30506710,30506710,NULL,NULL
1889078,259846,CTD,Lupeol,C010480,lupeol,https://ctdbase.org/detail.go?type=chem&acc=C010480,596,BCL2,https://ctdbase.org/detail.go?type=gene&acc=596,NULL,NULL,596,BCL2,9606,Homo sapiens (human),Lupeol inhibits the reaction [mancozeb results in decreased expression of BCL2 mrna],NULL,NULL,PMID:27235710,https://www.ncbi.nlm.nih.gov/pubmed/27235710,27235710,NULL,NULL
1889079,259846,CTD,Lupeol,C010480,lupeol,https://ctdbase.org/detail.go?type=chem&acc=C010480,596,BCL2,https://ctdbase.org/detail.go?type=gene&acc=596,NULL,NULL,596,BCL2,9606,Homo sapiens (human),Lupeol results in decreased expression of BCL2 protein|lupeol results in decreased expression of BCL2 mRNA,NULL,NULL,PMID:30506710|PMID:31112703,https://www.ncbi.nlm.nih.gov/pubmed/30506710|https://www.ncbi.nlm.nih.gov/pubmed/31112703,30506710|31112703,NULL,NULL
1889080,259846,CTD,Lupeol,C010480,lupeol,https://ctdbase.org/detail.go?type=chem&acc=C010480,836,CASP3,https://ctdbase.org/detail.go?type=gene&acc=836,NULL,NULL,836,CASP3,9606,Homo sapiens (human),Lupeol results in increased expression of CASP3 mrna|lupeol results in increased expression of CASP3 protein,NULL,NULL,PMID:30506710,https://www.ncbi.nlm.nih.gov/pubmed/30506710,30506710,NULL,NULL
1889081,259846,CTD,Lupeol,C010480,lupeol,https://ctdbase.org/detail.go?type=chem&acc=C010480,841,CASP8,https://ctdbase.org/detail.go?type=gene&acc=841,NULL,NULL,841,CASP8,9606,Homo sapiens (human),Lupeol results in increased expression of CASP8 mrna|lupeol results in increased expression of CASP8 protein,NULL,NULL,PMID:30506710,https://www.ncbi.nlm.nih.gov/pubmed/30506710,30506710,NULL,NULL
1889082,259846,CTD,Lupeol,C010480,lupeol,https://ctdbase.org/detail.go?type=chem&acc=C010480,842,CASP9,https://ctdbase.org/detail.go?type=gene&acc=842,NULL,NULL,842,CASP9,9606,Homo sapiens (human),Lupeol results in increased expression of CASP9 protein|lupeol results in increased expression of CASP9 mRNA,NULL,NULL,PMID:30506710,https://www.ncbi.nlm.nih.gov/pubmed/30506710,30506710,NULL,NULL
1889083,259846,CTD,Lupeol,C010480,lupeol,https://ctdbase.org/detail.go?type=chem&acc=C010480,847,CAT,https://ctdbase.org/detail.go?type=gene&acc=847,NULL,NULL,847,CAT,9606,Homo sapiens (human),Lupeol inhibits the reaction [mancozeb results in decreased activity of CAT protein],NULL,NULL,PMID:27235710,https://www.ncbi.nlm.nih.gov/pubmed/27235710,27235710,NULL,NULL
1889084,259846,CTD,Lupeol,C010480,lupeol,https://ctdbase.org/detail.go?type=chem&acc=C010480,847,CAT,https://ctdbase.org/detail.go?type=gene&acc=847,NULL,NULL,847,CAT,10116,Rattus norvegicus (Norway rat),Lupeol inhibits the reaction [[cholesterol co-treated with cholic acid] results in decreased activity of CAT protein],NULL,NULL,PMID:16933029,https://www.ncbi.nlm.nih.gov/pubmed/16933029,16933029,NULL,NULL
1889085,259846,CTD,Lupeol,C010480,lupeol,https://ctdbase.org/detail.go?type=chem&acc=C010480,847,CAT,https://ctdbase.org/detail.go?type=gene&acc=847,NULL,NULL,847,CAT,10116,Rattus norvegicus (Norway rat),Lupeol inhibits the reaction [sodium selenite results in decreased activity of CAT protein],NULL,NULL,PMID:26697995,https://www.ncbi.nlm.nih.gov/pubmed/26697995,26697995,NULL,NULL
1889086,259846,CTD,Lupeol,C010480,lupeol,https://ctdbase.org/detail.go?type=chem&acc=C010480,595,CCND1,https://ctdbase.org/detail.go?type=gene&acc=595,NULL,NULL,595,CCND1,10090,Mus musculus (house mouse),Lupeol results in decreased expression of CCND1 mRNA,NULL,NULL,PMID:20732907,https://www.ncbi.nlm.nih.gov/pubmed/20732907,20732907,NULL,NULL
1889087,259846,CTD,Lupeol,C010480,lupeol,https://ctdbase.org/detail.go?type=chem&acc=C010480,999,CDH1,https://ctdbase.org/detail.go?type=gene&acc=999,NULL,NULL,999,CDH1,9606,Homo sapiens (human),Lupeol results in increased expression of CDH1 protein|lupeol results in increased expression of CDH1 mRNA,NULL,NULL,PMID:31112703,https://www.ncbi.nlm.nih.gov/pubmed/31112703,31112703,NULL,NULL
1889088,259846,CTD,Lupeol,C010480,lupeol,https://ctdbase.org/detail.go?type=chem&acc=C010480,1026,CDKN1A,https://ctdbase.org/detail.go?type=gene&acc=1026,NULL,NULL,1026,CDKN1A,9606,Homo sapiens (human),Lupeol inhibits the reaction [mancozeb results in increased expression of CDKN1A mrna],NULL,NULL,PMID:27235710,https://www.ncbi.nlm.nih.gov/pubmed/27235710,27235710,NULL,NULL
1889089,259846,CTD,Lupeol,C010480,lupeol,https://ctdbase.org/detail.go?type=chem&acc=C010480,1429,CRYZ,https://ctdbase.org/detail.go?type=gene&acc=1429,NULL,NULL,1429,CRYZ,10090,Mus musculus (house mouse),Lupeol inhibits the reaction [benzoyl peroxide affects the activity of CRYZ protein],NULL,NULL,PMID:15248479,https://www.ncbi.nlm.nih.gov/pubmed/15248479,15248479,NULL,NULL
1889099,259846,CTD,Lupeol,C010480,lupeol,https://ctdbase.org/detail.go?type=chem&acc=C010480,1499,CTNNB1,https://ctdbase.org/detail.go?type=gene&acc=1499,NULL,NULL,1499,CTNNB1,9606,Homo sapiens (human),Lupeol results in decreased localization of and results in decreased activity of CTNNB1 protein,NULL,NULL,PMID:20732907,https://www.ncbi.nlm.nih.gov/pubmed/20732907,20732907,NULL,NULL
1889100,259846,CTD,Lupeol,C010480,lupeol,https://ctdbase.org/detail.go?type=chem&acc=C010480,1499,CTNNB1,https://ctdbase.org/detail.go?type=gene&acc=1499,NULL,NULL,1499,CTNNB1,10090,Mus musculus (house mouse),Lupeol results in decreased expression of CTNNB1 protein,NULL,NULL,PMID:20979057,https://www.ncbi.nlm.nih.gov/pubmed/20979057,20979057,NULL,NULL
1889101,259846,CTD,Lupeol,C010480,lupeol,https://ctdbase.org/detail.go?type=chem&acc=C010480,1647,GADD45A,https://ctdbase.org/detail.go?type=gene&acc=1647,NULL,NULL,1647,GADD45A,9606,Homo sapiens (human),Lupeol inhibits the reaction [mancozeb results in increased expression of GADD45A mrna],NULL,NULL,PMID:27235710,https://www.ncbi.nlm.nih.gov/pubmed/27235710,27235710,NULL,NULL
1889102,259846,CTD,Lupeol,C010480,lupeol,https://ctdbase.org/detail.go?type=chem&acc=C010480,2932,GSK3B,https://ctdbase.org/detail.go?type=gene&acc=2932,NULL,NULL,2932,GSK3B,10116,Rattus norvegicus (Norway rat),Lupeol binds to GSK3B protein,NULL,NULL,PMID:18222664,https://www.ncbi.nlm.nih.gov/pubmed/18222664,18222664,NULL,NULL
1889103,259846,CTD,Lupeol,C010480,lupeol,https://ctdbase.org/detail.go?type=chem&acc=C010480,2936,GSR,https://ctdbase.org/detail.go?type=gene&acc=2936,NULL,NULL,2936,GSR,10116,Rattus norvegicus (Norway rat),Lupeol inhibits the reaction [sodium selenite results in decreased activity of GSR protein],NULL,NULL,PMID:26697995,https://www.ncbi.nlm.nih.gov/pubmed/26697995,26697995,NULL,NULL
1889104,259846,CTD,Lupeol,C010480,lupeol,https://ctdbase.org/detail.go?type=chem&acc=C010480,3586,IL10,https://ctdbase.org/detail.go?type=gene&acc=3586,NULL,NULL,3586,IL10,9606,Homo sapiens (human),Lupeol results in decreased expression of IL10 mRNA,NULL,NULL,PMID:31112703,https://www.ncbi.nlm.nih.gov/pubmed/31112703,31112703,NULL,NULL
1889105,259846,CTD,Lupeol,C010480,lupeol,https://ctdbase.org/detail.go?type=chem&acc=C010480,3553,IL1B,https://ctdbase.org/detail.go?type=gene&acc=3553,NULL,NULL,3553,IL1B,9606,Homo sapiens (human),Lupeol results in decreased expression of IL1B mRNA,NULL,NULL,PMID:31112703,https://www.ncbi.nlm.nih.gov/pubmed/31112703,31112703,NULL,NULL
1889106,259846,CTD,Lupeol,C010480,lupeol,https://ctdbase.org/detail.go?type=chem&acc=C010480,3569,IL6,https://ctdbase.org/detail.go?type=gene&acc=3569,NULL,NULL,3569,IL6,9606,Homo sapiens (human),Lupeol results in decreased expression of IL6 mRNA,NULL,NULL,PMID:31112703,https://www.ncbi.nlm.nih.gov/pubmed/31112703,31112703,NULL,NULL
1889107,259846,CTD,Lupeol,C010480,lupeol,https://ctdbase.org/detail.go?type=chem&acc=C010480,4193,MDM2,https://ctdbase.org/detail.go?type=gene&acc=4193,NULL,NULL,4193,MDM2,9606,Homo sapiens (human),Lupeol inhibits the reaction [mancozeb results in increased expression of MDM2 mrna],NULL,NULL,PMID:27235710,https://www.ncbi.nlm.nih.gov/pubmed/27235710,27235710,NULL,NULL
1889108,259846,CTD,Lupeol,C010480,lupeol,https://ctdbase.org/detail.go?type=chem&acc=C010480,4288,MKI67,https://ctdbase.org/detail.go?type=gene&acc=4288,NULL,NULL,4288,MKI67,10090,Mus musculus (house mouse),Lupeol results in decreased expression of MKI67 mRNA,NULL,NULL,PMID:20732907,https://www.ncbi.nlm.nih.gov/pubmed/20732907,20732907,NULL,NULL
1889109,259846,CTD,Lupeol,C010480,lupeol,https://ctdbase.org/detail.go?type=chem&acc=C010480,4353,MPO,https://ctdbase.org/detail.go?type=gene&acc=4353,NULL,NULL,4353,MPO,10090,Mus musculus (house mouse),[lupeol binds to stearic acid] inhibits the reaction [[ethanol co-treated with hydrochloric acid] results in increased expression of MPO protein],NULL,NULL,PMID:32006539,https://www.ncbi.nlm.nih.gov/pubmed/32006539,32006539,NULL,NULL
1889110,259846,CTD,Lupeol,C010480,lupeol,https://ctdbase.org/detail.go?type=chem&acc=C010480,4609,MYC,https://ctdbase.org/detail.go?type=gene&acc=4609,NULL,NULL,4609,MYC,10090,Mus musculus (house mouse),Lupeol results in decreased expression of MYC mRNA,NULL,NULL,PMID:20732907,https://www.ncbi.nlm.nih.gov/pubmed/20732907,20732907,NULL,NULL
1889212,259846,CTD,Lupeol,C010480,lupeol,https://ctdbase.org/detail.go?type=chem&acc=C010480,79923,NANOG,https://ctdbase.org/detail.go?type=gene&acc=79923,NULL,NULL,79923,NANOG,10090,Mus musculus (house mouse),Lupeol results in decreased expression of NANOG protein,NULL,NULL,PMID:20979057,https://www.ncbi.nlm.nih.gov/pubmed/20979057,20979057,NULL,NULL
1889213,259846,CTD,Lupeol,C010480,lupeol,https://ctdbase.org/detail.go?type=chem&acc=C010480,10763,NES,https://ctdbase.org/detail.go?type=gene&acc=10763,NULL,NULL,10763,NES,10090,Mus musculus (house mouse),Lupeol results in decreased expression of NES protein,NULL,NULL,PMID:20979057,https://www.ncbi.nlm.nih.gov/pubmed/20979057,20979057,NULL,NULL
1889214,259846,CTD,Lupeol,C010480,lupeol,https://ctdbase.org/detail.go?type=chem&acc=C010480,4968,OGG1,https://ctdbase.org/detail.go?type=gene&acc=4968,NULL,NULL,4968,OGG1,9606,Homo sapiens (human),Lupeol inhibits the reaction [mancozeb results in decreased expression of OGG1 mrna],NULL,NULL,PMID:27235710,https://www.ncbi.nlm.nih.gov/pubmed/27235710,27235710,NULL,NULL
1889215,259846,CTD,Lupeol,C010480,lupeol,https://ctdbase.org/detail.go?type=chem&acc=C010480,5111,PCNA,https://ctdbase.org/detail.go?type=gene&acc=5111,NULL,NULL,5111,PCNA,10090,Mus musculus (house mouse),Lupeol results in decreased expression of PCNA mRNA,NULL,NULL,PMID:20732907,https://www.ncbi.nlm.nih.gov/pubmed/20732907,20732907,NULL,NULL
1889216,259846,CTD,Lupeol,C010480,lupeol,https://ctdbase.org/detail.go?type=chem&acc=C010480,5460,POU5F1,https://ctdbase.org/detail.go?type=gene&acc=5460,NULL,NULL,5460,POU5F1,10090,Mus musculus (house mouse),Lupeol results in decreased expression of POU5F1 protein,NULL,NULL,PMID:20979057,https://www.ncbi.nlm.nih.gov/pubmed/20979057,20979057,NULL,NULL
1889217,259846,CTD,Lupeol,C010480,lupeol,https://ctdbase.org/detail.go?type=chem&acc=C010480,8842,PROM1,https://ctdbase.org/detail.go?type=gene&acc=8842,NULL,NULL,8842,PROM1,10090,Mus musculus (house mouse),Lupeol results in decreased expression of PROM1 protein,NULL,NULL,PMID:20979057,https://www.ncbi.nlm.nih.gov/pubmed/20979057,20979057,NULL,NULL
1889218,259846,CTD,Lupeol,C010480,lupeol,https://ctdbase.org/detail.go?type=chem&acc=C010480,5728,PTEN,https://ctdbase.org/detail.go?type=gene&acc=5728,NULL,NULL,5728,PTEN,9606,Homo sapiens (human),Lupeol results in increased expression of PTEN protein|pten protein results in increased susceptibility to lupeol,NULL,NULL,PMID:20979057,https://www.ncbi.nlm.nih.gov/pubmed/20979057,20979057,NULL,NULL
1889219,259846,CTD,Lupeol,C010480,lupeol,https://ctdbase.org/detail.go?type=chem&acc=C010480,9536,PTGES,https://ctdbase.org/detail.go?type=gene&acc=9536,NULL,NULL,9536,PTGES,9606,Homo sapiens (human),Lupeol inhibits the reaction [mancozeb results in increased expression of PTGES mrna],NULL,NULL,PMID:27235710,https://www.ncbi.nlm.nih.gov/pubmed/27235710,27235710,NULL,NULL
1889220,259846,CTD,Lupeol,C010480,lupeol,https://ctdbase.org/detail.go?type=chem&acc=C010480,5970,RELA,https://ctdbase.org/detail.go?type=gene&acc=5970,NULL,NULL,5970,RELA,9606,Homo sapiens (human),Lupeol inhibits the reaction [mancozeb affects the localization of RELA protein],NULL,NULL,PMID:27235710,https://www.ncbi.nlm.nih.gov/pubmed/27235710,27235710,NULL,NULL
1889221,259846,CTD,Lupeol,C010480,lupeol,https://ctdbase.org/detail.go?type=chem&acc=C010480,6657,SOX2,https://ctdbase.org/detail.go?type=gene&acc=6657,NULL,NULL,6657,SOX2,10090,Mus musculus (house mouse),Lupeol results in decreased expression of SOX2 protein,NULL,NULL,PMID:20979057,https://www.ncbi.nlm.nih.gov/pubmed/20979057,20979057,NULL,NULL
1889222,259846,CTD,Lupeol,C010480,lupeol,https://ctdbase.org/detail.go?type=chem&acc=C010480,7124,TNF,https://ctdbase.org/detail.go?type=gene&acc=7124,NULL,NULL,7124,TNF,9606,Homo sapiens (human),Lupeol results in decreased expression of TNF mRNA,NULL,NULL,PMID:31112703,https://www.ncbi.nlm.nih.gov/pubmed/31112703,31112703,NULL,NULL
1889223,259846,CTD,Lupeol,C010480,lupeol,https://ctdbase.org/detail.go?type=chem&acc=C010480,7157,TP53,https://ctdbase.org/detail.go?type=gene&acc=7157,NULL,NULL,7157,TP53,9606,Homo sapiens (human),Lupeol inhibits the reaction [mancozeb results in increased expression of TP53 mrna],NULL,NULL,PMID:27235710,https://www.ncbi.nlm.nih.gov/pubmed/27235710,27235710,NULL,NULL
1889303,259846,CTD,Lupeol,C010480,lupeol,https://ctdbase.org/detail.go?type=chem&acc=C010480,7498,XDH,https://ctdbase.org/detail.go?type=gene&acc=7498,NULL,NULL,7498,XDH,10090,Mus musculus (house mouse),Lupeol inhibits the reaction [benzoyl peroxide affects the activity of XDH protein],NULL,NULL,PMID:15248479,https://www.ncbi.nlm.nih.gov/pubmed/15248479,15248479,NULL,NULL
1889304,259846,CTD,Lupeol,C010480,lupeol,https://ctdbase.org/detail.go?type=chem&acc=C010480,7515,XRCC1,https://ctdbase.org/detail.go?type=gene&acc=7515,NULL,NULL,7515,XRCC1,9606,Homo sapiens (human),Lupeol inhibits the reaction [mancozeb results in decreased expression of XRCC1 mrna],NULL,NULL,PMID:27235710,https://www.ncbi.nlm.nih.gov/pubmed/27235710,27235710,NULL,NULL
