﻿id,cid,dsn,cmpdname,srccmpd,srccmpdname,srccmpdurl,srctarget,srctargetname,srctargeturl,protacxn,protname,geneid,genename,taxid,taxname,action,actname,actvalue,evids,evurls,pmids,dois,citations
   166179,6760,DGIdb,Skimmianine,NULL,SKIMMIANINE,https://www.dgidb.org/drugs/SKIMMIANINE,NULL,ACHE,https://www.dgidb.org/genes/ACHE,NULL,NULL,43,ACHE,9606,Homo sapiens (human),NULL,NULL,NULL,NULL,NULL,NULL,NULL,NULL
663848,6760,DGIdb,Skimmianine,NULL,SKIMMIANINE,https://www.dgidb.org/drugs/SKIMMIANINE,NULL,CYP2C19,https://www.dgidb.org/genes/CYP2C19,NULL,NULL,1557,CYP2C19,9606,Homo sapiens (human),NULL,NULL,NULL,NULL,NULL,NULL,NULL,NULL
734843,6760,DGIdb,Skimmianine,NULL,SKIMMIANINE,https://www.dgidb.org/drugs/SKIMMIANINE,NULL,CYP3A4,https://www.dgidb.org/genes/CYP3A4,NULL,NULL,1576,CYP3A4,9606,Homo sapiens (human),NULL,NULL,NULL,NULL,NULL,NULL,NULL,NULL
748250,6760,DGIdb,Skimmianine,NULL,SKIMMIANINE,https://www.dgidb.org/drugs/SKIMMIANINE,NULL,HSD17B10,https://www.dgidb.org/genes/HSD17B10,NULL,NULL,3028,HSD17B10,9606,Homo sapiens (human),NULL,NULL,NULL,NULL,NULL,NULL,NULL,NULL
752637,6760,DGIdb,Skimmianine,NULL,SKIMMIANINE,https://www.dgidb.org/drugs/SKIMMIANINE,NULL,CYP1A2,https://www.dgidb.org/genes/CYP1A2,NULL,NULL,1544,CYP1A2,9606,Homo sapiens (human),NULL,NULL,NULL,NULL,NULL,NULL,NULL,NULL
