﻿id,cid,dsn,cmpdname,srccmpd,srccmpdname,srccmpdurl,srctarget,srctargetname,srctargeturl,protacxn,protname,geneid,genename,taxid,taxname,action,actname,actvalue,evids,evurls,pmids,dois,citations
   1030800,5281673,DGIdb,Myricitrin,NULL,CHEMBL522983,https://www.dgidb.org/drugs/CHEMBL522983,NULL,KDM4A,https://www.dgidb.org/genes/KDM4A,NULL,NULL,9682,KDM4A,9606,Homo sapiens (human),NULL,NULL,NULL,NULL,NULL,NULL,NULL,NULL
1076088,5281673,CTD,Myricitrin,C008577,myricitrin,https://ctdbase.org/detail.go?type=chem&acc=C008577,59,ACTA2,https://ctdbase.org/detail.go?type=gene&acc=59,NULL,NULL,59,ACTA2,10090,Mus musculus (house mouse),Myricitrin inhibits the reaction [carbon tetrachloride results in increased expression of ACTA2 protein],NULL,NULL,PMID:25656916,https://www.ncbi.nlm.nih.gov/pubmed/25656916,25656916,NULL,NULL
1076089,5281673,CTD,Myricitrin,C008577,myricitrin,https://ctdbase.org/detail.go?type=chem&acc=C008577,249,ALPL,https://ctdbase.org/detail.go?type=gene&acc=249,NULL,NULL,249,ALPL,9606,Homo sapiens (human),Myricitrin inhibits the reaction [hydrogen peroxide results in decreased expression of ALPL mrna],NULL,NULL,PMID:25130202,https://www.ncbi.nlm.nih.gov/pubmed/25130202,25130202,NULL,NULL
1076090,5281673,CTD,Myricitrin,C008577,myricitrin,https://ctdbase.org/detail.go?type=chem&acc=C008577,348,APOE,https://ctdbase.org/detail.go?type=gene&acc=348,NULL,NULL,348,APOE,10090,Mus musculus (house mouse),Myricitrin inhibits the reaction [APOE gene mutant form results in decreased activity of CAT protein]|myricitrin inhibits the reaction [APOE gene mutant form results in increased expression of ICAM1 protein]|myricitrin inhibits the reaction [APOE gene mutant form results in increased activity of CASP3 protein]|myricitrin inhibits the reaction [APOE gene mutant form results in increased expression of CCL2 protein]|myricitrin inhibits the reaction [APOE gene mutant form results in increased expression of CRP protein],NULL,NULL,PMID:23639522,https://www.ncbi.nlm.nih.gov/pubmed/23639522,23639522,NULL,NULL
1076235,5281673,CTD,Myricitrin,C008577,myricitrin,https://ctdbase.org/detail.go?type=chem&acc=C008577,581,BAX,https://ctdbase.org/detail.go?type=gene&acc=581,NULL,NULL,581,BAX,9606,Homo sapiens (human),Myricitrin inhibits the reaction [hydrogen peroxide results in increased expression of BAX protein],NULL,NULL,PMID:23639522,https://www.ncbi.nlm.nih.gov/pubmed/23639522,23639522,NULL,NULL
1076236,5281673,CTD,Myricitrin,C008577,myricitrin,https://ctdbase.org/detail.go?type=chem&acc=C008577,596,BCL2,https://ctdbase.org/detail.go?type=gene&acc=596,NULL,NULL,596,BCL2,9606,Homo sapiens (human),Myricitrin inhibits the reaction [hydrogen peroxide results in decreased expression of BCL2 protein],NULL,NULL,PMID:23639522,https://www.ncbi.nlm.nih.gov/pubmed/23639522,23639522,NULL,NULL
1076237,5281673,CTD,Myricitrin,C008577,myricitrin,https://ctdbase.org/detail.go?type=chem&acc=C008577,632,BGLAP,https://ctdbase.org/detail.go?type=gene&acc=632,NULL,NULL,632,BGLAP,9606,Homo sapiens (human),Myricitrin inhibits the reaction [hydrogen peroxide results in decreased expression of BGLAP mrna],NULL,NULL,PMID:25130202,https://www.ncbi.nlm.nih.gov/pubmed/25130202,25130202,NULL,NULL
1076238,5281673,CTD,Myricitrin,C008577,myricitrin,https://ctdbase.org/detail.go?type=chem&acc=C008577,836,CASP3,https://ctdbase.org/detail.go?type=gene&acc=836,NULL,NULL,836,CASP3,9606,Homo sapiens (human),Myricitrin inhibits the reaction [hydrogen peroxide results in increased activity of CASP3 protein]|myricitrin inhibits the reaction [APOE gene mutant form results in increased activity of CASP3 protein],NULL,NULL,PMID:23639522,https://www.ncbi.nlm.nih.gov/pubmed/23639522,23639522,NULL,NULL
1076239,5281673,CTD,Myricitrin,C008577,myricitrin,https://ctdbase.org/detail.go?type=chem&acc=C008577,847,CAT,https://ctdbase.org/detail.go?type=gene&acc=847,NULL,NULL,847,CAT,9606,Homo sapiens (human),Myricitrin inhibits the reaction [hydrogen peroxide results in decreased activity of CAT protein]|myricitrin inhibits the reaction [APOE gene mutant form results in decreased activity of CAT protein],NULL,NULL,PMID:23639522,https://www.ncbi.nlm.nih.gov/pubmed/23639522,23639522,NULL,NULL
1076240,5281673,CTD,Myricitrin,C008577,myricitrin,https://ctdbase.org/detail.go?type=chem&acc=C008577,6347,CCL2,https://ctdbase.org/detail.go?type=gene&acc=6347,NULL,NULL,6347,CCL2,10090,Mus musculus (house mouse),Myricitrin inhibits the reaction [APOE gene mutant form results in increased expression of CCL2 protein],NULL,NULL,PMID:23639522,https://www.ncbi.nlm.nih.gov/pubmed/23639522,23639522,NULL,NULL
1076241,5281673,CTD,Myricitrin,C008577,myricitrin,https://ctdbase.org/detail.go?type=chem&acc=C008577,1277,COL1A1,https://ctdbase.org/detail.go?type=gene&acc=1277,NULL,NULL,1277,COL1A1,9606,Homo sapiens (human),Myricitrin inhibits the reaction [hydrogen peroxide results in decreased expression of COL1A1 mrna],NULL,NULL,PMID:25130202,https://www.ncbi.nlm.nih.gov/pubmed/25130202,25130202,NULL,NULL
1076242,5281673,CTD,Myricitrin,C008577,myricitrin,https://ctdbase.org/detail.go?type=chem&acc=C008577,1401,CRP,https://ctdbase.org/detail.go?type=gene&acc=1401,NULL,NULL,1401,CRP,10090,Mus musculus (house mouse),Myricitrin inhibits the reaction [APOE gene mutant form results in increased expression of CRP protein],NULL,NULL,PMID:23639522,https://www.ncbi.nlm.nih.gov/pubmed/23639522,23639522,NULL,NULL
1076243,5281673,CTD,Myricitrin,C008577,myricitrin,https://ctdbase.org/detail.go?type=chem&acc=C008577,1571,CYP2E1,https://ctdbase.org/detail.go?type=gene&acc=1571,NULL,NULL,1571,CYP2E1,10090,Mus musculus (house mouse),Myricitrin inhibits the reaction [carbon tetrachloride results in decreased expression of CYP2E1 protein],NULL,NULL,PMID:25656916,https://www.ncbi.nlm.nih.gov/pubmed/25656916,25656916,NULL,NULL
1076244,5281673,CTD,Myricitrin,C008577,myricitrin,https://ctdbase.org/detail.go?type=chem&acc=C008577,2875,GPT,https://ctdbase.org/detail.go?type=gene&acc=2875,NULL,NULL,2875,GPT,10090,Mus musculus (house mouse),Myricitrin inhibits the reaction [carbon tetrachloride results in increased activity of GPT protein],NULL,NULL,PMID:25656916,https://www.ncbi.nlm.nih.gov/pubmed/25656916,25656916,NULL,NULL
1076245,5281673,CTD,Myricitrin,C008577,myricitrin,https://ctdbase.org/detail.go?type=chem&acc=C008577,2876,GPX1,https://ctdbase.org/detail.go?type=gene&acc=2876,NULL,NULL,2876,GPX1,9606,Homo sapiens (human),Myricitrin inhibits the reaction [hydrogen peroxide results in decreased activity of GPX1 protein],NULL,NULL,PMID:23639522,https://www.ncbi.nlm.nih.gov/pubmed/23639522,23639522,NULL,NULL
1076379,5281673,CTD,Myricitrin,C008577,myricitrin,https://ctdbase.org/detail.go?type=chem&acc=C008577,3383,ICAM1,https://ctdbase.org/detail.go?type=gene&acc=3383,NULL,NULL,3383,ICAM1,10090,Mus musculus (house mouse),Myricitrin inhibits the reaction [APOE gene mutant form results in increased expression of ICAM1 protein],NULL,NULL,PMID:23639522,https://www.ncbi.nlm.nih.gov/pubmed/23639522,23639522,NULL,NULL
1076380,5281673,CTD,Myricitrin,C008577,myricitrin,https://ctdbase.org/detail.go?type=chem&acc=C008577,3569,IL6,https://ctdbase.org/detail.go?type=gene&acc=3569,NULL,NULL,3569,IL6,9606,Homo sapiens (human),Myricitrin inhibits the reaction [hydrogen peroxide results in increased expression of IL6 protein],NULL,NULL,PMID:25130202,https://www.ncbi.nlm.nih.gov/pubmed/25130202,25130202,NULL,NULL
1076381,5281673,CTD,Myricitrin,C008577,myricitrin,https://ctdbase.org/detail.go?type=chem&acc=C008577,5594,MAPK1,https://ctdbase.org/detail.go?type=gene&acc=5594,NULL,NULL,5594,MAPK1,9606,Homo sapiens (human),Myricitrin inhibits the reaction [hydrogen peroxide results in increased phosphorylation of MAPK1 protein],NULL,NULL,PMID:23639522,https://www.ncbi.nlm.nih.gov/pubmed/23639522,23639522,NULL,NULL
1076382,5281673,CTD,Myricitrin,C008577,myricitrin,https://ctdbase.org/detail.go?type=chem&acc=C008577,5595,MAPK3,https://ctdbase.org/detail.go?type=gene&acc=5595,NULL,NULL,5595,MAPK3,9606,Homo sapiens (human),Myricitrin inhibits the reaction [hydrogen peroxide results in increased phosphorylation of MAPK3 protein],NULL,NULL,PMID:23639522,https://www.ncbi.nlm.nih.gov/pubmed/23639522,23639522,NULL,NULL
1076383,5281673,CTD,Myricitrin,C008577,myricitrin,https://ctdbase.org/detail.go?type=chem&acc=C008577,5599,MAPK8,https://ctdbase.org/detail.go?type=gene&acc=5599,NULL,NULL,5599,MAPK8,9606,Homo sapiens (human),Myricitrin inhibits the reaction [hydrogen peroxide results in increased phosphorylation of MAPK8 protein],NULL,NULL,PMID:23639522,https://www.ncbi.nlm.nih.gov/pubmed/23639522,23639522,NULL,NULL
1076384,5281673,CTD,Myricitrin,C008577,myricitrin,https://ctdbase.org/detail.go?type=chem&acc=C008577,4846,NOS3,https://ctdbase.org/detail.go?type=gene&acc=4846,NULL,NULL,4846,NOS3,9606,Homo sapiens (human),Myricitrin inhibits the reaction [hydrogen peroxide results in decreased activity of NOS3 protein],NULL,NULL,PMID:23639522,https://www.ncbi.nlm.nih.gov/pubmed/23639522,23639522,NULL,NULL
1076385,5281673,CTD,Myricitrin,C008577,myricitrin,https://ctdbase.org/detail.go?type=chem&acc=C008577,5111,PCNA,https://ctdbase.org/detail.go?type=gene&acc=5111,NULL,NULL,5111,PCNA,10090,Mus musculus (house mouse),Myricitrin promotes the reaction [carbon tetrachloride results in increased expression of PCNA protein],NULL,NULL,PMID:25656916,https://www.ncbi.nlm.nih.gov/pubmed/25656916,25656916,NULL,NULL
1076386,5281673,CTD,Myricitrin,C008577,myricitrin,https://ctdbase.org/detail.go?type=chem&acc=C008577,5468,PPARG,https://ctdbase.org/detail.go?type=gene&acc=5468,NULL,NULL,5468,PPARG,9606,Homo sapiens (human),Myricitrin inhibits the reaction [hydrogen peroxide results in increased expression of PPARG mrna],NULL,NULL,PMID:25130202,https://www.ncbi.nlm.nih.gov/pubmed/25130202,25130202,NULL,NULL
1076387,5281673,CTD,Myricitrin,C008577,myricitrin,https://ctdbase.org/detail.go?type=chem&acc=C008577,5743,PTGS2,https://ctdbase.org/detail.go?type=gene&acc=5743,NULL,NULL,5743,PTGS2,10090,Mus musculus (house mouse),Myricitrin inhibits the reaction [carbon tetrachloride results in increased expression of PTGS2 protein],NULL,NULL,PMID:25656916,https://www.ncbi.nlm.nih.gov/pubmed/25656916,25656916,NULL,NULL
1076388,5281673,CTD,Myricitrin,C008577,myricitrin,https://ctdbase.org/detail.go?type=chem&acc=C008577,7040,TGFB1,https://ctdbase.org/detail.go?type=gene&acc=7040,NULL,NULL,7040,TGFB1,10090,Mus musculus (house mouse),Myricitrin inhibits the reaction [carbon tetrachloride results in increased expression of TGFB1 protein],NULL,NULL,PMID:25656916,https://www.ncbi.nlm.nih.gov/pubmed/25656916,25656916,NULL,NULL
1076389,5281673,CTD,Myricitrin,C008577,myricitrin,https://ctdbase.org/detail.go?type=chem&acc=C008577,7124,TNF,https://ctdbase.org/detail.go?type=gene&acc=7124,NULL,NULL,7124,TNF,10090,Mus musculus (house mouse),Myricitrin inhibits the reaction [carbon tetrachloride results in increased expression of TNF protein],NULL,NULL,PMID:25656916,https://www.ncbi.nlm.nih.gov/pubmed/25656916,25656916,NULL,NULL
1076535,5281673,CTD,Myricitrin,C008577,myricitrin,https://ctdbase.org/detail.go?type=chem&acc=C008577,8600,TNFSF11,https://ctdbase.org/detail.go?type=gene&acc=8600,NULL,NULL,8600,TNFSF11,9606,Homo sapiens (human),Myricitrin inhibits the reaction [hydrogen peroxide results in increased expression of TNFSF11 protein],NULL,NULL,PMID:25130202,https://www.ncbi.nlm.nih.gov/pubmed/25130202,25130202,NULL,NULL
1076536,5281673,CTD,Myricitrin,C008577,myricitrin,https://ctdbase.org/detail.go?type=chem&acc=C008577,7157,TP53,https://ctdbase.org/detail.go?type=gene&acc=7157,NULL,NULL,7157,TP53,9606,Homo sapiens (human),Myricitrin inhibits the reaction [hydrogen peroxide results in increased expression of TP53 protein],NULL,NULL,PMID:23639522,https://www.ncbi.nlm.nih.gov/pubmed/23639522,23639522,NULL,NULL
1349835,5281673,DGIdb,Myricitrin,NULL,CHEMBL522983,https://www.dgidb.org/drugs/CHEMBL522983,NULL,POLK,https://www.dgidb.org/genes/POLK,NULL,NULL,51426,POLK,9606,Homo sapiens (human),NULL,NULL,NULL,NULL,NULL,NULL,NULL,NULL
1349836,5281673,DGIdb,Myricitrin,NULL,CHEMBL522983,https://www.dgidb.org/drugs/CHEMBL522983,NULL,KDM4E,https://www.dgidb.org/genes/KDM4E,NULL,NULL,390245,KDM4E,9606,Homo sapiens (human),NULL,NULL,NULL,NULL,NULL,NULL,NULL,NULL
1368184,5281673,DGIdb,Myricitrin,NULL,CHEMBL522983,https://www.dgidb.org/drugs/CHEMBL522983,NULL,EHMT2,https://www.dgidb.org/genes/EHMT2,NULL,NULL,10919,EHMT2,9606,Homo sapiens (human),NULL,NULL,NULL,NULL,NULL,NULL,NULL,NULL
1438685,5281673,DGIdb,Myricitrin,NULL,CHEMBL522983,https://www.dgidb.org/drugs/CHEMBL522983,NULL,FEN1,https://www.dgidb.org/genes/FEN1,NULL,NULL,2237,FEN1,9606,Homo sapiens (human),NULL,NULL,NULL,NULL,NULL,NULL,NULL,NULL
1444640,5281673,DGIdb,Myricitrin,NULL,CHEMBL522983,https://www.dgidb.org/drugs/CHEMBL522983,NULL,GAA,https://www.dgidb.org/genes/GAA,NULL,NULL,2548,GAA,9606,Homo sapiens (human),NULL,NULL,NULL,NULL,NULL,NULL,NULL,NULL
1444641,5281673,DGIdb,Myricitrin,NULL,CHEMBL522983,https://www.dgidb.org/drugs/CHEMBL522983,NULL,MPI,https://www.dgidb.org/genes/MPI,NULL,NULL,4351,MPI,9606,Homo sapiens (human),NULL,NULL,NULL,NULL,NULL,NULL,NULL,NULL
1493279,5281673,BindingDB,Myricitrin,153266,"5,7-dihydroxy-3-[(2S,3R,4R,5R,6S)-3,4,5-trihydroxy-6-methyloxan-2-yl]oxy-2-(3,4,5-trihydroxyphenyl)chromen-4-one",https://www.bindingdb.org/rwd/bind/chemsearch/marvin/MolStructure.jsp?monomerid=153266,4981,Aurora kinase B,https://www.bindingdb.org/rwd/jsp/dbsearch/PrimarySearch_ki.jsp?tag=pol&polymerid=4981,Q96GD4,Aurora kinase B,9212,AURKB,9606,Homo sapiens (human),NULL,IC50 (nM),3.89e+3,PMID:25298094,https://www.ncbi.nlm.nih.gov/pubmed/25298094,25298094,NULL,NULL
1505149,5281673,DGIdb,Myricitrin,NULL,CHEMBL522983,https://www.dgidb.org/drugs/CHEMBL522983,NULL,P4HB,https://www.dgidb.org/genes/P4HB,NULL,NULL,5034,P4HB,9606,Homo sapiens (human),NULL,NULL,NULL,NULL,NULL,NULL,NULL,NULL
1506582,5281673,DGIdb,Myricitrin,NULL,CHEMBL522983,https://www.dgidb.org/drugs/CHEMBL522983,NULL,RECQL,https://www.dgidb.org/genes/RECQL,NULL,NULL,5965,RECQL,9606,Homo sapiens (human),NULL,NULL,NULL,NULL,NULL,NULL,NULL,NULL
1511709,5281673,DGIdb,Myricitrin,NULL,CHEMBL522983,https://www.dgidb.org/drugs/CHEMBL522983,NULL,POLI,https://www.dgidb.org/genes/POLI,NULL,NULL,11201,POLI,9606,Homo sapiens (human),NULL,NULL,NULL,NULL,NULL,NULL,NULL,NULL
1927211,5281673,DGIdb,Myricitrin,NULL,CHEMBL522983,https://www.dgidb.org/drugs/CHEMBL522983,NULL,BAZ2B,https://www.dgidb.org/genes/BAZ2B,NULL,NULL,29994,BAZ2B,9606,Homo sapiens (human),NULL,NULL,NULL,NULL,NULL,NULL,NULL,NULL
