﻿id,cid,dsn,cmpdname,srccmpd,srccmpdname,srccmpdurl,srctarget,srctargetname,srctargeturl,protacxn,protname,geneid,genename,taxid,taxname,action,actname,actvalue,evids,evurls,pmids,dois,citations
   1133654,68085,CTD,Dictamnine,C026398,dictamnine,https://ctdbase.org/detail.go?type=chem&acc=C026398,3091,HIF1A,https://ctdbase.org/detail.go?type=gene&acc=3091,NULL,NULL,3091,HIF1A,9606,Homo sapiens (human),Dictamnine promotes the reaction [HIF1A protein affects the expression of OCLN protein]|dictamnine inhibits the reaction [benzyloxycarbonylleucyl-leucyl-leucine aldehyde promotes the reaction [oxygen deficiency results in increased expression of HIF1A protein]]|dictamnine promotes the reaction [HIF1A protein affects the expression of OCLN mrna]|dictamnine inhibits the reaction [oxygen deficiency results in increased expression of HIF1A protein]|dictamnine promotes the reaction [HIF1A protein affects the expression of CDH2 mrna]|dictamnine promotes the reaction [HIF1A protein affects the expression of VIM protein]|dictamnine promotes the reaction [HIF1A protein affects the expression of VIM mrna]|dictamnine results in decreased expression of HIF1A protein|dictamnine promotes the reaction [HIF1A protein affects the expression of CDH1 mrna]|dictamnine promotes the reaction [HIF1A protein affects the expression of CDH1 protein]|dictamnine promotes the reaction [HIF1A protein affects the expression of CDH2 protein],NULL,NULL,PMID:30266538,https://www.ncbi.nlm.nih.gov/pubmed/30266538,30266538,NULL,NULL
1133655,68085,CTD,Dictamnine,C026398,dictamnine,https://ctdbase.org/detail.go?type=chem&acc=C026398,5594,MAPK1,https://ctdbase.org/detail.go?type=gene&acc=5594,NULL,NULL,5594,MAPK1,9606,Homo sapiens (human),Dictamnine inhibits the reaction [oxygen deficiency results in increased phosphorylation of MAPK1 protein],NULL,NULL,PMID:30266538,https://www.ncbi.nlm.nih.gov/pubmed/30266538,30266538,NULL,NULL
1133656,68085,CTD,Dictamnine,C026398,dictamnine,https://ctdbase.org/detail.go?type=chem&acc=C026398,1432,MAPK14,https://ctdbase.org/detail.go?type=gene&acc=1432,NULL,NULL,1432,MAPK14,9606,Homo sapiens (human),Dictamnine inhibits the reaction [oxygen deficiency results in increased phosphorylation of MAPK14 protein],NULL,NULL,PMID:30266538,https://www.ncbi.nlm.nih.gov/pubmed/30266538,30266538,NULL,NULL
1133657,68085,CTD,Dictamnine,C026398,dictamnine,https://ctdbase.org/detail.go?type=chem&acc=C026398,5595,MAPK3,https://ctdbase.org/detail.go?type=gene&acc=5595,NULL,NULL,5595,MAPK3,9606,Homo sapiens (human),Dictamnine inhibits the reaction [oxygen deficiency results in increased phosphorylation of MAPK3 protein],NULL,NULL,PMID:30266538,https://www.ncbi.nlm.nih.gov/pubmed/30266538,30266538,NULL,NULL
1133658,68085,CTD,Dictamnine,C026398,dictamnine,https://ctdbase.org/detail.go?type=chem&acc=C026398,5599,MAPK8,https://ctdbase.org/detail.go?type=gene&acc=5599,NULL,NULL,5599,MAPK8,9606,Homo sapiens (human),Dictamnine inhibits the reaction [oxygen deficiency results in increased phosphorylation of MAPK8 protein],NULL,NULL,PMID:30266538,https://www.ncbi.nlm.nih.gov/pubmed/30266538,30266538,NULL,NULL
1133659,68085,CTD,Dictamnine,C026398,dictamnine,https://ctdbase.org/detail.go?type=chem&acc=C026398,2475,MTOR,https://ctdbase.org/detail.go?type=gene&acc=2475,NULL,NULL,2475,MTOR,9606,Homo sapiens (human),[dictamnine co-treated with oxygen deficiency] results in decreased phosphorylation of MTOR protein,NULL,NULL,PMID:30266538,https://www.ncbi.nlm.nih.gov/pubmed/30266538,30266538,NULL,NULL
1133660,68085,CTD,Dictamnine,C026398,dictamnine,https://ctdbase.org/detail.go?type=chem&acc=C026398,999,CDH1,https://ctdbase.org/detail.go?type=gene&acc=999,NULL,NULL,999,CDH1,9606,Homo sapiens (human),Dictamnine promotes the reaction [SNAI2 protein affects the expression of CDH1 mrna]|dictamnine results in increased expression of CDH1 protein|[dictamnine co-treated with oxygen deficiency] results in increased expression of CDH1 protein|dictamnine promotes the reaction [HIF1A protein affects the expression of CDH1 mrna]|dictamnine promotes the reaction [HIF1A protein affects the expression of CDH1 protein]|dictamnine promotes the reaction [SNAI2 protein affects the expression of CDH1 protein],NULL,NULL,PMID:30266538,https://www.ncbi.nlm.nih.gov/pubmed/30266538,30266538,NULL,NULL
1133661,68085,CTD,Dictamnine,C026398,dictamnine,https://ctdbase.org/detail.go?type=chem&acc=C026398,1000,CDH2,https://ctdbase.org/detail.go?type=gene&acc=1000,NULL,NULL,1000,CDH2,9606,Homo sapiens (human),[dictamnine co-treated with oxygen deficiency] results in decreased expression of CDH2 protein|dictamnine promotes the reaction [HIF1A protein affects the expression of CDH2 mrna]|dictamnine results in decreased expression of CDH2 protein|dictamnine promotes the reaction [SNAI2 protein affects the expression of CDH2 protein]|dictamnine promotes the reaction [SNAI2 protein affects the expression of CDH2 mrna]|dictamnine promotes the reaction [HIF1A protein affects the expression of CDH2 protein],NULL,NULL,PMID:30266538,https://www.ncbi.nlm.nih.gov/pubmed/30266538,30266538,NULL,NULL
1133816,68085,CTD,Dictamnine,C026398,dictamnine,https://ctdbase.org/detail.go?type=chem&acc=C026398,1977,EIF4E,https://ctdbase.org/detail.go?type=gene&acc=1977,NULL,NULL,1977,EIF4E,9606,Homo sapiens (human),[dictamnine co-treated with oxygen deficiency] results in decreased phosphorylation of EIF4E protein,NULL,NULL,PMID:30266538,https://www.ncbi.nlm.nih.gov/pubmed/30266538,30266538,NULL,NULL
1133817,68085,CTD,Dictamnine,C026398,dictamnine,https://ctdbase.org/detail.go?type=chem&acc=C026398,1978,EIF4EBP1,https://ctdbase.org/detail.go?type=gene&acc=1978,NULL,NULL,1978,EIF4EBP1,9606,Homo sapiens (human),[dictamnine co-treated with oxygen deficiency] results in decreased phosphorylation of EIF4EBP1 protein,NULL,NULL,PMID:30266538,https://www.ncbi.nlm.nih.gov/pubmed/30266538,30266538,NULL,NULL
1133818,68085,CTD,Dictamnine,C026398,dictamnine,https://ctdbase.org/detail.go?type=chem&acc=C026398,2932,GSK3B,https://ctdbase.org/detail.go?type=gene&acc=2932,NULL,NULL,2932,GSK3B,9606,Homo sapiens (human),Dictamnine inhibits the reaction [oxygen deficiency results in increased phosphorylation of GSK3B protein],NULL,NULL,PMID:30266538,https://www.ncbi.nlm.nih.gov/pubmed/30266538,30266538,NULL,NULL
1133819,68085,CTD,Dictamnine,C026398,dictamnine,https://ctdbase.org/detail.go?type=chem&acc=C026398,100506658,OCLN,https://ctdbase.org/detail.go?type=gene&acc=100506658,NULL,NULL,100506658,OCLN,9606,Homo sapiens (human),Dictamnine promotes the reaction [HIF1A protein affects the expression of OCLN protein]|dictamnine promotes the reaction [HIF1A protein affects the expression of OCLN mrna]|[dictamnine co-treated with oxygen deficiency] results in increased expression of OCLN protein|dictamnine promotes the reaction [SNAI2 protein affects the expression of OCLN protein]|dictamnine promotes the reaction [SNAI2 protein affects the expression of OCLN mrna],NULL,NULL,PMID:30266538,https://www.ncbi.nlm.nih.gov/pubmed/30266538,30266538,NULL,NULL
1133820,68085,CTD,Dictamnine,C026398,dictamnine,https://ctdbase.org/detail.go?type=chem&acc=C026398,6198,RPS6KB1,https://ctdbase.org/detail.go?type=gene&acc=6198,NULL,NULL,6198,RPS6KB1,9606,Homo sapiens (human),[dictamnine co-treated with oxygen deficiency] results in decreased phosphorylation of RPS6KB1 protein,NULL,NULL,PMID:30266538,https://www.ncbi.nlm.nih.gov/pubmed/30266538,30266538,NULL,NULL
1133821,68085,CTD,Dictamnine,C026398,dictamnine,https://ctdbase.org/detail.go?type=chem&acc=C026398,6591,SNAI2,https://ctdbase.org/detail.go?type=gene&acc=6591,NULL,NULL,6591,SNAI2,9606,Homo sapiens (human),Dictamnine promotes the reaction [SNAI2 protein affects the expression of CDH1 mrna]|dictamnine promotes the reaction [SNAI2 protein affects the expression of VIM mrna]|dictamnine promotes the reaction [SNAI2 protein affects the expression of VIM protein]|dictamnine inhibits the reaction [oxygen deficiency results in increased expression of SNAI2 protein]|dictamnine results in decreased expression of SNAI2 protein|dictamnine promotes the reaction [SNAI2 protein affects the expression of CDH2 protein]|dictamnine promotes the reaction [SNAI2 protein affects the expression of CDH2 mrna]|dictamnine promotes the reaction [SNAI2 protein affects the expression of OCLN mrna]|dictamnine promotes the reaction [SNAI2 protein affects the expression of OCLN protein]|dictamnine promotes the reaction [SNAI2 protein affects the expression of CDH1 protein],NULL,NULL,PMID:30266538,https://www.ncbi.nlm.nih.gov/pubmed/30266538,30266538,NULL,NULL
1133822,68085,CTD,Dictamnine,C026398,dictamnine,https://ctdbase.org/detail.go?type=chem&acc=C026398,7431,VIM,https://ctdbase.org/detail.go?type=gene&acc=7431,NULL,NULL,7431,VIM,9606,Homo sapiens (human),[dictamnine co-treated with oxygen deficiency] results in decreased expression of VIM protein|dictamnine promotes the reaction [HIF1A protein affects the expression of VIM protein]|dictamnine promotes the reaction [SNAI2 protein affects the expression of VIM protein]|dictamnine promotes the reaction [SNAI2 protein affects the expression of VIM mrna]|dictamnine promotes the reaction [HIF1A protein affects the expression of VIM mrna],NULL,NULL,PMID:30266538,https://www.ncbi.nlm.nih.gov/pubmed/30266538,30266538,NULL,NULL
