﻿id,cid,dsn,cmpdname,srccmpd,srccmpdname,srccmpdurl,srctarget,srctargetname,srctargeturl,protacxn,protname,geneid,genename,taxid,taxname,action,actname,actvalue,evids,evurls,pmids,dois,citations
   1248647,92775,CTD,Butin,C051437,butin,https://ctdbase.org/detail.go?type=chem&acc=C051437,4780,NFE2L2,https://ctdbase.org/detail.go?type=gene&acc=4780,NULL,NULL,4780,NFE2L2,10029,Cricetulus griseus (Chinese hamster),Butin inhibits the reaction [hydrogen peroxide results in decreased expression of NFE2L2 protein]|nfe2l2 protein affects the reaction [butin results in increased activity of SOD2 protein]|[2-(4-morpholinyl)-8-phenyl-4H-1-benzopyran-4-one inhibits the reaction [butin results in increased activity of NFE2L2 protein]] which results in decreased expression of sod2|butin affects the localization of and results in increased activity of NFE2L2 protein|hydrogen peroxide inhibits the reaction [butin affects the localization of and results in increased activity of NFE2L2 protein]|2-(4-morpholinyl)-8-phenyl-4H-1-benzopyran-4-one inhibits the reaction [butin results in increased activity of NFE2L2 protein]|nfe2l2 protein affects the reaction [butin inhibits the reaction [hydrogen peroxide results in decreased expression of SOD2 protein]]|butin promotes the reaction [NFE2L2 protein results in increased expression of SOD2]|[2-(4-morpholinyl)-8-phenyl-4H-1-benzopyran-4-one inhibits the reaction [butin results in increased activity of NFE2L2 protein]] which results in decreased activity of SOD2 protein,NULL,NULL,PMID:22253095,https://www.ncbi.nlm.nih.gov/pubmed/22253095,22253095,NULL,NULL
1248792,92775,CTD,Butin,C051437,butin,https://ctdbase.org/detail.go?type=chem&acc=C051437,4968,OGG1,https://ctdbase.org/detail.go?type=gene&acc=4968,NULL,NULL,4968,OGG1,10029,Cricetulus griseus (Chinese hamster),Butin results in increased expression of OGG1 protein|butin inhibits the reaction [2-(4-morpholinyl)-8-phenyl-4H-1-benzopyran-4-one results in decreased expression of OGG1 protein]|butin results in increased expression of OGG1 mrna|butin inhibits the reaction [hydrogen peroxide results in decreased expression of OGG1 protein]|butin inhibits the reaction [hydrogen peroxide results in decreased expression of OGG1 mrna],NULL,NULL,PMID:19631197,https://www.ncbi.nlm.nih.gov/pubmed/19631197,19631197,NULL,NULL
1248793,92775,CTD,Butin,C051437,butin,https://ctdbase.org/detail.go?type=chem&acc=C051437,6648,SOD2,https://ctdbase.org/detail.go?type=gene&acc=6648,NULL,NULL,6648,SOD2,10029,Cricetulus griseus (Chinese hamster),NFE2L2 protein affects the reaction [butin results in increased activity of SOD2 protein]|butin inhibits the reaction [hydrogen peroxide results in decreased expression of SOD2 protein]|butin inhibits the reaction [hydrogen peroxide results in decreased expression of SOD2 mrna]|[2-(4-morpholinyl)-8-phenyl-4H-1-benzopyran-4-one inhibits the reaction [butin results in increased activity of NFE2L2 protein]] which results in decreased expression of SOD2|NFE2L2 protein affects the reaction [butin inhibits the reaction [hydrogen peroxide results in decreased expression of SOD2 protein]]|butin promotes the reaction [NFE2L2 protein results in increased expression of sod2]|butin results in increased activity of SOD2 protein|[2-(4-morpholinyl)-8-phenyl-4H-1-benzopyran-4-one inhibits the reaction [butin results in increased activity of NFE2L2 protein]] which results in decreased activity of SOD2 protein|sod2 protein affects the reaction [butin results in decreased susceptibility to hydrogen peroxide],NULL,NULL,PMID:22253095,https://www.ncbi.nlm.nih.gov/pubmed/22253095,22253095,NULL,NULL
1248794,92775,CTD,Butin,C051437,butin,https://ctdbase.org/detail.go?type=chem&acc=C051437,207,AKT1,https://ctdbase.org/detail.go?type=gene&acc=207,NULL,NULL,207,AKT1,10029,Cricetulus griseus (Chinese hamster),Butin inhibits the reaction [hydrogen peroxide results in decreased phosphorylation of AKT1 protein]|butin results in increased phosphorylation of AKT1 protein|butin inhibits the reaction [2-(4-morpholinyl)-8-phenyl-4H-1-benzopyran-4-one results in decreased phosphorylation of AKT1 protein],NULL,NULL,PMID:19631197,https://www.ncbi.nlm.nih.gov/pubmed/19631197,19631197,NULL,NULL
