﻿id,cid,dsn,cmpdname,srccmpd,srccmpdname,srccmpdurl,srctarget,srctargetname,srctargeturl,protacxn,protname,geneid,genename,taxid,taxname,action,actname,actvalue,evids,evurls,pmids,dois,citations
   1114290,66065,CTD,Bergenin,C006741,bergenin,https://ctdbase.org/detail.go?type=chem&acc=C006741,54,ACP5,https://ctdbase.org/detail.go?type=gene&acc=54,NULL,NULL,54,ACP5,10090,Mus musculus (house mouse),Bergenin inhibits the reaction [[TNFSF11 protein co-treated with pyruvaldehyde] results in decreased activity of ACP5 protein],NULL,NULL,PMID:31369791,https://www.ncbi.nlm.nih.gov/pubmed/31369791,31369791,NULL,NULL
1114291,66065,CTD,Bergenin,C006741,bergenin,https://ctdbase.org/detail.go?type=chem&acc=C006741,177,AGER,https://ctdbase.org/detail.go?type=gene&acc=177,NULL,NULL,177,AGER,10090,Mus musculus (house mouse),Bergenin inhibits the reaction [pyruvaldehyde results in increased cleavage of AGER protein],NULL,NULL,PMID:29148590,https://www.ncbi.nlm.nih.gov/pubmed/29148590,29148590,NULL,NULL
1114292,66065,CTD,Bergenin,C006741,bergenin,https://ctdbase.org/detail.go?type=chem&acc=C006741,208,AKT2,https://ctdbase.org/detail.go?type=gene&acc=208,NULL,NULL,208,AKT2,10090,Mus musculus (house mouse),Bergenin inhibits the reaction [[TNFSF11 protein co-treated with pyruvaldehyde] results in increased expression of AKT2 mrna],NULL,NULL,PMID:31369791,https://www.ncbi.nlm.nih.gov/pubmed/31369791,31369791,NULL,NULL
1114293,66065,CTD,Bergenin,C006741,bergenin,https://ctdbase.org/detail.go?type=chem&acc=C006741,834,CASP1,https://ctdbase.org/detail.go?type=gene&acc=834,NULL,NULL,834,CASP1,10116,Rattus norvegicus (Norway rat),Bergenin inhibits the reaction [trinitrobenzenesulfonic acid results in increased expression of and results in increased cleavage of CASP1 protein],NULL,NULL,PMID:30365937,https://www.ncbi.nlm.nih.gov/pubmed/30365937,30365937,NULL,NULL
1114294,66065,CTD,Bergenin,C006741,bergenin,https://ctdbase.org/detail.go?type=chem&acc=C006741,837,CASP4,https://ctdbase.org/detail.go?type=gene&acc=837,NULL,NULL,837,CASP4,10116,Rattus norvegicus (Norway rat),Bergenin inhibits the reaction [trinitrobenzenesulfonic acid results in increased expression of and results in increased cleavage of CASP4 protein],NULL,NULL,PMID:30365937,https://www.ncbi.nlm.nih.gov/pubmed/30365937,30365937,NULL,NULL
1114295,66065,CTD,Bergenin,C006741,bergenin,https://ctdbase.org/detail.go?type=chem&acc=C006741,847,CAT,https://ctdbase.org/detail.go?type=gene&acc=847,NULL,NULL,847,CAT,9606,Homo sapiens (human),PPARG protein promotes the reaction [bergenin inhibits the reaction [hydrogen peroxide results in decreased activity of CAT protein]]|bergenin inhibits the reaction [hydrogen peroxide results in decreased activity of CAT protein],NULL,NULL,PMID:34499403,https://www.ncbi.nlm.nih.gov/pubmed/34499403,34499403,NULL,NULL
1114296,66065,CTD,Bergenin,C006741,bergenin,https://ctdbase.org/detail.go?type=chem&acc=C006741,2739,GLO1,https://ctdbase.org/detail.go?type=gene&acc=2739,NULL,NULL,2739,GLO1,10090,Mus musculus (house mouse),Bergenin inhibits the reaction [pyruvaldehyde results in decreased activity of GLO1 protein],NULL,NULL,PMID:29148590,https://www.ncbi.nlm.nih.gov/pubmed/29148590,29148590,NULL,NULL
1114297,66065,CTD,Bergenin,C006741,bergenin,https://ctdbase.org/detail.go?type=chem&acc=C006741,2739,GLO1,https://ctdbase.org/detail.go?type=gene&acc=2739,NULL,NULL,2739,GLO1,10090,Mus musculus (house mouse),Bergenin inhibits the reaction [[TNFSF11 protein co-treated with pyruvaldehyde] results in decreased expression of GLO1 protein],NULL,NULL,PMID:31369791,https://www.ncbi.nlm.nih.gov/pubmed/31369791,31369791,NULL,NULL
1114298,66065,CTD,Bergenin,C006741,bergenin,https://ctdbase.org/detail.go?type=chem&acc=C006741,3162,HMOX1,https://ctdbase.org/detail.go?type=gene&acc=3162,NULL,NULL,3162,HMOX1,10090,Mus musculus (house mouse),Bergenin inhibits the reaction [pyruvaldehyde results in decreased expression of HMOX1 protein],NULL,NULL,PMID:29148590,https://www.ncbi.nlm.nih.gov/pubmed/29148590,29148590,NULL,NULL
1114299,66065,CTD,Bergenin,C006741,bergenin,https://ctdbase.org/detail.go?type=chem&acc=C006741,3458,IFNG,https://ctdbase.org/detail.go?type=gene&acc=3458,NULL,NULL,3458,IFNG,10116,Rattus norvegicus (Norway rat),Bergenin inhibits the reaction [trinitrobenzenesulfonic acid results in increased expression of IFNG protein],NULL,NULL,PMID:30365937,https://www.ncbi.nlm.nih.gov/pubmed/30365937,30365937,NULL,NULL
1114445,66065,CTD,Bergenin,C006741,bergenin,https://ctdbase.org/detail.go?type=chem&acc=C006741,3586,IL10,https://ctdbase.org/detail.go?type=gene&acc=3586,NULL,NULL,3586,IL10,10116,Rattus norvegicus (Norway rat),Bergenin inhibits the reaction [trinitrobenzenesulfonic acid results in increased expression of IL10 protein],NULL,NULL,PMID:30365937,https://www.ncbi.nlm.nih.gov/pubmed/30365937,30365937,NULL,NULL
1114446,66065,CTD,Bergenin,C006741,bergenin,https://ctdbase.org/detail.go?type=chem&acc=C006741,3606,IL18,https://ctdbase.org/detail.go?type=gene&acc=3606,NULL,NULL,3606,IL18,10116,Rattus norvegicus (Norway rat),Bergenin inhibits the reaction [trinitrobenzenesulfonic acid results in increased expression of IL18 protein],NULL,NULL,PMID:30365937,https://www.ncbi.nlm.nih.gov/pubmed/30365937,30365937,NULL,NULL
1114447,66065,CTD,Bergenin,C006741,bergenin,https://ctdbase.org/detail.go?type=chem&acc=C006741,3553,IL1B,https://ctdbase.org/detail.go?type=gene&acc=3553,NULL,NULL,3553,IL1B,10116,Rattus norvegicus (Norway rat),Bergenin inhibits the reaction [trinitrobenzenesulfonic acid results in increased expression of IL1B protein],NULL,NULL,PMID:30365937,https://www.ncbi.nlm.nih.gov/pubmed/30365937,30365937,NULL,NULL
1114448,66065,CTD,Bergenin,C006741,bergenin,https://ctdbase.org/detail.go?type=chem&acc=C006741,3569,IL6,https://ctdbase.org/detail.go?type=gene&acc=3569,NULL,NULL,3569,IL6,10090,Mus musculus (house mouse),Bergenin inhibits the reaction [pyruvaldehyde results in increased expression of IL6 protein],NULL,NULL,PMID:29148590,https://www.ncbi.nlm.nih.gov/pubmed/29148590,29148590,NULL,NULL
1114449,66065,CTD,Bergenin,C006741,bergenin,https://ctdbase.org/detail.go?type=chem&acc=C006741,5595,MAPK3,https://ctdbase.org/detail.go?type=gene&acc=5595,NULL,NULL,5595,MAPK3,10090,Mus musculus (house mouse),Bergenin inhibits the reaction [[TNFSF11 protein co-treated with pyruvaldehyde] results in increased expression of MAPK3 mrna],NULL,NULL,PMID:31369791,https://www.ncbi.nlm.nih.gov/pubmed/31369791,31369791,NULL,NULL
1114450,66065,CTD,Bergenin,C006741,bergenin,https://ctdbase.org/detail.go?type=chem&acc=C006741,4318,MMP9,https://ctdbase.org/detail.go?type=gene&acc=4318,NULL,NULL,4318,MMP9,10090,Mus musculus (house mouse),[TNFSF11 protein co-treated with pyruvaldehyde co-treated with bergenin] results in decreased expression of MMP9 mRNA,NULL,NULL,PMID:31369791,https://www.ncbi.nlm.nih.gov/pubmed/31369791,31369791,NULL,NULL
1114451,66065,CTD,Bergenin,C006741,bergenin,https://ctdbase.org/detail.go?type=chem&acc=C006741,4353,MPO,https://ctdbase.org/detail.go?type=gene&acc=4353,NULL,NULL,4353,MPO,10116,Rattus norvegicus (Norway rat),Bergenin inhibits the reaction [trinitrobenzenesulfonic acid results in increased activity of MPO protein],NULL,NULL,PMID:30365937,https://www.ncbi.nlm.nih.gov/pubmed/30365937,30365937,NULL,NULL
1114452,66065,CTD,Bergenin,C006741,bergenin,https://ctdbase.org/detail.go?type=chem&acc=C006741,4780,NFE2L2,https://ctdbase.org/detail.go?type=gene&acc=4780,NULL,NULL,4780,NFE2L2,10090,Mus musculus (house mouse),Bergenin affects the reaction [pyruvaldehyde affects the expression of NFE2L2 protein],NULL,NULL,PMID:29148590,https://www.ncbi.nlm.nih.gov/pubmed/29148590,29148590,NULL,NULL
1114453,66065,CTD,Bergenin,C006741,bergenin,https://ctdbase.org/detail.go?type=chem&acc=C006741,4792,NFKBIA,https://ctdbase.org/detail.go?type=gene&acc=4792,NULL,NULL,4792,NFKBIA,9606,Homo sapiens (human),Bergenin inhibits the reaction [hydrogen peroxide results in increased phosphorylation of NFKBIA protein],NULL,NULL,PMID:34499403,https://www.ncbi.nlm.nih.gov/pubmed/34499403,34499403,NULL,NULL
1114454,66065,CTD,Bergenin,C006741,bergenin,https://ctdbase.org/detail.go?type=chem&acc=C006741,4792,NFKBIA,https://ctdbase.org/detail.go?type=gene&acc=4792,NULL,NULL,4792,NFKBIA,10116,Rattus norvegicus (Norway rat),Bergenin inhibits the reaction [trinitrobenzenesulfonic acid results in decreased expression of NFKBIA protein],NULL,NULL,PMID:30365937,https://www.ncbi.nlm.nih.gov/pubmed/30365937,30365937,NULL,NULL
1114455,66065,CTD,Bergenin,C006741,bergenin,https://ctdbase.org/detail.go?type=chem&acc=C006741,114548,NLRP3,https://ctdbase.org/detail.go?type=gene&acc=114548,NULL,NULL,114548,NLRP3,10116,Rattus norvegicus (Norway rat),Bergenin inhibits the reaction [trinitrobenzenesulfonic acid results in increased expression of NLRP3 protein],NULL,NULL,PMID:30365937,https://www.ncbi.nlm.nih.gov/pubmed/30365937,30365937,NULL,NULL
1114645,66065,CTD,Bergenin,C006741,bergenin,https://ctdbase.org/detail.go?type=chem&acc=C006741,4843,NOS2,https://ctdbase.org/detail.go?type=gene&acc=4843,NULL,NULL,4843,NOS2,10116,Rattus norvegicus (Norway rat),Bergenin inhibits the reaction [trinitrobenzenesulfonic acid results in increased expression of NOS2 protein],NULL,NULL,PMID:30365937,https://www.ncbi.nlm.nih.gov/pubmed/30365937,30365937,NULL,NULL
1114646,66065,CTD,Bergenin,C006741,bergenin,https://ctdbase.org/detail.go?type=chem&acc=C006741,28962,OSTM1,https://ctdbase.org/detail.go?type=gene&acc=28962,NULL,NULL,28962,OSTM1,10090,Mus musculus (house mouse),Bergenin inhibits the reaction [[TNFSF11 protein co-treated with pyruvaldehyde] results in increased expression of OSTM1 mrna],NULL,NULL,PMID:31369791,https://www.ncbi.nlm.nih.gov/pubmed/31369791,31369791,NULL,NULL
1114647,66065,CTD,Bergenin,C006741,bergenin,https://ctdbase.org/detail.go?type=chem&acc=C006741,5468,PPARG,https://ctdbase.org/detail.go?type=gene&acc=5468,NULL,NULL,5468,PPARG,9606,Homo sapiens (human),PPARG protein promotes the reaction [bergenin inhibits the reaction [hydrogen peroxide results in decreased activity of CAT protein]]|bergenin inhibits the reaction [hydrogen peroxide results in decreased expression of PPARG protein],NULL,NULL,PMID:34499403,https://www.ncbi.nlm.nih.gov/pubmed/34499403,34499403,NULL,NULL
1114648,66065,CTD,Bergenin,C006741,bergenin,https://ctdbase.org/detail.go?type=chem&acc=C006741,5743,PTGS2,https://ctdbase.org/detail.go?type=gene&acc=5743,NULL,NULL,5743,PTGS2,10116,Rattus norvegicus (Norway rat),Bergenin inhibits the reaction [trinitrobenzenesulfonic acid results in increased expression of PTGS2 protein],NULL,NULL,PMID:30365937,https://www.ncbi.nlm.nih.gov/pubmed/30365937,30365937,NULL,NULL
1114649,66065,CTD,Bergenin,C006741,bergenin,https://ctdbase.org/detail.go?type=chem&acc=C006741,5970,RELA,https://ctdbase.org/detail.go?type=gene&acc=5970,NULL,NULL,5970,RELA,9606,Homo sapiens (human),Bergenin inhibits the reaction [hydrogen peroxide results in increased phosphorylation of RELA protein],NULL,NULL,PMID:34499403,https://www.ncbi.nlm.nih.gov/pubmed/34499403,34499403,NULL,NULL
1114650,66065,CTD,Bergenin,C006741,bergenin,https://ctdbase.org/detail.go?type=chem&acc=C006741,6774,STAT3,https://ctdbase.org/detail.go?type=gene&acc=6774,NULL,NULL,6774,STAT3,10116,Rattus norvegicus (Norway rat),Bergenin inhibits the reaction [trinitrobenzenesulfonic acid results in increased phosphorylation of STAT3 protein],NULL,NULL,PMID:30365937,https://www.ncbi.nlm.nih.gov/pubmed/30365937,30365937,NULL,NULL
1114651,66065,CTD,Bergenin,C006741,bergenin,https://ctdbase.org/detail.go?type=chem&acc=C006741,8600,TNFSF11,https://ctdbase.org/detail.go?type=gene&acc=8600,NULL,NULL,8600,TNFSF11,10090,Mus musculus (house mouse),Bergenin inhibits the reaction [[TNFSF11 protein co-treated with pyruvaldehyde] results in increased expression of AKT2 mrna]|[tnfsf11 protein co-treated with pyruvaldehyde co-treated with bergenin] results in decreased expression of MMP9 mrna|bergenin inhibits the reaction [[TNFSF11 protein co-treated with pyruvaldehyde] results in increased expression of MAPK3 mrna]|bergenin inhibits the reaction [[TNFSF11 protein co-treated with pyruvaldehyde] results in decreased expression of GLO1 protein]|bergenin inhibits the reaction [[TNFSF11 protein co-treated with pyruvaldehyde] results in decreased activity of ACP5 protein]|bergenin inhibits the reaction [[TNFSF11 protein co-treated with pyruvaldehyde] results in increased expression of OSTM1 mrna],NULL,NULL,PMID:31369791,https://www.ncbi.nlm.nih.gov/pubmed/31369791,31369791,NULL,NULL
1114652,66065,CTD,Bergenin,C006741,bergenin,https://ctdbase.org/detail.go?type=chem&acc=C006741,9325,TRIP4,https://ctdbase.org/detail.go?type=gene&acc=9325,NULL,NULL,9325,TRIP4,10116,Rattus norvegicus (Norway rat),Bergenin inhibits the reaction [trinitrobenzenesulfonic acid results in increased expression of TRIP4 protein],NULL,NULL,PMID:30365937,https://www.ncbi.nlm.nih.gov/pubmed/30365937,30365937,NULL,NULL
