﻿resolution,pdbid,title,expmethod,lignme,glytoucan,cids,protacxns,geneids,pmids,dois
   1.5,4RYA,"Crystal structure of abc transporter solute binding protein AVI_3567 from AGROBACTERIUM VITIS S4, TARGET EFI-510645, with bound D-mannitol",X-RAY DIFFRACTION,ACT|MTL,NULL,6251|175,NULL,NULL,NULL,NULL
1.745,5VUN,Structure of rat neuronal nitric oxide synthase heme domain in complex with 7-(((3-(4-Methylpyridin-3-yl)propyl)amino)methyl)quinolin-2-amine,X-RAY DIFFRACTION,MTL|ZN|ACT|H4B|HEM|9OM,NULL,135398654|32051|6251|124145849|175,P29476,24598,28776992,10.1021/acs.jmedchem.7b00835
1.78,1P6K,"Rat neuronal NOS D597N mutant heme domain with L-N(omega)-nitroarginine-2,4-L-diaminobutyric amide bound",X-RAY DIFFRACTION,MTL|ZN|DP1|ACT|HEM|H4B,NULL,656910|135398654|32051|6251|175,P29476,24598,14718923,10.1038/nsmb704
1.78,3N66,"Structure of neuronal nitric oxide synthase S602H mutant heme domain in complex with 6,6'-(2,2'-(5-amino-1,3-phenylene)bis(ethane-2,1-diyl))bis(4-methylpyridin-2-amine)",X-RAY DIFFRACTION,MTL|CL|XFN|ACT|HEM|ZN,NULL,32051|6251|49852670|312|175,P29476,24598,21138269,10.1021/bi1013479
1.8,1M2W,Pseudomonas fluorescens mannitol 2-dehydrogenase ternary complex with NAD and D-mannitol,X-RAY DIFFRACTION,NAD|MTL,NULL,6251|5892,NULL,NULL,12196534,10.1074/jbc.m206914200
1.8,3N65,"Structure of neuronal nitric oxide synthase S602H mutant heme domain in complex with 6,6'-(2,2'-(pyridine-3,5-diyl)bis(ethane-2,1-diyl))bis(4-methylpyridin-2-amine)",X-RAY DIFFRACTION,MTL|ZN|CL|ACT|H4B|HEM|XFJ,NULL,32051|135398654|6251|312|175|46847260,P29476,24598,21138269,10.1021/bi1013479
1.8,5VUO,Structure of rat neuronal nitric oxide synthase heme domain in complex with 7-(((3-(4-Methoxypyridin-3-yl)propyl)amino)methyl)quinolin-2-amine,X-RAY DIFFRACTION,MTL|ZN|ACT|9OS|H4B|HEM,NULL,175|32051|135398654|6251|124145845,P29476,24598,28776992,10.1021/acs.jmedchem.7b00835
1.85,4KCN,Structure of neuronal nitric oxide synthase heme domain in complex with N-(3-(((3-fluorophenethyl)amino)methyl)phenyl)thiophene-2-carboximidamide,X-RAY DIFFRACTION,MTL|5H3|ZN|ACT|H4B|HEM|EDO,NULL,32051|135398654|174|6251|72725800|175,P29476,24598,24447275,10.1021/jm401252e
1.85,6AUU,Structure of rat neuronal nitric oxide synthase heme domain in complex with 6-(3-(3-(dimethylamino)propyl)-5-(trifluoromethyl)phenethyl)-4-methylpyridin-2-amine,X-RAY DIFFRACTION,BY7|MTL|ZN|CL|ACT|H4B|HEM,NULL,134686795|32051|135398654|6251|312|175,P29476,24598,29091437,10.1021/acs.jmedchem.7b01356
1.9,1ZZQ,Rat nNOS D597N mutant with L-N(omega)-Nitroarginine-(4R)-amino-L-proline amide bound,X-RAY DIFFRACTION,MTL|ZN|DP9|ACT|HEM|H4B,NULL,135398654|32051|656912|6251|175,P29476,24598,16285725,10.1021/bi0513610
1.9,1ZZU,"Rat nNOS D597N/M336V double mutant with L-N(omega)-Nitroarginine-2,4-L-Diaminobutyric Amide Bound",X-RAY DIFFRACTION,MTL|ZN|DP1|ACT|HEM|H4B|GOL,NULL,656910|753|135398654|32051|6251|175,P29476,24598,16285725,10.1021/bi0513610
1.9,2VFU,Alditol Oxidase from Streptomyces coelicolor A3(2): Complex with Mannitol,X-RAY DIFFRACTION,MTL|FAD,NULL,6251|643975,Q9ZBU1,1101588,18154360,10.1021/bi701886t
1.95,1RS6,Rat neuronal NOS heme domain with D-lysine-D-nitroarginine amide bound,X-RAY DIFFRACTION,MTL|ZN|ACT|HEM|H4B|DP2,NULL,135398654|32051|6251|175|5288100,P29476,24598,15122883,10.1021/bi0361867
1.95,1RS7,Rat neuronal NOS heme domain with D-phenylalanine-D-nitroarginine amide bound,X-RAY DIFFRACTION,MTL|ZN|ACT|H4B|HEM|D7P,NULL,5288020|135398654|32051|6251|175,P29476,24598,15122883,10.1021/bi0361867
1.95,3N62,"Structure of neuronal nitric oxide synthase D597N mutant heme domain in complex with 6,6'-(2,2'-(pyridine-3,5-diyl)bis(ethane-2,1-diyl))bis(4-methylpyridin-2-amine)",X-RAY DIFFRACTION,MTL|CL|ACT|HEM|ZN|H4B|XFJ,NULL,32051|135398654|6251|312|175|46847260,P29476,24598,21138269,10.1021/bi1013479
2,4D39,Structure of bovine endothelial nitric oxide synthase heme domain in complex with2-(2-(1H-imidazol-1-yl)pyrimidin-4-yl)-N-(3-cyanobenzyl) ethan-1-amine,X-RAY DIFFRACTION,MTL|ZN|ACT|H4B|HEM|GOL|OLW,NULL,118656539|753|135398654|32051|6251|175,P29473,NULL,25489882,10.1021/jm501719e
2.087,4D33,"Structure of bovine endothelial nitric oxide synthase heme domain in complex with (N1-(2-(1H-imidazol-1-yl)pyrimidin-4-yl)-N2-(3- fluorophenethyl)ethane-1,2-diamine",X-RAY DIFFRACTION,6J0|BME|MTL|ZN|ACT|H4B|HEM|GOL,NULL,753|1567|32051|135398654|6251|118656538|175,P29473,NULL,25489882,10.1021/jm501719e
