﻿id,cid,dsn,cmpdname,srccmpd,srccmpdname,srccmpdurl,srctarget,srctargetname,srctargeturl,protacxn,protname,geneid,genename,taxid,taxname,action,actname,actvalue,evids,evurls,pmids,dois,citations
   509250,6293,DGIdb,Alizarin,NULL,ATHRAQUINONES A,https://www.dgidb.org/drugs/ATHRAQUINONES A,NULL,FEN1,https://www.dgidb.org/genes/FEN1,NULL,NULL,2237,FEN1,9606,Homo sapiens (human),NULL,NULL,NULL,NULL,NULL,NULL,NULL,NULL
537678,6293,DGIdb,Alizarin,NULL,ATHRAQUINONES A,https://www.dgidb.org/drugs/ATHRAQUINONES A,NULL,POLH,https://www.dgidb.org/genes/POLH,NULL,NULL,5429,POLH,9606,Homo sapiens (human),NULL,NULL,NULL,NULL,NULL,NULL,NULL,NULL
537679,6293,DGIdb,Alizarin,NULL,ATHRAQUINONES A,https://www.dgidb.org/drugs/ATHRAQUINONES A,NULL,HPGD,https://www.dgidb.org/genes/HPGD,NULL,NULL,3248,HPGD,9606,Homo sapiens (human),NULL,NULL,NULL,NULL,NULL,NULL,NULL,NULL
549572,6293,DGIdb,Alizarin,NULL,ATHRAQUINONES A,https://www.dgidb.org/drugs/ATHRAQUINONES A,NULL,HSD17B10,https://www.dgidb.org/genes/HSD17B10,NULL,NULL,3028,HSD17B10,9606,Homo sapiens (human),NULL,NULL,NULL,NULL,NULL,NULL,NULL,NULL
557073,6293,DGIdb,Alizarin,NULL,ATHRAQUINONES A,https://www.dgidb.org/drugs/ATHRAQUINONES A,NULL,MAPT,https://www.dgidb.org/genes/MAPT,NULL,NULL,4137,MAPT,9606,Homo sapiens (human),NULL,NULL,NULL,NULL,NULL,NULL,NULL,NULL
645601,6293,DGIdb,Alizarin,NULL,ATHRAQUINONES A,https://www.dgidb.org/drugs/ATHRAQUINONES A,NULL,KDM4E,https://www.dgidb.org/genes/KDM4E,NULL,NULL,390245,KDM4E,9606,Homo sapiens (human),NULL,NULL,NULL,NULL,NULL,NULL,NULL,NULL
645602,6293,DGIdb,Alizarin,NULL,ATHRAQUINONES A,https://www.dgidb.org/drugs/ATHRAQUINONES A,NULL,ALOX15,https://www.dgidb.org/genes/ALOX15,NULL,NULL,246,ALOX15,9606,Homo sapiens (human),NULL,NULL,NULL,NULL,NULL,NULL,NULL,NULL
645603,6293,DGIdb,Alizarin,NULL,ATHRAQUINONES A,https://www.dgidb.org/drugs/ATHRAQUINONES A,NULL,CBX1,https://www.dgidb.org/genes/CBX1,NULL,NULL,10951,CBX1,9606,Homo sapiens (human),NULL,NULL,NULL,NULL,NULL,NULL,NULL,NULL
737576,6293,DGIdb,Alizarin,NULL,ATHRAQUINONES A,https://www.dgidb.org/drugs/ATHRAQUINONES A,NULL,CYP3A4,https://www.dgidb.org/genes/CYP3A4,NULL,NULL,1576,CYP3A4,9606,Homo sapiens (human),NULL,NULL,NULL,NULL,NULL,NULL,NULL,NULL
737577,6293,DGIdb,Alizarin,NULL,ATHRAQUINONES A,https://www.dgidb.org/drugs/ATHRAQUINONES A,NULL,KDM4A,https://www.dgidb.org/genes/KDM4A,NULL,NULL,9682,KDM4A,9606,Homo sapiens (human),NULL,NULL,NULL,NULL,NULL,NULL,NULL,NULL
1595363,6293,CTD,Alizarin,C010078,alizarin,https://ctdbase.org/detail.go?type=chem&acc=C010078,54577,UGT1A7,https://ctdbase.org/detail.go?type=gene&acc=54577,NULL,NULL,54577,UGT1A7,9606,Homo sapiens (human),UGT1A7 protein results in increased glucuronidation of alizarin,NULL,NULL,PMID:14557274,https://www.ncbi.nlm.nih.gov/pubmed/14557274,14557274,NULL,NULL
1595364,6293,CTD,Alizarin,C010078,alizarin,https://ctdbase.org/detail.go?type=chem&acc=C010078,54576,UGT1A8,https://ctdbase.org/detail.go?type=gene&acc=54576,NULL,NULL,54576,UGT1A8,9606,Homo sapiens (human),UGT1A8 protein results in increased glucuronidation of alizarin,NULL,NULL,PMID:14557274,https://www.ncbi.nlm.nih.gov/pubmed/14557274,14557274,NULL,NULL
1595365,6293,CTD,Alizarin,C010078,alizarin,https://ctdbase.org/detail.go?type=chem&acc=C010078,54600,UGT1A9,https://ctdbase.org/detail.go?type=gene&acc=54600,NULL,NULL,54600,UGT1A9,9606,Homo sapiens (human),UGT1A9 protein results in increased glucuronidation of alizarin,NULL,NULL,PMID:14557274,https://www.ncbi.nlm.nih.gov/pubmed/14557274,14557274,NULL,NULL
1595366,6293,CTD,Alizarin,C010078,alizarin,https://ctdbase.org/detail.go?type=chem&acc=C010078,7366,UGT2B15,https://ctdbase.org/detail.go?type=gene&acc=7366,NULL,NULL,7366,UGT2B15,9606,Homo sapiens (human),UGT2B15 protein results in increased metabolism of alizarin,NULL,NULL,PMID:7835232,https://www.ncbi.nlm.nih.gov/pubmed/7835232,7835232,NULL,NULL
1595367,6293,CTD,Alizarin,C010078,alizarin,https://ctdbase.org/detail.go?type=chem&acc=C010078,7366,UGT2B15,https://ctdbase.org/detail.go?type=gene&acc=7366,NULL,NULL,7366,UGT2B15,10116,Rattus norvegicus (Norway rat),UGT2B15 protein results in increased metabolism of alizarin,NULL,NULL,PMID:7574722,https://www.ncbi.nlm.nih.gov/pubmed/7574722,7574722,NULL,NULL
1622579,6293,CTD,Alizarin,C010078,alizarin,https://ctdbase.org/detail.go?type=chem&acc=C010078,196,AHR,https://ctdbase.org/detail.go?type=gene&acc=196,NULL,NULL,196,AHR,9606,Homo sapiens (human),Alizarin inhibits the reaction [tetrachlorodibenzodioxin results in increased activity of AHR protein],NULL,NULL,PMID:14646185,https://www.ncbi.nlm.nih.gov/pubmed/14646185,14646185,NULL,NULL
1622772,6293,CTD,Alizarin,C010078,alizarin,https://ctdbase.org/detail.go?type=chem&acc=C010078,1543,CYP1A1,https://ctdbase.org/detail.go?type=gene&acc=1543,NULL,NULL,1543,CYP1A1,9606,Homo sapiens (human),Alizarin results in decreased activity of CYP1A1 protein,NULL,NULL,PMID:12379470,https://www.ncbi.nlm.nih.gov/pubmed/12379470,12379470,NULL,NULL
1622773,6293,CTD,Alizarin,C010078,alizarin,https://ctdbase.org/detail.go?type=chem&acc=C010078,1544,CYP1A2,https://ctdbase.org/detail.go?type=gene&acc=1544,NULL,NULL,1544,CYP1A2,9606,Homo sapiens (human),Alizarin results in decreased activity of CYP1A2 protein,NULL,NULL,PMID:12379470,https://www.ncbi.nlm.nih.gov/pubmed/12379470,12379470,NULL,NULL
1622774,6293,CTD,Alizarin,C010078,alizarin,https://ctdbase.org/detail.go?type=chem&acc=C010078,1545,CYP1B1,https://ctdbase.org/detail.go?type=gene&acc=1545,NULL,NULL,1545,CYP1B1,9606,Homo sapiens (human),Alizarin results in decreased activity of CYP1B1 protein,NULL,NULL,PMID:12379470,https://www.ncbi.nlm.nih.gov/pubmed/12379470,12379470,NULL,NULL
1622775,6293,CTD,Alizarin,C010078,alizarin,https://ctdbase.org/detail.go?type=chem&acc=C010078,1548,CYP2A6,https://ctdbase.org/detail.go?type=gene&acc=1548,NULL,NULL,1548,CYP2A6,9606,Homo sapiens (human),Alizarin results in decreased activity of CYP2A6 protein,NULL,NULL,PMID:12379470,https://www.ncbi.nlm.nih.gov/pubmed/12379470,12379470,NULL,NULL
1622776,6293,CTD,Alizarin,C010078,alizarin,https://ctdbase.org/detail.go?type=chem&acc=C010078,1571,CYP2E1,https://ctdbase.org/detail.go?type=gene&acc=1571,NULL,NULL,1571,CYP2E1,9606,Homo sapiens (human),Alizarin results in decreased activity of CYP2E1 protein,NULL,NULL,PMID:12379470,https://www.ncbi.nlm.nih.gov/pubmed/12379470,12379470,NULL,NULL
1622777,6293,CTD,Alizarin,C010078,alizarin,https://ctdbase.org/detail.go?type=chem&acc=C010078,2099,ESR1,https://ctdbase.org/detail.go?type=gene&acc=2099,NULL,NULL,2099,ESR1,9606,Homo sapiens (human),Alizarin binds to and results in increased activity of ESR1 protein,NULL,NULL,PMID:20707409,https://www.ncbi.nlm.nih.gov/pubmed/20707409,20707409,NULL,NULL
1622778,6293,CTD,Alizarin,C010078,alizarin,https://ctdbase.org/detail.go?type=chem&acc=C010078,5594,MAPK1,https://ctdbase.org/detail.go?type=gene&acc=5594,NULL,NULL,5594,MAPK1,9606,Homo sapiens (human),Alizarin inhibits the reaction [benzo(a)pyrene results in increased phosphorylation of MAPK1 protein],NULL,NULL,PMID:33421718,https://www.ncbi.nlm.nih.gov/pubmed/33421718,33421718,NULL,NULL
1622779,6293,CTD,Alizarin,C010078,alizarin,https://ctdbase.org/detail.go?type=chem&acc=C010078,5595,MAPK3,https://ctdbase.org/detail.go?type=gene&acc=5595,NULL,NULL,5595,MAPK3,9606,Homo sapiens (human),Alizarin inhibits the reaction [benzo(a)pyrene results in increased phosphorylation of MAPK3 protein],NULL,NULL,PMID:33421718,https://www.ncbi.nlm.nih.gov/pubmed/33421718,33421718,NULL,NULL
1622780,6293,CTD,Alizarin,C010078,alizarin,https://ctdbase.org/detail.go?type=chem&acc=C010078,4586,MUC5AC,https://ctdbase.org/detail.go?type=gene&acc=4586,NULL,NULL,4586,MUC5AC,9606,Homo sapiens (human),Alizarin inhibits the reaction [benzo(a)pyrene results in increased expression of MUC5AC protein]|alizarin inhibits the reaction [benzo(a)pyrene results in increased expression of MUC5AC mrna],NULL,NULL,PMID:33421718,https://www.ncbi.nlm.nih.gov/pubmed/33421718,33421718,NULL,NULL
1622781,6293,CTD,Alizarin,C010078,alizarin,https://ctdbase.org/detail.go?type=chem&acc=C010078,9,NAT1,https://ctdbase.org/detail.go?type=gene&acc=9,NULL,NULL,9,NAT1,9606,Homo sapiens (human),Alizarin results in decreased activity of NAT1 protein,NULL,NULL,PMID:34783865,https://www.ncbi.nlm.nih.gov/pubmed/34783865,34783865,NULL,NULL
1622782,6293,CTD,Alizarin,C010078,alizarin,https://ctdbase.org/detail.go?type=chem&acc=C010078,54658,UGT1A1,https://ctdbase.org/detail.go?type=gene&acc=54658,NULL,NULL,54658,UGT1A1,9606,Homo sapiens (human),UGT1A1 protein results in increased glucuronidation of alizarin,NULL,NULL,PMID:14557274,https://www.ncbi.nlm.nih.gov/pubmed/14557274,14557274,NULL,NULL
1622868,6293,CTD,Alizarin,C010078,alizarin,https://ctdbase.org/detail.go?type=chem&acc=C010078,54575,UGT1A10,https://ctdbase.org/detail.go?type=gene&acc=54575,NULL,NULL,54575,UGT1A10,9606,Homo sapiens (human),UGT1A10 protein results in increased glucuronidation of alizarin,NULL,NULL,PMID:14557274,https://www.ncbi.nlm.nih.gov/pubmed/14557274,14557274,NULL,NULL
