﻿id,cid,dsn,cmpdname,srccmpd,srccmpdname,srccmpdurl,srctarget,srctargetname,srctargeturl,protacxn,protname,geneid,genename,taxid,taxname,action,actname,actvalue,evids,evurls,pmids,dois,citations
   79668,5978,DGIdb,Vincristine,NULL,VINCRISTINE,https://www.dgidb.org/drugs/VINCRISTINE,NULL,AR,https://www.dgidb.org/genes/AR,NULL,NULL,367,AR,9606,Homo sapiens (human),NULL,NULL,NULL,NULL,NULL,NULL,NULL,NULL
79669,5978,DGIdb,Vincristine,NULL,VINCRISTINE,https://www.dgidb.org/drugs/VINCRISTINE,NULL,TYMS,https://www.dgidb.org/genes/TYMS,NULL,NULL,7298,TYMS,9606,Homo sapiens (human),NULL,NULL,NULL,PMID:2804079,https://www.ncbi.nlm.nih.gov/pubmed/2804079,2804079,NULL,NULL
79848,5978,DGIdb,Vincristine,NULL,VINCRISTINE,https://www.dgidb.org/drugs/VINCRISTINE,NULL,TUBA1A,https://www.dgidb.org/genes/TUBA1A,NULL,NULL,7846,TUBA1A,9606,Homo sapiens (human),NULL,NULL,NULL,PMID:16539377|PMID:21664138|PMID:23916255,https://www.ncbi.nlm.nih.gov/pubmed/16539377|https://www.ncbi.nlm.nih.gov/pubmed/21664138|https://www.ncbi.nlm.nih.gov/pubmed/23916255,16539377|21664138|23916255,NULL,NULL
79849,5978,DGIdb,Vincristine,NULL,VINCRISTINE,https://www.dgidb.org/drugs/VINCRISTINE,NULL,SRI,https://www.dgidb.org/genes/SRI,NULL,NULL,6717,SRI,9606,Homo sapiens (human),NULL,NULL,NULL,PMID:1975203,https://www.ncbi.nlm.nih.gov/pubmed/1975203,1975203,NULL,NULL
79850,5978,DGIdb,Vincristine,NULL,VINCRISTINE,https://www.dgidb.org/drugs/VINCRISTINE,NULL,TUBB2A,https://www.dgidb.org/genes/TUBB2A,NULL,NULL,7280,TUBB2A,9606,Homo sapiens (human),NULL,NULL,NULL,PMID:16539377|PMID:21664138|PMID:23916255,https://www.ncbi.nlm.nih.gov/pubmed/16539377|https://www.ncbi.nlm.nih.gov/pubmed/21664138|https://www.ncbi.nlm.nih.gov/pubmed/23916255,16539377|21664138|23916255,NULL,NULL
79851,5978,DGIdb,Vincristine,NULL,VINCRISTINE,https://www.dgidb.org/drugs/VINCRISTINE,NULL,ABL1,https://www.dgidb.org/genes/ABL1,NULL,NULL,25,ABL1,9606,Homo sapiens (human),NULL,NULL,NULL,NULL,NULL,NULL,NULL,NULL
79852,5978,DGIdb,Vincristine,NULL,VINCRISTINE,https://www.dgidb.org/drugs/VINCRISTINE,NULL,CAPG,https://www.dgidb.org/genes/CAPG,NULL,NULL,822,CAPG,9606,Homo sapiens (human),NULL,NULL,NULL,NULL,NULL,NULL,NULL,NULL
79853,5978,DGIdb,Vincristine,NULL,VINCRISTINE,https://www.dgidb.org/drugs/VINCRISTINE,NULL,CXCL12,https://www.dgidb.org/genes/CXCL12,NULL,NULL,6387,CXCL12,9606,Homo sapiens (human),NULL,NULL,NULL,PMID:27173875,https://www.ncbi.nlm.nih.gov/pubmed/27173875,27173875,NULL,NULL
79854,5978,DGIdb,Vincristine,NULL,VINCRISTINE,https://www.dgidb.org/drugs/VINCRISTINE,NULL,TUBB4B,https://www.dgidb.org/genes/TUBB4B,NULL,NULL,10383,TUBB4B,9606,Homo sapiens (human),NULL,NULL,NULL,PMID:16539377|PMID:21664138|PMID:23916255,https://www.ncbi.nlm.nih.gov/pubmed/16539377|https://www.ncbi.nlm.nih.gov/pubmed/21664138|https://www.ncbi.nlm.nih.gov/pubmed/23916255,16539377|21664138|23916255,NULL,NULL
79855,5978,DGIdb,Vincristine,NULL,VINCRISTINE,https://www.dgidb.org/drugs/VINCRISTINE,NULL,NRG1,https://www.dgidb.org/genes/NRG1,NULL,NULL,3084,NRG1,9606,Homo sapiens (human),NULL,NULL,NULL,PMID:17999741,https://www.ncbi.nlm.nih.gov/pubmed/17999741,17999741,NULL,NULL
379267,5978,Guide to PHARMACOLOGY,Vincristine,6785,vincristine,https://www.guidetopharmacology.org/GRAC/LigandDisplayForward?ligandId=6785,2640,tubulin beta class I,https://guidetopharmacology.org/GRAC/ObjectDisplayForward?objectId=2640,P07437,Tubulin beta chain,203068,TUBB,9606,Homo sapiens (human),Inhibition,NULL,9,NULL,NULL,NULL,NULL,NULL
421739,5978,DGIdb,Vincristine,NULL,VINCRISTINE,https://www.dgidb.org/drugs/VINCRISTINE,NULL,DROSHA,https://www.dgidb.org/genes/DROSHA,NULL,NULL,29102,DROSHA,9606,Homo sapiens (human),NULL,NULL,NULL,PMID:24614921,https://www.ncbi.nlm.nih.gov/pubmed/24614921,24614921,NULL,NULL
495280,5978,T3DB,Vincristine,T3D4016,Vincristine,http://www.t3db.ca/toxins/T3D4016,BE0000143,Tubulin beta chain,http://www.t3db.ca/biodb/bio_entities/BE0000143,P07437,Tubulin beta chain,203068,TUBB,9606,Homo sapiens (human),NULL,NULL,NULL,PMID:17139284|PMID:17016423|PMID:19277662|PMID:20442307,https://www.ncbi.nlm.nih.gov/pubmed/17139284|https://www.ncbi.nlm.nih.gov/pubmed/17016423|https://www.ncbi.nlm.nih.gov/pubmed/19277662|https://www.ncbi.nlm.nih.gov/pubmed/20442307,17139284|17016423|19277662|20442307,NULL,NULL
495281,5978,T3DB,Vincristine,T3D4016,Vincristine,http://www.t3db.ca/toxins/T3D4016,BE0001391,Tubulin alpha-4A chain,http://www.t3db.ca/biodb/bio_entities/BE0001391,P68366,Tubulin alpha-4A chain,7277,TUBA4A,9606,Homo sapiens (human),NULL,NULL,NULL,PMID:20442307|PMID:20691709|PMID:11168494,https://www.ncbi.nlm.nih.gov/pubmed/20442307|https://www.ncbi.nlm.nih.gov/pubmed/20691709|https://www.ncbi.nlm.nih.gov/pubmed/11168494,20442307|20691709|11168494,NULL,NULL
495282,5978,T3DB,Vincristine,T3D4016,Vincristine,http://www.t3db.ca/toxins/T3D4016,BE0001069,Canalicular multispecific organic anion transporter 1,http://www.t3db.ca/biodb/bio_entities/BE0001069,Q92887,Canalicular multispecific organic anion transporter 1,1244,ABCC2,9606,Homo sapiens (human),NULL,NULL,NULL,PMID:12134946,https://www.ncbi.nlm.nih.gov/pubmed/12134946,12134946,NULL,NULL
495283,5978,T3DB,Vincristine,T3D4016,Vincristine,http://www.t3db.ca/toxins/T3D4016,BE0001032,Multidrug resistance protein 1,http://www.t3db.ca/biodb/bio_entities/BE0001032,P08183,ATP-dependent translocase ABCB1,5243,ABCB1,9606,Homo sapiens (human),NULL,NULL,NULL,PMID:12134945,https://www.ncbi.nlm.nih.gov/pubmed/12134945,12134945,NULL,NULL
495284,5978,T3DB,Vincristine,T3D4016,Vincristine,http://www.t3db.ca/toxins/T3D4016,BE0000785,Multidrug resistance-associated protein 1,http://www.t3db.ca/biodb/bio_entities/BE0000785,P33527,Multidrug resistance-associated protein 1 ,4363,ABCC1,9606,Homo sapiens (human),NULL,NULL,NULL,PMID:8621644,https://www.ncbi.nlm.nih.gov/pubmed/8621644,8621644,NULL,NULL
495285,5978,T3DB,Vincristine,T3D4016,Vincristine,http://www.t3db.ca/toxins/T3D4016,BE0001004,Solute carrier organic anion transporter family member 1B1,http://www.t3db.ca/biodb/bio_entities/BE0001004,Q9Y6L6,Solute carrier organic anion transporter family member 1B1,10599,SLCO1B1,9606,Homo sapiens (human),NULL,NULL,NULL,PMID:22541068,https://www.ncbi.nlm.nih.gov/pubmed/22541068,22541068,NULL,NULL
495286,5978,T3DB,Vincristine,T3D4016,Vincristine,http://www.t3db.ca/toxins/T3D4016,BE0003659,Solute carrier organic anion transporter family member 1B3,http://www.t3db.ca/biodb/bio_entities/BE0003659,Q9NPD5,Solute carrier organic anion transporter family member 1B3,28234,SLCO1B3,9606,Homo sapiens (human),NULL,NULL,NULL,PMID:22541068,https://www.ncbi.nlm.nih.gov/pubmed/22541068,22541068,NULL,NULL
507587,5978,DGIdb,Vincristine,NULL,VINCRISTINE,https://www.dgidb.org/drugs/VINCRISTINE,NULL,TUBB3,https://www.dgidb.org/genes/TUBB3,NULL,NULL,10381,TUBB3,9606,Homo sapiens (human),NULL,NULL,NULL,PMID:16539377|PMID:21664138|PMID:23916255,https://www.ncbi.nlm.nih.gov/pubmed/16539377|https://www.ncbi.nlm.nih.gov/pubmed/21664138|https://www.ncbi.nlm.nih.gov/pubmed/23916255,16539377|21664138|23916255,NULL,NULL
507588,5978,DGIdb,Vincristine,NULL,VINCRISTINE,https://www.dgidb.org/drugs/VINCRISTINE,NULL,ATRX,https://www.dgidb.org/genes/ATRX,NULL,NULL,546,ATRX,9606,Homo sapiens (human),NULL,NULL,NULL,PMID:23904111,https://www.ncbi.nlm.nih.gov/pubmed/23904111,23904111,NULL,NULL
507589,5978,DGIdb,Vincristine,NULL,VINCRISTINE,https://www.dgidb.org/drugs/VINCRISTINE,NULL,PIK3CA,https://www.dgidb.org/genes/PIK3CA,NULL,NULL,5290,PIK3CA,9606,Homo sapiens (human),NULL,NULL,NULL,PMID:12874004,https://www.ncbi.nlm.nih.gov/pubmed/12874004,12874004,NULL,NULL
507590,5978,DGIdb,Vincristine,NULL,VINCRISTINE,https://www.dgidb.org/drugs/VINCRISTINE,NULL,PIK3CG,https://www.dgidb.org/genes/PIK3CG,NULL,NULL,5294,PIK3CG,9606,Homo sapiens (human),NULL,NULL,NULL,PMID:17363506|PMID:12874004,https://www.ncbi.nlm.nih.gov/pubmed/17363506|https://www.ncbi.nlm.nih.gov/pubmed/12874004,17363506|12874004,NULL,NULL
507591,5978,DGIdb,Vincristine,NULL,VINCRISTINE,https://www.dgidb.org/drugs/VINCRISTINE,NULL,TUBA1B,https://www.dgidb.org/genes/TUBA1B,NULL,NULL,10376,TUBA1B,9606,Homo sapiens (human),NULL,NULL,NULL,PMID:16539377|PMID:21664138|PMID:23916255,https://www.ncbi.nlm.nih.gov/pubmed/16539377|https://www.ncbi.nlm.nih.gov/pubmed/21664138|https://www.ncbi.nlm.nih.gov/pubmed/23916255,16539377|21664138|23916255,NULL,NULL
507592,5978,DGIdb,Vincristine,NULL,VINCRISTINE,https://www.dgidb.org/drugs/VINCRISTINE,NULL,TUBA4A,https://www.dgidb.org/genes/TUBA4A,NULL,NULL,7277,TUBA4A,9606,Homo sapiens (human),NULL,NULL,NULL,NULL,NULL,NULL,NULL,NULL
511899,5978,DGIdb,Vincristine,NULL,VINCRISTINE,https://www.dgidb.org/drugs/VINCRISTINE,NULL,CP,https://www.dgidb.org/genes/CP,NULL,NULL,1356,CP,9606,Homo sapiens (human),NULL,NULL,NULL,PMID:9392881,https://www.ncbi.nlm.nih.gov/pubmed/9392881,9392881,NULL,NULL
511900,5978,DGIdb,Vincristine,NULL,VINCRISTINE,https://www.dgidb.org/drugs/VINCRISTINE,NULL,ABCB4,https://www.dgidb.org/genes/ABCB4,NULL,NULL,5244,ABCB4,9606,Homo sapiens (human),NULL,NULL,NULL,PMID:1673638,https://www.ncbi.nlm.nih.gov/pubmed/1673638,1673638,NULL,NULL
512089,5978,DGIdb,Vincristine,NULL,VINCRISTINE,https://www.dgidb.org/drugs/VINCRISTINE,NULL,VWF,https://www.dgidb.org/genes/VWF,NULL,NULL,7450,VWF,9606,Homo sapiens (human),NULL,NULL,NULL,PMID:3875694,https://www.ncbi.nlm.nih.gov/pubmed/3875694,3875694,NULL,NULL
512090,5978,DGIdb,Vincristine,NULL,VINCRISTINE,https://www.dgidb.org/drugs/VINCRISTINE,NULL,SMAD3,https://www.dgidb.org/genes/SMAD3,NULL,NULL,4088,SMAD3,9606,Homo sapiens (human),NULL,NULL,NULL,NULL,NULL,NULL,NULL,NULL
512091,5978,DGIdb,Vincristine,NULL,VINCRISTINE,https://www.dgidb.org/drugs/VINCRISTINE,NULL,NTF3,https://www.dgidb.org/genes/NTF3,NULL,NULL,4908,NTF3,9606,Homo sapiens (human),NULL,NULL,NULL,PMID:11378165,https://www.ncbi.nlm.nih.gov/pubmed/11378165,11378165,NULL,NULL
512092,5978,DGIdb,Vincristine,NULL,VINCRISTINE,https://www.dgidb.org/drugs/VINCRISTINE,NULL,AFP,https://www.dgidb.org/genes/AFP,NULL,NULL,174,AFP,9606,Homo sapiens (human),NULL,NULL,NULL,PMID:15770640,https://www.ncbi.nlm.nih.gov/pubmed/15770640,15770640,NULL,NULL
513394,5978,DGIdb,Vincristine,NULL,VINCRISTINE,https://www.dgidb.org/drugs/VINCRISTINE,NULL,TUBA4A,https://www.dgidb.org/genes/TUBA4A,NULL,NULL,7277,TUBA4A,9606,Homo sapiens (human),NULL,NULL,NULL,PMID:16539377|PMID:21664138|PMID:23916255,https://www.ncbi.nlm.nih.gov/pubmed/16539377|https://www.ncbi.nlm.nih.gov/pubmed/21664138|https://www.ncbi.nlm.nih.gov/pubmed/23916255,16539377|21664138|23916255,NULL,NULL
513395,5978,DGIdb,Vincristine,NULL,VINCRISTINE,https://www.dgidb.org/drugs/VINCRISTINE,NULL,ABCC3,https://www.dgidb.org/genes/ABCC3,NULL,NULL,8714,ABCC3,9606,Homo sapiens (human),NULL,NULL,NULL,PMID:22016816,https://www.ncbi.nlm.nih.gov/pubmed/22016816,22016816,NULL,NULL
518291,5978,DGIdb,Vincristine,NULL,VINCRISTINE,https://www.dgidb.org/drugs/VINCRISTINE,NULL,CYP3A5,https://www.dgidb.org/genes/CYP3A5,NULL,NULL,1577,CYP3A5,9606,Homo sapiens (human),NULL,NULL,NULL,NULL,NULL,NULL,NULL,NULL
518292,5978,DGIdb,Vincristine,NULL,VINCRISTINE,https://www.dgidb.org/drugs/VINCRISTINE,NULL,NR1I2,https://www.dgidb.org/genes/NR1I2,NULL,NULL,8856,NR1I2,9606,Homo sapiens (human),NULL,NULL,NULL,NULL,NULL,NULL,NULL,NULL
518293,5978,DGIdb,Vincristine,NULL,VINCRISTINE,https://www.dgidb.org/drugs/VINCRISTINE,NULL,LINC00251,https://www.dgidb.org/genes/LINC00251,NULL,NULL,552859,LINC00251,9606,Homo sapiens (human),NULL,NULL,NULL,PMID:26590194,https://www.ncbi.nlm.nih.gov/pubmed/26590194,26590194,NULL,NULL
518294,5978,DGIdb,Vincristine,NULL,VINCRISTINE,https://www.dgidb.org/drugs/VINCRISTINE,NULL,TUBB8,https://www.dgidb.org/genes/TUBB8,NULL,NULL,347688,TUBB8,9606,Homo sapiens (human),NULL,NULL,NULL,PMID:16539377|PMID:21664138|PMID:23916255,https://www.ncbi.nlm.nih.gov/pubmed/16539377|https://www.ncbi.nlm.nih.gov/pubmed/21664138|https://www.ncbi.nlm.nih.gov/pubmed/23916255,16539377|21664138|23916255,NULL,NULL
518295,5978,DGIdb,Vincristine,NULL,VINCRISTINE,https://www.dgidb.org/drugs/VINCRISTINE,NULL,BMP7,https://www.dgidb.org/genes/BMP7,NULL,NULL,655,BMP7,9606,Homo sapiens (human),NULL,NULL,NULL,PMID:26590194,https://www.ncbi.nlm.nih.gov/pubmed/26590194,26590194,NULL,NULL
518296,5978,DGIdb,Vincristine,NULL,VINCRISTINE,https://www.dgidb.org/drugs/VINCRISTINE,NULL,TUBB,https://www.dgidb.org/genes/TUBB,NULL,NULL,203068,TUBB,9606,Homo sapiens (human),NULL,NULL,NULL,NULL,NULL,NULL,NULL,NULL
518297,5978,DGIdb,Vincristine,NULL,VINCRISTINE,https://www.dgidb.org/drugs/VINCRISTINE,NULL,DOK5,https://www.dgidb.org/genes/DOK5,NULL,NULL,55816,DOK5,9606,Homo sapiens (human),NULL,NULL,NULL,PMID:26590194,https://www.ncbi.nlm.nih.gov/pubmed/26590194,26590194,NULL,NULL
530850,5978,DGIdb,Vincristine,NULL,VINCRISTINE,https://www.dgidb.org/drugs/VINCRISTINE,NULL,TUBB4A,https://www.dgidb.org/genes/TUBB4A,NULL,NULL,10382,TUBB4A,9606,Homo sapiens (human),NULL,NULL,NULL,PMID:16539377|PMID:21664138|PMID:23916255,https://www.ncbi.nlm.nih.gov/pubmed/16539377|https://www.ncbi.nlm.nih.gov/pubmed/21664138|https://www.ncbi.nlm.nih.gov/pubmed/23916255,16539377|21664138|23916255,NULL,NULL
530851,5978,DGIdb,Vincristine,NULL,VINCRISTINE,https://www.dgidb.org/drugs/VINCRISTINE,NULL,GATA3,https://www.dgidb.org/genes/GATA3,NULL,NULL,2625,GATA3,9606,Homo sapiens (human),NULL,NULL,NULL,PMID:24141364,https://www.ncbi.nlm.nih.gov/pubmed/24141364,24141364,NULL,NULL
530852,5978,DGIdb,Vincristine,NULL,VINCRISTINE,https://www.dgidb.org/drugs/VINCRISTINE,NULL,TUBB6,https://www.dgidb.org/genes/TUBB6,NULL,NULL,84617,TUBB6,9606,Homo sapiens (human),NULL,NULL,NULL,PMID:16539377|PMID:21664138|PMID:23916255,https://www.ncbi.nlm.nih.gov/pubmed/16539377|https://www.ncbi.nlm.nih.gov/pubmed/21664138|https://www.ncbi.nlm.nih.gov/pubmed/23916255,16539377|21664138|23916255,NULL,NULL
546238,5978,DGIdb,Vincristine,NULL,VINCRISTINE,https://www.dgidb.org/drugs/VINCRISTINE,NULL,FGF2,https://www.dgidb.org/genes/FGF2,NULL,NULL,2247,FGF2,9606,Homo sapiens (human),NULL,NULL,NULL,PMID:8988045,https://www.ncbi.nlm.nih.gov/pubmed/8988045,8988045,NULL,NULL
546239,5978,DGIdb,Vincristine,NULL,VINCRISTINE,https://www.dgidb.org/drugs/VINCRISTINE,NULL,TUBB1,https://www.dgidb.org/genes/TUBB1,NULL,NULL,81027,TUBB1,9606,Homo sapiens (human),NULL,NULL,NULL,PMID:16539377|PMID:21664138|PMID:23916255,https://www.ncbi.nlm.nih.gov/pubmed/16539377|https://www.ncbi.nlm.nih.gov/pubmed/21664138|https://www.ncbi.nlm.nih.gov/pubmed/23916255,16539377|21664138|23916255,NULL,NULL
546240,5978,DGIdb,Vincristine,NULL,VINCRISTINE,https://www.dgidb.org/drugs/VINCRISTINE,NULL,ABL1,https://www.dgidb.org/genes/ABL1,NULL,NULL,25,ABL1,9606,Homo sapiens (human),NULL,NULL,NULL,NULL,NULL,NULL,NULL,NULL
546241,5978,DGIdb,Vincristine,NULL,VINCRISTINE,https://www.dgidb.org/drugs/VINCRISTINE,NULL,BDNF,https://www.dgidb.org/genes/BDNF,NULL,NULL,627,BDNF,9606,Homo sapiens (human),NULL,NULL,NULL,PMID:15569250,https://www.ncbi.nlm.nih.gov/pubmed/15569250,15569250,NULL,NULL
563355,5978,DGIdb,Vincristine,NULL,VINCRISTINE,https://www.dgidb.org/drugs/VINCRISTINE,NULL,ABCC1,https://www.dgidb.org/genes/ABCC1,NULL,NULL,4363,ABCC1,9606,Homo sapiens (human),NULL,NULL,NULL,NULL,NULL,NULL,NULL,NULL
563356,5978,DGIdb,Vincristine,NULL,VINCRISTINE,https://www.dgidb.org/drugs/VINCRISTINE,NULL,TUBB2A,https://www.dgidb.org/genes/TUBB2A,NULL,NULL,7280,TUBB2A,9606,Homo sapiens (human),NULL,NULL,NULL,NULL,NULL,NULL,NULL,NULL
563357,5978,DGIdb,Vincristine,NULL,VINCRISTINE,https://www.dgidb.org/drugs/VINCRISTINE,NULL,RALBP1,https://www.dgidb.org/genes/RALBP1,NULL,NULL,10928,RALBP1,9606,Homo sapiens (human),NULL,NULL,NULL,PMID:27180762,https://www.ncbi.nlm.nih.gov/pubmed/27180762,27180762,NULL,NULL
563358,5978,DrugBank,Vincristine,DB00541,Vincristine,https://www.drugbank.ca/drugs/DB00541,BE0001032,Multidrug resistance protein 1,https://www.drugbank.ca/bio_entities/BE0001032,P08183,ATP-dependent translocase ABCB1,5243,ABCB1,9606,Homo sapiens (human),Substrate|Inhibitor|Inducer,NULL,NULL,PMID:12490309|PMID:11602674|PMID:12134945|PMID:9862789|PMID:14985103|PMID:12608535|PMID:10617675|PMID:15231674|PMID:19123050|PMID:19427995|PMID:19493273,https://www.ncbi.nlm.nih.gov/pubmed/12490309|https://www.ncbi.nlm.nih.gov/pubmed/11602674|https://www.ncbi.nlm.nih.gov/pubmed/12134945|https://www.ncbi.nlm.nih.gov/pubmed/9862789|https://www.ncbi.nlm.nih.gov/pubmed/14985103|https://www.ncbi.nlm.nih.gov/pubmed/12608535|https://www.ncbi.nlm.nih.gov/pubmed/10617675|https://www.ncbi.nlm.nih.gov/pubmed/15231674|https://www.ncbi.nlm.nih.gov/pubmed/19123050|https://www.ncbi.nlm.nih.gov/pubmed/19427995|https://www.ncbi.nlm.nih.gov/pubmed/19493273,12490309|11602674|12134945|9862789|14985103|12608535|10617675|15231674|19123050|19427995|19493273,NULL,"Arora A, Shukla Y: Modulation of vinca-alkaloid induced P-glycoprotein expression by indole-3-carbinol. Cancer Lett. 2003 Jan 28;189(2):167-73.|Polli JW, Wring SA, Humphreys JE, Huang L, Morgan JB, Webster LO, Serabjit-Singh CS: Rational use of in vitro P-glycoprotein assays in drug discovery. J Pharmacol Exp Ther. 2001 Nov;299(2):620-8.|Tang F, Horie K, Borchardt RT: Are MDCK cells transfected with the human MDR1 gene a good model of the human intestinal mucosa? Pharm Res. 2002 Jun;19(6):765-72.|Doppenschmitt S, Langguth P, Regardh CG, Andersson TB, Hilgendorf C, Spahn-Langguth H: Characterization of binding properties to human P-glycoprotein: development of a [3H]verapamil radioligand-binding assay. J Pharmacol Exp Ther. 1999 Jan;288(1):348-57.|Nagy H, Goda K, Fenyvesi F, Bacso Z, Szilasi M, Kappelmayer J, Lustyik G, Cianfriglia M, Szabo G Jr: Distinct groups of multidrug resistance modulating agents are distinguished by competition of P-glycoprotein-specific antibodies. Biochem Biophys Res Commun. 2004 Mar 19;315(4):942-9.|Li D, Jang SH, Kim J, Wientjes MG, Au JL: Enhanced drug-induced apoptosis associated with P-glycoprotein overexpression is specific to antimicrotubule agents. Pharm Res. 2003 Jan;20(1):45-50.|Lecureur V, Sun D, Hargrove P, Schuetz EG, Kim RB, Lan LB, Schuetz JD: Cloning and expression of murine sister of P-glycoprotein reveals a more discriminating transporter than MDR1/P-glycoprotein. Mol Pharmacol. 2000 Jan;57(1):24-35.|Kuo CC, Hsieh HP, Pan WY, Chen CP, Liou JP, Lee SJ, Chang YL, Chen LT, Chen CT, Chang JY: BPR0L075, a novel synthetic indole compound with antimitotic activity in human cancer cells, exerts effective antitumoral activity in vivo. Cancer Res. 2004 Jul 1;64(13):4621-8.|Woodahl EL, Crouthamel MH, Bui T, Shen DD, Ho RJ: MDR1 (ABCB1) G1199A (Ser400Asn) polymorphism alters transepithelial permeability and sensitivity to anticancer agents. Cancer Chemother Pharmacol. 2009 Jun;64(1):183-8. doi: 10.1007/s00280-008-0906-4. Epub 2009 Jan 4.|Tiwari AK, Sodani K, Wang SR, Kuang YH, Ashby CR Jr, Chen X, Chen ZS: Nilotinib (AMN107, Tasigna) reverses multidrug resistance by inhibiting the activity of the ABCB1/Pgp and ABCG2/BCRP/MXR transporters. Biochem Pharmacol. 2009 Jul 15;78(2):153-61. doi: 10.1016/j.bcp.2009.04.002. Epub 2009 Apr 11.|Noguchi K, Kawahara H, Kaji A, Katayama K, Mitsuhashi J, Sugimoto Y: Substrate-dependent bidirectional modulation of P-glycoprotein-mediated drug resistance by erlotinib. Cancer Sci. 2009 Sep;100(9):1701-7. doi: 10.1111/j.1349-7006.2009.01213.x. Epub 2009 May 12."
563552,5978,DrugBank,Vincristine,DB00541,Vincristine,https://www.drugbank.ca/drugs/DB00541,BE0001061,Canalicular multispecific organic anion transporter 2,https://www.drugbank.ca/bio_entities/BE0001061,O15438,ATP-binding cassette sub-family C member 3,8714,ABCC3,9606,Homo sapiens (human),Inhibitor,NULL,NULL,PMID:11585759,https://www.ncbi.nlm.nih.gov/pubmed/11585759,11585759,NULL,"Zeng H, Chen ZS, Belinsky MG, Rea PA, Kruh GD: Transport of methotrexate (MTX) and folates by multidrug resistance protein (MRP) 3 and MRP1: effect of polyglutamylation on MTX transport. Cancer Res. 2001 Oct 1;61(19):7225-32."
563553,5978,DrugBank,Vincristine,DB00541,Vincristine,https://www.drugbank.ca/drugs/DB00541,BE0003650,Solute carrier family 22 member 3,https://www.drugbank.ca/bio_entities/BE0003650,O75751,Solute carrier family 22 member 3,6581,SLC22A3,9606,Homo sapiens (human),Inhibitor,NULL,NULL,PMID:19190342,https://www.ncbi.nlm.nih.gov/pubmed/19190342,19190342,NULL,"Shnitsar V, Eckardt R, Gupta S, Grottker J, Muller GA, Koepsell H, Burckhardt G, Hagos Y: Expression of human organic cation transporter 3 in kidney carcinoma cell lines increases chemosensitivity to melphalan, irinotecan, and vincristine. Cancer Res. 2009 Feb 15;69(4):1494-501. doi: 10.1158/0008-5472.CAN-08-2483. Epub  2009 Feb 3."
563554,5978,DrugBank,Vincristine,DB00541,Vincristine,https://www.drugbank.ca/drugs/DB00541,BE0000785,Multidrug resistance-associated protein 1,https://www.drugbank.ca/bio_entities/BE0000785,P33527,Multidrug resistance-associated protein 1 ,4363,ABCC1,9606,Homo sapiens (human),Substrate|Inhibitor,NULL,NULL,PMID:8621644|PMID:12657726|PMID:12867490|PMID:9058594|PMID:10188979|PMID:9281595,https://www.ncbi.nlm.nih.gov/pubmed/8621644|https://www.ncbi.nlm.nih.gov/pubmed/12657726|https://www.ncbi.nlm.nih.gov/pubmed/12867490|https://www.ncbi.nlm.nih.gov/pubmed/9058594|https://www.ncbi.nlm.nih.gov/pubmed/10188979|https://www.ncbi.nlm.nih.gov/pubmed/9281595,8621644|12657726|12867490|9058594|10188979|9281595,NULL,"Loe DW, Almquist KC, Cole SP, Deeley RG: ATP-dependent 17 beta-estradiol 17-(beta-D-glucuronide) transport by multidrug resistance protein (MRP). Inhibition by cholestatic steroids. J Biol Chem. 1996 Apr 19;271(16):9683-9.|Godinot N, Iversen PW, Tabas L, Xia X, Williams DC, Dantzig AH, Perry WL 3rd: Cloning and functional characterization of the multidrug resistance-associated protein (MRP1/ABCC1) from the cynomolgus monkey. Mol Cancer Ther. 2003 Mar;2(3):307-16.|Nunoya K, Grant CE, Zhang D, Cole SP, Deeley RG: Molecular cloning and pharmacological characterization of rat multidrug resistance protein 1 (mrp1). Drug Metab Dispos. 2003 Aug;31(8):1016-26.|Sumizawa T, Chen ZS, Chuman Y, Seto K, Furukawa T, Haraguchi M, Tani A, Shudo N, Akiyama SI: Reversal of multidrug resistance-associated protein-mediated drug resistance by the pyridine analog PAK-104P. Mol Pharmacol. 1997 Mar;51(3):399-405.|Renes J, de Vries EG, Nienhuis EF, Jansen PL, Muller M: ATP- and glutathione-dependent transport of chemotherapeutic drugs by the multidrug resistance protein MRP1. Br J Pharmacol. 1999 Feb;126(3):681-8.|Stride BD, Grant CE, Loe DW, Hipfner DR, Cole SP, Deeley RG: Pharmacological characterization of the murine and human orthologs of multidrug-resistance protein in transfected human embryonic kidney cells. Mol Pharmacol. 1997 Sep;52(3):344-53."
563555,5978,DrugBank,Vincristine,DB00541,Vincristine,https://www.drugbank.ca/drugs/DB00541,BE0003651,Multidrug resistance-associated protein 7,https://www.drugbank.ca/bio_entities/BE0003651,Q5T3U5,ATP-binding cassette sub-family C member 10,89845,ABCC10,9606,Homo sapiens (human),Substrate|Inhibitor,NULL,NULL,PMID:12527806|PMID:19118001,https://www.ncbi.nlm.nih.gov/pubmed/12527806|https://www.ncbi.nlm.nih.gov/pubmed/19118001,12527806|19118001,NULL,"Chen ZS, Hopper-Borge E, Belinsky MG, Shchaveleva I, Kotova E, Kruh GD: Characterization of the transport properties of human multidrug resistance protein 7 (MRP7, ABCC10). Mol Pharmacol. 2003 Feb;63(2):351-8.|Hopper-Borge E, Xu X, Shen T, Shi Z, Chen ZS, Kruh GD: Human multidrug resistance protein 7 (ABCC10) is a resistance factor for nucleoside analogues and epothilone B. Cancer Res. 2009 Jan 1;69(1):178-84. doi: 10.1158/0008-5472.CAN-08-1420."
563556,5978,DrugBank,Vincristine,DB00541,Vincristine,https://www.drugbank.ca/drugs/DB00541,BE0001069,Canalicular multispecific organic anion transporter 1,https://www.drugbank.ca/bio_entities/BE0001069,Q92887,Canalicular multispecific organic anion transporter 1,1244,ABCC2,9606,Homo sapiens (human),Substrate|Inhibitor,NULL,NULL,PMID:12134946|PMID:14511674|PMID:2172249|PMID:10570049,https://www.ncbi.nlm.nih.gov/pubmed/12134946|https://www.ncbi.nlm.nih.gov/pubmed/14511674|https://www.ncbi.nlm.nih.gov/pubmed/2172249|https://www.ncbi.nlm.nih.gov/pubmed/10570049,12134946|14511674|2172249|10570049,NULL,"Tang F, Horie K, Borchardt RT: Are MDCK cells transfected with the human MRP2 gene a good model of the human intestinal mucosa? Pharm Res. 2002 Jun;19(6):773-9.|Hong J, Lambert JD, Lee SH, Sinko PJ, Yang CS: Involvement of multidrug resistance-associated proteins in regulating cellular levels of (-)-epigallocatechin-3-gallate and its methyl metabolites. Biochem Biophys Res Commun. 2003 Oct 10;310(1):222-7.|Ishikawa T, Muller M, Klunemann C, Schaub T, Keppler D: ATP-dependent primary active transport of cysteinyl leukotrienes across liver canalicular membrane. Role of the ATP-dependent transport system for glutathione S-conjugates. J Biol Chem. 1990 Nov 5;265(31):19279-86.|Chen ZS, Kawabe T, Ono M, Aoki S, Sumizawa T, Furukawa T, Uchiumi T, Wada M, Kuwano M, Akiyama SI: Effect of multidrug resistance-reversing agents on transporting activity of human canalicular multispecific organic anion transporter. Mol Pharmacol. 1999 Dec;56(6):1219-28."
563722,5978,DrugBank,Vincristine,DB00541,Vincristine,https://www.drugbank.ca/drugs/DB00541,BE0000703,Bile salt export pump,https://www.drugbank.ca/bio_entities/BE0000703,O95342,Bile salt export pump,8647,ABCB11,9606,Homo sapiens (human),Substrate,NULL,NULL,PMID:10617675,https://www.ncbi.nlm.nih.gov/pubmed/10617675,10617675,NULL,"Lecureur V, Sun D, Hargrove P, Schuetz EG, Kim RB, Lan LB, Schuetz JD: Cloning and expression of murine sister of P-glycoprotein reveals a more discriminating transporter than MDR1/P-glycoprotein. Mol Pharmacol. 2000 Jan;57(1):24-35."
563723,5978,DrugBank,Vincristine,DB00541,Vincristine,https://www.drugbank.ca/drugs/DB00541,BE0001067,ATP-binding cassette sub-family G member 2,https://www.drugbank.ca/bio_entities/BE0001067,Q9UNQ0,Broad substrate specificity ATP-binding cassette transporter ABCG2,9429,ABCG2,9606,Homo sapiens (human),Substrate,NULL,NULL,PMID:12649196,https://www.ncbi.nlm.nih.gov/pubmed/12649196,12649196,NULL,"Allen JD, Van Dort SC, Buitelaar M, van Tellingen O, Schinkel AH: Mouse breast cancer resistance protein (Bcrp1/Abcg2) mediates etoposide resistance and transport, but etoposide oral availability is limited primarily by P-glycoprotein. Cancer Res. 2003 Mar 15;63(6):1339-44."
563724,5978,DrugBank,Vincristine,DB00541,Vincristine,https://www.drugbank.ca/drugs/DB00541,BE0004770,RalA-binding protein 1,https://www.drugbank.ca/bio_entities/BE0004770,Q15311,RalA-binding protein 1,10928,RALBP1,9606,Homo sapiens (human),Substrate,NULL,NULL,PMID:17143522,https://www.ncbi.nlm.nih.gov/pubmed/17143522,17143522,NULL,"Drake KJ, Singhal J, Yadav S, Nadkar A, Pungaliya C, Singhal SS, Awasthi S: RALBP1/RLIP76 mediates multidrug resistance. Int J Oncol. 2007 Jan;30(1):139-44."
563725,5978,DrugBank,Vincristine,DB00541,Vincristine,https://www.drugbank.ca/drugs/DB00541,BE0001004,Solute carrier organic anion transporter family member 1B1,https://www.drugbank.ca/bio_entities/BE0001004,Q9Y6L6,Solute carrier organic anion transporter family member 1B1,10599,SLCO1B1,9606,Homo sapiens (human),Inhibitor,NULL,NULL,PMID:22541068,https://www.ncbi.nlm.nih.gov/pubmed/22541068,22541068,NULL,"Karlgren M, Vildhede A, Norinder U, Wisniewski JR, Kimoto E, Lai Y, Haglund U, Artursson P: Classification of inhibitors of hepatic organic anion transporting polypeptides (OATPs): influence of protein expression on drug-drug interactions. J Med Chem. 2012 May 24;55(10):4740-63. doi: 10.1021/jm300212s. Epub 2012 May 15."
563726,5978,DrugBank,Vincristine,DB00541,Vincristine,https://www.drugbank.ca/drugs/DB00541,BE0003659,Solute carrier organic anion transporter family member 1B3,https://www.drugbank.ca/bio_entities/BE0003659,Q9NPD5,Solute carrier organic anion transporter family member 1B3,28234,SLCO1B3,9606,Homo sapiens (human),Inhibitor,NULL,NULL,PMID:22541068,https://www.ncbi.nlm.nih.gov/pubmed/22541068,22541068,NULL,"Karlgren M, Vildhede A, Norinder U, Wisniewski JR, Kimoto E, Lai Y, Haglund U, Artursson P: Classification of inhibitors of hepatic organic anion transporting polypeptides (OATPs): influence of protein expression on drug-drug interactions. J Med Chem. 2012 May 24;55(10):4740-63. doi: 10.1021/jm300212s. Epub 2012 May 15."
563727,5978,DrugBank,Vincristine,DB00541,Vincristine,https://www.drugbank.ca/drugs/DB00541,BE0000143,Tubulin beta chain,https://www.drugbank.ca/bio_entities/BE0000143,P07437,Tubulin beta chain,203068,TUBB,9606,Homo sapiens (human),Inhibitor,NULL,NULL,PMID:17139284|PMID:17016423|PMID:19277662|PMID:20442307,https://www.ncbi.nlm.nih.gov/pubmed/17139284|https://www.ncbi.nlm.nih.gov/pubmed/17016423|https://www.ncbi.nlm.nih.gov/pubmed/19277662|https://www.ncbi.nlm.nih.gov/pubmed/20442307,17139284|17016423|19277662|20442307,NULL,"Overington JP, Al-Lazikani B, Hopkins AL: How many drug targets are there? Nat Rev Drug Discov. 2006 Dec;5(12):993-6.|Imming P, Sinning C, Meyer A: Drugs, their targets and the nature and number of drug targets. Nat Rev Drug Discov. 2006 Oct;5(10):821-34.|Kurtzberg LS, Roth SD, Bagley RG, Rouleau C, Yao M, Crawford JL, Krumbholz RD, Schmid SM, Teicher BA: Bone marrow CFU-GM and human tumor xenograft efficacy of three tubulin binding agents. Cancer Chemother Pharmacol. 2009 Oct;64(5):1029-38. doi: 10.1007/s00280-009-0959-z. Epub 2009 Mar 10.|Gan PP, McCarroll JA, Po'uha ST, Kamath K, Jordan MA, Kavallaris M: Microtubule dynamics, mitotic arrest, and apoptosis: drug-induced differential effects of betaIII-tubulin. Mol Cancer Ther. 2010 May;9(5):1339-48. doi: 10.1158/1535-7163.MCT-09-0679. Epub  2010 May 4."
563728,5978,DrugBank,Vincristine,DB00541,Vincristine,https://www.drugbank.ca/drugs/DB00541,BE0001391,Tubulin alpha-4A chain,https://www.drugbank.ca/bio_entities/BE0001391,P68366,Tubulin alpha-4A chain,7277,TUBA4A,9606,Homo sapiens (human),Inhibitor,NULL,NULL,PMID:20691709|PMID:20442307|PMID:11168494,https://www.ncbi.nlm.nih.gov/pubmed/20691709|https://www.ncbi.nlm.nih.gov/pubmed/20442307|https://www.ncbi.nlm.nih.gov/pubmed/11168494,20691709|20442307|11168494,NULL,"Yasui M, Koyama N, Koizumi T, Senda-Murata K, Takashima Y, Hayashi M, Sugimoto K, Honma M: Live cell imaging of micronucleus formation and development. Mutat Res. 2010 Oct 13;692(1-2):12-8. doi: 10.1016/j.mrfmmm.2010.07.009. Epub 2010 Aug 5.|Gan PP, McCarroll JA, Po'uha ST, Kamath K, Jordan MA, Kavallaris M: Microtubule dynamics, mitotic arrest, and apoptosis: drug-induced differential effects of betaIII-tubulin. Mol Cancer Ther. 2010 May;9(5):1339-48. doi: 10.1158/1535-7163.MCT-09-0679. Epub  2010 May 4.|Vilpo JA, Koski T, Vilpo LM: Selective toxicity of vincristine against chronic lymphocytic leukemia cells in vitro. Eur J Haematol. 2000 Dec;65(6):370-8."
563868,5978,DrugBank,Vincristine,DB00541,Vincristine,https://www.drugbank.ca/drugs/DB00541,BE0002638,Cytochrome P450 3A4,https://www.drugbank.ca/bio_entities/BE0002638,P08684,Cytochrome P450 3A4,1576,CYP3A4,9606,Homo sapiens (human),Substrate,NULL,NULL,PMID:8452560|PMID:21225912|PMID:28697165,https://www.ncbi.nlm.nih.gov/pubmed/8452560|https://www.ncbi.nlm.nih.gov/pubmed/21225912|https://www.ncbi.nlm.nih.gov/pubmed/28697165,8452560|21225912|28697165,NULL,"Zhou XJ, Zhou-Pan XR, Gauthier T, Placidi M, Maurel P, Rahmani R: Human liver microsomal cytochrome P450 3A isozymes mediated vindesine biotransformation. Metabolic drug interactions. Biochem Pharmacol. 1993 Feb 24;45(4):853-61.|Egbelakin A, Ferguson MJ, MacGill EA, Lehmann AS, Topletz AR, Quinney SK, Li L, McCammack KC, Hall SD, Renbarger JL: Increased risk of vincristine neurotoxicity associated with low CYP3A5 expression genotype in children with acute lymphoblastic leukemia. Pediatr Blood Cancer. 2011 Mar;56(3):361-7. doi: 10.1002/pbc.22845. Epub 2010 Nov 11.|Kayilioglu H, Kocak U, Kan Karaer D, Percin EF, Sal E, Tekkesin F, Isik M, Oner N, Belen FB, Yilmaz Keskin E, Okur A, Albayrak M, Kaya Z, Pinarli FG, Yenicesu I, Karadeniz C, Oguz A, Gursel T: Association of CYP3A5 Expression and Vincristine Neurotoxicity in Pediatric Malignancies in Turkish Population. J Pediatr Hematol Oncol. 2017 Aug;39(6):458-462. doi: 10.1097/MPH.0000000000000910.|Flockhart Table of Drug Interactions"
563869,5978,DrugBank,Vincristine,DB00541,Vincristine,https://www.drugbank.ca/drugs/DB00541,BE0002362,Cytochrome P450 3A5,https://www.drugbank.ca/bio_entities/BE0002362,P20815,Cytochrome P450 3A5,1577,CYP3A5,9606,Homo sapiens (human),Substrate,NULL,NULL,PMID:28697165,https://www.ncbi.nlm.nih.gov/pubmed/28697165,28697165,NULL,"Kayilioglu H, Kocak U, Kan Karaer D, Percin EF, Sal E, Tekkesin F, Isik M, Oner N, Belen FB, Yilmaz Keskin E, Okur A, Albayrak M, Kaya Z, Pinarli FG, Yenicesu I, Karadeniz C, Oguz A, Gursel T: Association of CYP3A5 Expression and Vincristine Neurotoxicity in Pediatric Malignancies in Turkish Population. J Pediatr Hematol Oncol. 2017 Aug;39(6):458-462. doi: 10.1097/MPH.0000000000000910.|Flockhart Table of Drug Interactions"
563870,5978,DrugBank,Vincristine,DB00541,Vincristine,https://www.drugbank.ca/drugs/DB00541,BE0003612,Cytochrome P450 3A7,https://www.drugbank.ca/bio_entities/BE0003612,P24462,Cytochrome P450 3A7,1551,CYP3A7,9606,Homo sapiens (human),Substrate,NULL,NULL,NULL,NULL,NULL,NULL,Flockhart Table of Drug Interactions
563871,5978,DGIdb,Vincristine,NULL,VINCRISTINE,https://www.dgidb.org/drugs/VINCRISTINE,NULL,TUBA3E,https://www.dgidb.org/genes/TUBA3E,NULL,NULL,112714,TUBA3E,9606,Homo sapiens (human),NULL,NULL,NULL,PMID:16539377|PMID:21664138|PMID:23916255,https://www.ncbi.nlm.nih.gov/pubmed/16539377|https://www.ncbi.nlm.nih.gov/pubmed/21664138|https://www.ncbi.nlm.nih.gov/pubmed/23916255,16539377|21664138|23916255,NULL,NULL
617531,5978,DGIdb,Vincristine,NULL,VINCRISTINE,https://www.dgidb.org/drugs/VINCRISTINE,NULL,CDKN1B,https://www.dgidb.org/genes/CDKN1B,NULL,NULL,1027,CDKN1B,9606,Homo sapiens (human),NULL,NULL,NULL,PMID:12576455,https://www.ncbi.nlm.nih.gov/pubmed/12576455,12576455,NULL,NULL
617532,5978,DGIdb,Vincristine,NULL,VINCRISTINE,https://www.dgidb.org/drugs/VINCRISTINE,NULL,GMNN,https://www.dgidb.org/genes/GMNN,NULL,NULL,51053,GMNN,9606,Homo sapiens (human),NULL,NULL,NULL,NULL,NULL,NULL,NULL,NULL
617533,5978,DGIdb,Vincristine,NULL,VINCRISTINE,https://www.dgidb.org/drugs/VINCRISTINE,NULL,ODC1,https://www.dgidb.org/genes/ODC1,NULL,NULL,4953,ODC1,9606,Homo sapiens (human),NULL,NULL,NULL,PMID:19006285,https://www.ncbi.nlm.nih.gov/pubmed/19006285,19006285,NULL,NULL
617534,5978,DGIdb,Vincristine,NULL,VINCRISTINE,https://www.dgidb.org/drugs/VINCRISTINE,NULL,TUBB,https://www.dgidb.org/genes/TUBB,NULL,NULL,203068,TUBB,9606,Homo sapiens (human),Inhibitor,NULL,NULL,NULL,NULL,NULL,NULL,NULL
617535,5978,DGIdb,Vincristine,NULL,VINCRISTINE,https://www.dgidb.org/drugs/VINCRISTINE,NULL,TUBA1C,https://www.dgidb.org/genes/TUBA1C,NULL,NULL,84790,TUBA1C,9606,Homo sapiens (human),NULL,NULL,NULL,PMID:16539377|PMID:21664138|PMID:23916255,https://www.ncbi.nlm.nih.gov/pubmed/16539377|https://www.ncbi.nlm.nih.gov/pubmed/21664138|https://www.ncbi.nlm.nih.gov/pubmed/23916255,16539377|21664138|23916255,NULL,NULL
617536,5978,DGIdb,Vincristine,NULL,VINCRISTINE,https://www.dgidb.org/drugs/VINCRISTINE,NULL,BCR,https://www.dgidb.org/genes/BCR,NULL,NULL,613,BCR,9606,Homo sapiens (human),NULL,NULL,NULL,NULL,NULL,NULL,NULL,NULL
617537,5978,DGIdb,Vincristine,NULL,VINCRISTINE,https://www.dgidb.org/drugs/VINCRISTINE,NULL,TUBB,https://www.dgidb.org/genes/TUBB,NULL,NULL,203068,TUBB,9606,Homo sapiens (human),NULL,NULL,NULL,PMID:16539377|PMID:21664138|PMID:23916255,https://www.ncbi.nlm.nih.gov/pubmed/16539377|https://www.ncbi.nlm.nih.gov/pubmed/21664138|https://www.ncbi.nlm.nih.gov/pubmed/23916255,16539377|21664138|23916255,NULL,NULL
617538,5978,DGIdb,Vincristine,NULL,VINCRISTINE,https://www.dgidb.org/drugs/VINCRISTINE,NULL,MYCN,https://www.dgidb.org/genes/MYCN,NULL,NULL,4613,MYCN,9606,Homo sapiens (human),NULL,NULL,NULL,PMID:12439032,https://www.ncbi.nlm.nih.gov/pubmed/12439032,12439032,NULL,NULL
617539,5978,DGIdb,Vincristine,NULL,VINCRISTINE,https://www.dgidb.org/drugs/VINCRISTINE,NULL,TUBA3C,https://www.dgidb.org/genes/TUBA3C,NULL,NULL,7278,TUBA3C,9606,Homo sapiens (human),NULL,NULL,NULL,PMID:16539377|PMID:21664138|PMID:23916255,https://www.ncbi.nlm.nih.gov/pubmed/16539377|https://www.ncbi.nlm.nih.gov/pubmed/21664138|https://www.ncbi.nlm.nih.gov/pubmed/23916255,16539377|21664138|23916255,NULL,NULL
617540,5978,DGIdb,Vincristine,NULL,VINCRISTINE,https://www.dgidb.org/drugs/VINCRISTINE,NULL,PNPLA3,https://www.dgidb.org/genes/PNPLA3,NULL,NULL,80339,PNPLA3,9606,Homo sapiens (human),NULL,NULL,NULL,PMID:28744905,https://www.ncbi.nlm.nih.gov/pubmed/28744905,28744905,NULL,NULL
621586,5978,DGIdb,Vincristine,NULL,VINCRISTINE,https://www.dgidb.org/drugs/VINCRISTINE,NULL,TUBA3D,https://www.dgidb.org/genes/TUBA3D,NULL,NULL,113457,TUBA3D,9606,Homo sapiens (human),NULL,NULL,NULL,PMID:16539377|PMID:21664138|PMID:23916255,https://www.ncbi.nlm.nih.gov/pubmed/16539377|https://www.ncbi.nlm.nih.gov/pubmed/21664138|https://www.ncbi.nlm.nih.gov/pubmed/23916255,16539377|21664138|23916255,NULL,NULL
621587,5978,DGIdb,Vincristine,NULL,VINCRISTINE,https://www.dgidb.org/drugs/VINCRISTINE,NULL,TOP2A,https://www.dgidb.org/genes/TOP2A,NULL,NULL,7153,TOP2A,9606,Homo sapiens (human),NULL,NULL,NULL,PMID:9494516,https://www.ncbi.nlm.nih.gov/pubmed/9494516,9494516,NULL,NULL
621762,5978,DGIdb,Vincristine,NULL,VINCRISTINE,https://www.dgidb.org/drugs/VINCRISTINE,NULL,NULL,https://www.dgidb.org/genes/,NULL,NULL,NULL,NULL,NULL,NULL,Inhibitor,NULL,NULL,NULL,NULL,NULL,NULL,NULL
679632,5978,DGIdb,Vincristine,NULL,VINCRISTINE,https://www.dgidb.org/drugs/VINCRISTINE,NULL,BCR,https://www.dgidb.org/genes/BCR,NULL,NULL,613,BCR,9606,Homo sapiens (human),NULL,NULL,NULL,NULL,NULL,NULL,NULL,NULL
679633,5978,DGIdb,Vincristine,NULL,VINCRISTINE,https://www.dgidb.org/drugs/VINCRISTINE,NULL,ABCC2,https://www.dgidb.org/genes/ABCC2,NULL,NULL,1244,ABCC2,9606,Homo sapiens (human),NULL,NULL,NULL,NULL,NULL,NULL,NULL,NULL
679809,5978,DGIdb,Vincristine,NULL,VINCRISTINE,https://www.dgidb.org/drugs/VINCRISTINE,NULL,TUBB2A,https://www.dgidb.org/genes/TUBB2A,NULL,NULL,7280,TUBB2A,9606,Homo sapiens (human),NULL,NULL,NULL,NULL,NULL,NULL,NULL,NULL
679810,5978,DGIdb,Vincristine,NULL,VINCRISTINE,https://www.dgidb.org/drugs/VINCRISTINE,NULL,CEP72,https://www.dgidb.org/genes/CEP72,NULL,NULL,55722,CEP72,9606,Homo sapiens (human),NULL,NULL,NULL,PMID:25999454,https://www.ncbi.nlm.nih.gov/pubmed/25999454,25999454,NULL,NULL
1489180,5978,DGIdb,Vincristine,NULL,VINCRISTINE,https://www.dgidb.org/drugs/VINCRISTINE,NULL,ABCC10,https://www.dgidb.org/genes/ABCC10,NULL,NULL,89845,ABCC10,9606,Homo sapiens (human),NULL,NULL,NULL,NULL,NULL,NULL,NULL,NULL
1489181,5978,DGIdb,Vincristine,NULL,VINCRISTINE,https://www.dgidb.org/drugs/VINCRISTINE,NULL,BCL2,https://www.dgidb.org/genes/BCL2,NULL,NULL,596,BCL2,9606,Homo sapiens (human),NULL,NULL,NULL,NULL,NULL,NULL,NULL,NULL
1489182,5978,DGIdb,Vincristine,NULL,VINCRISTINE,https://www.dgidb.org/drugs/VINCRISTINE,NULL,TUBB2B,https://www.dgidb.org/genes/TUBB2B,NULL,NULL,347733,TUBB2B,9606,Homo sapiens (human),NULL,NULL,NULL,PMID:16539377|PMID:21664138|PMID:23916255,https://www.ncbi.nlm.nih.gov/pubmed/16539377|https://www.ncbi.nlm.nih.gov/pubmed/21664138|https://www.ncbi.nlm.nih.gov/pubmed/23916255,16539377|21664138|23916255,NULL,NULL
1489183,5978,DGIdb,Vincristine,NULL,VINCRISTINE,https://www.dgidb.org/drugs/VINCRISTINE,NULL,ACTG1,https://www.dgidb.org/genes/ACTG1,NULL,NULL,71,ACTG1,9606,Homo sapiens (human),NULL,NULL,NULL,NULL,NULL,NULL,NULL,NULL
1549852,5978,DGIdb,Vincristine,NULL,VINCRISTINE,https://www.dgidb.org/drugs/VINCRISTINE,NULL,ABCB1,https://www.dgidb.org/genes/ABCB1,NULL,NULL,5243,ABCB1,9606,Homo sapiens (human),NULL,NULL,NULL,PMID:29938344|PMID:22016816|PMID:25637052|PMID:25582575|PMID:18408561,https://www.ncbi.nlm.nih.gov/pubmed/29938344|https://www.ncbi.nlm.nih.gov/pubmed/22016816|https://www.ncbi.nlm.nih.gov/pubmed/25637052|https://www.ncbi.nlm.nih.gov/pubmed/25582575|https://www.ncbi.nlm.nih.gov/pubmed/18408561,29938344|22016816|25637052|25582575|18408561,NULL,NULL
1549853,5978,DGIdb,Vincristine,NULL,VINCRISTINE,https://www.dgidb.org/drugs/VINCRISTINE,NULL,GSTA1,https://www.dgidb.org/genes/GSTA1,NULL,NULL,2938,GSTA1,9606,Homo sapiens (human),NULL,NULL,NULL,PMID:29938344|PMID:19448608,https://www.ncbi.nlm.nih.gov/pubmed/29938344|https://www.ncbi.nlm.nih.gov/pubmed/19448608,29938344|19448608,NULL,NULL
