﻿id,cid,dsn,cmpdname,srccmpd,srccmpdname,srccmpdurl,srctarget,srctargetname,srctargeturl,protacxn,protname,geneid,genename,taxid,taxname,action,actname,actvalue,evids,evurls,pmids,dois,citations
   1358055,10414856,DGIdb,"3,8'-Biapigenin",NULL,CHEMBL515252,https://www.dgidb.org/drugs/CHEMBL515252,NULL,MAPT,https://www.dgidb.org/genes/MAPT,NULL,NULL,4137,MAPT,9606,Homo sapiens (human),NULL,NULL,NULL,NULL,NULL,NULL,NULL,NULL
1466017,10414856,DGIdb,"3,8'-Biapigenin",NULL,CHEMBL515252,https://www.dgidb.org/drugs/CHEMBL515252,NULL,POLI,https://www.dgidb.org/genes/POLI,NULL,NULL,11201,POLI,9606,Homo sapiens (human),NULL,NULL,NULL,NULL,NULL,NULL,NULL,NULL
1549750,10414856,DGIdb,"3,8'-Biapigenin",NULL,CHEMBL515252,https://www.dgidb.org/drugs/CHEMBL515252,NULL,APEX1,https://www.dgidb.org/genes/APEX1,NULL,NULL,328,APEX1,9606,Homo sapiens (human),NULL,NULL,NULL,NULL,NULL,NULL,NULL,NULL
1581751,10414856,DGIdb,"3,8'-Biapigenin",NULL,CHEMBL515252,https://www.dgidb.org/drugs/CHEMBL515252,NULL,POLH,https://www.dgidb.org/genes/POLH,NULL,NULL,5429,POLH,9606,Homo sapiens (human),NULL,NULL,NULL,NULL,NULL,NULL,NULL,NULL
1606304,10414856,DGIdb,"3,8'-Biapigenin",NULL,CHEMBL515252,https://www.dgidb.org/drugs/CHEMBL515252,NULL,RECQL,https://www.dgidb.org/genes/RECQL,NULL,NULL,5965,RECQL,9606,Homo sapiens (human),NULL,NULL,NULL,NULL,NULL,NULL,NULL,NULL
1606542,10414856,DGIdb,"3,8'-Biapigenin",NULL,CHEMBL515252,https://www.dgidb.org/drugs/CHEMBL515252,NULL,POLK,https://www.dgidb.org/genes/POLK,NULL,NULL,51426,POLK,9606,Homo sapiens (human),NULL,NULL,NULL,NULL,NULL,NULL,NULL,NULL
1606543,10414856,DGIdb,"3,8'-Biapigenin",NULL,CHEMBL515252,https://www.dgidb.org/drugs/CHEMBL515252,NULL,SUMO1,https://www.dgidb.org/genes/SUMO1,NULL,NULL,7341,SUMO1,9606,Homo sapiens (human),NULL,NULL,NULL,NULL,NULL,NULL,NULL,NULL
1606544,10414856,DGIdb,"3,8'-Biapigenin",NULL,CHEMBL515252,https://www.dgidb.org/drugs/CHEMBL515252,NULL,POLB,https://www.dgidb.org/genes/POLB,NULL,NULL,5423,POLB,9606,Homo sapiens (human),NULL,NULL,NULL,NULL,NULL,NULL,NULL,NULL
1606545,10414856,DGIdb,"3,8'-Biapigenin",NULL,CHEMBL515252,https://www.dgidb.org/drugs/CHEMBL515252,NULL,KDM4A,https://www.dgidb.org/genes/KDM4A,NULL,NULL,9682,KDM4A,9606,Homo sapiens (human),NULL,NULL,NULL,NULL,NULL,NULL,NULL,NULL
1606546,10414856,DGIdb,"3,8'-Biapigenin",NULL,CHEMBL515252,https://www.dgidb.org/drugs/CHEMBL515252,NULL,WRN,https://www.dgidb.org/genes/WRN,NULL,NULL,7486,WRN,9606,Homo sapiens (human),NULL,NULL,NULL,NULL,NULL,NULL,NULL,NULL
1606547,10414856,DGIdb,"3,8'-Biapigenin",NULL,CHEMBL515252,https://www.dgidb.org/drugs/CHEMBL515252,NULL,RAPGEF3,https://www.dgidb.org/genes/RAPGEF3,NULL,NULL,10411,RAPGEF3,9606,Homo sapiens (human),NULL,NULL,NULL,NULL,NULL,NULL,NULL,NULL
1607681,10414856,DGIdb,"3,8'-Biapigenin",NULL,CHEMBL515252,https://www.dgidb.org/drugs/CHEMBL515252,NULL,BAZ2B,https://www.dgidb.org/genes/BAZ2B,NULL,NULL,29994,BAZ2B,9606,Homo sapiens (human),NULL,NULL,NULL,NULL,NULL,NULL,NULL,NULL
1986283,10414856,DGIdb,"3,8'-Biapigenin",NULL,CHEMBL515252,https://www.dgidb.org/drugs/CHEMBL515252,NULL,FEN1,https://www.dgidb.org/genes/FEN1,NULL,NULL,2237,FEN1,9606,Homo sapiens (human),NULL,NULL,NULL,NULL,NULL,NULL,NULL,NULL
1988611,10414856,DGIdb,"3,8'-Biapigenin",NULL,CHEMBL515252,https://www.dgidb.org/drugs/CHEMBL515252,NULL,BLM,https://www.dgidb.org/genes/BLM,NULL,NULL,641,BLM,9606,Homo sapiens (human),NULL,NULL,NULL,NULL,NULL,NULL,NULL,NULL
